system,perm,fitness
damped_oscillator,"[0, 1, 2, 3, 4, 5]",0.402855
damped_oscillator,"[0, 1, 2, 3, 5, 4]",0.487914
damped_oscillator,"[0, 1, 2, 4, 3, 5]",0.402855
damped_oscillator,"[0, 1, 2, 4, 5, 3]",0.579753
damped_oscillator,"[0, 1, 2, 5, 3, 4]",0.774953
damped_oscillator,"[0, 1, 2, 5, 4, 3]",0.772638
damped_oscillator,"[0, 1, 3, 2, 4, 5]",0.402855
damped_oscillator,"[0, 1, 3, 2, 5, 4]",0.487914
damped_oscillator,"[0, 1, 3, 4, 2, 5]",0.40353
damped_oscillator,"[0, 1, 3, 4, 5, 2]",0.972747
damped_oscillator,"[0, 1, 3, 5, 2, 4]",0.996488
damped_oscillator,"[0, 1, 3, 5, 4, 2]",0.996541
damped_oscillator,"[0, 1, 4, 2, 3, 5]",0.40353
damped_oscillator,"[0, 1, 4, 2, 5, 3]",0.497852
damped_oscillator,"[0, 1, 4, 3, 2, 5]",0.40353
damped_oscillator,"[0, 1, 4, 3, 5, 2]",0.972747
damped_oscillator,"[0, 1, 4, 5, 2, 3]",0.972747
damped_oscillator,"[0, 1, 4, 5, 3, 2]",0.972747
damped_oscillator,"[0, 1, 5, 2, 3, 4]",0.996488
damped_oscillator,"[0, 1, 5, 2, 4, 3]",0.996488
damped_oscillator,"[0, 1, 5, 3, 2, 4]",0.996551
damped_oscillator,"[0, 1, 5, 3, 4, 2]",0.996709
damped_oscillator,"[0, 1, 5, 4, 2, 3]",0.996541
damped_oscillator,"[0, 1, 5, 4, 3, 2]",0.996701
damped_oscillator,"[0, 2, 1, 3, 4, 5]",0.41214
damped_oscillator,"[0, 2, 1, 3, 5, 4]",0.45269
damped_oscillator,"[0, 2, 1, 4, 3, 5]",0.41214
damped_oscillator,"[0, 2, 1, 4, 5, 3]",0.568296
damped_oscillator,"[0, 2, 1, 5, 3, 4]",0.645928
damped_oscillator,"[0, 2, 1, 5, 4, 3]",0.64525
damped_oscillator,"[0, 2, 3, 1, 4, 5]",0.41214
damped_oscillator,"[0, 2, 3, 1, 5, 4]",0.45269
damped_oscillator,"[0, 2, 3, 4, 1, 5]",0.40917
damped_oscillator,"[0, 2, 3, 4, 5, 1]",0.425775
damped_oscillator,"[0, 2, 3, 5, 1, 4]",0.480106
damped_oscillator,"[0, 2, 3, 5, 4, 1]",0.474974
damped_oscillator,"[0, 2, 4, 1, 3, 5]",0.40917
damped_oscillator,"[0, 2, 4, 1, 5, 3]",0.549882
damped_oscillator,"[0, 2, 4, 3, 1, 5]",0.40917
damped_oscillator,"[0, 2, 4, 3, 5, 1]",0.425775
damped_oscillator,"[0, 2, 4, 5, 1, 3]",0.597996
damped_oscillator,"[0, 2, 4, 5, 3, 1]",0.597509
damped_oscillator,"[0, 2, 5, 1, 3, 4]",0.764599
damped_oscillator,"[0, 2, 5, 1, 4, 3]",0.762447
damped_oscillator,"[0, 2, 5, 3, 1, 4]",0.763812
damped_oscillator,"[0, 2, 5, 3, 4, 1]",0.76676
damped_oscillator,"[0, 2, 5, 4, 1, 3]",0.765335
damped_oscillator,"[0, 2, 5, 4, 3, 1]",0.764524
damped_oscillator,"[0, 3, 1, 2, 4, 5]",0.402855
damped_oscillator,"[0, 3, 1, 2, 5, 4]",0.487914
damped_oscillator,"[0, 3, 1, 4, 2, 5]",0.40353
damped_oscillator,"[0, 3, 1, 4, 5, 2]",0.972747
damped_oscillator,"[0, 3, 1, 5, 2, 4]",0.996488
damped_oscillator,"[0, 3, 1, 5, 4, 2]",0.996541
damped_oscillator,"[0, 3, 2, 1, 4, 5]",0.41214
damped_oscillator,"[0, 3, 2, 1, 5, 4]",0.45269
damped_oscillator,"[0, 3, 2, 4, 1, 5]",0.40917
damped_oscillator,"[0, 3, 2, 4, 5, 1]",0.425775
damped_oscillator,"[0, 3, 2, 5, 1, 4]",0.480106
damped_oscillator,"[0, 3, 2, 5, 4, 1]",0.474974
damped_oscillator,"[0, 3, 4, 1, 2, 5]",0.404051
damped_oscillator,"[0, 3, 4, 1, 5, 2]",0.95341
damped_oscillator,"[0, 3, 4, 2, 1, 5]",0.395858
damped_oscillator,"[0, 3, 4, 2, 5, 1]",0.424652
damped_oscillator,"[0, 3, 4, 5, 1, 2]",0.831543
damped_oscillator,"[0, 3, 4, 5, 2, 1]",0.929357
damped_oscillator,"[0, 3, 5, 1, 2, 4]",0.708497
damped_oscillator,"[0, 3, 5, 1, 4, 2]",0.739968
damped_oscillator,"[0, 3, 5, 2, 1, 4]",0.981927
damped_oscillator,"[0, 3, 5, 2, 4, 1]",0.975169
damped_oscillator,"[0, 3, 5, 4, 1, 2]",0.690931
damped_oscillator,"[0, 3, 5, 4, 2, 1]",0.974844
damped_oscillator,"[0, 4, 1, 2, 3, 5]",0.404051
damped_oscillator,"[0, 4, 1, 2, 5, 3]",0.503873
damped_oscillator,"[0, 4, 1, 3, 2, 5]",0.404051
damped_oscillator,"[0, 4, 1, 3, 5, 2]",0.95341
damped_oscillator,"[0, 4, 1, 5, 2, 3]",0.95341
damped_oscillator,"[0, 4, 1, 5, 3, 2]",0.95341
damped_oscillator,"[0, 4, 2, 1, 3, 5]",0.395858
damped_oscillator,"[0, 4, 2, 1, 5, 3]",0.490563
damped_oscillator,"[0, 4, 2, 3, 1, 5]",0.395858
damped_oscillator,"[0, 4, 2, 3, 5, 1]",0.424652
damped_oscillator,"[0, 4, 2, 5, 1, 3]",0.518946
damped_oscillator,"[0, 4, 2, 5, 3, 1]",0.517628
damped_oscillator,"[0, 4, 3, 1, 2, 5]",0.404051
damped_oscillator,"[0, 4, 3, 1, 5, 2]",0.95341
damped_oscillator,"[0, 4, 3, 2, 1, 5]",0.395858
damped_oscillator,"[0, 4, 3, 2, 5, 1]",0.424652
damped_oscillator,"[0, 4, 3, 5, 1, 2]",0.831543
damped_oscillator,"[0, 4, 3, 5, 2, 1]",0.929357
damped_oscillator,"[0, 4, 5, 1, 2, 3]",0.831543
damped_oscillator,"[0, 4, 5, 1, 3, 2]",0.831543
damped_oscillator,"[0, 4, 5, 2, 1, 3]",0.929357
damped_oscillator,"[0, 4, 5, 2, 3, 1]",0.929357
damped_oscillator,"[0, 4, 5, 3, 1, 2]",0.831543
damped_oscillator,"[0, 4, 5, 3, 2, 1]",0.929357
damped_oscillator,"[0, 5, 1, 2, 3, 4]",0.708497
damped_oscillator,"[0, 5, 1, 2, 4, 3]",0.708497
damped_oscillator,"[0, 5, 1, 3, 2, 4]",0.708514
damped_oscillator,"[0, 5, 1, 3, 4, 2]",0.74009
damped_oscillator,"[0, 5, 1, 4, 2, 3]",0.739968
damped_oscillator,"[0, 5, 1, 4, 3, 2]",0.74014
damped_oscillator,"[0, 5, 2, 1, 3, 4]",0.981927
damped_oscillator,"[0, 5, 2, 1, 4, 3]",0.981927
damped_oscillator,"[0, 5, 2, 3, 1, 4]",0.981927
damped_oscillator,"[0, 5, 2, 3, 4, 1]",0.975169
damped_oscillator,"[0, 5, 2, 4, 1, 3]",0.975169
damped_oscillator,"[0, 5, 2, 4, 3, 1]",0.975169
damped_oscillator,"[0, 5, 3, 1, 2, 4]",0.708497
damped_oscillator,"[0, 5, 3, 1, 4, 2]",0.739968
damped_oscillator,"[0, 5, 3, 2, 1, 4]",0.981927
damped_oscillator,"[0, 5, 3, 2, 4, 1]",0.975169
damped_oscillator,"[0, 5, 3, 4, 1, 2]",0.690931
damped_oscillator,"[0, 5, 3, 4, 2, 1]",0.974844
damped_oscillator,"[0, 5, 4, 1, 2, 3]",0.690931
damped_oscillator,"[0, 5, 4, 1, 3, 2]",0.691644
damped_oscillator,"[0, 5, 4, 2, 1, 3]",0.974844
damped_oscillator,"[0, 5, 4, 2, 3, 1]",0.974844
damped_oscillator,"[0, 5, 4, 3, 1, 2]",0.690931
damped_oscillator,"[0, 5, 4, 3, 2, 1]",0.974844
damped_oscillator,"[1, 0, 2, 3, 4, 5]",0.402807
damped_oscillator,"[1, 0, 2, 3, 5, 4]",0.48787
damped_oscillator,"[1, 0, 2, 4, 3, 5]",0.402807
damped_oscillator,"[1, 0, 2, 4, 5, 3]",0.579722
damped_oscillator,"[1, 0, 2, 5, 3, 4]",0.774921
damped_oscillator,"[1, 0, 2, 5, 4, 3]",0.772605
damped_oscillator,"[1, 0, 3, 2, 4, 5]",0.402807
damped_oscillator,"[1, 0, 3, 2, 5, 4]",0.48787
damped_oscillator,"[1, 0, 3, 4, 2, 5]",0.40353
damped_oscillator,"[1, 0, 3, 4, 5, 2]",0.972747
damped_oscillator,"[1, 0, 3, 5, 2, 4]",0.996493
damped_oscillator,"[1, 0, 3, 5, 4, 2]",0.996545
damped_oscillator,"[1, 0, 4, 2, 3, 5]",0.40353
damped_oscillator,"[1, 0, 4, 2, 5, 3]",0.497852
damped_oscillator,"[1, 0, 4, 3, 2, 5]",0.40353
damped_oscillator,"[1, 0, 4, 3, 5, 2]",0.972747
damped_oscillator,"[1, 0, 4, 5, 2, 3]",0.972747
damped_oscillator,"[1, 0, 4, 5, 3, 2]",0.972747
damped_oscillator,"[1, 0, 5, 2, 3, 4]",0.996493
damped_oscillator,"[1, 0, 5, 2, 4, 3]",0.996493
damped_oscillator,"[1, 0, 5, 3, 2, 4]",0.996554
damped_oscillator,"[1, 0, 5, 3, 4, 2]",0.996713
damped_oscillator,"[1, 0, 5, 4, 2, 3]",0.996545
damped_oscillator,"[1, 0, 5, 4, 3, 2]",0.996705
damped_oscillator,"[1, 2, 0, 3, 4, 5]",0.998349
damped_oscillator,"[1, 2, 0, 3, 5, 4]",0.998105
damped_oscillator,"[1, 2, 0, 4, 3, 5]",0.998349
damped_oscillator,"[1, 2, 0, 4, 5, 3]",0.998349
damped_oscillator,"[1, 2, 0, 5, 3, 4]",0.998105
damped_oscillator,"[1, 2, 0, 5, 4, 3]",0.998105
damped_oscillator,"[1, 2, 3, 0, 4, 5]",0.998349
damped_oscillator,"[1, 2, 3, 0, 5, 4]",0.998105
damped_oscillator,"[1, 2, 3, 4, 0, 5]",0.998349
damped_oscillator,"[1, 2, 3, 4, 5, 0]",0.998347
damped_oscillator,"[1, 2, 3, 5, 0, 4]",0.997905
damped_oscillator,"[1, 2, 3, 5, 4, 0]",0.997905
damped_oscillator,"[1, 2, 4, 0, 3, 5]",0.998349
damped_oscillator,"[1, 2, 4, 0, 5, 3]",0.998349
damped_oscillator,"[1, 2, 4, 3, 0, 5]",0.998349
damped_oscillator,"[1, 2, 4, 3, 5, 0]",0.998347
damped_oscillator,"[1, 2, 4, 5, 0, 3]",0.998347
damped_oscillator,"[1, 2, 4, 5, 3, 0]",0.998347
damped_oscillator,"[1, 2, 5, 0, 3, 4]",0.997905
damped_oscillator,"[1, 2, 5, 0, 4, 3]",0.997905
damped_oscillator,"[1, 2, 5, 3, 0, 4]",0.997905
damped_oscillator,"[1, 2, 5, 3, 4, 0]",0.997905
damped_oscillator,"[1, 2, 5, 4, 0, 3]",0.997905
damped_oscillator,"[1, 2, 5, 4, 3, 0]",0.997905
damped_oscillator,"[1, 3, 0, 2, 4, 5]",0.402807
damped_oscillator,"[1, 3, 0, 2, 5, 4]",0.48787
damped_oscillator,"[1, 3, 0, 4, 2, 5]",0.40353
damped_oscillator,"[1, 3, 0, 4, 5, 2]",0.972747
damped_oscillator,"[1, 3, 0, 5, 2, 4]",0.996493
damped_oscillator,"[1, 3, 0, 5, 4, 2]",0.996545
damped_oscillator,"[1, 3, 2, 0, 4, 5]",0.998349
damped_oscillator,"[1, 3, 2, 0, 5, 4]",0.998105
damped_oscillator,"[1, 3, 2, 4, 0, 5]",0.998349
damped_oscillator,"[1, 3, 2, 4, 5, 0]",0.998347
damped_oscillator,"[1, 3, 2, 5, 0, 4]",0.997905
damped_oscillator,"[1, 3, 2, 5, 4, 0]",0.997905
damped_oscillator,"[1, 3, 4, 0, 2, 5]",0.40353
damped_oscillator,"[1, 3, 4, 0, 5, 2]",0.972747
damped_oscillator,"[1, 3, 4, 2, 0, 5]",0.997931
damped_oscillator,"[1, 3, 4, 2, 5, 0]",0.997872
damped_oscillator,"[1, 3, 4, 5, 0, 2]",0.981366
damped_oscillator,"[1, 3, 4, 5, 2, 0]",0.997872
damped_oscillator,"[1, 3, 5, 0, 2, 4]",0.997458
damped_oscillator,"[1, 3, 5, 0, 4, 2]",0.998404
damped_oscillator,"[1, 3, 5, 2, 0, 4]",0.997905
damped_oscillator,"[1, 3, 5, 2, 4, 0]",0.997905
damped_oscillator,"[1, 3, 5, 4, 0, 2]",0.998404
damped_oscillator,"[1, 3, 5, 4, 2, 0]",0.998645
damped_oscillator,"[1, 4, 0, 2, 3, 5]",0.40353
damped_oscillator,"[1, 4, 0, 2, 5, 3]",0.497852
damped_oscillator,"[1, 4, 0, 3, 2, 5]",0.40353
damped_oscillator,"[1, 4, 0, 3, 5, 2]",0.972747
damped_oscillator,"[1, 4, 0, 5, 2, 3]",0.972747
damped_oscillator,"[1, 4, 0, 5, 3, 2]",0.972747
damped_oscillator,"[1, 4, 2, 0, 3, 5]",0.997931
damped_oscillator,"[1, 4, 2, 0, 5, 3]",0.997931
damped_oscillator,"[1, 4, 2, 3, 0, 5]",0.997931
damped_oscillator,"[1, 4, 2, 3, 5, 0]",0.997872
damped_oscillator,"[1, 4, 2, 5, 0, 3]",0.997872
damped_oscillator,"[1, 4, 2, 5, 3, 0]",0.997872
damped_oscillator,"[1, 4, 3, 0, 2, 5]",0.40353
damped_oscillator,"[1, 4, 3, 0, 5, 2]",0.972747
damped_oscillator,"[1, 4, 3, 2, 0, 5]",0.997931
damped_oscillator,"[1, 4, 3, 2, 5, 0]",0.997872
damped_oscillator,"[1, 4, 3, 5, 0, 2]",0.981366
damped_oscillator,"[1, 4, 3, 5, 2, 0]",0.997872
damped_oscillator,"[1, 4, 5, 0, 2, 3]",0.981366
damped_oscillator,"[1, 4, 5, 0, 3, 2]",0.981366
damped_oscillator,"[1, 4, 5, 2, 0, 3]",0.997872
damped_oscillator,"[1, 4, 5, 2, 3, 0]",0.997872
damped_oscillator,"[1, 4, 5, 3, 0, 2]",0.981366
damped_oscillator,"[1, 4, 5, 3, 2, 0]",0.997872
damped_oscillator,"[1, 5, 0, 2, 3, 4]",0.997458
damped_oscillator,"[1, 5, 0, 2, 4, 3]",0.997458
damped_oscillator,"[1, 5, 0, 3, 2, 4]",0.997521
damped_oscillator,"[1, 5, 0, 3, 4, 2]",0.998611
damped_oscillator,"[1, 5, 0, 4, 2, 3]",0.998404
damped_oscillator,"[1, 5, 0, 4, 3, 2]",0.998625
damped_oscillator,"[1, 5, 2, 0, 3, 4]",0.997905
damped_oscillator,"[1, 5, 2, 0, 4, 3]",0.997905
damped_oscillator,"[1, 5, 2, 3, 0, 4]",0.997905
damped_oscillator,"[1, 5, 2, 3, 4, 0]",0.997905
damped_oscillator,"[1, 5, 2, 4, 0, 3]",0.997905
damped_oscillator,"[1, 5, 2, 4, 3, 0]",0.997905
damped_oscillator,"[1, 5, 3, 0, 2, 4]",0.997521
damped_oscillator,"[1, 5, 3, 0, 4, 2]",0.998573
damped_oscillator,"[1, 5, 3, 2, 0, 4]",0.997965
damped_oscillator,"[1, 5, 3, 2, 4, 0]",0.997965
damped_oscillator,"[1, 5, 3, 4, 0, 2]",0.998573
damped_oscillator,"[1, 5, 3, 4, 2, 0]",0.998785
damped_oscillator,"[1, 5, 4, 0, 2, 3]",0.998404
damped_oscillator,"[1, 5, 4, 0, 3, 2]",0.998625
damped_oscillator,"[1, 5, 4, 2, 0, 3]",0.998645
damped_oscillator,"[1, 5, 4, 2, 3, 0]",0.998645
damped_oscillator,"[1, 5, 4, 3, 0, 2]",0.998604
damped_oscillator,"[1, 5, 4, 3, 2, 0]",0.998809
damped_oscillator,"[2, 0, 1, 3, 4, 5]",0.997955
damped_oscillator,"[2, 0, 1, 3, 5, 4]",0.998061
damped_oscillator,"[2, 0, 1, 4, 3, 5]",0.997955
damped_oscillator,"[2, 0, 1, 4, 5, 3]",0.997955
damped_oscillator,"[2, 0, 1, 5, 3, 4]",0.998061
damped_oscillator,"[2, 0, 1, 5, 4, 3]",0.998061
damped_oscillator,"[2, 0, 3, 1, 4, 5]",0.997955
damped_oscillator,"[2, 0, 3, 1, 5, 4]",0.998061
damped_oscillator,"[2, 0, 3, 4, 1, 5]",0.997918
damped_oscillator,"[2, 0, 3, 4, 5, 1]",0.997008
damped_oscillator,"[2, 0, 3, 5, 1, 4]",0.981759
damped_oscillator,"[2, 0, 3, 5, 4, 1]",0.993087
damped_oscillator,"[2, 0, 4, 1, 3, 5]",0.997918
damped_oscillator,"[2, 0, 4, 1, 5, 3]",0.997918
damped_oscillator,"[2, 0, 4, 3, 1, 5]",0.997918
damped_oscillator,"[2, 0, 4, 3, 5, 1]",0.997008
damped_oscillator,"[2, 0, 4, 5, 1, 3]",0.997008
damped_oscillator,"[2, 0, 4, 5, 3, 1]",0.997008
damped_oscillator,"[2, 0, 5, 1, 3, 4]",0.981759
damped_oscillator,"[2, 0, 5, 1, 4, 3]",0.981759
damped_oscillator,"[2, 0, 5, 3, 1, 4]",0.981759
damped_oscillator,"[2, 0, 5, 3, 4, 1]",0.993087
damped_oscillator,"[2, 0, 5, 4, 1, 3]",0.993087
damped_oscillator,"[2, 0, 5, 4, 3, 1]",0.993087
damped_oscillator,"[2, 1, 0, 3, 4, 5]",0.997955
damped_oscillator,"[2, 1, 0, 3, 5, 4]",0.998107
damped_oscillator,"[2, 1, 0, 4, 3, 5]",0.997955
damped_oscillator,"[2, 1, 0, 4, 5, 3]",0.997955
damped_oscillator,"[2, 1, 0, 5, 3, 4]",0.998107
damped_oscillator,"[2, 1, 0, 5, 4, 3]",0.998107
damped_oscillator,"[2, 1, 3, 0, 4, 5]",0.997955
damped_oscillator,"[2, 1, 3, 0, 5, 4]",0.998107
damped_oscillator,"[2, 1, 3, 4, 0, 5]",0.997955
damped_oscillator,"[2, 1, 3, 4, 5, 0]",0.99824
damped_oscillator,"[2, 1, 3, 5, 0, 4]",0.998035
damped_oscillator,"[2, 1, 3, 5, 4, 0]",0.998035
damped_oscillator,"[2, 1, 4, 0, 3, 5]",0.997955
damped_oscillator,"[2, 1, 4, 0, 5, 3]",0.997955
damped_oscillator,"[2, 1, 4, 3, 0, 5]",0.997955
damped_oscillator,"[2, 1, 4, 3, 5, 0]",0.99824
damped_oscillator,"[2, 1, 4, 5, 0, 3]",0.99824
damped_oscillator,"[2, 1, 4, 5, 3, 0]",0.99824
damped_oscillator,"[2, 1, 5, 0, 3, 4]",0.998035
damped_oscillator,"[2, 1, 5, 0, 4, 3]",0.998035
damped_oscillator,"[2, 1, 5, 3, 0, 4]",0.998035
damped_oscillator,"[2, 1, 5, 3, 4, 0]",0.998035
damped_oscillator,"[2, 1, 5, 4, 0, 3]",0.998035
damped_oscillator,"[2, 1, 5, 4, 3, 0]",0.998035
damped_oscillator,"[2, 3, 0, 1, 4, 5]",0.997955
damped_oscillator,"[2, 3, 0, 1, 5, 4]",0.998061
damped_oscillator,"[2, 3, 0, 4, 1, 5]",0.997918
damped_oscillator,"[2, 3, 0, 4, 5, 1]",0.997008
damped_oscillator,"[2, 3, 0, 5, 1, 4]",0.981759
damped_oscillator,"[2, 3, 0, 5, 4, 1]",0.993087
damped_oscillator,"[2, 3, 1, 0, 4, 5]",0.997955
damped_oscillator,"[2, 3, 1, 0, 5, 4]",0.998107
damped_oscillator,"[2, 3, 1, 4, 0, 5]",0.997955
damped_oscillator,"[2, 3, 1, 4, 5, 0]",0.99824
damped_oscillator,"[2, 3, 1, 5, 0, 4]",0.998035
damped_oscillator,"[2, 3, 1, 5, 4, 0]",0.998035
damped_oscillator,"[2, 3, 4, 0, 1, 5]",0.997918
damped_oscillator,"[2, 3, 4, 0, 5, 1]",0.997008
damped_oscillator,"[2, 3, 4, 1, 0, 5]",0.997918
damped_oscillator,"[2, 3, 4, 1, 5, 0]",0.998211
damped_oscillator,"[2, 3, 4, 5, 0, 1]",0.997486
damped_oscillator,"[2, 3, 4, 5, 1, 0]",0.997328
damped_oscillator,"[2, 3, 5, 0, 1, 4]",0.980434
damped_oscillator,"[2, 3, 5, 0, 4, 1]",0.979833
damped_oscillator,"[2, 3, 5, 1, 0, 4]",0.996989
damped_oscillator,"[2, 3, 5, 1, 4, 0]",0.996989
damped_oscillator,"[2, 3, 5, 4, 0, 1]",0.979833
damped_oscillator,"[2, 3, 5, 4, 1, 0]",0.970475
damped_oscillator,"[2, 4, 0, 1, 3, 5]",0.997918
damped_oscillator,"[2, 4, 0, 1, 5, 3]",0.997918
damped_oscillator,"[2, 4, 0, 3, 1, 5]",0.997918
damped_oscillator,"[2, 4, 0, 3, 5, 1]",0.997008
damped_oscillator,"[2, 4, 0, 5, 1, 3]",0.997008
damped_oscillator,"[2, 4, 0, 5, 3, 1]",0.997008
damped_oscillator,"[2, 4, 1, 0, 3, 5]",0.997918
damped_oscillator,"[2, 4, 1, 0, 5, 3]",0.997918
damped_oscillator,"[2, 4, 1, 3, 0, 5]",0.997918
damped_oscillator,"[2, 4, 1, 3, 5, 0]",0.998211
damped_oscillator,"[2, 4, 1, 5, 0, 3]",0.998211
damped_oscillator,"[2, 4, 1, 5, 3, 0]",0.998211
damped_oscillator,"[2, 4, 3, 0, 1, 5]",0.997918
damped_oscillator,"[2, 4, 3, 0, 5, 1]",0.997008
damped_oscillator,"[2, 4, 3, 1, 0, 5]",0.997918
damped_oscillator,"[2, 4, 3, 1, 5, 0]",0.998211
damped_oscillator,"[2, 4, 3, 5, 0, 1]",0.997486
damped_oscillator,"[2, 4, 3, 5, 1, 0]",0.997328
damped_oscillator,"[2, 4, 5, 0, 1, 3]",0.997486
damped_oscillator,"[2, 4, 5, 0, 3, 1]",0.997486
damped_oscillator,"[2, 4, 5, 1, 0, 3]",0.997328
damped_oscillator,"[2, 4, 5, 1, 3, 0]",0.997328
damped_oscillator,"[2, 4, 5, 3, 0, 1]",0.997486
damped_oscillator,"[2, 4, 5, 3, 1, 0]",0.997328
damped_oscillator,"[2, 5, 0, 1, 3, 4]",0.980434
damped_oscillator,"[2, 5, 0, 1, 4, 3]",0.980434
damped_oscillator,"[2, 5, 0, 3, 1, 4]",0.980434
damped_oscillator,"[2, 5, 0, 3, 4, 1]",0.979833
damped_oscillator,"[2, 5, 0, 4, 1, 3]",0.979833
damped_oscillator,"[2, 5, 0, 4, 3, 1]",0.979833
damped_oscillator,"[2, 5, 1, 0, 3, 4]",0.996989
damped_oscillator,"[2, 5, 1, 0, 4, 3]",0.996989
damped_oscillator,"[2, 5, 1, 3, 0, 4]",0.996989
damped_oscillator,"[2, 5, 1, 3, 4, 0]",0.996989
damped_oscillator,"[2, 5, 1, 4, 0, 3]",0.996989
damped_oscillator,"[2, 5, 1, 4, 3, 0]",0.996989
damped_oscillator,"[2, 5, 3, 0, 1, 4]",0.980434
damped_oscillator,"[2, 5, 3, 0, 4, 1]",0.979833
damped_oscillator,"[2, 5, 3, 1, 0, 4]",0.996989
damped_oscillator,"[2, 5, 3, 1, 4, 0]",0.996989
damped_oscillator,"[2, 5, 3, 4, 0, 1]",0.979833
damped_oscillator,"[2, 5, 3, 4, 1, 0]",0.970475
damped_oscillator,"[2, 5, 4, 0, 1, 3]",0.979833
damped_oscillator,"[2, 5, 4, 0, 3, 1]",0.979833
damped_oscillator,"[2, 5, 4, 1, 0, 3]",0.970475
damped_oscillator,"[2, 5, 4, 1, 3, 0]",0.970475
damped_oscillator,"[2, 5, 4, 3, 0, 1]",0.979833
damped_oscillator,"[2, 5, 4, 3, 1, 0]",0.970475
damped_oscillator,"[3, 0, 1, 2, 4, 5]",0.402855
damped_oscillator,"[3, 0, 1, 2, 5, 4]",0.487914
damped_oscillator,"[3, 0, 1, 4, 2, 5]",0.40353
damped_oscillator,"[3, 0, 1, 4, 5, 2]",0.972747
damped_oscillator,"[3, 0, 1, 5, 2, 4]",0.996488
damped_oscillator,"[3, 0, 1, 5, 4, 2]",0.996541
damped_oscillator,"[3, 0, 2, 1, 4, 5]",0.41214
damped_oscillator,"[3, 0, 2, 1, 5, 4]",0.45269
damped_oscillator,"[3, 0, 2, 4, 1, 5]",0.40917
damped_oscillator,"[3, 0, 2, 4, 5, 1]",0.425775
damped_oscillator,"[3, 0, 2, 5, 1, 4]",0.480106
damped_oscillator,"[3, 0, 2, 5, 4, 1]",0.474974
damped_oscillator,"[3, 0, 4, 1, 2, 5]",0.404051
damped_oscillator,"[3, 0, 4, 1, 5, 2]",0.95341
damped_oscillator,"[3, 0, 4, 2, 1, 5]",0.395858
damped_oscillator,"[3, 0, 4, 2, 5, 1]",0.424652
damped_oscillator,"[3, 0, 4, 5, 1, 2]",0.831543
damped_oscillator,"[3, 0, 4, 5, 2, 1]",0.929357
damped_oscillator,"[3, 0, 5, 1, 2, 4]",0.708497
damped_oscillator,"[3, 0, 5, 1, 4, 2]",0.739968
damped_oscillator,"[3, 0, 5, 2, 1, 4]",0.981927
damped_oscillator,"[3, 0, 5, 2, 4, 1]",0.975169
damped_oscillator,"[3, 0, 5, 4, 1, 2]",0.690931
damped_oscillator,"[3, 0, 5, 4, 2, 1]",0.974844
damped_oscillator,"[3, 1, 0, 2, 4, 5]",0.402807
damped_oscillator,"[3, 1, 0, 2, 5, 4]",0.48787
damped_oscillator,"[3, 1, 0, 4, 2, 5]",0.40353
damped_oscillator,"[3, 1, 0, 4, 5, 2]",0.972747
damped_oscillator,"[3, 1, 0, 5, 2, 4]",0.996493
damped_oscillator,"[3, 1, 0, 5, 4, 2]",0.996545
damped_oscillator,"[3, 1, 2, 0, 4, 5]",0.998349
damped_oscillator,"[3, 1, 2, 0, 5, 4]",0.998105
damped_oscillator,"[3, 1, 2, 4, 0, 5]",0.998349
damped_oscillator,"[3, 1, 2, 4, 5, 0]",0.998347
damped_oscillator,"[3, 1, 2, 5, 0, 4]",0.997905
damped_oscillator,"[3, 1, 2, 5, 4, 0]",0.997905
damped_oscillator,"[3, 1, 4, 0, 2, 5]",0.40353
damped_oscillator,"[3, 1, 4, 0, 5, 2]",0.972747
damped_oscillator,"[3, 1, 4, 2, 0, 5]",0.997931
damped_oscillator,"[3, 1, 4, 2, 5, 0]",0.997872
damped_oscillator,"[3, 1, 4, 5, 0, 2]",0.981366
damped_oscillator,"[3, 1, 4, 5, 2, 0]",0.997872
damped_oscillator,"[3, 1, 5, 0, 2, 4]",0.997458
damped_oscillator,"[3, 1, 5, 0, 4, 2]",0.998404
damped_oscillator,"[3, 1, 5, 2, 0, 4]",0.997905
damped_oscillator,"[3, 1, 5, 2, 4, 0]",0.997905
damped_oscillator,"[3, 1, 5, 4, 0, 2]",0.998404
damped_oscillator,"[3, 1, 5, 4, 2, 0]",0.998645
damped_oscillator,"[3, 2, 0, 1, 4, 5]",0.997955
damped_oscillator,"[3, 2, 0, 1, 5, 4]",0.998061
damped_oscillator,"[3, 2, 0, 4, 1, 5]",0.997918
damped_oscillator,"[3, 2, 0, 4, 5, 1]",0.997008
damped_oscillator,"[3, 2, 0, 5, 1, 4]",0.981759
damped_oscillator,"[3, 2, 0, 5, 4, 1]",0.993087
damped_oscillator,"[3, 2, 1, 0, 4, 5]",0.997955
damped_oscillator,"[3, 2, 1, 0, 5, 4]",0.998107
damped_oscillator,"[3, 2, 1, 4, 0, 5]",0.997955
damped_oscillator,"[3, 2, 1, 4, 5, 0]",0.99824
damped_oscillator,"[3, 2, 1, 5, 0, 4]",0.998035
damped_oscillator,"[3, 2, 1, 5, 4, 0]",0.998035
damped_oscillator,"[3, 2, 4, 0, 1, 5]",0.997918
damped_oscillator,"[3, 2, 4, 0, 5, 1]",0.997008
damped_oscillator,"[3, 2, 4, 1, 0, 5]",0.997918
damped_oscillator,"[3, 2, 4, 1, 5, 0]",0.998211
damped_oscillator,"[3, 2, 4, 5, 0, 1]",0.997486
damped_oscillator,"[3, 2, 4, 5, 1, 0]",0.997328
damped_oscillator,"[3, 2, 5, 0, 1, 4]",0.980434
damped_oscillator,"[3, 2, 5, 0, 4, 1]",0.979833
damped_oscillator,"[3, 2, 5, 1, 0, 4]",0.996989
damped_oscillator,"[3, 2, 5, 1, 4, 0]",0.996989
damped_oscillator,"[3, 2, 5, 4, 0, 1]",0.979833
damped_oscillator,"[3, 2, 5, 4, 1, 0]",0.970475
damped_oscillator,"[3, 4, 0, 1, 2, 5]",0.404051
damped_oscillator,"[3, 4, 0, 1, 5, 2]",0.95341
damped_oscillator,"[3, 4, 0, 2, 1, 5]",0.395858
damped_oscillator,"[3, 4, 0, 2, 5, 1]",0.424652
damped_oscillator,"[3, 4, 0, 5, 1, 2]",0.831543
damped_oscillator,"[3, 4, 0, 5, 2, 1]",0.929357
damped_oscillator,"[3, 4, 1, 0, 2, 5]",0.403303
damped_oscillator,"[3, 4, 1, 0, 5, 2]",0.955044
damped_oscillator,"[3, 4, 1, 2, 0, 5]",0.962723
damped_oscillator,"[3, 4, 1, 2, 5, 0]",0.966413
damped_oscillator,"[3, 4, 1, 5, 0, 2]",0.957736
damped_oscillator,"[3, 4, 1, 5, 2, 0]",0.966413
damped_oscillator,"[3, 4, 2, 0, 1, 5]",0.977974
damped_oscillator,"[3, 4, 2, 0, 5, 1]",0.954505
damped_oscillator,"[3, 4, 2, 1, 0, 5]",0.977974
damped_oscillator,"[3, 4, 2, 1, 5, 0]",0.968542
damped_oscillator,"[3, 4, 2, 5, 0, 1]",0.951118
damped_oscillator,"[3, 4, 2, 5, 1, 0]",0.952791
damped_oscillator,"[3, 4, 5, 0, 1, 2]",0.854436
damped_oscillator,"[3, 4, 5, 0, 2, 1]",0.939301
damped_oscillator,"[3, 4, 5, 1, 0, 2]",0.851132
damped_oscillator,"[3, 4, 5, 1, 2, 0]",0.852194
damped_oscillator,"[3, 4, 5, 2, 0, 1]",0.951118
damped_oscillator,"[3, 4, 5, 2, 1, 0]",0.952791
damped_oscillator,"[3, 5, 0, 1, 2, 4]",0.718128
damped_oscillator,"[3, 5, 0, 1, 4, 2]",0.736516
damped_oscillator,"[3, 5, 0, 2, 1, 4]",0.996828
damped_oscillator,"[3, 5, 0, 2, 4, 1]",0.992214
damped_oscillator,"[3, 5, 0, 4, 1, 2]",0.708743
damped_oscillator,"[3, 5, 0, 4, 2, 1]",0.974985
damped_oscillator,"[3, 5, 1, 0, 2, 4]",0.71742
damped_oscillator,"[3, 5, 1, 0, 4, 2]",0.735873
damped_oscillator,"[3, 5, 1, 2, 0, 4]",0.717713
damped_oscillator,"[3, 5, 1, 2, 4, 0]",0.717713
damped_oscillator,"[3, 5, 1, 4, 0, 2]",0.735873
damped_oscillator,"[3, 5, 1, 4, 2, 0]",0.756403
damped_oscillator,"[3, 5, 2, 0, 1, 4]",0.980434
damped_oscillator,"[3, 5, 2, 0, 4, 1]",0.979833
damped_oscillator,"[3, 5, 2, 1, 0, 4]",0.996989
damped_oscillator,"[3, 5, 2, 1, 4, 0]",0.996989
damped_oscillator,"[3, 5, 2, 4, 0, 1]",0.979833
damped_oscillator,"[3, 5, 2, 4, 1, 0]",0.970475
damped_oscillator,"[3, 5, 4, 0, 1, 2]",0.708743
damped_oscillator,"[3, 5, 4, 0, 2, 1]",0.974985
damped_oscillator,"[3, 5, 4, 1, 0, 2]",0.710703
damped_oscillator,"[3, 5, 4, 1, 2, 0]",0.715191
damped_oscillator,"[3, 5, 4, 2, 0, 1]",0.979016
damped_oscillator,"[3, 5, 4, 2, 1, 0]",0.976367
damped_oscillator,"[4, 0, 1, 2, 3, 5]",0.404051
damped_oscillator,"[4, 0, 1, 2, 5, 3]",0.503873
damped_oscillator,"[4, 0, 1, 3, 2, 5]",0.404051
damped_oscillator,"[4, 0, 1, 3, 5, 2]",0.95341
damped_oscillator,"[4, 0, 1, 5, 2, 3]",0.95341
damped_oscillator,"[4, 0, 1, 5, 3, 2]",0.95341
damped_oscillator,"[4, 0, 2, 1, 3, 5]",0.395858
damped_oscillator,"[4, 0, 2, 1, 5, 3]",0.490563
damped_oscillator,"[4, 0, 2, 3, 1, 5]",0.395858
damped_oscillator,"[4, 0, 2, 3, 5, 1]",0.424652
damped_oscillator,"[4, 0, 2, 5, 1, 3]",0.518946
damped_oscillator,"[4, 0, 2, 5, 3, 1]",0.517628
damped_oscillator,"[4, 0, 3, 1, 2, 5]",0.404051
damped_oscillator,"[4, 0, 3, 1, 5, 2]",0.95341
damped_oscillator,"[4, 0, 3, 2, 1, 5]",0.395858
damped_oscillator,"[4, 0, 3, 2, 5, 1]",0.424652
damped_oscillator,"[4, 0, 3, 5, 1, 2]",0.831543
damped_oscillator,"[4, 0, 3, 5, 2, 1]",0.929357
damped_oscillator,"[4, 0, 5, 1, 2, 3]",0.831543
damped_oscillator,"[4, 0, 5, 1, 3, 2]",0.831543
damped_oscillator,"[4, 0, 5, 2, 1, 3]",0.929357
damped_oscillator,"[4, 0, 5, 2, 3, 1]",0.929357
damped_oscillator,"[4, 0, 5, 3, 1, 2]",0.831543
damped_oscillator,"[4, 0, 5, 3, 2, 1]",0.929357
damped_oscillator,"[4, 1, 0, 2, 3, 5]",0.403303
damped_oscillator,"[4, 1, 0, 2, 5, 3]",0.502918
damped_oscillator,"[4, 1, 0, 3, 2, 5]",0.403303
damped_oscillator,"[4, 1, 0, 3, 5, 2]",0.955044
damped_oscillator,"[4, 1, 0, 5, 2, 3]",0.955044
damped_oscillator,"[4, 1, 0, 5, 3, 2]",0.955044
damped_oscillator,"[4, 1, 2, 0, 3, 5]",0.962723
damped_oscillator,"[4, 1, 2, 0, 5, 3]",0.962723
damped_oscillator,"[4, 1, 2, 3, 0, 5]",0.962723
damped_oscillator,"[4, 1, 2, 3, 5, 0]",0.966413
damped_oscillator,"[4, 1, 2, 5, 0, 3]",0.966413
damped_oscillator,"[4, 1, 2, 5, 3, 0]",0.966413
damped_oscillator,"[4, 1, 3, 0, 2, 5]",0.403303
damped_oscillator,"[4, 1, 3, 0, 5, 2]",0.955044
damped_oscillator,"[4, 1, 3, 2, 0, 5]",0.962723
damped_oscillator,"[4, 1, 3, 2, 5, 0]",0.966413
damped_oscillator,"[4, 1, 3, 5, 0, 2]",0.957736
damped_oscillator,"[4, 1, 3, 5, 2, 0]",0.966413
damped_oscillator,"[4, 1, 5, 0, 2, 3]",0.957736
damped_oscillator,"[4, 1, 5, 0, 3, 2]",0.957736
damped_oscillator,"[4, 1, 5, 2, 0, 3]",0.966413
damped_oscillator,"[4, 1, 5, 2, 3, 0]",0.966413
damped_oscillator,"[4, 1, 5, 3, 0, 2]",0.957736
damped_oscillator,"[4, 1, 5, 3, 2, 0]",0.966413
damped_oscillator,"[4, 2, 0, 1, 3, 5]",0.977974
damped_oscillator,"[4, 2, 0, 1, 5, 3]",0.977974
damped_oscillator,"[4, 2, 0, 3, 1, 5]",0.977974
damped_oscillator,"[4, 2, 0, 3, 5, 1]",0.954505
damped_oscillator,"[4, 2, 0, 5, 1, 3]",0.954505
damped_oscillator,"[4, 2, 0, 5, 3, 1]",0.954505
damped_oscillator,"[4, 2, 1, 0, 3, 5]",0.977974
damped_oscillator,"[4, 2, 1, 0, 5, 3]",0.977974
damped_oscillator,"[4, 2, 1, 3, 0, 5]",0.977974
damped_oscillator,"[4, 2, 1, 3, 5, 0]",0.968542
damped_oscillator,"[4, 2, 1, 5, 0, 3]",0.968542
damped_oscillator,"[4, 2, 1, 5, 3, 0]",0.968542
damped_oscillator,"[4, 2, 3, 0, 1, 5]",0.977974
damped_oscillator,"[4, 2, 3, 0, 5, 1]",0.954505
damped_oscillator,"[4, 2, 3, 1, 0, 5]",0.977974
damped_oscillator,"[4, 2, 3, 1, 5, 0]",0.968542
damped_oscillator,"[4, 2, 3, 5, 0, 1]",0.951118
damped_oscillator,"[4, 2, 3, 5, 1, 0]",0.952791
damped_oscillator,"[4, 2, 5, 0, 1, 3]",0.951118
damped_oscillator,"[4, 2, 5, 0, 3, 1]",0.951118
damped_oscillator,"[4, 2, 5, 1, 0, 3]",0.952791
damped_oscillator,"[4, 2, 5, 1, 3, 0]",0.952791
damped_oscillator,"[4, 2, 5, 3, 0, 1]",0.951118
damped_oscillator,"[4, 2, 5, 3, 1, 0]",0.952791
damped_oscillator,"[4, 3, 0, 1, 2, 5]",0.404051
damped_oscillator,"[4, 3, 0, 1, 5, 2]",0.95341
damped_oscillator,"[4, 3, 0, 2, 1, 5]",0.395858
damped_oscillator,"[4, 3, 0, 2, 5, 1]",0.424652
damped_oscillator,"[4, 3, 0, 5, 1, 2]",0.831543
damped_oscillator,"[4, 3, 0, 5, 2, 1]",0.929357
damped_oscillator,"[4, 3, 1, 0, 2, 5]",0.403303
damped_oscillator,"[4, 3, 1, 0, 5, 2]",0.955044
damped_oscillator,"[4, 3, 1, 2, 0, 5]",0.962723
damped_oscillator,"[4, 3, 1, 2, 5, 0]",0.966413
damped_oscillator,"[4, 3, 1, 5, 0, 2]",0.957736
damped_oscillator,"[4, 3, 1, 5, 2, 0]",0.966413
damped_oscillator,"[4, 3, 2, 0, 1, 5]",0.977974
damped_oscillator,"[4, 3, 2, 0, 5, 1]",0.954505
damped_oscillator,"[4, 3, 2, 1, 0, 5]",0.977974
damped_oscillator,"[4, 3, 2, 1, 5, 0]",0.968542
damped_oscillator,"[4, 3, 2, 5, 0, 1]",0.951118
damped_oscillator,"[4, 3, 2, 5, 1, 0]",0.952791
damped_oscillator,"[4, 3, 5, 0, 1, 2]",0.854436
damped_oscillator,"[4, 3, 5, 0, 2, 1]",0.939301
damped_oscillator,"[4, 3, 5, 1, 0, 2]",0.851132
damped_oscillator,"[4, 3, 5, 1, 2, 0]",0.852194
damped_oscillator,"[4, 3, 5, 2, 0, 1]",0.951118
damped_oscillator,"[4, 3, 5, 2, 1, 0]",0.952791
damped_oscillator,"[4, 5, 0, 1, 2, 3]",0.854436
damped_oscillator,"[4, 5, 0, 1, 3, 2]",0.854436
damped_oscillator,"[4, 5, 0, 2, 1, 3]",0.939301
damped_oscillator,"[4, 5, 0, 2, 3, 1]",0.939301
damped_oscillator,"[4, 5, 0, 3, 1, 2]",0.854436
damped_oscillator,"[4, 5, 0, 3, 2, 1]",0.939301
damped_oscillator,"[4, 5, 1, 0, 2, 3]",0.851132
damped_oscillator,"[4, 5, 1, 0, 3, 2]",0.851132
damped_oscillator,"[4, 5, 1, 2, 0, 3]",0.852194
damped_oscillator,"[4, 5, 1, 2, 3, 0]",0.852194
damped_oscillator,"[4, 5, 1, 3, 0, 2]",0.851132
damped_oscillator,"[4, 5, 1, 3, 2, 0]",0.852194
damped_oscillator,"[4, 5, 2, 0, 1, 3]",0.951118
damped_oscillator,"[4, 5, 2, 0, 3, 1]",0.951118
damped_oscillator,"[4, 5, 2, 1, 0, 3]",0.952791
damped_oscillator,"[4, 5, 2, 1, 3, 0]",0.952791
damped_oscillator,"[4, 5, 2, 3, 0, 1]",0.951118
damped_oscillator,"[4, 5, 2, 3, 1, 0]",0.952791
damped_oscillator,"[4, 5, 3, 0, 1, 2]",0.854436
damped_oscillator,"[4, 5, 3, 0, 2, 1]",0.939301
damped_oscillator,"[4, 5, 3, 1, 0, 2]",0.851132
damped_oscillator,"[4, 5, 3, 1, 2, 0]",0.852194
damped_oscillator,"[4, 5, 3, 2, 0, 1]",0.951118
damped_oscillator,"[4, 5, 3, 2, 1, 0]",0.952791
damped_oscillator,"[5, 0, 1, 2, 3, 4]",0.718128
damped_oscillator,"[5, 0, 1, 2, 4, 3]",0.718128
damped_oscillator,"[5, 0, 1, 3, 2, 4]",0.718128
damped_oscillator,"[5, 0, 1, 3, 4, 2]",0.736516
damped_oscillator,"[5, 0, 1, 4, 2, 3]",0.736516
damped_oscillator,"[5, 0, 1, 4, 3, 2]",0.736516
damped_oscillator,"[5, 0, 2, 1, 3, 4]",0.996828
damped_oscillator,"[5, 0, 2, 1, 4, 3]",0.996828
damped_oscillator,"[5, 0, 2, 3, 1, 4]",0.996828
damped_oscillator,"[5, 0, 2, 3, 4, 1]",0.992214
damped_oscillator,"[5, 0, 2, 4, 1, 3]",0.992214
damped_oscillator,"[5, 0, 2, 4, 3, 1]",0.992214
damped_oscillator,"[5, 0, 3, 1, 2, 4]",0.718128
damped_oscillator,"[5, 0, 3, 1, 4, 2]",0.736516
damped_oscillator,"[5, 0, 3, 2, 1, 4]",0.996828
damped_oscillator,"[5, 0, 3, 2, 4, 1]",0.992214
damped_oscillator,"[5, 0, 3, 4, 1, 2]",0.708743
damped_oscillator,"[5, 0, 3, 4, 2, 1]",0.974985
damped_oscillator,"[5, 0, 4, 1, 2, 3]",0.708743
damped_oscillator,"[5, 0, 4, 1, 3, 2]",0.708743
damped_oscillator,"[5, 0, 4, 2, 1, 3]",0.974985
damped_oscillator,"[5, 0, 4, 2, 3, 1]",0.974985
damped_oscillator,"[5, 0, 4, 3, 1, 2]",0.708743
damped_oscillator,"[5, 0, 4, 3, 2, 1]",0.974985
damped_oscillator,"[5, 1, 0, 2, 3, 4]",0.71742
damped_oscillator,"[5, 1, 0, 2, 4, 3]",0.71742
damped_oscillator,"[5, 1, 0, 3, 2, 4]",0.71742
damped_oscillator,"[5, 1, 0, 3, 4, 2]",0.735873
damped_oscillator,"[5, 1, 0, 4, 2, 3]",0.735873
damped_oscillator,"[5, 1, 0, 4, 3, 2]",0.735873
damped_oscillator,"[5, 1, 2, 0, 3, 4]",0.717713
damped_oscillator,"[5, 1, 2, 0, 4, 3]",0.717713
damped_oscillator,"[5, 1, 2, 3, 0, 4]",0.717713
damped_oscillator,"[5, 1, 2, 3, 4, 0]",0.717713
damped_oscillator,"[5, 1, 2, 4, 0, 3]",0.717713
damped_oscillator,"[5, 1, 2, 4, 3, 0]",0.717713
damped_oscillator,"[5, 1, 3, 0, 2, 4]",0.71742
damped_oscillator,"[5, 1, 3, 0, 4, 2]",0.735873
damped_oscillator,"[5, 1, 3, 2, 0, 4]",0.717713
damped_oscillator,"[5, 1, 3, 2, 4, 0]",0.717713
damped_oscillator,"[5, 1, 3, 4, 0, 2]",0.735873
damped_oscillator,"[5, 1, 3, 4, 2, 0]",0.756403
damped_oscillator,"[5, 1, 4, 0, 2, 3]",0.735873
damped_oscillator,"[5, 1, 4, 0, 3, 2]",0.735873
damped_oscillator,"[5, 1, 4, 2, 0, 3]",0.756403
damped_oscillator,"[5, 1, 4, 2, 3, 0]",0.756403
damped_oscillator,"[5, 1, 4, 3, 0, 2]",0.735873
damped_oscillator,"[5, 1, 4, 3, 2, 0]",0.756403
damped_oscillator,"[5, 2, 0, 1, 3, 4]",0.980434
damped_oscillator,"[5, 2, 0, 1, 4, 3]",0.980434
damped_oscillator,"[5, 2, 0, 3, 1, 4]",0.980434
damped_oscillator,"[5, 2, 0, 3, 4, 1]",0.979833
damped_oscillator,"[5, 2, 0, 4, 1, 3]",0.979833
damped_oscillator,"[5, 2, 0, 4, 3, 1]",0.979833
damped_oscillator,"[5, 2, 1, 0, 3, 4]",0.996989
damped_oscillator,"[5, 2, 1, 0, 4, 3]",0.996989
damped_oscillator,"[5, 2, 1, 3, 0, 4]",0.996989
damped_oscillator,"[5, 2, 1, 3, 4, 0]",0.996989
damped_oscillator,"[5, 2, 1, 4, 0, 3]",0.996989
damped_oscillator,"[5, 2, 1, 4, 3, 0]",0.996989
damped_oscillator,"[5, 2, 3, 0, 1, 4]",0.980434
damped_oscillator,"[5, 2, 3, 0, 4, 1]",0.979833
damped_oscillator,"[5, 2, 3, 1, 0, 4]",0.996989
damped_oscillator,"[5, 2, 3, 1, 4, 0]",0.996989
damped_oscillator,"[5, 2, 3, 4, 0, 1]",0.979833
damped_oscillator,"[5, 2, 3, 4, 1, 0]",0.970475
damped_oscillator,"[5, 2, 4, 0, 1, 3]",0.979833
damped_oscillator,"[5, 2, 4, 0, 3, 1]",0.979833
damped_oscillator,"[5, 2, 4, 1, 0, 3]",0.970475
damped_oscillator,"[5, 2, 4, 1, 3, 0]",0.970475
damped_oscillator,"[5, 2, 4, 3, 0, 1]",0.979833
damped_oscillator,"[5, 2, 4, 3, 1, 0]",0.970475
damped_oscillator,"[5, 3, 0, 1, 2, 4]",0.718128
damped_oscillator,"[5, 3, 0, 1, 4, 2]",0.736516
damped_oscillator,"[5, 3, 0, 2, 1, 4]",0.996828
damped_oscillator,"[5, 3, 0, 2, 4, 1]",0.992214
damped_oscillator,"[5, 3, 0, 4, 1, 2]",0.708743
damped_oscillator,"[5, 3, 0, 4, 2, 1]",0.974985
damped_oscillator,"[5, 3, 1, 0, 2, 4]",0.71742
damped_oscillator,"[5, 3, 1, 0, 4, 2]",0.735873
damped_oscillator,"[5, 3, 1, 2, 0, 4]",0.717713
damped_oscillator,"[5, 3, 1, 2, 4, 0]",0.717713
damped_oscillator,"[5, 3, 1, 4, 0, 2]",0.735873
damped_oscillator,"[5, 3, 1, 4, 2, 0]",0.756403
damped_oscillator,"[5, 3, 2, 0, 1, 4]",0.980434
damped_oscillator,"[5, 3, 2, 0, 4, 1]",0.979833
damped_oscillator,"[5, 3, 2, 1, 0, 4]",0.996989
damped_oscillator,"[5, 3, 2, 1, 4, 0]",0.996989
damped_oscillator,"[5, 3, 2, 4, 0, 1]",0.979833
damped_oscillator,"[5, 3, 2, 4, 1, 0]",0.970475
damped_oscillator,"[5, 3, 4, 0, 1, 2]",0.708743
damped_oscillator,"[5, 3, 4, 0, 2, 1]",0.974985
damped_oscillator,"[5, 3, 4, 1, 0, 2]",0.710703
damped_oscillator,"[5, 3, 4, 1, 2, 0]",0.715191
damped_oscillator,"[5, 3, 4, 2, 0, 1]",0.979016
damped_oscillator,"[5, 3, 4, 2, 1, 0]",0.976367
damped_oscillator,"[5, 4, 0, 1, 2, 3]",0.708743
damped_oscillator,"[5, 4, 0, 1, 3, 2]",0.708743
damped_oscillator,"[5, 4, 0, 2, 1, 3]",0.974985
damped_oscillator,"[5, 4, 0, 2, 3, 1]",0.974985
damped_oscillator,"[5, 4, 0, 3, 1, 2]",0.708743
damped_oscillator,"[5, 4, 0, 3, 2, 1]",0.974985
damped_oscillator,"[5, 4, 1, 0, 2, 3]",0.710703
damped_oscillator,"[5, 4, 1, 0, 3, 2]",0.710703
damped_oscillator,"[5, 4, 1, 2, 0, 3]",0.715191
damped_oscillator,"[5, 4, 1, 2, 3, 0]",0.715191
damped_oscillator,"[5, 4, 1, 3, 0, 2]",0.710703
damped_oscillator,"[5, 4, 1, 3, 2, 0]",0.715191
damped_oscillator,"[5, 4, 2, 0, 1, 3]",0.979016
damped_oscillator,"[5, 4, 2, 0, 3, 1]",0.979016
damped_oscillator,"[5, 4, 2, 1, 0, 3]",0.976367
damped_oscillator,"[5, 4, 2, 1, 3, 0]",0.976367
damped_oscillator,"[5, 4, 2, 3, 0, 1]",0.979016
damped_oscillator,"[5, 4, 2, 3, 1, 0]",0.976367
damped_oscillator,"[5, 4, 3, 0, 1, 2]",0.708743
damped_oscillator,"[5, 4, 3, 0, 2, 1]",0.974985
damped_oscillator,"[5, 4, 3, 1, 0, 2]",0.710703
damped_oscillator,"[5, 4, 3, 1, 2, 0]",0.715191
damped_oscillator,"[5, 4, 3, 2, 0, 1]",0.979016
damped_oscillator,"[5, 4, 3, 2, 1, 0]",0.976367
cubic_oscillator,"[0, 1, 2, 3, 4, 5]",0.828969
cubic_oscillator,"[0, 1, 2, 3, 5, 4]",0.846021
cubic_oscillator,"[0, 1, 2, 4, 3, 5]",0.828969
cubic_oscillator,"[0, 1, 2, 4, 5, 3]",0.900096
cubic_oscillator,"[0, 1, 2, 5, 3, 4]",0.930656
cubic_oscillator,"[0, 1, 2, 5, 4, 3]",0.930322
cubic_oscillator,"[0, 1, 3, 2, 4, 5]",0.828969
cubic_oscillator,"[0, 1, 3, 2, 5, 4]",0.846021
cubic_oscillator,"[0, 1, 3, 4, 2, 5]",0.823788
cubic_oscillator,"[0, 1, 3, 4, 5, 2]",0.998889
cubic_oscillator,"[0, 1, 3, 5, 2, 4]",0.997593
cubic_oscillator,"[0, 1, 3, 5, 4, 2]",0.998258
cubic_oscillator,"[0, 1, 4, 2, 3, 5]",0.823788
cubic_oscillator,"[0, 1, 4, 2, 5, 3]",0.897703
cubic_oscillator,"[0, 1, 4, 3, 2, 5]",0.823788
cubic_oscillator,"[0, 1, 4, 3, 5, 2]",0.998889
cubic_oscillator,"[0, 1, 4, 5, 2, 3]",0.98295
cubic_oscillator,"[0, 1, 4, 5, 3, 2]",0.981069
cubic_oscillator,"[0, 1, 5, 2, 3, 4]",0.981011
cubic_oscillator,"[0, 1, 5, 2, 4, 3]",0.981055
cubic_oscillator,"[0, 1, 5, 3, 2, 4]",0.925551
cubic_oscillator,"[0, 1, 5, 3, 4, 2]",0.920685
cubic_oscillator,"[0, 1, 5, 4, 2, 3]",0.983186
cubic_oscillator,"[0, 1, 5, 4, 3, 2]",0.916473
cubic_oscillator,"[0, 2, 1, 3, 4, 5]",0.828404
cubic_oscillator,"[0, 2, 1, 3, 5, 4]",0.845404
cubic_oscillator,"[0, 2, 1, 4, 3, 5]",0.828404
cubic_oscillator,"[0, 2, 1, 4, 5, 3]",0.898577
cubic_oscillator,"[0, 2, 1, 5, 3, 4]",0.930809
cubic_oscillator,"[0, 2, 1, 5, 4, 3]",0.930427
cubic_oscillator,"[0, 2, 3, 1, 4, 5]",0.828404
cubic_oscillator,"[0, 2, 3, 1, 5, 4]",0.845404
cubic_oscillator,"[0, 2, 3, 4, 1, 5]",0.827976
cubic_oscillator,"[0, 2, 3, 4, 5, 1]",0.822851
cubic_oscillator,"[0, 2, 3, 5, 1, 4]",0.843342
cubic_oscillator,"[0, 2, 3, 5, 4, 1]",0.845366
cubic_oscillator,"[0, 2, 4, 1, 3, 5]",0.827976
cubic_oscillator,"[0, 2, 4, 1, 5, 3]",0.897049
cubic_oscillator,"[0, 2, 4, 3, 1, 5]",0.827976
cubic_oscillator,"[0, 2, 4, 3, 5, 1]",0.822851
cubic_oscillator,"[0, 2, 4, 5, 1, 3]",0.89797
cubic_oscillator,"[0, 2, 4, 5, 3, 1]",0.915551
cubic_oscillator,"[0, 2, 5, 1, 3, 4]",0.925576
cubic_oscillator,"[0, 2, 5, 1, 4, 3]",0.924893
cubic_oscillator,"[0, 2, 5, 3, 1, 4]",0.961007
cubic_oscillator,"[0, 2, 5, 3, 4, 1]",0.932543
cubic_oscillator,"[0, 2, 5, 4, 1, 3]",0.9201
cubic_oscillator,"[0, 2, 5, 4, 3, 1]",0.932508
cubic_oscillator,"[0, 3, 1, 2, 4, 5]",0.828969
cubic_oscillator,"[0, 3, 1, 2, 5, 4]",0.846021
cubic_oscillator,"[0, 3, 1, 4, 2, 5]",0.823788
cubic_oscillator,"[0, 3, 1, 4, 5, 2]",0.998889
cubic_oscillator,"[0, 3, 1, 5, 2, 4]",0.997593
cubic_oscillator,"[0, 3, 1, 5, 4, 2]",0.998258
cubic_oscillator,"[0, 3, 2, 1, 4, 5]",0.828404
cubic_oscillator,"[0, 3, 2, 1, 5, 4]",0.845404
cubic_oscillator,"[0, 3, 2, 4, 1, 5]",0.827976
cubic_oscillator,"[0, 3, 2, 4, 5, 1]",0.822851
cubic_oscillator,"[0, 3, 2, 5, 1, 4]",0.843342
cubic_oscillator,"[0, 3, 2, 5, 4, 1]",0.845366
cubic_oscillator,"[0, 3, 4, 1, 2, 5]",0.827067
cubic_oscillator,"[0, 3, 4, 1, 5, 2]",0.998283
cubic_oscillator,"[0, 3, 4, 2, 1, 5]",0.825351
cubic_oscillator,"[0, 3, 4, 2, 5, 1]",0.825024
cubic_oscillator,"[0, 3, 4, 5, 1, 2]",0.927493
cubic_oscillator,"[0, 3, 4, 5, 2, 1]",0.997313
cubic_oscillator,"[0, 3, 5, 1, 2, 4]",0.885949
cubic_oscillator,"[0, 3, 5, 1, 4, 2]",0.839693
cubic_oscillator,"[0, 3, 5, 2, 1, 4]",0.993907
cubic_oscillator,"[0, 3, 5, 2, 4, 1]",0.993028
cubic_oscillator,"[0, 3, 5, 4, 1, 2]",0.701213
cubic_oscillator,"[0, 3, 5, 4, 2, 1]",0.996656
cubic_oscillator,"[0, 4, 1, 2, 3, 5]",0.827067
cubic_oscillator,"[0, 4, 1, 2, 5, 3]",0.899724
cubic_oscillator,"[0, 4, 1, 3, 2, 5]",0.827067
cubic_oscillator,"[0, 4, 1, 3, 5, 2]",0.998283
cubic_oscillator,"[0, 4, 1, 5, 2, 3]",0.984313
cubic_oscillator,"[0, 4, 1, 5, 3, 2]",0.978391
cubic_oscillator,"[0, 4, 2, 1, 3, 5]",0.825351
cubic_oscillator,"[0, 4, 2, 1, 5, 3]",0.898955
cubic_oscillator,"[0, 4, 2, 3, 1, 5]",0.825351
cubic_oscillator,"[0, 4, 2, 3, 5, 1]",0.825024
cubic_oscillator,"[0, 4, 2, 5, 1, 3]",0.897925
cubic_oscillator,"[0, 4, 2, 5, 3, 1]",0.899257
cubic_oscillator,"[0, 4, 3, 1, 2, 5]",0.827067
cubic_oscillator,"[0, 4, 3, 1, 5, 2]",0.998283
cubic_oscillator,"[0, 4, 3, 2, 1, 5]",0.825351
cubic_oscillator,"[0, 4, 3, 2, 5, 1]",0.825024
cubic_oscillator,"[0, 4, 3, 5, 1, 2]",0.927493
cubic_oscillator,"[0, 4, 3, 5, 2, 1]",0.997313
cubic_oscillator,"[0, 4, 5, 1, 2, 3]",0.925581
cubic_oscillator,"[0, 4, 5, 1, 3, 2]",0.926084
cubic_oscillator,"[0, 4, 5, 2, 1, 3]",0.941828
cubic_oscillator,"[0, 4, 5, 2, 3, 1]",0.986323
cubic_oscillator,"[0, 4, 5, 3, 1, 2]",0.927493
cubic_oscillator,"[0, 4, 5, 3, 2, 1]",0.99162
cubic_oscillator,"[0, 5, 1, 2, 3, 4]",0.914631
cubic_oscillator,"[0, 5, 1, 2, 4, 3]",0.91433
cubic_oscillator,"[0, 5, 1, 3, 2, 4]",0.898009
cubic_oscillator,"[0, 5, 1, 3, 4, 2]",0.847612
cubic_oscillator,"[0, 5, 1, 4, 2, 3]",0.860155
cubic_oscillator,"[0, 5, 1, 4, 3, 2]",0.846791
cubic_oscillator,"[0, 5, 2, 1, 3, 4]",0.977755
cubic_oscillator,"[0, 5, 2, 1, 4, 3]",0.977709
cubic_oscillator,"[0, 5, 2, 3, 1, 4]",0.981594
cubic_oscillator,"[0, 5, 2, 3, 4, 1]",0.984106
cubic_oscillator,"[0, 5, 2, 4, 1, 3]",0.979665
cubic_oscillator,"[0, 5, 2, 4, 3, 1]",0.984254
cubic_oscillator,"[0, 5, 3, 1, 2, 4]",0.885952
cubic_oscillator,"[0, 5, 3, 1, 4, 2]",0.839693
cubic_oscillator,"[0, 5, 3, 2, 1, 4]",0.990825
cubic_oscillator,"[0, 5, 3, 2, 4, 1]",0.991029
cubic_oscillator,"[0, 5, 3, 4, 1, 2]",0.701213
cubic_oscillator,"[0, 5, 3, 4, 2, 1]",0.994832
cubic_oscillator,"[0, 5, 4, 1, 2, 3]",0.7033
cubic_oscillator,"[0, 5, 4, 1, 3, 2]",0.702104
cubic_oscillator,"[0, 5, 4, 2, 1, 3]",0.98599
cubic_oscillator,"[0, 5, 4, 2, 3, 1]",0.988458
cubic_oscillator,"[0, 5, 4, 3, 1, 2]",0.701213
cubic_oscillator,"[0, 5, 4, 3, 2, 1]",0.995267
cubic_oscillator,"[1, 0, 2, 3, 4, 5]",0.828963
cubic_oscillator,"[1, 0, 2, 3, 5, 4]",0.846022
cubic_oscillator,"[1, 0, 2, 4, 3, 5]",0.828963
cubic_oscillator,"[1, 0, 2, 4, 5, 3]",0.900073
cubic_oscillator,"[1, 0, 2, 5, 3, 4]",0.930477
cubic_oscillator,"[1, 0, 2, 5, 4, 3]",0.93017
cubic_oscillator,"[1, 0, 3, 2, 4, 5]",0.828963
cubic_oscillator,"[1, 0, 3, 2, 5, 4]",0.846022
cubic_oscillator,"[1, 0, 3, 4, 2, 5]",0.823848
cubic_oscillator,"[1, 0, 3, 4, 5, 2]",0.998995
cubic_oscillator,"[1, 0, 3, 5, 2, 4]",0.997721
cubic_oscillator,"[1, 0, 3, 5, 4, 2]",0.998387
cubic_oscillator,"[1, 0, 4, 2, 3, 5]",0.823848
cubic_oscillator,"[1, 0, 4, 2, 5, 3]",0.897678
cubic_oscillator,"[1, 0, 4, 3, 2, 5]",0.823848
cubic_oscillator,"[1, 0, 4, 3, 5, 2]",0.998995
cubic_oscillator,"[1, 0, 4, 5, 2, 3]",0.983003
cubic_oscillator,"[1, 0, 4, 5, 3, 2]",0.981114
cubic_oscillator,"[1, 0, 5, 2, 3, 4]",0.98124
cubic_oscillator,"[1, 0, 5, 2, 4, 3]",0.981282
cubic_oscillator,"[1, 0, 5, 3, 2, 4]",0.924465
cubic_oscillator,"[1, 0, 5, 3, 4, 2]",0.919924
cubic_oscillator,"[1, 0, 5, 4, 2, 3]",0.983328
cubic_oscillator,"[1, 0, 5, 4, 3, 2]",0.919972
cubic_oscillator,"[1, 2, 0, 3, 4, 5]",0.995621
cubic_oscillator,"[1, 2, 0, 3, 5, 4]",0.995848
cubic_oscillator,"[1, 2, 0, 4, 3, 5]",0.995621
cubic_oscillator,"[1, 2, 0, 4, 5, 3]",0.979821
cubic_oscillator,"[1, 2, 0, 5, 3, 4]",0.979154
cubic_oscillator,"[1, 2, 0, 5, 4, 3]",0.979386
cubic_oscillator,"[1, 2, 3, 0, 4, 5]",0.995621
cubic_oscillator,"[1, 2, 3, 0, 5, 4]",0.995848
cubic_oscillator,"[1, 2, 3, 4, 0, 5]",0.995621
cubic_oscillator,"[1, 2, 3, 4, 5, 0]",0.996138
cubic_oscillator,"[1, 2, 3, 5, 0, 4]",0.996309
cubic_oscillator,"[1, 2, 3, 5, 4, 0]",0.996309
cubic_oscillator,"[1, 2, 4, 0, 3, 5]",0.995621
cubic_oscillator,"[1, 2, 4, 0, 5, 3]",0.979821
cubic_oscillator,"[1, 2, 4, 3, 0, 5]",0.995621
cubic_oscillator,"[1, 2, 4, 3, 5, 0]",0.996138
cubic_oscillator,"[1, 2, 4, 5, 0, 3]",0.979991
cubic_oscillator,"[1, 2, 4, 5, 3, 0]",0.996138
cubic_oscillator,"[1, 2, 5, 0, 3, 4]",0.979208
cubic_oscillator,"[1, 2, 5, 0, 4, 3]",0.979486
cubic_oscillator,"[1, 2, 5, 3, 0, 4]",0.996309
cubic_oscillator,"[1, 2, 5, 3, 4, 0]",0.996309
cubic_oscillator,"[1, 2, 5, 4, 0, 3]",0.979486
cubic_oscillator,"[1, 2, 5, 4, 3, 0]",0.996309
cubic_oscillator,"[1, 3, 0, 2, 4, 5]",0.828963
cubic_oscillator,"[1, 3, 0, 2, 5, 4]",0.846022
cubic_oscillator,"[1, 3, 0, 4, 2, 5]",0.823848
cubic_oscillator,"[1, 3, 0, 4, 5, 2]",0.998995
cubic_oscillator,"[1, 3, 0, 5, 2, 4]",0.997721
cubic_oscillator,"[1, 3, 0, 5, 4, 2]",0.998387
cubic_oscillator,"[1, 3, 2, 0, 4, 5]",0.995621
cubic_oscillator,"[1, 3, 2, 0, 5, 4]",0.995848
cubic_oscillator,"[1, 3, 2, 4, 0, 5]",0.995621
cubic_oscillator,"[1, 3, 2, 4, 5, 0]",0.996138
cubic_oscillator,"[1, 3, 2, 5, 0, 4]",0.996309
cubic_oscillator,"[1, 3, 2, 5, 4, 0]",0.996309
cubic_oscillator,"[1, 3, 4, 0, 2, 5]",0.823848
cubic_oscillator,"[1, 3, 4, 0, 5, 2]",0.998995
cubic_oscillator,"[1, 3, 4, 2, 0, 5]",0.997706
cubic_oscillator,"[1, 3, 4, 2, 5, 0]",0.997885
cubic_oscillator,"[1, 3, 4, 5, 0, 2]",0.999478
cubic_oscillator,"[1, 3, 4, 5, 2, 0]",0.997885
cubic_oscillator,"[1, 3, 5, 0, 2, 4]",0.998408
cubic_oscillator,"[1, 3, 5, 0, 4, 2]",0.998392
cubic_oscillator,"[1, 3, 5, 2, 0, 4]",0.996309
cubic_oscillator,"[1, 3, 5, 2, 4, 0]",0.996309
cubic_oscillator,"[1, 3, 5, 4, 0, 2]",0.998392
cubic_oscillator,"[1, 3, 5, 4, 2, 0]",0.997661
cubic_oscillator,"[1, 4, 0, 2, 3, 5]",0.823848
cubic_oscillator,"[1, 4, 0, 2, 5, 3]",0.897678
cubic_oscillator,"[1, 4, 0, 3, 2, 5]",0.823848
cubic_oscillator,"[1, 4, 0, 3, 5, 2]",0.998995
cubic_oscillator,"[1, 4, 0, 5, 2, 3]",0.983003
cubic_oscillator,"[1, 4, 0, 5, 3, 2]",0.981114
cubic_oscillator,"[1, 4, 2, 0, 3, 5]",0.997706
cubic_oscillator,"[1, 4, 2, 0, 5, 3]",0.978424
cubic_oscillator,"[1, 4, 2, 3, 0, 5]",0.997706
cubic_oscillator,"[1, 4, 2, 3, 5, 0]",0.997885
cubic_oscillator,"[1, 4, 2, 5, 0, 3]",0.978441
cubic_oscillator,"[1, 4, 2, 5, 3, 0]",0.997885
cubic_oscillator,"[1, 4, 3, 0, 2, 5]",0.823848
cubic_oscillator,"[1, 4, 3, 0, 5, 2]",0.998995
cubic_oscillator,"[1, 4, 3, 2, 0, 5]",0.997706
cubic_oscillator,"[1, 4, 3, 2, 5, 0]",0.997885
cubic_oscillator,"[1, 4, 3, 5, 0, 2]",0.999478
cubic_oscillator,"[1, 4, 3, 5, 2, 0]",0.997885
cubic_oscillator,"[1, 4, 5, 0, 2, 3]",0.983896
cubic_oscillator,"[1, 4, 5, 0, 3, 2]",0.98242
cubic_oscillator,"[1, 4, 5, 2, 0, 3]",0.978441
cubic_oscillator,"[1, 4, 5, 2, 3, 0]",0.995409
cubic_oscillator,"[1, 4, 5, 3, 0, 2]",0.993755
cubic_oscillator,"[1, 4, 5, 3, 2, 0]",0.989886
cubic_oscillator,"[1, 5, 0, 2, 3, 4]",0.982612
cubic_oscillator,"[1, 5, 0, 2, 4, 3]",0.982618
cubic_oscillator,"[1, 5, 0, 3, 2, 4]",0.92654
cubic_oscillator,"[1, 5, 0, 3, 4, 2]",0.925818
cubic_oscillator,"[1, 5, 0, 4, 2, 3]",0.94473
cubic_oscillator,"[1, 5, 0, 4, 3, 2]",0.926632
cubic_oscillator,"[1, 5, 2, 0, 3, 4]",0.979208
cubic_oscillator,"[1, 5, 2, 0, 4, 3]",0.979486
cubic_oscillator,"[1, 5, 2, 3, 0, 4]",0.99362
cubic_oscillator,"[1, 5, 2, 3, 4, 0]",0.99362
cubic_oscillator,"[1, 5, 2, 4, 0, 3]",0.979486
cubic_oscillator,"[1, 5, 2, 4, 3, 0]",0.993625
cubic_oscillator,"[1, 5, 3, 0, 2, 4]",0.985303
cubic_oscillator,"[1, 5, 3, 0, 4, 2]",0.986607
cubic_oscillator,"[1, 5, 3, 2, 0, 4]",0.98254
cubic_oscillator,"[1, 5, 3, 2, 4, 0]",0.98254
cubic_oscillator,"[1, 5, 3, 4, 0, 2]",0.986607
cubic_oscillator,"[1, 5, 3, 4, 2, 0]",0.983186
cubic_oscillator,"[1, 5, 4, 0, 2, 3]",0.94473
cubic_oscillator,"[1, 5, 4, 0, 3, 2]",0.926632
cubic_oscillator,"[1, 5, 4, 2, 0, 3]",0.978799
cubic_oscillator,"[1, 5, 4, 2, 3, 0]",0.995221
cubic_oscillator,"[1, 5, 4, 3, 0, 2]",0.986418
cubic_oscillator,"[1, 5, 4, 3, 2, 0]",0.983019
cubic_oscillator,"[2, 0, 1, 3, 4, 5]",0.995645
cubic_oscillator,"[2, 0, 1, 3, 5, 4]",0.995941
cubic_oscillator,"[2, 0, 1, 4, 3, 5]",0.995645
cubic_oscillator,"[2, 0, 1, 4, 5, 3]",0.979961
cubic_oscillator,"[2, 0, 1, 5, 3, 4]",0.979743
cubic_oscillator,"[2, 0, 1, 5, 4, 3]",0.979925
cubic_oscillator,"[2, 0, 3, 1, 4, 5]",0.995645
cubic_oscillator,"[2, 0, 3, 1, 5, 4]",0.995941
cubic_oscillator,"[2, 0, 3, 4, 1, 5]",0.995667
cubic_oscillator,"[2, 0, 3, 4, 5, 1]",0.993081
cubic_oscillator,"[2, 0, 3, 5, 1, 4]",0.992104
cubic_oscillator,"[2, 0, 3, 5, 4, 1]",0.991904
cubic_oscillator,"[2, 0, 4, 1, 3, 5]",0.995667
cubic_oscillator,"[2, 0, 4, 1, 5, 3]",0.979642
cubic_oscillator,"[2, 0, 4, 3, 1, 5]",0.995667
cubic_oscillator,"[2, 0, 4, 3, 5, 1]",0.993081
cubic_oscillator,"[2, 0, 4, 5, 1, 3]",0.978425
cubic_oscillator,"[2, 0, 4, 5, 3, 1]",0.980835
cubic_oscillator,"[2, 0, 5, 1, 3, 4]",0.975715
cubic_oscillator,"[2, 0, 5, 1, 4, 3]",0.975845
cubic_oscillator,"[2, 0, 5, 3, 1, 4]",0.979945
cubic_oscillator,"[2, 0, 5, 3, 4, 1]",0.982456
cubic_oscillator,"[2, 0, 5, 4, 1, 3]",0.977719
cubic_oscillator,"[2, 0, 5, 4, 3, 1]",0.982773
cubic_oscillator,"[2, 1, 0, 3, 4, 5]",0.995667
cubic_oscillator,"[2, 1, 0, 3, 5, 4]",0.99598
cubic_oscillator,"[2, 1, 0, 4, 3, 5]",0.995667
cubic_oscillator,"[2, 1, 0, 4, 5, 3]",0.97996
cubic_oscillator,"[2, 1, 0, 5, 3, 4]",0.979744
cubic_oscillator,"[2, 1, 0, 5, 4, 3]",0.979926
cubic_oscillator,"[2, 1, 3, 0, 4, 5]",0.995667
cubic_oscillator,"[2, 1, 3, 0, 5, 4]",0.99598
cubic_oscillator,"[2, 1, 3, 4, 0, 5]",0.995667
cubic_oscillator,"[2, 1, 3, 4, 5, 0]",0.996093
cubic_oscillator,"[2, 1, 3, 5, 0, 4]",0.996479
cubic_oscillator,"[2, 1, 3, 5, 4, 0]",0.996479
cubic_oscillator,"[2, 1, 4, 0, 3, 5]",0.995667
cubic_oscillator,"[2, 1, 4, 0, 5, 3]",0.97996
cubic_oscillator,"[2, 1, 4, 3, 0, 5]",0.995667
cubic_oscillator,"[2, 1, 4, 3, 5, 0]",0.996093
cubic_oscillator,"[2, 1, 4, 5, 0, 3]",0.980145
cubic_oscillator,"[2, 1, 4, 5, 3, 0]",0.996093
cubic_oscillator,"[2, 1, 5, 0, 3, 4]",0.979803
cubic_oscillator,"[2, 1, 5, 0, 4, 3]",0.980025
cubic_oscillator,"[2, 1, 5, 3, 0, 4]",0.996479
cubic_oscillator,"[2, 1, 5, 3, 4, 0]",0.996479
cubic_oscillator,"[2, 1, 5, 4, 0, 3]",0.980025
cubic_oscillator,"[2, 1, 5, 4, 3, 0]",0.996479
cubic_oscillator,"[2, 3, 0, 1, 4, 5]",0.995645
cubic_oscillator,"[2, 3, 0, 1, 5, 4]",0.995941
cubic_oscillator,"[2, 3, 0, 4, 1, 5]",0.995667
cubic_oscillator,"[2, 3, 0, 4, 5, 1]",0.993081
cubic_oscillator,"[2, 3, 0, 5, 1, 4]",0.992104
cubic_oscillator,"[2, 3, 0, 5, 4, 1]",0.991904
cubic_oscillator,"[2, 3, 1, 0, 4, 5]",0.995667
cubic_oscillator,"[2, 3, 1, 0, 5, 4]",0.99598
cubic_oscillator,"[2, 3, 1, 4, 0, 5]",0.995667
cubic_oscillator,"[2, 3, 1, 4, 5, 0]",0.996093
cubic_oscillator,"[2, 3, 1, 5, 0, 4]",0.996479
cubic_oscillator,"[2, 3, 1, 5, 4, 0]",0.996479
cubic_oscillator,"[2, 3, 4, 0, 1, 5]",0.995667
cubic_oscillator,"[2, 3, 4, 0, 5, 1]",0.993081
cubic_oscillator,"[2, 3, 4, 1, 0, 5]",0.995673
cubic_oscillator,"[2, 3, 4, 1, 5, 0]",0.996117
cubic_oscillator,"[2, 3, 4, 5, 0, 1]",0.99359
cubic_oscillator,"[2, 3, 4, 5, 1, 0]",0.994712
cubic_oscillator,"[2, 3, 5, 0, 1, 4]",0.992613
cubic_oscillator,"[2, 3, 5, 0, 4, 1]",0.99227
cubic_oscillator,"[2, 3, 5, 1, 0, 4]",0.992876
cubic_oscillator,"[2, 3, 5, 1, 4, 0]",0.992876
cubic_oscillator,"[2, 3, 5, 4, 0, 1]",0.99227
cubic_oscillator,"[2, 3, 5, 4, 1, 0]",0.992886
cubic_oscillator,"[2, 4, 0, 1, 3, 5]",0.995667
cubic_oscillator,"[2, 4, 0, 1, 5, 3]",0.979642
cubic_oscillator,"[2, 4, 0, 3, 1, 5]",0.995667
cubic_oscillator,"[2, 4, 0, 3, 5, 1]",0.993081
cubic_oscillator,"[2, 4, 0, 5, 1, 3]",0.978425
cubic_oscillator,"[2, 4, 0, 5, 3, 1]",0.980835
cubic_oscillator,"[2, 4, 1, 0, 3, 5]",0.995673
cubic_oscillator,"[2, 4, 1, 0, 5, 3]",0.979632
cubic_oscillator,"[2, 4, 1, 3, 0, 5]",0.995673
cubic_oscillator,"[2, 4, 1, 3, 5, 0]",0.996117
cubic_oscillator,"[2, 4, 1, 5, 0, 3]",0.97982
cubic_oscillator,"[2, 4, 1, 5, 3, 0]",0.996117
cubic_oscillator,"[2, 4, 3, 0, 1, 5]",0.995667
cubic_oscillator,"[2, 4, 3, 0, 5, 1]",0.993081
cubic_oscillator,"[2, 4, 3, 1, 0, 5]",0.995673
cubic_oscillator,"[2, 4, 3, 1, 5, 0]",0.996117
cubic_oscillator,"[2, 4, 3, 5, 0, 1]",0.99359
cubic_oscillator,"[2, 4, 3, 5, 1, 0]",0.994712
cubic_oscillator,"[2, 4, 5, 0, 1, 3]",0.978766
cubic_oscillator,"[2, 4, 5, 0, 3, 1]",0.981154
cubic_oscillator,"[2, 4, 5, 1, 0, 3]",0.979128
cubic_oscillator,"[2, 4, 5, 1, 3, 0]",0.994712
cubic_oscillator,"[2, 4, 5, 3, 0, 1]",0.99359
cubic_oscillator,"[2, 4, 5, 3, 1, 0]",0.994712
cubic_oscillator,"[2, 5, 0, 1, 3, 4]",0.975851
cubic_oscillator,"[2, 5, 0, 1, 4, 3]",0.975975
cubic_oscillator,"[2, 5, 0, 3, 1, 4]",0.980038
cubic_oscillator,"[2, 5, 0, 3, 4, 1]",0.982555
cubic_oscillator,"[2, 5, 0, 4, 1, 3]",0.977855
cubic_oscillator,"[2, 5, 0, 4, 3, 1]",0.982908
cubic_oscillator,"[2, 5, 1, 0, 3, 4]",0.975906
cubic_oscillator,"[2, 5, 1, 0, 4, 3]",0.976044
cubic_oscillator,"[2, 5, 1, 3, 0, 4]",0.992876
cubic_oscillator,"[2, 5, 1, 3, 4, 0]",0.992876
cubic_oscillator,"[2, 5, 1, 4, 0, 3]",0.976044
cubic_oscillator,"[2, 5, 1, 4, 3, 0]",0.992876
cubic_oscillator,"[2, 5, 3, 0, 1, 4]",0.992613
cubic_oscillator,"[2, 5, 3, 0, 4, 1]",0.99227
cubic_oscillator,"[2, 5, 3, 1, 0, 4]",0.992876
cubic_oscillator,"[2, 5, 3, 1, 4, 0]",0.992876
cubic_oscillator,"[2, 5, 3, 4, 0, 1]",0.99227
cubic_oscillator,"[2, 5, 3, 4, 1, 0]",0.992886
cubic_oscillator,"[2, 5, 4, 0, 1, 3]",0.977855
cubic_oscillator,"[2, 5, 4, 0, 3, 1]",0.982908
cubic_oscillator,"[2, 5, 4, 1, 0, 3]",0.978075
cubic_oscillator,"[2, 5, 4, 1, 3, 0]",0.992886
cubic_oscillator,"[2, 5, 4, 3, 0, 1]",0.99227
cubic_oscillator,"[2, 5, 4, 3, 1, 0]",0.992886
cubic_oscillator,"[3, 0, 1, 2, 4, 5]",0.828969
cubic_oscillator,"[3, 0, 1, 2, 5, 4]",0.846021
cubic_oscillator,"[3, 0, 1, 4, 2, 5]",0.823788
cubic_oscillator,"[3, 0, 1, 4, 5, 2]",0.998889
cubic_oscillator,"[3, 0, 1, 5, 2, 4]",0.997593
cubic_oscillator,"[3, 0, 1, 5, 4, 2]",0.998258
cubic_oscillator,"[3, 0, 2, 1, 4, 5]",0.828404
cubic_oscillator,"[3, 0, 2, 1, 5, 4]",0.845404
cubic_oscillator,"[3, 0, 2, 4, 1, 5]",0.827976
cubic_oscillator,"[3, 0, 2, 4, 5, 1]",0.822851
cubic_oscillator,"[3, 0, 2, 5, 1, 4]",0.843342
cubic_oscillator,"[3, 0, 2, 5, 4, 1]",0.845366
cubic_oscillator,"[3, 0, 4, 1, 2, 5]",0.827067
cubic_oscillator,"[3, 0, 4, 1, 5, 2]",0.998283
cubic_oscillator,"[3, 0, 4, 2, 1, 5]",0.825351
cubic_oscillator,"[3, 0, 4, 2, 5, 1]",0.825024
cubic_oscillator,"[3, 0, 4, 5, 1, 2]",0.927493
cubic_oscillator,"[3, 0, 4, 5, 2, 1]",0.997313
cubic_oscillator,"[3, 0, 5, 1, 2, 4]",0.885949
cubic_oscillator,"[3, 0, 5, 1, 4, 2]",0.839693
cubic_oscillator,"[3, 0, 5, 2, 1, 4]",0.993907
cubic_oscillator,"[3, 0, 5, 2, 4, 1]",0.993028
cubic_oscillator,"[3, 0, 5, 4, 1, 2]",0.701213
cubic_oscillator,"[3, 0, 5, 4, 2, 1]",0.996656
cubic_oscillator,"[3, 1, 0, 2, 4, 5]",0.828963
cubic_oscillator,"[3, 1, 0, 2, 5, 4]",0.846022
cubic_oscillator,"[3, 1, 0, 4, 2, 5]",0.823848
cubic_oscillator,"[3, 1, 0, 4, 5, 2]",0.998995
cubic_oscillator,"[3, 1, 0, 5, 2, 4]",0.997721
cubic_oscillator,"[3, 1, 0, 5, 4, 2]",0.998387
cubic_oscillator,"[3, 1, 2, 0, 4, 5]",0.995621
cubic_oscillator,"[3, 1, 2, 0, 5, 4]",0.995848
cubic_oscillator,"[3, 1, 2, 4, 0, 5]",0.995621
cubic_oscillator,"[3, 1, 2, 4, 5, 0]",0.996138
cubic_oscillator,"[3, 1, 2, 5, 0, 4]",0.996309
cubic_oscillator,"[3, 1, 2, 5, 4, 0]",0.996309
cubic_oscillator,"[3, 1, 4, 0, 2, 5]",0.823848
cubic_oscillator,"[3, 1, 4, 0, 5, 2]",0.998995
cubic_oscillator,"[3, 1, 4, 2, 0, 5]",0.997706
cubic_oscillator,"[3, 1, 4, 2, 5, 0]",0.997885
cubic_oscillator,"[3, 1, 4, 5, 0, 2]",0.999478
cubic_oscillator,"[3, 1, 4, 5, 2, 0]",0.997885
cubic_oscillator,"[3, 1, 5, 0, 2, 4]",0.998408
cubic_oscillator,"[3, 1, 5, 0, 4, 2]",0.998392
cubic_oscillator,"[3, 1, 5, 2, 0, 4]",0.996309
cubic_oscillator,"[3, 1, 5, 2, 4, 0]",0.996309
cubic_oscillator,"[3, 1, 5, 4, 0, 2]",0.998392
cubic_oscillator,"[3, 1, 5, 4, 2, 0]",0.997661
cubic_oscillator,"[3, 2, 0, 1, 4, 5]",0.995645
cubic_oscillator,"[3, 2, 0, 1, 5, 4]",0.995941
cubic_oscillator,"[3, 2, 0, 4, 1, 5]",0.995667
cubic_oscillator,"[3, 2, 0, 4, 5, 1]",0.993081
cubic_oscillator,"[3, 2, 0, 5, 1, 4]",0.992104
cubic_oscillator,"[3, 2, 0, 5, 4, 1]",0.991904
cubic_oscillator,"[3, 2, 1, 0, 4, 5]",0.995667
cubic_oscillator,"[3, 2, 1, 0, 5, 4]",0.99598
cubic_oscillator,"[3, 2, 1, 4, 0, 5]",0.995667
cubic_oscillator,"[3, 2, 1, 4, 5, 0]",0.996093
cubic_oscillator,"[3, 2, 1, 5, 0, 4]",0.996479
cubic_oscillator,"[3, 2, 1, 5, 4, 0]",0.996479
cubic_oscillator,"[3, 2, 4, 0, 1, 5]",0.995667
cubic_oscillator,"[3, 2, 4, 0, 5, 1]",0.993081
cubic_oscillator,"[3, 2, 4, 1, 0, 5]",0.995673
cubic_oscillator,"[3, 2, 4, 1, 5, 0]",0.996117
cubic_oscillator,"[3, 2, 4, 5, 0, 1]",0.99359
cubic_oscillator,"[3, 2, 4, 5, 1, 0]",0.994712
cubic_oscillator,"[3, 2, 5, 0, 1, 4]",0.992613
cubic_oscillator,"[3, 2, 5, 0, 4, 1]",0.99227
cubic_oscillator,"[3, 2, 5, 1, 0, 4]",0.992876
cubic_oscillator,"[3, 2, 5, 1, 4, 0]",0.992876
cubic_oscillator,"[3, 2, 5, 4, 0, 1]",0.99227
cubic_oscillator,"[3, 2, 5, 4, 1, 0]",0.992886
cubic_oscillator,"[3, 4, 0, 1, 2, 5]",0.827067
cubic_oscillator,"[3, 4, 0, 1, 5, 2]",0.998283
cubic_oscillator,"[3, 4, 0, 2, 1, 5]",0.825351
cubic_oscillator,"[3, 4, 0, 2, 5, 1]",0.825024
cubic_oscillator,"[3, 4, 0, 5, 1, 2]",0.927493
cubic_oscillator,"[3, 4, 0, 5, 2, 1]",0.997313
cubic_oscillator,"[3, 4, 1, 0, 2, 5]",0.82741
cubic_oscillator,"[3, 4, 1, 0, 5, 2]",0.998166
cubic_oscillator,"[3, 4, 1, 2, 0, 5]",0.997682
cubic_oscillator,"[3, 4, 1, 2, 5, 0]",0.997806
cubic_oscillator,"[3, 4, 1, 5, 0, 2]",0.997705
cubic_oscillator,"[3, 4, 1, 5, 2, 0]",0.997806
cubic_oscillator,"[3, 4, 2, 0, 1, 5]",0.998252
cubic_oscillator,"[3, 4, 2, 0, 5, 1]",0.997624
cubic_oscillator,"[3, 4, 2, 1, 0, 5]",0.99827
cubic_oscillator,"[3, 4, 2, 1, 5, 0]",0.998231
cubic_oscillator,"[3, 4, 2, 5, 0, 1]",0.99762
cubic_oscillator,"[3, 4, 2, 5, 1, 0]",0.997571
cubic_oscillator,"[3, 4, 5, 0, 1, 2]",0.924677
cubic_oscillator,"[3, 4, 5, 0, 2, 1]",0.996849
cubic_oscillator,"[3, 4, 5, 1, 0, 2]",0.922561
cubic_oscillator,"[3, 4, 5, 1, 2, 0]",0.927621
cubic_oscillator,"[3, 4, 5, 2, 0, 1]",0.99762
cubic_oscillator,"[3, 4, 5, 2, 1, 0]",0.997571
cubic_oscillator,"[3, 5, 0, 1, 2, 4]",0.889128
cubic_oscillator,"[3, 5, 0, 1, 4, 2]",0.838484
cubic_oscillator,"[3, 5, 0, 2, 1, 4]",0.994954
cubic_oscillator,"[3, 5, 0, 2, 4, 1]",0.993577
cubic_oscillator,"[3, 5, 0, 4, 1, 2]",0.698339
cubic_oscillator,"[3, 5, 0, 4, 2, 1]",0.996311
cubic_oscillator,"[3, 5, 1, 0, 2, 4]",0.889153
cubic_oscillator,"[3, 5, 1, 0, 4, 2]",0.838883
cubic_oscillator,"[3, 5, 1, 2, 0, 4]",0.885597
cubic_oscillator,"[3, 5, 1, 2, 4, 0]",0.885597
cubic_oscillator,"[3, 5, 1, 4, 0, 2]",0.838883
cubic_oscillator,"[3, 5, 1, 4, 2, 0]",0.835643
cubic_oscillator,"[3, 5, 2, 0, 1, 4]",0.992613
cubic_oscillator,"[3, 5, 2, 0, 4, 1]",0.99227
cubic_oscillator,"[3, 5, 2, 1, 0, 4]",0.992876
cubic_oscillator,"[3, 5, 2, 1, 4, 0]",0.992876
cubic_oscillator,"[3, 5, 2, 4, 0, 1]",0.99227
cubic_oscillator,"[3, 5, 2, 4, 1, 0]",0.992886
cubic_oscillator,"[3, 5, 4, 0, 1, 2]",0.698339
cubic_oscillator,"[3, 5, 4, 0, 2, 1]",0.996311
cubic_oscillator,"[3, 5, 4, 1, 0, 2]",0.710952
cubic_oscillator,"[3, 5, 4, 1, 2, 0]",0.707999
cubic_oscillator,"[3, 5, 4, 2, 0, 1]",0.996381
cubic_oscillator,"[3, 5, 4, 2, 1, 0]",0.996535
cubic_oscillator,"[4, 0, 1, 2, 3, 5]",0.827067
cubic_oscillator,"[4, 0, 1, 2, 5, 3]",0.899724
cubic_oscillator,"[4, 0, 1, 3, 2, 5]",0.827067
cubic_oscillator,"[4, 0, 1, 3, 5, 2]",0.998283
cubic_oscillator,"[4, 0, 1, 5, 2, 3]",0.984313
cubic_oscillator,"[4, 0, 1, 5, 3, 2]",0.978391
cubic_oscillator,"[4, 0, 2, 1, 3, 5]",0.825351
cubic_oscillator,"[4, 0, 2, 1, 5, 3]",0.898955
cubic_oscillator,"[4, 0, 2, 3, 1, 5]",0.825351
cubic_oscillator,"[4, 0, 2, 3, 5, 1]",0.825024
cubic_oscillator,"[4, 0, 2, 5, 1, 3]",0.897925
cubic_oscillator,"[4, 0, 2, 5, 3, 1]",0.899257
cubic_oscillator,"[4, 0, 3, 1, 2, 5]",0.827067
cubic_oscillator,"[4, 0, 3, 1, 5, 2]",0.998283
cubic_oscillator,"[4, 0, 3, 2, 1, 5]",0.825351
cubic_oscillator,"[4, 0, 3, 2, 5, 1]",0.825024
cubic_oscillator,"[4, 0, 3, 5, 1, 2]",0.927493
cubic_oscillator,"[4, 0, 3, 5, 2, 1]",0.997313
cubic_oscillator,"[4, 0, 5, 1, 2, 3]",0.925581
cubic_oscillator,"[4, 0, 5, 1, 3, 2]",0.926084
cubic_oscillator,"[4, 0, 5, 2, 1, 3]",0.941828
cubic_oscillator,"[4, 0, 5, 2, 3, 1]",0.986323
cubic_oscillator,"[4, 0, 5, 3, 1, 2]",0.927493
cubic_oscillator,"[4, 0, 5, 3, 2, 1]",0.99162
cubic_oscillator,"[4, 1, 0, 2, 3, 5]",0.82741
cubic_oscillator,"[4, 1, 0, 2, 5, 3]",0.900577
cubic_oscillator,"[4, 1, 0, 3, 2, 5]",0.82741
cubic_oscillator,"[4, 1, 0, 3, 5, 2]",0.998166
cubic_oscillator,"[4, 1, 0, 5, 2, 3]",0.984195
cubic_oscillator,"[4, 1, 0, 5, 3, 2]",0.97812
cubic_oscillator,"[4, 1, 2, 0, 3, 5]",0.997682
cubic_oscillator,"[4, 1, 2, 0, 5, 3]",0.978938
cubic_oscillator,"[4, 1, 2, 3, 0, 5]",0.997682
cubic_oscillator,"[4, 1, 2, 3, 5, 0]",0.997806
cubic_oscillator,"[4, 1, 2, 5, 0, 3]",0.978981
cubic_oscillator,"[4, 1, 2, 5, 3, 0]",0.997806
cubic_oscillator,"[4, 1, 3, 0, 2, 5]",0.82741
cubic_oscillator,"[4, 1, 3, 0, 5, 2]",0.998166
cubic_oscillator,"[4, 1, 3, 2, 0, 5]",0.997682
cubic_oscillator,"[4, 1, 3, 2, 5, 0]",0.997806
cubic_oscillator,"[4, 1, 3, 5, 0, 2]",0.997705
cubic_oscillator,"[4, 1, 3, 5, 2, 0]",0.997806
cubic_oscillator,"[4, 1, 5, 0, 2, 3]",0.98503
cubic_oscillator,"[4, 1, 5, 0, 3, 2]",0.979328
cubic_oscillator,"[4, 1, 5, 2, 0, 3]",0.978981
cubic_oscillator,"[4, 1, 5, 2, 3, 0]",0.995716
cubic_oscillator,"[4, 1, 5, 3, 0, 2]",0.990822
cubic_oscillator,"[4, 1, 5, 3, 2, 0]",0.987339
cubic_oscillator,"[4, 2, 0, 1, 3, 5]",0.998252
cubic_oscillator,"[4, 2, 0, 1, 5, 3]",0.979929
cubic_oscillator,"[4, 2, 0, 3, 1, 5]",0.998252
cubic_oscillator,"[4, 2, 0, 3, 5, 1]",0.997624
cubic_oscillator,"[4, 2, 0, 5, 1, 3]",0.980386
cubic_oscillator,"[4, 2, 0, 5, 3, 1]",0.981306
cubic_oscillator,"[4, 2, 1, 0, 3, 5]",0.99827
cubic_oscillator,"[4, 2, 1, 0, 5, 3]",0.97993
cubic_oscillator,"[4, 2, 1, 3, 0, 5]",0.99827
cubic_oscillator,"[4, 2, 1, 3, 5, 0]",0.998231
cubic_oscillator,"[4, 2, 1, 5, 0, 3]",0.979821
cubic_oscillator,"[4, 2, 1, 5, 3, 0]",0.998231
cubic_oscillator,"[4, 2, 3, 0, 1, 5]",0.998252
cubic_oscillator,"[4, 2, 3, 0, 5, 1]",0.997624
cubic_oscillator,"[4, 2, 3, 1, 0, 5]",0.99827
cubic_oscillator,"[4, 2, 3, 1, 5, 0]",0.998231
cubic_oscillator,"[4, 2, 3, 5, 0, 1]",0.99762
cubic_oscillator,"[4, 2, 3, 5, 1, 0]",0.997571
cubic_oscillator,"[4, 2, 5, 0, 1, 3]",0.980222
cubic_oscillator,"[4, 2, 5, 0, 3, 1]",0.981135
cubic_oscillator,"[4, 2, 5, 1, 0, 3]",0.980137
cubic_oscillator,"[4, 2, 5, 1, 3, 0]",0.997571
cubic_oscillator,"[4, 2, 5, 3, 0, 1]",0.99762
cubic_oscillator,"[4, 2, 5, 3, 1, 0]",0.997571
cubic_oscillator,"[4, 3, 0, 1, 2, 5]",0.827067
cubic_oscillator,"[4, 3, 0, 1, 5, 2]",0.998283
cubic_oscillator,"[4, 3, 0, 2, 1, 5]",0.825351
cubic_oscillator,"[4, 3, 0, 2, 5, 1]",0.825024
cubic_oscillator,"[4, 3, 0, 5, 1, 2]",0.927493
cubic_oscillator,"[4, 3, 0, 5, 2, 1]",0.997313
cubic_oscillator,"[4, 3, 1, 0, 2, 5]",0.82741
cubic_oscillator,"[4, 3, 1, 0, 5, 2]",0.998166
cubic_oscillator,"[4, 3, 1, 2, 0, 5]",0.997682
cubic_oscillator,"[4, 3, 1, 2, 5, 0]",0.997806
cubic_oscillator,"[4, 3, 1, 5, 0, 2]",0.997705
cubic_oscillator,"[4, 3, 1, 5, 2, 0]",0.997806
cubic_oscillator,"[4, 3, 2, 0, 1, 5]",0.998252
cubic_oscillator,"[4, 3, 2, 0, 5, 1]",0.997624
cubic_oscillator,"[4, 3, 2, 1, 0, 5]",0.99827
cubic_oscillator,"[4, 3, 2, 1, 5, 0]",0.998231
cubic_oscillator,"[4, 3, 2, 5, 0, 1]",0.99762
cubic_oscillator,"[4, 3, 2, 5, 1, 0]",0.997571
cubic_oscillator,"[4, 3, 5, 0, 1, 2]",0.924677
cubic_oscillator,"[4, 3, 5, 0, 2, 1]",0.996849
cubic_oscillator,"[4, 3, 5, 1, 0, 2]",0.922561
cubic_oscillator,"[4, 3, 5, 1, 2, 0]",0.927621
cubic_oscillator,"[4, 3, 5, 2, 0, 1]",0.99762
cubic_oscillator,"[4, 3, 5, 2, 1, 0]",0.997571
cubic_oscillator,"[4, 5, 0, 1, 2, 3]",0.925961
cubic_oscillator,"[4, 5, 0, 1, 3, 2]",0.926393
cubic_oscillator,"[4, 5, 0, 2, 1, 3]",0.942811
cubic_oscillator,"[4, 5, 0, 2, 3, 1]",0.945265
cubic_oscillator,"[4, 5, 0, 3, 1, 2]",0.924677
cubic_oscillator,"[4, 5, 0, 3, 2, 1]",0.992586
cubic_oscillator,"[4, 5, 1, 0, 2, 3]",0.926061
cubic_oscillator,"[4, 5, 1, 0, 3, 2]",0.926468
cubic_oscillator,"[4, 5, 1, 2, 0, 3]",0.927825
cubic_oscillator,"[4, 5, 1, 2, 3, 0]",0.928555
cubic_oscillator,"[4, 5, 1, 3, 0, 2]",0.923576
cubic_oscillator,"[4, 5, 1, 3, 2, 0]",0.928127
cubic_oscillator,"[4, 5, 2, 0, 1, 3]",0.980222
cubic_oscillator,"[4, 5, 2, 0, 3, 1]",0.981135
cubic_oscillator,"[4, 5, 2, 1, 0, 3]",0.980137
cubic_oscillator,"[4, 5, 2, 1, 3, 0]",0.996417
cubic_oscillator,"[4, 5, 2, 3, 0, 1]",0.996828
cubic_oscillator,"[4, 5, 2, 3, 1, 0]",0.996819
cubic_oscillator,"[4, 5, 3, 0, 1, 2]",0.924677
cubic_oscillator,"[4, 5, 3, 0, 2, 1]",0.996553
cubic_oscillator,"[4, 5, 3, 1, 0, 2]",0.922561
cubic_oscillator,"[4, 5, 3, 1, 2, 0]",0.927621
cubic_oscillator,"[4, 5, 3, 2, 0, 1]",0.994685
cubic_oscillator,"[4, 5, 3, 2, 1, 0]",0.994359
cubic_oscillator,"[5, 0, 1, 2, 3, 4]",0.917762
cubic_oscillator,"[5, 0, 1, 2, 4, 3]",0.917498
cubic_oscillator,"[5, 0, 1, 3, 2, 4]",0.901317
cubic_oscillator,"[5, 0, 1, 3, 4, 2]",0.849219
cubic_oscillator,"[5, 0, 1, 4, 2, 3]",0.887311
cubic_oscillator,"[5, 0, 1, 4, 3, 2]",0.848269
cubic_oscillator,"[5, 0, 2, 1, 3, 4]",0.979353
cubic_oscillator,"[5, 0, 2, 1, 4, 3]",0.979271
cubic_oscillator,"[5, 0, 2, 3, 1, 4]",0.983188
cubic_oscillator,"[5, 0, 2, 3, 4, 1]",0.985643
cubic_oscillator,"[5, 0, 2, 4, 1, 3]",0.981228
cubic_oscillator,"[5, 0, 2, 4, 3, 1]",0.985755
cubic_oscillator,"[5, 0, 3, 1, 2, 4]",0.889128
cubic_oscillator,"[5, 0, 3, 1, 4, 2]",0.838484
cubic_oscillator,"[5, 0, 3, 2, 1, 4]",0.992108
cubic_oscillator,"[5, 0, 3, 2, 4, 1]",0.992187
cubic_oscillator,"[5, 0, 3, 4, 1, 2]",0.698339
cubic_oscillator,"[5, 0, 3, 4, 2, 1]",0.996405
cubic_oscillator,"[5, 0, 4, 1, 2, 3]",0.701506
cubic_oscillator,"[5, 0, 4, 1, 3, 2]",0.69943
cubic_oscillator,"[5, 0, 4, 2, 1, 3]",0.988357
cubic_oscillator,"[5, 0, 4, 2, 3, 1]",0.99104
cubic_oscillator,"[5, 0, 4, 3, 1, 2]",0.698339
cubic_oscillator,"[5, 0, 4, 3, 2, 1]",0.996357
cubic_oscillator,"[5, 1, 0, 2, 3, 4]",0.917823
cubic_oscillator,"[5, 1, 0, 2, 4, 3]",0.917561
cubic_oscillator,"[5, 1, 0, 3, 2, 4]",0.901356
cubic_oscillator,"[5, 1, 0, 3, 4, 2]",0.849553
cubic_oscillator,"[5, 1, 0, 4, 2, 3]",0.8877
cubic_oscillator,"[5, 1, 0, 4, 3, 2]",0.848639
cubic_oscillator,"[5, 1, 2, 0, 3, 4]",0.914935
cubic_oscillator,"[5, 1, 2, 0, 4, 3]",0.914901
cubic_oscillator,"[5, 1, 2, 3, 0, 4]",0.892591
cubic_oscillator,"[5, 1, 2, 3, 4, 0]",0.892591
cubic_oscillator,"[5, 1, 2, 4, 0, 3]",0.914901
cubic_oscillator,"[5, 1, 2, 4, 3, 0]",0.892699
cubic_oscillator,"[5, 1, 3, 0, 2, 4]",0.892144
cubic_oscillator,"[5, 1, 3, 0, 4, 2]",0.840907
cubic_oscillator,"[5, 1, 3, 2, 0, 4]",0.888399
cubic_oscillator,"[5, 1, 3, 2, 4, 0]",0.888399
cubic_oscillator,"[5, 1, 3, 4, 0, 2]",0.840907
cubic_oscillator,"[5, 1, 3, 4, 2, 0]",0.837656
cubic_oscillator,"[5, 1, 4, 0, 2, 3]",0.8877
cubic_oscillator,"[5, 1, 4, 0, 3, 2]",0.848639
cubic_oscillator,"[5, 1, 4, 2, 0, 3]",0.860304
cubic_oscillator,"[5, 1, 4, 2, 3, 0]",0.840156
cubic_oscillator,"[5, 1, 4, 3, 0, 2]",0.840325
cubic_oscillator,"[5, 1, 4, 3, 2, 0]",0.83705
cubic_oscillator,"[5, 2, 0, 1, 3, 4]",0.975851
cubic_oscillator,"[5, 2, 0, 1, 4, 3]",0.975975
cubic_oscillator,"[5, 2, 0, 3, 1, 4]",0.980038
cubic_oscillator,"[5, 2, 0, 3, 4, 1]",0.982555
cubic_oscillator,"[5, 2, 0, 4, 1, 3]",0.977855
cubic_oscillator,"[5, 2, 0, 4, 3, 1]",0.982908
cubic_oscillator,"[5, 2, 1, 0, 3, 4]",0.975906
cubic_oscillator,"[5, 2, 1, 0, 4, 3]",0.976044
cubic_oscillator,"[5, 2, 1, 3, 0, 4]",0.990936
cubic_oscillator,"[5, 2, 1, 3, 4, 0]",0.990936
cubic_oscillator,"[5, 2, 1, 4, 0, 3]",0.976044
cubic_oscillator,"[5, 2, 1, 4, 3, 0]",0.99093
cubic_oscillator,"[5, 2, 3, 0, 1, 4]",0.991058
cubic_oscillator,"[5, 2, 3, 0, 4, 1]",0.99227
cubic_oscillator,"[5, 2, 3, 1, 0, 4]",0.99129
cubic_oscillator,"[5, 2, 3, 1, 4, 0]",0.99129
cubic_oscillator,"[5, 2, 3, 4, 0, 1]",0.99227
cubic_oscillator,"[5, 2, 3, 4, 1, 0]",0.992886
cubic_oscillator,"[5, 2, 4, 0, 1, 3]",0.977855
cubic_oscillator,"[5, 2, 4, 0, 3, 1]",0.982908
cubic_oscillator,"[5, 2, 4, 1, 0, 3]",0.978075
cubic_oscillator,"[5, 2, 4, 1, 3, 0]",0.992872
cubic_oscillator,"[5, 2, 4, 3, 0, 1]",0.99227
cubic_oscillator,"[5, 2, 4, 3, 1, 0]",0.992886
cubic_oscillator,"[5, 3, 0, 1, 2, 4]",0.889128
cubic_oscillator,"[5, 3, 0, 1, 4, 2]",0.838484
cubic_oscillator,"[5, 3, 0, 2, 1, 4]",0.99363
cubic_oscillator,"[5, 3, 0, 2, 4, 1]",0.99339
cubic_oscillator,"[5, 3, 0, 4, 1, 2]",0.698339
cubic_oscillator,"[5, 3, 0, 4, 2, 1]",0.996551
cubic_oscillator,"[5, 3, 1, 0, 2, 4]",0.889153
cubic_oscillator,"[5, 3, 1, 0, 4, 2]",0.838883
cubic_oscillator,"[5, 3, 1, 2, 0, 4]",0.885597
cubic_oscillator,"[5, 3, 1, 2, 4, 0]",0.885597
cubic_oscillator,"[5, 3, 1, 4, 0, 2]",0.838883
cubic_oscillator,"[5, 3, 1, 4, 2, 0]",0.835643
cubic_oscillator,"[5, 3, 2, 0, 1, 4]",0.99101
cubic_oscillator,"[5, 3, 2, 0, 4, 1]",0.991268
cubic_oscillator,"[5, 3, 2, 1, 0, 4]",0.991238
cubic_oscillator,"[5, 3, 2, 1, 4, 0]",0.991238
cubic_oscillator,"[5, 3, 2, 4, 0, 1]",0.991268
cubic_oscillator,"[5, 3, 2, 4, 1, 0]",0.991907
cubic_oscillator,"[5, 3, 4, 0, 1, 2]",0.698339
cubic_oscillator,"[5, 3, 4, 0, 2, 1]",0.996551
cubic_oscillator,"[5, 3, 4, 1, 0, 2]",0.710952
cubic_oscillator,"[5, 3, 4, 1, 2, 0]",0.707999
cubic_oscillator,"[5, 3, 4, 2, 0, 1]",0.994934
cubic_oscillator,"[5, 3, 4, 2, 1, 0]",0.99532
cubic_oscillator,"[5, 4, 0, 1, 2, 3]",0.701506
cubic_oscillator,"[5, 4, 0, 1, 3, 2]",0.69943
cubic_oscillator,"[5, 4, 0, 2, 1, 3]",0.988357
cubic_oscillator,"[5, 4, 0, 2, 3, 1]",0.99104
cubic_oscillator,"[5, 4, 0, 3, 1, 2]",0.698339
cubic_oscillator,"[5, 4, 0, 3, 2, 1]",0.996357
cubic_oscillator,"[5, 4, 1, 0, 2, 3]",0.728721
cubic_oscillator,"[5, 4, 1, 0, 3, 2]",0.711755
cubic_oscillator,"[5, 4, 1, 2, 0, 3]",0.716982
cubic_oscillator,"[5, 4, 1, 2, 3, 0]",0.708053
cubic_oscillator,"[5, 4, 1, 3, 0, 2]",0.711141
cubic_oscillator,"[5, 4, 1, 3, 2, 0]",0.708022
cubic_oscillator,"[5, 4, 2, 0, 1, 3]",0.981517
cubic_oscillator,"[5, 4, 2, 0, 3, 1]",0.984341
cubic_oscillator,"[5, 4, 2, 1, 0, 3]",0.981703
cubic_oscillator,"[5, 4, 2, 1, 3, 0]",0.995363
cubic_oscillator,"[5, 4, 2, 3, 0, 1]",0.996043
cubic_oscillator,"[5, 4, 2, 3, 1, 0]",0.996001
cubic_oscillator,"[5, 4, 3, 0, 1, 2]",0.698339
cubic_oscillator,"[5, 4, 3, 0, 2, 1]",0.99643
cubic_oscillator,"[5, 4, 3, 1, 0, 2]",0.710952
cubic_oscillator,"[5, 4, 3, 1, 2, 0]",0.707999
cubic_oscillator,"[5, 4, 3, 2, 0, 1]",0.995077
cubic_oscillator,"[5, 4, 3, 2, 1, 0]",0.995431
vanderpol,"[0, 1, 2, 3, 4, 5]",0.555316
vanderpol,"[0, 1, 2, 3, 5, 4]",0.555239
vanderpol,"[0, 1, 2, 4, 3, 5]",0.555273
vanderpol,"[0, 1, 2, 4, 5, 3]",0.847102
vanderpol,"[0, 1, 2, 5, 3, 4]",0.849611
vanderpol,"[0, 1, 2, 5, 4, 3]",0.849389
vanderpol,"[0, 1, 3, 2, 4, 5]",0.495512
vanderpol,"[0, 1, 3, 2, 5, 4]",0.492813
vanderpol,"[0, 1, 3, 4, 2, 5]",0.355268
vanderpol,"[0, 1, 3, 4, 5, 2]",0.35827
vanderpol,"[0, 1, 3, 5, 2, 4]",0.489932
vanderpol,"[0, 1, 3, 5, 4, 2]",0.346848
vanderpol,"[0, 1, 4, 2, 3, 5]",0.59087
vanderpol,"[0, 1, 4, 2, 5, 3]",0.818113
vanderpol,"[0, 1, 4, 3, 2, 5]",0.355352
vanderpol,"[0, 1, 4, 3, 5, 2]",0.358357
vanderpol,"[0, 1, 4, 5, 2, 3]",0.818979
vanderpol,"[0, 1, 4, 5, 3, 2]",0.777234
vanderpol,"[0, 1, 5, 2, 3, 4]",0.85162
vanderpol,"[0, 1, 5, 2, 4, 3]",0.851598
vanderpol,"[0, 1, 5, 3, 2, 4]",0.86061
vanderpol,"[0, 1, 5, 3, 4, 2]",0.785056
vanderpol,"[0, 1, 5, 4, 2, 3]",0.822518
vanderpol,"[0, 1, 5, 4, 3, 2]",0.784922
vanderpol,"[0, 2, 1, 3, 4, 5]",0.55356
vanderpol,"[0, 2, 1, 3, 5, 4]",0.552872
vanderpol,"[0, 2, 1, 4, 3, 5]",0.553501
vanderpol,"[0, 2, 1, 4, 5, 3]",0.845883
vanderpol,"[0, 2, 1, 5, 3, 4]",0.848498
vanderpol,"[0, 2, 1, 5, 4, 3]",0.848275
vanderpol,"[0, 2, 3, 1, 4, 5]",0.553328
vanderpol,"[0, 2, 3, 1, 5, 4]",0.552617
vanderpol,"[0, 2, 3, 4, 1, 5]",0.552639
vanderpol,"[0, 2, 3, 4, 5, 1]",0.556468
vanderpol,"[0, 2, 3, 5, 1, 4]",0.549989
vanderpol,"[0, 2, 3, 5, 4, 1]",0.545808
vanderpol,"[0, 2, 4, 1, 3, 5]",0.554852
vanderpol,"[0, 2, 4, 1, 5, 3]",0.838804
vanderpol,"[0, 2, 4, 3, 1, 5]",0.552574
vanderpol,"[0, 2, 4, 3, 5, 1]",0.556398
vanderpol,"[0, 2, 4, 5, 1, 3]",0.842554
vanderpol,"[0, 2, 4, 5, 3, 1]",0.846827
vanderpol,"[0, 2, 5, 1, 3, 4]",0.84854
vanderpol,"[0, 2, 5, 1, 4, 3]",0.848425
vanderpol,"[0, 2, 5, 3, 1, 4]",0.849621
vanderpol,"[0, 2, 5, 3, 4, 1]",0.849702
vanderpol,"[0, 2, 5, 4, 1, 3]",0.845669
vanderpol,"[0, 2, 5, 4, 3, 1]",0.849491
vanderpol,"[0, 3, 1, 2, 4, 5]",0.495184
vanderpol,"[0, 3, 1, 2, 5, 4]",0.492484
vanderpol,"[0, 3, 1, 4, 2, 5]",0.355099
vanderpol,"[0, 3, 1, 4, 5, 2]",0.358096
vanderpol,"[0, 3, 1, 5, 2, 4]",0.489603
vanderpol,"[0, 3, 1, 5, 4, 2]",0.346698
vanderpol,"[0, 3, 2, 1, 4, 5]",0.49333
vanderpol,"[0, 3, 2, 1, 5, 4]",0.490319
vanderpol,"[0, 3, 2, 4, 1, 5]",0.492547
vanderpol,"[0, 3, 2, 4, 5, 1]",0.476056
vanderpol,"[0, 3, 2, 5, 1, 4]",0.492242
vanderpol,"[0, 3, 2, 5, 4, 1]",0.472985
vanderpol,"[0, 3, 4, 1, 2, 5]",0.352158
vanderpol,"[0, 3, 4, 1, 5, 2]",0.355042
vanderpol,"[0, 3, 4, 2, 1, 5]",0.348813
vanderpol,"[0, 3, 4, 2, 5, 1]",0.369201
vanderpol,"[0, 3, 4, 5, 1, 2]",0.341029
vanderpol,"[0, 3, 4, 5, 2, 1]",0.372663
vanderpol,"[0, 3, 5, 1, 2, 4]",0.4997
vanderpol,"[0, 3, 5, 1, 4, 2]",0.359472
vanderpol,"[0, 3, 5, 2, 1, 4]",0.489298
vanderpol,"[0, 3, 5, 2, 4, 1]",0.474626
vanderpol,"[0, 3, 5, 4, 1, 2]",0.329817
vanderpol,"[0, 3, 5, 4, 2, 1]",0.365651
vanderpol,"[0, 4, 1, 2, 3, 5]",0.587797
vanderpol,"[0, 4, 1, 2, 5, 3]",0.815676
vanderpol,"[0, 4, 1, 3, 2, 5]",0.353332
vanderpol,"[0, 4, 1, 3, 5, 2]",0.356257
vanderpol,"[0, 4, 1, 5, 2, 3]",0.816535
vanderpol,"[0, 4, 1, 5, 3, 2]",0.774934
vanderpol,"[0, 4, 2, 1, 3, 5]",0.585924
vanderpol,"[0, 4, 2, 1, 5, 3]",0.812834
vanderpol,"[0, 4, 2, 3, 1, 5]",0.58379
vanderpol,"[0, 4, 2, 3, 5, 1]",0.586825
vanderpol,"[0, 4, 2, 5, 1, 3]",0.81451
vanderpol,"[0, 4, 2, 5, 3, 1]",0.819311
vanderpol,"[0, 4, 3, 1, 2, 5]",0.352399
vanderpol,"[0, 4, 3, 1, 5, 2]",0.355288
vanderpol,"[0, 4, 3, 2, 1, 5]",0.349053
vanderpol,"[0, 4, 3, 2, 5, 1]",0.369432
vanderpol,"[0, 4, 3, 5, 1, 2]",0.341376
vanderpol,"[0, 4, 3, 5, 2, 1]",0.372898
vanderpol,"[0, 4, 5, 1, 2, 3]",0.757172
vanderpol,"[0, 4, 5, 1, 3, 2]",0.761128
vanderpol,"[0, 4, 5, 2, 1, 3]",0.815328
vanderpol,"[0, 4, 5, 2, 3, 1]",0.820178
vanderpol,"[0, 4, 5, 3, 1, 2]",0.767754
vanderpol,"[0, 4, 5, 3, 2, 1]",0.779029
vanderpol,"[0, 5, 1, 2, 3, 4]",0.848231
vanderpol,"[0, 5, 1, 2, 4, 3]",0.848335
vanderpol,"[0, 5, 1, 3, 2, 4]",0.858455
vanderpol,"[0, 5, 1, 3, 4, 2]",0.763483
vanderpol,"[0, 5, 1, 4, 2, 3]",0.758235
vanderpol,"[0, 5, 1, 4, 3, 2]",0.762822
vanderpol,"[0, 5, 2, 1, 3, 4]",0.850588
vanderpol,"[0, 5, 2, 1, 4, 3]",0.850694
vanderpol,"[0, 5, 2, 3, 1, 4]",0.851832
vanderpol,"[0, 5, 2, 3, 4, 1]",0.851941
vanderpol,"[0, 5, 2, 4, 1, 3]",0.847905
vanderpol,"[0, 5, 2, 4, 3, 1]",0.851915
vanderpol,"[0, 5, 3, 1, 2, 4]",0.869403
vanderpol,"[0, 5, 3, 1, 4, 2]",0.774013
vanderpol,"[0, 5, 3, 2, 1, 4]",0.871475
vanderpol,"[0, 5, 3, 2, 4, 1]",0.870911
vanderpol,"[0, 5, 3, 4, 1, 2]",0.778413
vanderpol,"[0, 5, 3, 4, 2, 1]",0.796468
vanderpol,"[0, 5, 4, 1, 2, 3]",0.758261
vanderpol,"[0, 5, 4, 1, 3, 2]",0.766583
vanderpol,"[0, 5, 4, 2, 1, 3]",0.819376
vanderpol,"[0, 5, 4, 2, 3, 1]",0.823626
vanderpol,"[0, 5, 4, 3, 1, 2]",0.778807
vanderpol,"[0, 5, 4, 3, 2, 1]",0.796998
vanderpol,"[1, 0, 2, 3, 4, 5]",0.555293
vanderpol,"[1, 0, 2, 3, 5, 4]",0.555214
vanderpol,"[1, 0, 2, 4, 3, 5]",0.55525
vanderpol,"[1, 0, 2, 4, 5, 3]",0.847099
vanderpol,"[1, 0, 2, 5, 3, 4]",0.84961
vanderpol,"[1, 0, 2, 5, 4, 3]",0.849391
vanderpol,"[1, 0, 3, 2, 4, 5]",0.495486
vanderpol,"[1, 0, 3, 2, 5, 4]",0.492785
vanderpol,"[1, 0, 3, 4, 2, 5]",0.355188
vanderpol,"[1, 0, 3, 4, 5, 2]",0.358219
vanderpol,"[1, 0, 3, 5, 2, 4]",0.489963
vanderpol,"[1, 0, 3, 5, 4, 2]",0.346817
vanderpol,"[1, 0, 4, 2, 3, 5]",0.590842
vanderpol,"[1, 0, 4, 2, 5, 3]",0.818114
vanderpol,"[1, 0, 4, 3, 2, 5]",0.355272
vanderpol,"[1, 0, 4, 3, 5, 2]",0.358306
vanderpol,"[1, 0, 4, 5, 2, 3]",0.818976
vanderpol,"[1, 0, 4, 5, 3, 2]",0.777162
vanderpol,"[1, 0, 5, 2, 3, 4]",0.851618
vanderpol,"[1, 0, 5, 2, 4, 3]",0.851596
vanderpol,"[1, 0, 5, 3, 2, 4]",0.860606
vanderpol,"[1, 0, 5, 3, 4, 2]",0.785018
vanderpol,"[1, 0, 5, 4, 2, 3]",0.822517
vanderpol,"[1, 0, 5, 4, 3, 2]",0.784884
vanderpol,"[1, 2, 0, 3, 4, 5]",0.553068
vanderpol,"[1, 2, 0, 3, 5, 4]",0.552925
vanderpol,"[1, 2, 0, 4, 3, 5]",0.553009
vanderpol,"[1, 2, 0, 4, 5, 3]",0.849248
vanderpol,"[1, 2, 0, 5, 3, 4]",0.851921
vanderpol,"[1, 2, 0, 5, 4, 3]",0.851934
vanderpol,"[1, 2, 3, 0, 4, 5]",0.501996
vanderpol,"[1, 2, 3, 0, 5, 4]",0.504654
vanderpol,"[1, 2, 3, 4, 0, 5]",0.501996
vanderpol,"[1, 2, 3, 4, 5, 0]",0.501732
vanderpol,"[1, 2, 3, 5, 0, 4]",0.504551
vanderpol,"[1, 2, 3, 5, 4, 0]",0.504551
vanderpol,"[1, 2, 4, 0, 3, 5]",0.553009
vanderpol,"[1, 2, 4, 0, 5, 3]",0.849248
vanderpol,"[1, 2, 4, 3, 0, 5]",0.502082
vanderpol,"[1, 2, 4, 3, 5, 0]",0.501818
vanderpol,"[1, 2, 4, 5, 0, 3]",0.849294
vanderpol,"[1, 2, 4, 5, 3, 0]",0.866843
vanderpol,"[1, 2, 5, 0, 3, 4]",0.851935
vanderpol,"[1, 2, 5, 0, 4, 3]",0.851952
vanderpol,"[1, 2, 5, 3, 0, 4]",0.87358
vanderpol,"[1, 2, 5, 3, 4, 0]",0.87358
vanderpol,"[1, 2, 5, 4, 0, 3]",0.851952
vanderpol,"[1, 2, 5, 4, 3, 0]",0.869999
vanderpol,"[1, 3, 0, 2, 4, 5]",0.418216
vanderpol,"[1, 3, 0, 2, 5, 4]",0.417829
vanderpol,"[1, 3, 0, 4, 2, 5]",0.338643
vanderpol,"[1, 3, 0, 4, 5, 2]",0.340938
vanderpol,"[1, 3, 0, 5, 2, 4]",0.442928
vanderpol,"[1, 3, 0, 5, 4, 2]",0.331247
vanderpol,"[1, 3, 2, 0, 4, 5]",0.420725
vanderpol,"[1, 3, 2, 0, 5, 4]",0.443814
vanderpol,"[1, 3, 2, 4, 0, 5]",0.420725
vanderpol,"[1, 3, 2, 4, 5, 0]",0.420281
vanderpol,"[1, 3, 2, 5, 0, 4]",0.443701
vanderpol,"[1, 3, 2, 5, 4, 0]",0.443701
vanderpol,"[1, 3, 4, 0, 2, 5]",0.338643
vanderpol,"[1, 3, 4, 0, 5, 2]",0.340938
vanderpol,"[1, 3, 4, 2, 0, 5]",0.343763
vanderpol,"[1, 3, 4, 2, 5, 0]",0.342304
vanderpol,"[1, 3, 4, 5, 0, 2]",0.340801
vanderpol,"[1, 3, 4, 5, 2, 0]",0.342304
vanderpol,"[1, 3, 5, 0, 2, 4]",0.442825
vanderpol,"[1, 3, 5, 0, 4, 2]",0.331242
vanderpol,"[1, 3, 5, 2, 0, 4]",0.443701
vanderpol,"[1, 3, 5, 2, 4, 0]",0.443701
vanderpol,"[1, 3, 5, 4, 0, 2]",0.331242
vanderpol,"[1, 3, 5, 4, 2, 0]",0.334427
vanderpol,"[1, 4, 0, 2, 3, 5]",0.590842
vanderpol,"[1, 4, 0, 2, 5, 3]",0.818114
vanderpol,"[1, 4, 0, 3, 2, 5]",0.355272
vanderpol,"[1, 4, 0, 3, 5, 2]",0.358306
vanderpol,"[1, 4, 0, 5, 2, 3]",0.818976
vanderpol,"[1, 4, 0, 5, 3, 2]",0.777162
vanderpol,"[1, 4, 2, 0, 3, 5]",0.587625
vanderpol,"[1, 4, 2, 0, 5, 3]",0.819497
vanderpol,"[1, 4, 2, 3, 0, 5]",0.53569
vanderpol,"[1, 4, 2, 3, 5, 0]",0.534796
vanderpol,"[1, 4, 2, 5, 0, 3]",0.819665
vanderpol,"[1, 4, 2, 5, 3, 0]",0.778585
vanderpol,"[1, 4, 3, 0, 2, 5]",0.338833
vanderpol,"[1, 4, 3, 0, 5, 2]",0.34114
vanderpol,"[1, 4, 3, 2, 0, 5]",0.343942
vanderpol,"[1, 4, 3, 2, 5, 0]",0.342484
vanderpol,"[1, 4, 3, 5, 0, 2]",0.341004
vanderpol,"[1, 4, 3, 5, 2, 0]",0.342484
vanderpol,"[1, 4, 5, 0, 2, 3]",0.819024
vanderpol,"[1, 4, 5, 0, 3, 2]",0.777355
vanderpol,"[1, 4, 5, 2, 0, 3]",0.819665
vanderpol,"[1, 4, 5, 2, 3, 0]",0.776853
vanderpol,"[1, 4, 5, 3, 0, 2]",0.785517
vanderpol,"[1, 4, 5, 3, 2, 0]",0.784005
vanderpol,"[1, 5, 0, 2, 3, 4]",0.851657
vanderpol,"[1, 5, 0, 2, 4, 3]",0.851634
vanderpol,"[1, 5, 0, 3, 2, 4]",0.860678
vanderpol,"[1, 5, 0, 3, 4, 2]",0.785573
vanderpol,"[1, 5, 0, 4, 2, 3]",0.822591
vanderpol,"[1, 5, 0, 4, 3, 2]",0.785492
vanderpol,"[1, 5, 2, 0, 3, 4]",0.851935
vanderpol,"[1, 5, 2, 0, 4, 3]",0.851952
vanderpol,"[1, 5, 2, 3, 0, 4]",0.863639
vanderpol,"[1, 5, 2, 3, 4, 0]",0.863639
vanderpol,"[1, 5, 2, 4, 0, 3]",0.851952
vanderpol,"[1, 5, 2, 4, 3, 0]",0.863635
vanderpol,"[1, 5, 3, 0, 2, 4]",0.871393
vanderpol,"[1, 5, 3, 0, 4, 2]",0.797304
vanderpol,"[1, 5, 3, 2, 0, 4]",0.871529
vanderpol,"[1, 5, 3, 2, 4, 0]",0.871529
vanderpol,"[1, 5, 3, 4, 0, 2]",0.797304
vanderpol,"[1, 5, 3, 4, 2, 0]",0.795688
vanderpol,"[1, 5, 4, 0, 2, 3]",0.822591
vanderpol,"[1, 5, 4, 0, 3, 2]",0.785492
vanderpol,"[1, 5, 4, 2, 0, 3]",0.82308
vanderpol,"[1, 5, 4, 2, 3, 0]",0.780273
vanderpol,"[1, 5, 4, 3, 0, 2]",0.796814
vanderpol,"[1, 5, 4, 3, 2, 0]",0.795197
vanderpol,"[2, 0, 1, 3, 4, 5]",0.551349
vanderpol,"[2, 0, 1, 3, 5, 4]",0.5503
vanderpol,"[2, 0, 1, 4, 3, 5]",0.551275
vanderpol,"[2, 0, 1, 4, 5, 3]",0.84811
vanderpol,"[2, 0, 1, 5, 3, 4]",0.85092
vanderpol,"[2, 0, 1, 5, 4, 3]",0.850921
vanderpol,"[2, 0, 3, 1, 4, 5]",0.55112
vanderpol,"[2, 0, 3, 1, 5, 4]",0.550049
vanderpol,"[2, 0, 3, 4, 1, 5]",0.550405
vanderpol,"[2, 0, 3, 4, 5, 1]",0.553217
vanderpol,"[2, 0, 3, 5, 1, 4]",0.547216
vanderpol,"[2, 0, 3, 5, 4, 1]",0.542068
vanderpol,"[2, 0, 4, 1, 3, 5]",0.552577
vanderpol,"[2, 0, 4, 1, 5, 3]",0.840987
vanderpol,"[2, 0, 4, 3, 1, 5]",0.550324
vanderpol,"[2, 0, 4, 3, 5, 1]",0.55313
vanderpol,"[2, 0, 4, 5, 1, 3]",0.844743
vanderpol,"[2, 0, 4, 5, 3, 1]",0.849138
vanderpol,"[2, 0, 5, 1, 3, 4]",0.850932
vanderpol,"[2, 0, 5, 1, 4, 3]",0.851071
vanderpol,"[2, 0, 5, 3, 1, 4]",0.852167
vanderpol,"[2, 0, 5, 3, 4, 1]",0.852298
vanderpol,"[2, 0, 5, 4, 1, 3]",0.848324
vanderpol,"[2, 0, 5, 4, 3, 1]",0.852309
vanderpol,"[2, 1, 0, 3, 4, 5]",0.551371
vanderpol,"[2, 1, 0, 3, 5, 4]",0.550321
vanderpol,"[2, 1, 0, 4, 3, 5]",0.551297
vanderpol,"[2, 1, 0, 4, 5, 3]",0.848108
vanderpol,"[2, 1, 0, 5, 3, 4]",0.850919
vanderpol,"[2, 1, 0, 5, 4, 3]",0.85092
vanderpol,"[2, 1, 3, 0, 4, 5]",0.501073
vanderpol,"[2, 1, 3, 0, 5, 4]",0.502576
vanderpol,"[2, 1, 3, 4, 0, 5]",0.501073
vanderpol,"[2, 1, 3, 4, 5, 0]",0.500858
vanderpol,"[2, 1, 3, 5, 0, 4]",0.502604
vanderpol,"[2, 1, 3, 5, 4, 0]",0.502604
vanderpol,"[2, 1, 4, 0, 3, 5]",0.551297
vanderpol,"[2, 1, 4, 0, 5, 3]",0.848108
vanderpol,"[2, 1, 4, 3, 0, 5]",0.501225
vanderpol,"[2, 1, 4, 3, 5, 0]",0.50101
vanderpol,"[2, 1, 4, 5, 0, 3]",0.848146
vanderpol,"[2, 1, 4, 5, 3, 0]",0.860768
vanderpol,"[2, 1, 5, 0, 3, 4]",0.850914
vanderpol,"[2, 1, 5, 0, 4, 3]",0.850915
vanderpol,"[2, 1, 5, 3, 0, 4]",0.869578
vanderpol,"[2, 1, 5, 3, 4, 0]",0.869578
vanderpol,"[2, 1, 5, 4, 0, 3]",0.850915
vanderpol,"[2, 1, 5, 4, 3, 0]",0.867935
vanderpol,"[2, 3, 0, 1, 4, 5]",0.500576
vanderpol,"[2, 3, 0, 1, 5, 4]",0.502003
vanderpol,"[2, 3, 0, 4, 1, 5]",0.499796
vanderpol,"[2, 3, 0, 4, 5, 1]",0.49918
vanderpol,"[2, 3, 0, 5, 1, 4]",0.492759
vanderpol,"[2, 3, 0, 5, 4, 1]",0.490428
vanderpol,"[2, 3, 1, 0, 4, 5]",0.500606
vanderpol,"[2, 3, 1, 0, 5, 4]",0.502031
vanderpol,"[2, 3, 1, 4, 0, 5]",0.500606
vanderpol,"[2, 3, 1, 4, 5, 0]",0.500391
vanderpol,"[2, 3, 1, 5, 0, 4]",0.502059
vanderpol,"[2, 3, 1, 5, 4, 0]",0.502059
vanderpol,"[2, 3, 4, 0, 1, 5]",0.499796
vanderpol,"[2, 3, 4, 0, 5, 1]",0.49918
vanderpol,"[2, 3, 4, 1, 0, 5]",0.499828
vanderpol,"[2, 3, 4, 1, 5, 0]",0.499624
vanderpol,"[2, 3, 4, 5, 0, 1]",0.49898
vanderpol,"[2, 3, 4, 5, 1, 0]",0.499007
vanderpol,"[2, 3, 5, 0, 1, 4]",0.492795
vanderpol,"[2, 3, 5, 0, 4, 1]",0.490456
vanderpol,"[2, 3, 5, 1, 0, 4]",0.492822
vanderpol,"[2, 3, 5, 1, 4, 0]",0.492822
vanderpol,"[2, 3, 5, 4, 0, 1]",0.490456
vanderpol,"[2, 3, 5, 4, 1, 0]",0.490546
vanderpol,"[2, 4, 0, 1, 3, 5]",0.552577
vanderpol,"[2, 4, 0, 1, 5, 3]",0.840987
vanderpol,"[2, 4, 0, 3, 1, 5]",0.550324
vanderpol,"[2, 4, 0, 3, 5, 1]",0.55313
vanderpol,"[2, 4, 0, 5, 1, 3]",0.844743
vanderpol,"[2, 4, 0, 5, 3, 1]",0.849138
vanderpol,"[2, 4, 1, 0, 3, 5]",0.552597
vanderpol,"[2, 4, 1, 0, 5, 3]",0.840986
vanderpol,"[2, 4, 1, 3, 0, 5]",0.502346
vanderpol,"[2, 4, 1, 3, 5, 0]",0.502144
vanderpol,"[2, 4, 1, 5, 0, 3]",0.841023
vanderpol,"[2, 4, 1, 5, 3, 0]",0.849857
vanderpol,"[2, 4, 3, 0, 1, 5]",0.499882
vanderpol,"[2, 4, 3, 0, 5, 1]",0.49925
vanderpol,"[2, 4, 3, 1, 0, 5]",0.499914
vanderpol,"[2, 4, 3, 1, 5, 0]",0.49971
vanderpol,"[2, 4, 3, 5, 0, 1]",0.49905
vanderpol,"[2, 4, 3, 5, 1, 0]",0.499077
vanderpol,"[2, 4, 5, 0, 1, 3]",0.84478
vanderpol,"[2, 4, 5, 0, 3, 1]",0.849175
vanderpol,"[2, 4, 5, 1, 0, 3]",0.844779
vanderpol,"[2, 4, 5, 1, 3, 0]",0.862847
vanderpol,"[2, 4, 5, 3, 0, 1]",0.866721
vanderpol,"[2, 4, 5, 3, 1, 0]",0.866719
vanderpol,"[2, 5, 0, 1, 3, 4]",0.850927
vanderpol,"[2, 5, 0, 1, 4, 3]",0.851065
vanderpol,"[2, 5, 0, 3, 1, 4]",0.852162
vanderpol,"[2, 5, 0, 3, 4, 1]",0.852293
vanderpol,"[2, 5, 0, 4, 1, 3]",0.848319
vanderpol,"[2, 5, 0, 4, 3, 1]",0.852305
vanderpol,"[2, 5, 1, 0, 3, 4]",0.850926
vanderpol,"[2, 5, 1, 0, 4, 3]",0.851064
vanderpol,"[2, 5, 1, 3, 0, 4]",0.872731
vanderpol,"[2, 5, 1, 3, 4, 0]",0.872731
vanderpol,"[2, 5, 1, 4, 0, 3]",0.851064
vanderpol,"[2, 5, 1, 4, 3, 0]",0.869328
vanderpol,"[2, 5, 3, 0, 1, 4]",0.873682
vanderpol,"[2, 5, 3, 0, 4, 1]",0.873795
vanderpol,"[2, 5, 3, 1, 0, 4]",0.873681
vanderpol,"[2, 5, 3, 1, 4, 0]",0.873681
vanderpol,"[2, 5, 3, 4, 0, 1]",0.873795
vanderpol,"[2, 5, 3, 4, 1, 0]",0.873791
vanderpol,"[2, 5, 4, 0, 1, 3]",0.848319
vanderpol,"[2, 5, 4, 0, 3, 1]",0.852305
vanderpol,"[2, 5, 4, 1, 0, 3]",0.848312
vanderpol,"[2, 5, 4, 1, 3, 0]",0.866784
vanderpol,"[2, 5, 4, 3, 0, 1]",0.870247
vanderpol,"[2, 5, 4, 3, 1, 0]",0.870242
vanderpol,"[3, 0, 1, 2, 4, 5]",0.418027
vanderpol,"[3, 0, 1, 2, 5, 4]",0.417649
vanderpol,"[3, 0, 1, 4, 2, 5]",0.338714
vanderpol,"[3, 0, 1, 4, 5, 2]",0.340978
vanderpol,"[3, 0, 1, 5, 2, 4]",0.442663
vanderpol,"[3, 0, 1, 5, 4, 2]",0.331271
vanderpol,"[3, 0, 2, 1, 4, 5]",0.416984
vanderpol,"[3, 0, 2, 1, 5, 4]",0.416416
vanderpol,"[3, 0, 2, 4, 1, 5]",0.416839
vanderpol,"[3, 0, 2, 4, 5, 1]",0.424777
vanderpol,"[3, 0, 2, 5, 1, 4]",0.416276
vanderpol,"[3, 0, 2, 5, 4, 1]",0.4216
vanderpol,"[3, 0, 4, 1, 2, 5]",0.339357
vanderpol,"[3, 0, 4, 1, 5, 2]",0.341527
vanderpol,"[3, 0, 4, 2, 1, 5]",0.336523
vanderpol,"[3, 0, 4, 2, 5, 1]",0.357495
vanderpol,"[3, 0, 4, 5, 1, 2]",0.324191
vanderpol,"[3, 0, 4, 5, 2, 1]",0.360174
vanderpol,"[3, 0, 5, 1, 2, 4]",0.41185
vanderpol,"[3, 0, 5, 1, 4, 2]",0.339047
vanderpol,"[3, 0, 5, 2, 1, 4]",0.417795
vanderpol,"[3, 0, 5, 2, 4, 1]",0.422699
vanderpol,"[3, 0, 5, 4, 1, 2]",0.324012
vanderpol,"[3, 0, 5, 4, 2, 1]",0.354503
vanderpol,"[3, 1, 0, 2, 4, 5]",0.417977
vanderpol,"[3, 1, 0, 2, 5, 4]",0.417593
vanderpol,"[3, 1, 0, 4, 2, 5]",0.338637
vanderpol,"[3, 1, 0, 4, 5, 2]",0.340928
vanderpol,"[3, 1, 0, 5, 2, 4]",0.442687
vanderpol,"[3, 1, 0, 5, 4, 2]",0.331238
vanderpol,"[3, 1, 2, 0, 4, 5]",0.420488
vanderpol,"[3, 1, 2, 0, 5, 4]",0.443576
vanderpol,"[3, 1, 2, 4, 0, 5]",0.420488
vanderpol,"[3, 1, 2, 4, 5, 0]",0.420044
vanderpol,"[3, 1, 2, 5, 0, 4]",0.443463
vanderpol,"[3, 1, 2, 5, 4, 0]",0.443463
vanderpol,"[3, 1, 4, 0, 2, 5]",0.338637
vanderpol,"[3, 1, 4, 0, 5, 2]",0.340928
vanderpol,"[3, 1, 4, 2, 0, 5]",0.343761
vanderpol,"[3, 1, 4, 2, 5, 0]",0.342302
vanderpol,"[3, 1, 4, 5, 0, 2]",0.340791
vanderpol,"[3, 1, 4, 5, 2, 0]",0.342302
vanderpol,"[3, 1, 5, 0, 2, 4]",0.442584
vanderpol,"[3, 1, 5, 0, 4, 2]",0.331232
vanderpol,"[3, 1, 5, 2, 0, 4]",0.443463
vanderpol,"[3, 1, 5, 2, 4, 0]",0.443463
vanderpol,"[3, 1, 5, 4, 0, 2]",0.331232
vanderpol,"[3, 1, 5, 4, 2, 0]",0.334426
vanderpol,"[3, 2, 0, 1, 4, 5]",0.418689
vanderpol,"[3, 2, 0, 1, 5, 4]",0.441748
vanderpol,"[3, 2, 0, 4, 1, 5]",0.444104
vanderpol,"[3, 2, 0, 4, 5, 1]",0.426283
vanderpol,"[3, 2, 0, 5, 1, 4]",0.417966
vanderpol,"[3, 2, 0, 5, 4, 1]",0.422317
vanderpol,"[3, 2, 1, 0, 4, 5]",0.418738
vanderpol,"[3, 2, 1, 0, 5, 4]",0.441779
vanderpol,"[3, 2, 1, 4, 0, 5]",0.418738
vanderpol,"[3, 2, 1, 4, 5, 0]",0.41841
vanderpol,"[3, 2, 1, 5, 0, 4]",0.44181
vanderpol,"[3, 2, 1, 5, 4, 0]",0.44181
vanderpol,"[3, 2, 4, 0, 1, 5]",0.444104
vanderpol,"[3, 2, 4, 0, 5, 1]",0.426283
vanderpol,"[3, 2, 4, 1, 0, 5]",0.444138
vanderpol,"[3, 2, 4, 1, 5, 0]",0.418004
vanderpol,"[3, 2, 4, 5, 0, 1]",0.42593
vanderpol,"[3, 2, 4, 5, 1, 0]",0.425975
vanderpol,"[3, 2, 5, 0, 1, 4]",0.417973
vanderpol,"[3, 2, 5, 0, 4, 1]",0.422355
vanderpol,"[3, 2, 5, 1, 0, 4]",0.418015
vanderpol,"[3, 2, 5, 1, 4, 0]",0.418015
vanderpol,"[3, 2, 5, 4, 0, 1]",0.422355
vanderpol,"[3, 2, 5, 4, 1, 0]",0.42217
vanderpol,"[3, 4, 0, 1, 2, 5]",0.339357
vanderpol,"[3, 4, 0, 1, 5, 2]",0.341527
vanderpol,"[3, 4, 0, 2, 1, 5]",0.336523
vanderpol,"[3, 4, 0, 2, 5, 1]",0.357495
vanderpol,"[3, 4, 0, 5, 1, 2]",0.324191
vanderpol,"[3, 4, 0, 5, 2, 1]",0.360174
vanderpol,"[3, 4, 1, 0, 2, 5]",0.339225
vanderpol,"[3, 4, 1, 0, 5, 2]",0.341361
vanderpol,"[3, 4, 1, 2, 0, 5]",0.345199
vanderpol,"[3, 4, 1, 2, 5, 0]",0.343577
vanderpol,"[3, 4, 1, 5, 0, 2]",0.341266
vanderpol,"[3, 4, 1, 5, 2, 0]",0.343577
vanderpol,"[3, 4, 2, 0, 1, 5]",0.342309
vanderpol,"[3, 4, 2, 0, 5, 1]",0.362926
vanderpol,"[3, 4, 2, 1, 0, 5]",0.342319
vanderpol,"[3, 4, 2, 1, 5, 0]",0.340651
vanderpol,"[3, 4, 2, 5, 0, 1]",0.361369
vanderpol,"[3, 4, 2, 5, 1, 0]",0.361447
vanderpol,"[3, 4, 5, 0, 1, 2]",0.323756
vanderpol,"[3, 4, 5, 0, 2, 1]",0.360329
vanderpol,"[3, 4, 5, 1, 0, 2]",0.323606
vanderpol,"[3, 4, 5, 1, 2, 0]",0.311644
vanderpol,"[3, 4, 5, 2, 0, 1]",0.361369
vanderpol,"[3, 4, 5, 2, 1, 0]",0.361447
vanderpol,"[3, 5, 0, 1, 2, 4]",0.411832
vanderpol,"[3, 5, 0, 1, 4, 2]",0.339038
vanderpol,"[3, 5, 0, 2, 1, 4]",0.417923
vanderpol,"[3, 5, 0, 2, 4, 1]",0.422713
vanderpol,"[3, 5, 0, 4, 1, 2]",0.324013
vanderpol,"[3, 5, 0, 4, 2, 1]",0.354523
vanderpol,"[3, 5, 1, 0, 2, 4]",0.411831
vanderpol,"[3, 5, 1, 0, 4, 2]",0.339035
vanderpol,"[3, 5, 1, 2, 0, 4]",0.412549
vanderpol,"[3, 5, 1, 2, 4, 0]",0.412549
vanderpol,"[3, 5, 1, 4, 0, 2]",0.339035
vanderpol,"[3, 5, 1, 4, 2, 0]",0.342159
vanderpol,"[3, 5, 2, 0, 1, 4]",0.417973
vanderpol,"[3, 5, 2, 0, 4, 1]",0.422355
vanderpol,"[3, 5, 2, 1, 0, 4]",0.418015
vanderpol,"[3, 5, 2, 1, 4, 0]",0.418015
vanderpol,"[3, 5, 2, 4, 0, 1]",0.422355
vanderpol,"[3, 5, 2, 4, 1, 0]",0.42217
vanderpol,"[3, 5, 4, 0, 1, 2]",0.324013
vanderpol,"[3, 5, 4, 0, 2, 1]",0.354523
vanderpol,"[3, 5, 4, 1, 0, 2]",0.31189
vanderpol,"[3, 5, 4, 1, 2, 0]",0.314923
vanderpol,"[3, 5, 4, 2, 0, 1]",0.356398
vanderpol,"[3, 5, 4, 2, 1, 0]",0.356225
vanderpol,"[4, 0, 1, 2, 3, 5]",0.587797
vanderpol,"[4, 0, 1, 2, 5, 3]",0.815676
vanderpol,"[4, 0, 1, 3, 2, 5]",0.353332
vanderpol,"[4, 0, 1, 3, 5, 2]",0.356257
vanderpol,"[4, 0, 1, 5, 2, 3]",0.816535
vanderpol,"[4, 0, 1, 5, 3, 2]",0.774934
vanderpol,"[4, 0, 2, 1, 3, 5]",0.585924
vanderpol,"[4, 0, 2, 1, 5, 3]",0.812834
vanderpol,"[4, 0, 2, 3, 1, 5]",0.58379
vanderpol,"[4, 0, 2, 3, 5, 1]",0.586825
vanderpol,"[4, 0, 2, 5, 1, 3]",0.81451
vanderpol,"[4, 0, 2, 5, 3, 1]",0.819311
vanderpol,"[4, 0, 3, 1, 2, 5]",0.352399
vanderpol,"[4, 0, 3, 1, 5, 2]",0.355288
vanderpol,"[4, 0, 3, 2, 1, 5]",0.349053
vanderpol,"[4, 0, 3, 2, 5, 1]",0.369432
vanderpol,"[4, 0, 3, 5, 1, 2]",0.341376
vanderpol,"[4, 0, 3, 5, 2, 1]",0.372898
vanderpol,"[4, 0, 5, 1, 2, 3]",0.757172
vanderpol,"[4, 0, 5, 1, 3, 2]",0.761128
vanderpol,"[4, 0, 5, 2, 1, 3]",0.815328
vanderpol,"[4, 0, 5, 2, 3, 1]",0.820178
vanderpol,"[4, 0, 5, 3, 1, 2]",0.767754
vanderpol,"[4, 0, 5, 3, 2, 1]",0.779029
vanderpol,"[4, 1, 0, 2, 3, 5]",0.58774
vanderpol,"[4, 1, 0, 2, 5, 3]",0.81568
vanderpol,"[4, 1, 0, 3, 2, 5]",0.353185
vanderpol,"[4, 1, 0, 3, 5, 2]",0.356066
vanderpol,"[4, 1, 0, 5, 2, 3]",0.816523
vanderpol,"[4, 1, 0, 5, 3, 2]",0.774625
vanderpol,"[4, 1, 2, 0, 3, 5]",0.584785
vanderpol,"[4, 1, 2, 0, 5, 3]",0.81702
vanderpol,"[4, 1, 2, 3, 0, 5]",0.535737
vanderpol,"[4, 1, 2, 3, 5, 0]",0.534751
vanderpol,"[4, 1, 2, 5, 0, 3]",0.817205
vanderpol,"[4, 1, 2, 5, 3, 0]",0.775618
vanderpol,"[4, 1, 3, 0, 2, 5]",0.339387
vanderpol,"[4, 1, 3, 0, 5, 2]",0.34157
vanderpol,"[4, 1, 3, 2, 0, 5]",0.345328
vanderpol,"[4, 1, 3, 2, 5, 0]",0.343705
vanderpol,"[4, 1, 3, 5, 0, 2]",0.341478
vanderpol,"[4, 1, 3, 5, 2, 0]",0.343705
vanderpol,"[4, 1, 5, 0, 2, 3]",0.816577
vanderpol,"[4, 1, 5, 0, 3, 2]",0.774944
vanderpol,"[4, 1, 5, 2, 0, 3]",0.817205
vanderpol,"[4, 1, 5, 2, 3, 0]",0.773877
vanderpol,"[4, 1, 5, 3, 0, 2]",0.78292
vanderpol,"[4, 1, 5, 3, 2, 0]",0.781766
vanderpol,"[4, 2, 0, 1, 3, 5]",0.582979
vanderpol,"[4, 2, 0, 1, 5, 3]",0.814164
vanderpol,"[4, 2, 0, 3, 1, 5]",0.580895
vanderpol,"[4, 2, 0, 3, 5, 1]",0.584168
vanderpol,"[4, 2, 0, 5, 1, 3]",0.815875
vanderpol,"[4, 2, 0, 5, 3, 1]",0.820682
vanderpol,"[4, 2, 1, 0, 3, 5]",0.582919
vanderpol,"[4, 2, 1, 0, 5, 3]",0.814166
vanderpol,"[4, 2, 1, 3, 0, 5]",0.533835
vanderpol,"[4, 2, 1, 3, 5, 0]",0.532839
vanderpol,"[4, 2, 1, 5, 0, 3]",0.814354
vanderpol,"[4, 2, 1, 5, 3, 0]",0.77486
vanderpol,"[4, 2, 3, 0, 1, 5]",0.531884
vanderpol,"[4, 2, 3, 0, 5, 1]",0.528002
vanderpol,"[4, 2, 3, 1, 0, 5]",0.531817
vanderpol,"[4, 2, 3, 1, 5, 0]",0.530818
vanderpol,"[4, 2, 3, 5, 0, 1]",0.52699
vanderpol,"[4, 2, 3, 5, 1, 0]",0.526927
vanderpol,"[4, 2, 5, 0, 1, 3]",0.816065
vanderpol,"[4, 2, 5, 0, 3, 1]",0.820868
vanderpol,"[4, 2, 5, 1, 0, 3]",0.816067
vanderpol,"[4, 2, 5, 1, 3, 0]",0.776375
vanderpol,"[4, 2, 5, 3, 0, 1]",0.78068
vanderpol,"[4, 2, 5, 3, 1, 0]",0.780824
vanderpol,"[4, 3, 0, 1, 2, 5]",0.339493
vanderpol,"[4, 3, 0, 1, 5, 2]",0.341675
vanderpol,"[4, 3, 0, 2, 1, 5]",0.33665
vanderpol,"[4, 3, 0, 2, 5, 1]",0.357585
vanderpol,"[4, 3, 0, 5, 1, 2]",0.324446
vanderpol,"[4, 3, 0, 5, 2, 1]",0.360275
vanderpol,"[4, 3, 1, 0, 2, 5]",0.339361
vanderpol,"[4, 3, 1, 0, 5, 2]",0.341509
vanderpol,"[4, 3, 1, 2, 0, 5]",0.345325
vanderpol,"[4, 3, 1, 2, 5, 0]",0.343703
vanderpol,"[4, 3, 1, 5, 0, 2]",0.341414
vanderpol,"[4, 3, 1, 5, 2, 0]",0.343703
vanderpol,"[4, 3, 2, 0, 1, 5]",0.342425
vanderpol,"[4, 3, 2, 0, 5, 1]",0.363008
vanderpol,"[4, 3, 2, 1, 0, 5]",0.342436
vanderpol,"[4, 3, 2, 1, 5, 0]",0.340767
vanderpol,"[4, 3, 2, 5, 0, 1]",0.36145
vanderpol,"[4, 3, 2, 5, 1, 0]",0.361529
vanderpol,"[4, 3, 5, 0, 1, 2]",0.324012
vanderpol,"[4, 3, 5, 0, 2, 1]",0.360431
vanderpol,"[4, 3, 5, 1, 0, 2]",0.323862
vanderpol,"[4, 3, 5, 1, 2, 0]",0.31196
vanderpol,"[4, 3, 5, 2, 0, 1]",0.36145
vanderpol,"[4, 3, 5, 2, 1, 0]",0.361529
vanderpol,"[4, 5, 0, 1, 2, 3]",0.757249
vanderpol,"[4, 5, 0, 1, 3, 2]",0.761363
vanderpol,"[4, 5, 0, 2, 1, 3]",0.815349
vanderpol,"[4, 5, 0, 2, 3, 1]",0.820211
vanderpol,"[4, 5, 0, 3, 1, 2]",0.767964
vanderpol,"[4, 5, 0, 3, 2, 1]",0.779238
vanderpol,"[4, 5, 1, 0, 2, 3]",0.757027
vanderpol,"[4, 5, 1, 0, 3, 2]",0.761378
vanderpol,"[4, 5, 1, 2, 0, 3]",0.756179
vanderpol,"[4, 5, 1, 2, 3, 0]",0.766044
vanderpol,"[4, 5, 1, 3, 0, 2]",0.767477
vanderpol,"[4, 5, 1, 3, 2, 0]",0.768126
vanderpol,"[4, 5, 2, 0, 1, 3]",0.816065
vanderpol,"[4, 5, 2, 0, 3, 1]",0.820868
vanderpol,"[4, 5, 2, 1, 0, 3]",0.816067
vanderpol,"[4, 5, 2, 1, 3, 0]",0.774849
vanderpol,"[4, 5, 2, 3, 0, 1]",0.778964
vanderpol,"[4, 5, 2, 3, 1, 0]",0.779108
vanderpol,"[4, 5, 3, 0, 1, 2]",0.77297
vanderpol,"[4, 5, 3, 0, 2, 1]",0.786453
vanderpol,"[4, 5, 3, 1, 0, 2]",0.772988
vanderpol,"[4, 5, 3, 1, 2, 0]",0.773591
vanderpol,"[4, 5, 3, 2, 0, 1]",0.785266
vanderpol,"[4, 5, 3, 2, 1, 0]",0.785433
vanderpol,"[5, 0, 1, 2, 3, 4]",0.848327
vanderpol,"[5, 0, 1, 2, 4, 3]",0.848433
vanderpol,"[5, 0, 1, 3, 2, 4]",0.858615
vanderpol,"[5, 0, 1, 3, 4, 2]",0.763644
vanderpol,"[5, 0, 1, 4, 2, 3]",0.758745
vanderpol,"[5, 0, 1, 4, 3, 2]",0.76299
vanderpol,"[5, 0, 2, 1, 3, 4]",0.850626
vanderpol,"[5, 0, 2, 1, 4, 3]",0.850731
vanderpol,"[5, 0, 2, 3, 1, 4]",0.85187
vanderpol,"[5, 0, 2, 3, 4, 1]",0.851988
vanderpol,"[5, 0, 2, 4, 1, 3]",0.847953
vanderpol,"[5, 0, 2, 4, 3, 1]",0.85196
vanderpol,"[5, 0, 3, 1, 2, 4]",0.869511
vanderpol,"[5, 0, 3, 1, 4, 2]",0.774129
vanderpol,"[5, 0, 3, 2, 1, 4]",0.87154
vanderpol,"[5, 0, 3, 2, 4, 1]",0.870985
vanderpol,"[5, 0, 3, 4, 1, 2]",0.778528
vanderpol,"[5, 0, 3, 4, 2, 1]",0.797028
vanderpol,"[5, 0, 4, 1, 2, 3]",0.758774
vanderpol,"[5, 0, 4, 1, 3, 2]",0.766749
vanderpol,"[5, 0, 4, 2, 1, 3]",0.819449
vanderpol,"[5, 0, 4, 2, 3, 1]",0.823698
vanderpol,"[5, 0, 4, 3, 1, 2]",0.778953
vanderpol,"[5, 0, 4, 3, 2, 1]",0.797604
vanderpol,"[5, 1, 0, 2, 3, 4]",0.848323
vanderpol,"[5, 1, 0, 2, 4, 3]",0.848429
vanderpol,"[5, 1, 0, 3, 2, 4]",0.858606
vanderpol,"[5, 1, 0, 3, 4, 2]",0.763631
vanderpol,"[5, 1, 0, 4, 2, 3]",0.75871
vanderpol,"[5, 1, 0, 4, 3, 2]",0.762972
vanderpol,"[5, 1, 2, 0, 3, 4]",0.848574
vanderpol,"[5, 1, 2, 0, 4, 3]",0.848717
vanderpol,"[5, 1, 2, 3, 0, 4]",0.860261
vanderpol,"[5, 1, 2, 3, 4, 0]",0.860261
vanderpol,"[5, 1, 2, 4, 0, 3]",0.848717
vanderpol,"[5, 1, 2, 4, 3, 0]",0.860328
vanderpol,"[5, 1, 3, 0, 2, 4]",0.870012
vanderpol,"[5, 1, 3, 0, 4, 2]",0.782555
vanderpol,"[5, 1, 3, 2, 0, 4]",0.870127
vanderpol,"[5, 1, 3, 2, 4, 0]",0.870127
vanderpol,"[5, 1, 3, 4, 0, 2]",0.782555
vanderpol,"[5, 1, 3, 4, 2, 0]",0.771184
vanderpol,"[5, 1, 4, 0, 2, 3]",0.75871
vanderpol,"[5, 1, 4, 0, 3, 2]",0.762972
vanderpol,"[5, 1, 4, 2, 0, 3]",0.75768
vanderpol,"[5, 1, 4, 2, 3, 0]",0.767863
vanderpol,"[5, 1, 4, 3, 0, 2]",0.781471
vanderpol,"[5, 1, 4, 3, 2, 0]",0.770434
vanderpol,"[5, 2, 0, 1, 3, 4]",0.850927
vanderpol,"[5, 2, 0, 1, 4, 3]",0.851065
vanderpol,"[5, 2, 0, 3, 1, 4]",0.852162
vanderpol,"[5, 2, 0, 3, 4, 1]",0.852293
vanderpol,"[5, 2, 0, 4, 1, 3]",0.848319
vanderpol,"[5, 2, 0, 4, 3, 1]",0.852305
vanderpol,"[5, 2, 1, 0, 3, 4]",0.850926
vanderpol,"[5, 2, 1, 0, 4, 3]",0.851064
vanderpol,"[5, 2, 1, 3, 0, 4]",0.862688
vanderpol,"[5, 2, 1, 3, 4, 0]",0.862688
vanderpol,"[5, 2, 1, 4, 0, 3]",0.851064
vanderpol,"[5, 2, 1, 4, 3, 0]",0.862723
vanderpol,"[5, 2, 3, 0, 1, 4]",0.863858
vanderpol,"[5, 2, 3, 0, 4, 1]",0.863983
vanderpol,"[5, 2, 3, 1, 0, 4]",0.863857
vanderpol,"[5, 2, 3, 1, 4, 0]",0.863857
vanderpol,"[5, 2, 3, 4, 0, 1]",0.863983
vanderpol,"[5, 2, 3, 4, 1, 0]",0.863979
vanderpol,"[5, 2, 4, 0, 1, 3]",0.848319
vanderpol,"[5, 2, 4, 0, 3, 1]",0.852305
vanderpol,"[5, 2, 4, 1, 0, 3]",0.848312
vanderpol,"[5, 2, 4, 1, 3, 0]",0.860029
vanderpol,"[5, 2, 4, 3, 0, 1]",0.863973
vanderpol,"[5, 2, 4, 3, 1, 0]",0.863968
vanderpol,"[5, 3, 0, 1, 2, 4]",0.881297
vanderpol,"[5, 3, 0, 1, 4, 2]",0.795845
vanderpol,"[5, 3, 0, 2, 1, 4]",0.880279
vanderpol,"[5, 3, 0, 2, 4, 1]",0.87902
vanderpol,"[5, 3, 0, 4, 1, 2]",0.796336
vanderpol,"[5, 3, 0, 4, 2, 1]",0.806156
vanderpol,"[5, 3, 1, 0, 2, 4]",0.881295
vanderpol,"[5, 3, 1, 0, 4, 2]",0.795814
vanderpol,"[5, 3, 1, 2, 0, 4]",0.881387
vanderpol,"[5, 3, 1, 2, 4, 0]",0.881387
vanderpol,"[5, 3, 1, 4, 0, 2]",0.795814
vanderpol,"[5, 3, 1, 4, 2, 0]",0.793996
vanderpol,"[5, 3, 2, 0, 1, 4]",0.88041
vanderpol,"[5, 3, 2, 0, 4, 1]",0.879169
vanderpol,"[5, 3, 2, 1, 0, 4]",0.880407
vanderpol,"[5, 3, 2, 1, 4, 0]",0.880407
vanderpol,"[5, 3, 2, 4, 0, 1]",0.879169
vanderpol,"[5, 3, 2, 4, 1, 0]",0.879163
vanderpol,"[5, 3, 4, 0, 1, 2]",0.796336
vanderpol,"[5, 3, 4, 0, 2, 1]",0.806156
vanderpol,"[5, 3, 4, 1, 0, 2]",0.783705
vanderpol,"[5, 3, 4, 1, 2, 0]",0.783889
vanderpol,"[5, 3, 4, 2, 0, 1]",0.804389
vanderpol,"[5, 3, 4, 2, 1, 0]",0.804321
vanderpol,"[5, 4, 0, 1, 2, 3]",0.758774
vanderpol,"[5, 4, 0, 1, 3, 2]",0.766749
vanderpol,"[5, 4, 0, 2, 1, 3]",0.819449
vanderpol,"[5, 4, 0, 2, 3, 1]",0.823698
vanderpol,"[5, 4, 0, 3, 1, 2]",0.778953
vanderpol,"[5, 4, 0, 3, 2, 1]",0.797604
vanderpol,"[5, 4, 1, 0, 2, 3]",0.757745
vanderpol,"[5, 4, 1, 0, 3, 2]",0.766771
vanderpol,"[5, 4, 1, 2, 0, 3]",0.756902
vanderpol,"[5, 4, 1, 2, 3, 0]",0.766061
vanderpol,"[5, 4, 1, 3, 0, 2]",0.773665
vanderpol,"[5, 4, 1, 3, 2, 0]",0.773932
vanderpol,"[5, 4, 2, 0, 1, 3]",0.820017
vanderpol,"[5, 4, 2, 0, 3, 1]",0.824239
vanderpol,"[5, 4, 2, 1, 0, 3]",0.820017
vanderpol,"[5, 4, 2, 1, 3, 0]",0.777798
vanderpol,"[5, 4, 2, 3, 0, 1]",0.781407
vanderpol,"[5, 4, 2, 3, 1, 0]",0.781352
vanderpol,"[5, 4, 3, 0, 1, 2]",0.79647
vanderpol,"[5, 4, 3, 0, 2, 1]",0.806312
vanderpol,"[5, 4, 3, 1, 0, 2]",0.783836
vanderpol,"[5, 4, 3, 1, 2, 0]",0.784019
vanderpol,"[5, 4, 3, 2, 0, 1]",0.804542
vanderpol,"[5, 4, 3, 2, 1, 0]",0.804474
lorenz63,"[0, 1, 2, 3, 4, 5]",0.976416
lorenz63,"[0, 1, 2, 3, 5, 4]",0.976955
lorenz63,"[0, 1, 2, 4, 3, 5]",0.976416
lorenz63,"[0, 1, 2, 4, 5, 3]",0.95943
lorenz63,"[0, 1, 2, 5, 3, 4]",0.965744
lorenz63,"[0, 1, 2, 5, 4, 3]",0.966012
lorenz63,"[0, 1, 3, 2, 4, 5]",0.976416
lorenz63,"[0, 1, 3, 2, 5, 4]",0.976955
lorenz63,"[0, 1, 3, 4, 2, 5]",0.967442
lorenz63,"[0, 1, 3, 4, 5, 2]",0.964181
lorenz63,"[0, 1, 3, 5, 2, 4]",0.99222
lorenz63,"[0, 1, 3, 5, 4, 2]",0.975778
lorenz63,"[0, 1, 4, 2, 3, 5]",0.967442
lorenz63,"[0, 1, 4, 2, 5, 3]",0.956308
lorenz63,"[0, 1, 4, 3, 2, 5]",0.967442
lorenz63,"[0, 1, 4, 3, 5, 2]",0.964181
lorenz63,"[0, 1, 4, 5, 2, 3]",0.948457
lorenz63,"[0, 1, 4, 5, 3, 2]",0.943079
lorenz63,"[0, 1, 5, 2, 3, 4]",0.963439
lorenz63,"[0, 1, 5, 2, 4, 3]",0.963447
lorenz63,"[0, 1, 5, 3, 2, 4]",0.960597
lorenz63,"[0, 1, 5, 3, 4, 2]",0.945089
lorenz63,"[0, 1, 5, 4, 2, 3]",0.954559
lorenz63,"[0, 1, 5, 4, 3, 2]",0.945166
lorenz63,"[0, 2, 1, 3, 4, 5]",0.974758
lorenz63,"[0, 2, 1, 3, 5, 4]",0.976532
lorenz63,"[0, 2, 1, 4, 3, 5]",0.974758
lorenz63,"[0, 2, 1, 4, 5, 3]",0.9597
lorenz63,"[0, 2, 1, 5, 3, 4]",0.965953
lorenz63,"[0, 2, 1, 5, 4, 3]",0.966212
lorenz63,"[0, 2, 3, 1, 4, 5]",0.974758
lorenz63,"[0, 2, 3, 1, 5, 4]",0.976532
lorenz63,"[0, 2, 3, 4, 1, 5]",0.975709
lorenz63,"[0, 2, 3, 4, 5, 1]",0.968198
lorenz63,"[0, 2, 3, 5, 1, 4]",0.975272
lorenz63,"[0, 2, 3, 5, 4, 1]",0.973731
lorenz63,"[0, 2, 4, 1, 3, 5]",0.975709
lorenz63,"[0, 2, 4, 1, 5, 3]",0.959186
lorenz63,"[0, 2, 4, 3, 1, 5]",0.975709
lorenz63,"[0, 2, 4, 3, 5, 1]",0.968198
lorenz63,"[0, 2, 4, 5, 1, 3]",0.952798
lorenz63,"[0, 2, 4, 5, 3, 1]",0.953841
lorenz63,"[0, 2, 5, 1, 3, 4]",0.961637
lorenz63,"[0, 2, 5, 1, 4, 3]",0.961864
lorenz63,"[0, 2, 5, 3, 1, 4]",0.962431
lorenz63,"[0, 2, 5, 3, 4, 1]",0.961069
lorenz63,"[0, 2, 5, 4, 1, 3]",0.959589
lorenz63,"[0, 2, 5, 4, 3, 1]",0.961303
lorenz63,"[0, 3, 1, 2, 4, 5]",0.976416
lorenz63,"[0, 3, 1, 2, 5, 4]",0.976955
lorenz63,"[0, 3, 1, 4, 2, 5]",0.967442
lorenz63,"[0, 3, 1, 4, 5, 2]",0.964181
lorenz63,"[0, 3, 1, 5, 2, 4]",0.99222
lorenz63,"[0, 3, 1, 5, 4, 2]",0.975778
lorenz63,"[0, 3, 2, 1, 4, 5]",0.974758
lorenz63,"[0, 3, 2, 1, 5, 4]",0.976532
lorenz63,"[0, 3, 2, 4, 1, 5]",0.975709
lorenz63,"[0, 3, 2, 4, 5, 1]",0.968198
lorenz63,"[0, 3, 2, 5, 1, 4]",0.975272
lorenz63,"[0, 3, 2, 5, 4, 1]",0.973731
lorenz63,"[0, 3, 4, 1, 2, 5]",0.965369
lorenz63,"[0, 3, 4, 1, 5, 2]",0.961897
lorenz63,"[0, 3, 4, 2, 1, 5]",0.965825
lorenz63,"[0, 3, 4, 2, 5, 1]",0.962601
lorenz63,"[0, 3, 4, 5, 1, 2]",0.944363
lorenz63,"[0, 3, 4, 5, 2, 1]",0.964127
lorenz63,"[0, 3, 5, 1, 2, 4]",0.979818
lorenz63,"[0, 3, 5, 1, 4, 2]",0.96233
lorenz63,"[0, 3, 5, 2, 1, 4]",0.986726
lorenz63,"[0, 3, 5, 2, 4, 1]",0.982571
lorenz63,"[0, 3, 5, 4, 1, 2]",0.889174
lorenz63,"[0, 3, 5, 4, 2, 1]",0.970099
lorenz63,"[0, 4, 1, 2, 3, 5]",0.965369
lorenz63,"[0, 4, 1, 2, 5, 3]",0.953876
lorenz63,"[0, 4, 1, 3, 2, 5]",0.965369
lorenz63,"[0, 4, 1, 3, 5, 2]",0.961897
lorenz63,"[0, 4, 1, 5, 2, 3]",0.889398
lorenz63,"[0, 4, 1, 5, 3, 2]",0.942628
lorenz63,"[0, 4, 2, 1, 3, 5]",0.965825
lorenz63,"[0, 4, 2, 1, 5, 3]",0.955715
lorenz63,"[0, 4, 2, 3, 1, 5]",0.965825
lorenz63,"[0, 4, 2, 3, 5, 1]",0.962601
lorenz63,"[0, 4, 2, 5, 1, 3]",0.951411
lorenz63,"[0, 4, 2, 5, 3, 1]",0.954185
lorenz63,"[0, 4, 3, 1, 2, 5]",0.965369
lorenz63,"[0, 4, 3, 1, 5, 2]",0.961897
lorenz63,"[0, 4, 3, 2, 1, 5]",0.965825
lorenz63,"[0, 4, 3, 2, 5, 1]",0.962601
lorenz63,"[0, 4, 3, 5, 1, 2]",0.944363
lorenz63,"[0, 4, 3, 5, 2, 1]",0.964127
lorenz63,"[0, 4, 5, 1, 2, 3]",0.928717
lorenz63,"[0, 4, 5, 1, 3, 2]",0.925501
lorenz63,"[0, 4, 5, 2, 1, 3]",0.945329
lorenz63,"[0, 4, 5, 2, 3, 1]",0.946124
lorenz63,"[0, 4, 5, 3, 1, 2]",0.928578
lorenz63,"[0, 4, 5, 3, 2, 1]",0.940758
lorenz63,"[0, 5, 1, 2, 3, 4]",0.95222
lorenz63,"[0, 5, 1, 2, 4, 3]",0.952291
lorenz63,"[0, 5, 1, 3, 2, 4]",0.950745
lorenz63,"[0, 5, 1, 3, 4, 2]",0.936784
lorenz63,"[0, 5, 1, 4, 2, 3]",0.942673
lorenz63,"[0, 5, 1, 4, 3, 2]",0.936268
lorenz63,"[0, 5, 2, 1, 3, 4]",0.959792
lorenz63,"[0, 5, 2, 1, 4, 3]",0.959811
lorenz63,"[0, 5, 2, 3, 1, 4]",0.960589
lorenz63,"[0, 5, 2, 3, 4, 1]",0.958403
lorenz63,"[0, 5, 2, 4, 1, 3]",0.956491
lorenz63,"[0, 5, 2, 4, 3, 1]",0.958403
lorenz63,"[0, 5, 3, 1, 2, 4]",0.904404
lorenz63,"[0, 5, 3, 1, 4, 2]",0.944129
lorenz63,"[0, 5, 3, 2, 1, 4]",0.898559
lorenz63,"[0, 5, 3, 2, 4, 1]",0.895694
lorenz63,"[0, 5, 3, 4, 1, 2]",0.93169
lorenz63,"[0, 5, 3, 4, 2, 1]",0.945756
lorenz63,"[0, 5, 4, 1, 2, 3]",0.928236
lorenz63,"[0, 5, 4, 1, 3, 2]",0.921016
lorenz63,"[0, 5, 4, 2, 1, 3]",0.950908
lorenz63,"[0, 5, 4, 2, 3, 1]",0.95032
lorenz63,"[0, 5, 4, 3, 1, 2]",0.931581
lorenz63,"[0, 5, 4, 3, 2, 1]",0.945621
lorenz63,"[1, 0, 2, 3, 4, 5]",0.976869
lorenz63,"[1, 0, 2, 3, 5, 4]",0.977432
lorenz63,"[1, 0, 2, 4, 3, 5]",0.976869
lorenz63,"[1, 0, 2, 4, 5, 3]",0.95957
lorenz63,"[1, 0, 2, 5, 3, 4]",0.965913
lorenz63,"[1, 0, 2, 5, 4, 3]",0.966183
lorenz63,"[1, 0, 3, 2, 4, 5]",0.976869
lorenz63,"[1, 0, 3, 2, 5, 4]",0.977432
lorenz63,"[1, 0, 3, 4, 2, 5]",0.967288
lorenz63,"[1, 0, 3, 4, 5, 2]",0.963234
lorenz63,"[1, 0, 3, 5, 2, 4]",0.992205
lorenz63,"[1, 0, 3, 5, 4, 2]",0.975779
lorenz63,"[1, 0, 4, 2, 3, 5]",0.967288
lorenz63,"[1, 0, 4, 2, 5, 3]",0.956297
lorenz63,"[1, 0, 4, 3, 2, 5]",0.967288
lorenz63,"[1, 0, 4, 3, 5, 2]",0.963234
lorenz63,"[1, 0, 4, 5, 2, 3]",0.948471
lorenz63,"[1, 0, 4, 5, 3, 2]",0.943093
lorenz63,"[1, 0, 5, 2, 3, 4]",0.964223
lorenz63,"[1, 0, 5, 2, 4, 3]",0.964231
lorenz63,"[1, 0, 5, 3, 2, 4]",0.961289
lorenz63,"[1, 0, 5, 3, 4, 2]",0.945603
lorenz63,"[1, 0, 5, 4, 2, 3]",0.954558
lorenz63,"[1, 0, 5, 4, 3, 2]",0.945698
lorenz63,"[1, 2, 0, 3, 4, 5]",0.988116
lorenz63,"[1, 2, 0, 3, 5, 4]",0.992773
lorenz63,"[1, 2, 0, 4, 3, 5]",0.988116
lorenz63,"[1, 2, 0, 4, 5, 3]",0.961013
lorenz63,"[1, 2, 0, 5, 3, 4]",0.964898
lorenz63,"[1, 2, 0, 5, 4, 3]",0.964913
lorenz63,"[1, 2, 3, 0, 4, 5]",0.986811
lorenz63,"[1, 2, 3, 0, 5, 4]",0.991541
lorenz63,"[1, 2, 3, 4, 0, 5]",0.986811
lorenz63,"[1, 2, 3, 4, 5, 0]",0.986858
lorenz63,"[1, 2, 3, 5, 0, 4]",0.991594
lorenz63,"[1, 2, 3, 5, 4, 0]",0.991594
lorenz63,"[1, 2, 4, 0, 3, 5]",0.988116
lorenz63,"[1, 2, 4, 0, 5, 3]",0.961013
lorenz63,"[1, 2, 4, 3, 0, 5]",0.986813
lorenz63,"[1, 2, 4, 3, 5, 0]",0.986859
lorenz63,"[1, 2, 4, 5, 0, 3]",0.961072
lorenz63,"[1, 2, 4, 5, 3, 0]",0.962337
lorenz63,"[1, 2, 5, 0, 3, 4]",0.964957
lorenz63,"[1, 2, 5, 0, 4, 3]",0.964977
lorenz63,"[1, 2, 5, 3, 0, 4]",0.8998
lorenz63,"[1, 2, 5, 3, 4, 0]",0.8998
lorenz63,"[1, 2, 5, 4, 0, 3]",0.964977
lorenz63,"[1, 2, 5, 4, 3, 0]",0.966556
lorenz63,"[1, 3, 0, 2, 4, 5]",0.976221
lorenz63,"[1, 3, 0, 2, 5, 4]",0.977121
lorenz63,"[1, 3, 0, 4, 2, 5]",0.965957
lorenz63,"[1, 3, 0, 4, 5, 2]",0.961821
lorenz63,"[1, 3, 0, 5, 2, 4]",0.990593
lorenz63,"[1, 3, 0, 5, 4, 2]",0.968496
lorenz63,"[1, 3, 2, 0, 4, 5]",0.98649
lorenz63,"[1, 3, 2, 0, 5, 4]",0.991164
lorenz63,"[1, 3, 2, 4, 0, 5]",0.98649
lorenz63,"[1, 3, 2, 4, 5, 0]",0.986537
lorenz63,"[1, 3, 2, 5, 0, 4]",0.991217
lorenz63,"[1, 3, 2, 5, 4, 0]",0.991217
lorenz63,"[1, 3, 4, 0, 2, 5]",0.965957
lorenz63,"[1, 3, 4, 0, 5, 2]",0.961821
lorenz63,"[1, 3, 4, 2, 0, 5]",0.960904
lorenz63,"[1, 3, 4, 2, 5, 0]",0.960765
lorenz63,"[1, 3, 4, 5, 0, 2]",0.962675
lorenz63,"[1, 3, 4, 5, 2, 0]",0.960765
lorenz63,"[1, 3, 5, 0, 2, 4]",0.990651
lorenz63,"[1, 3, 5, 0, 4, 2]",0.968604
lorenz63,"[1, 3, 5, 2, 0, 4]",0.991217
lorenz63,"[1, 3, 5, 2, 4, 0]",0.991217
lorenz63,"[1, 3, 5, 4, 0, 2]",0.968604
lorenz63,"[1, 3, 5, 4, 2, 0]",0.968809
lorenz63,"[1, 4, 0, 2, 3, 5]",0.967288
lorenz63,"[1, 4, 0, 2, 5, 3]",0.956297
lorenz63,"[1, 4, 0, 3, 2, 5]",0.967288
lorenz63,"[1, 4, 0, 3, 5, 2]",0.963234
lorenz63,"[1, 4, 0, 5, 2, 3]",0.948471
lorenz63,"[1, 4, 0, 5, 3, 2]",0.943093
lorenz63,"[1, 4, 2, 0, 3, 5]",0.962264
lorenz63,"[1, 4, 2, 0, 5, 3]",0.948661
lorenz63,"[1, 4, 2, 3, 0, 5]",0.962051
lorenz63,"[1, 4, 2, 3, 5, 0]",0.96191
lorenz63,"[1, 4, 2, 5, 0, 3]",0.948495
lorenz63,"[1, 4, 2, 5, 3, 0]",0.947844
lorenz63,"[1, 4, 3, 0, 2, 5]",0.965947
lorenz63,"[1, 4, 3, 0, 5, 2]",0.96181
lorenz63,"[1, 4, 3, 2, 0, 5]",0.960893
lorenz63,"[1, 4, 3, 2, 5, 0]",0.960754
lorenz63,"[1, 4, 3, 5, 0, 2]",0.962664
lorenz63,"[1, 4, 3, 5, 2, 0]",0.960754
lorenz63,"[1, 4, 5, 0, 2, 3]",0.948302
lorenz63,"[1, 4, 5, 0, 3, 2]",0.942905
lorenz63,"[1, 4, 5, 2, 0, 3]",0.948495
lorenz63,"[1, 4, 5, 2, 3, 0]",0.946399
lorenz63,"[1, 4, 5, 3, 0, 2]",0.940304
lorenz63,"[1, 4, 5, 3, 2, 0]",0.94149
lorenz63,"[1, 5, 0, 2, 3, 4]",0.964283
lorenz63,"[1, 5, 0, 2, 4, 3]",0.96429
lorenz63,"[1, 5, 0, 3, 2, 4]",0.961312
lorenz63,"[1, 5, 0, 3, 4, 2]",0.94584
lorenz63,"[1, 5, 0, 4, 2, 3]",0.954807
lorenz63,"[1, 5, 0, 4, 3, 2]",0.945972
lorenz63,"[1, 5, 2, 0, 3, 4]",0.964957
lorenz63,"[1, 5, 2, 0, 4, 3]",0.964977
lorenz63,"[1, 5, 2, 3, 0, 4]",0.962241
lorenz63,"[1, 5, 2, 3, 4, 0]",0.962241
lorenz63,"[1, 5, 2, 4, 0, 3]",0.964977
lorenz63,"[1, 5, 2, 4, 3, 0]",0.962239
lorenz63,"[1, 5, 3, 0, 2, 4]",0.958744
lorenz63,"[1, 5, 3, 0, 4, 2]",0.943455
lorenz63,"[1, 5, 3, 2, 0, 4]",0.959881
lorenz63,"[1, 5, 3, 2, 4, 0]",0.959881
lorenz63,"[1, 5, 3, 4, 0, 2]",0.943455
lorenz63,"[1, 5, 3, 4, 2, 0]",0.944341
lorenz63,"[1, 5, 4, 0, 2, 3]",0.954807
lorenz63,"[1, 5, 4, 0, 3, 2]",0.945972
lorenz63,"[1, 5, 4, 2, 0, 3]",0.955811
lorenz63,"[1, 5, 4, 2, 3, 0]",0.953537
lorenz63,"[1, 5, 4, 3, 0, 2]",0.943491
lorenz63,"[1, 5, 4, 3, 2, 0]",0.944377
lorenz63,"[2, 0, 1, 3, 4, 5]",0.988571
lorenz63,"[2, 0, 1, 3, 5, 4]",0.993078
lorenz63,"[2, 0, 1, 4, 3, 5]",0.988571
lorenz63,"[2, 0, 1, 4, 5, 3]",0.961685
lorenz63,"[2, 0, 1, 5, 3, 4]",0.965467
lorenz63,"[2, 0, 1, 5, 4, 3]",0.965463
lorenz63,"[2, 0, 3, 1, 4, 5]",0.988571
lorenz63,"[2, 0, 3, 1, 5, 4]",0.993078
lorenz63,"[2, 0, 3, 4, 1, 5]",0.987362
lorenz63,"[2, 0, 3, 4, 5, 1]",0.981017
lorenz63,"[2, 0, 3, 5, 1, 4]",0.988973
lorenz63,"[2, 0, 3, 5, 4, 1]",0.983089
lorenz63,"[2, 0, 4, 1, 3, 5]",0.987362
lorenz63,"[2, 0, 4, 1, 5, 3]",0.89609
lorenz63,"[2, 0, 4, 3, 1, 5]",0.987362
lorenz63,"[2, 0, 4, 3, 5, 1]",0.981017
lorenz63,"[2, 0, 4, 5, 1, 3]",0.956228
lorenz63,"[2, 0, 4, 5, 3, 1]",0.956806
lorenz63,"[2, 0, 5, 1, 3, 4]",0.961812
lorenz63,"[2, 0, 5, 1, 4, 3]",0.961841
lorenz63,"[2, 0, 5, 3, 1, 4]",0.962599
lorenz63,"[2, 0, 5, 3, 4, 1]",0.959628
lorenz63,"[2, 0, 5, 4, 1, 3]",0.957763
lorenz63,"[2, 0, 5, 4, 3, 1]",0.959635
lorenz63,"[2, 1, 0, 3, 4, 5]",0.988571
lorenz63,"[2, 1, 0, 3, 5, 4]",0.993078
lorenz63,"[2, 1, 0, 4, 3, 5]",0.988571
lorenz63,"[2, 1, 0, 4, 5, 3]",0.961685
lorenz63,"[2, 1, 0, 5, 3, 4]",0.965467
lorenz63,"[2, 1, 0, 5, 4, 3]",0.965463
lorenz63,"[2, 1, 3, 0, 4, 5]",0.987311
lorenz63,"[2, 1, 3, 0, 5, 4]",0.991866
lorenz63,"[2, 1, 3, 4, 0, 5]",0.987311
lorenz63,"[2, 1, 3, 4, 5, 0]",0.987338
lorenz63,"[2, 1, 3, 5, 0, 4]",0.991931
lorenz63,"[2, 1, 3, 5, 4, 0]",0.991931
lorenz63,"[2, 1, 4, 0, 3, 5]",0.988571
lorenz63,"[2, 1, 4, 0, 5, 3]",0.961685
lorenz63,"[2, 1, 4, 3, 0, 5]",0.987314
lorenz63,"[2, 1, 4, 3, 5, 0]",0.987341
lorenz63,"[2, 1, 4, 5, 0, 3]",0.961723
lorenz63,"[2, 1, 4, 5, 3, 0]",0.962259
lorenz63,"[2, 1, 5, 0, 3, 4]",0.965542
lorenz63,"[2, 1, 5, 0, 4, 3]",0.965543
lorenz63,"[2, 1, 5, 3, 0, 4]",0.967566
lorenz63,"[2, 1, 5, 3, 4, 0]",0.967566
lorenz63,"[2, 1, 5, 4, 0, 3]",0.965543
lorenz63,"[2, 1, 5, 4, 3, 0]",0.966845
lorenz63,"[2, 3, 0, 1, 4, 5]",0.987325
lorenz63,"[2, 3, 0, 1, 5, 4]",0.991878
lorenz63,"[2, 3, 0, 4, 1, 5]",0.986527
lorenz63,"[2, 3, 0, 4, 5, 1]",0.979721
lorenz63,"[2, 3, 0, 5, 1, 4]",0.987773
lorenz63,"[2, 3, 0, 5, 4, 1]",0.98187
lorenz63,"[2, 3, 1, 0, 4, 5]",0.987325
lorenz63,"[2, 3, 1, 0, 5, 4]",0.991878
lorenz63,"[2, 3, 1, 4, 0, 5]",0.987325
lorenz63,"[2, 3, 1, 4, 5, 0]",0.987352
lorenz63,"[2, 3, 1, 5, 0, 4]",0.991944
lorenz63,"[2, 3, 1, 5, 4, 0]",0.991944
lorenz63,"[2, 3, 4, 0, 1, 5]",0.986527
lorenz63,"[2, 3, 4, 0, 5, 1]",0.979721
lorenz63,"[2, 3, 4, 1, 0, 5]",0.986527
lorenz63,"[2, 3, 4, 1, 5, 0]",0.986554
lorenz63,"[2, 3, 4, 5, 0, 1]",0.979755
lorenz63,"[2, 3, 4, 5, 1, 0]",0.979728
lorenz63,"[2, 3, 5, 0, 1, 4]",0.987839
lorenz63,"[2, 3, 5, 0, 4, 1]",0.981935
lorenz63,"[2, 3, 5, 1, 0, 4]",0.987839
lorenz63,"[2, 3, 5, 1, 4, 0]",0.987839
lorenz63,"[2, 3, 5, 4, 0, 1]",0.981935
lorenz63,"[2, 3, 5, 4, 1, 0]",0.981913
lorenz63,"[2, 4, 0, 1, 3, 5]",0.987362
lorenz63,"[2, 4, 0, 1, 5, 3]",0.89609
lorenz63,"[2, 4, 0, 3, 1, 5]",0.987362
lorenz63,"[2, 4, 0, 3, 5, 1]",0.981017
lorenz63,"[2, 4, 0, 5, 1, 3]",0.956228
lorenz63,"[2, 4, 0, 5, 3, 1]",0.956806
lorenz63,"[2, 4, 1, 0, 3, 5]",0.987362
lorenz63,"[2, 4, 1, 0, 5, 3]",0.89609
lorenz63,"[2, 4, 1, 3, 0, 5]",0.98644
lorenz63,"[2, 4, 1, 3, 5, 0]",0.986467
lorenz63,"[2, 4, 1, 5, 0, 3]",0.960358
lorenz63,"[2, 4, 1, 5, 3, 0]",0.959815
lorenz63,"[2, 4, 3, 0, 1, 5]",0.986531
lorenz63,"[2, 4, 3, 0, 5, 1]",0.979725
lorenz63,"[2, 4, 3, 1, 0, 5]",0.986531
lorenz63,"[2, 4, 3, 1, 5, 0]",0.986558
lorenz63,"[2, 4, 3, 5, 0, 1]",0.979759
lorenz63,"[2, 4, 3, 5, 1, 0]",0.979732
lorenz63,"[2, 4, 5, 0, 1, 3]",0.956369
lorenz63,"[2, 4, 5, 0, 3, 1]",0.956948
lorenz63,"[2, 4, 5, 1, 0, 3]",0.956371
lorenz63,"[2, 4, 5, 1, 3, 0]",0.957458
lorenz63,"[2, 4, 5, 3, 0, 1]",0.958652
lorenz63,"[2, 4, 5, 3, 1, 0]",0.958625
lorenz63,"[2, 5, 0, 1, 3, 4]",0.961889
lorenz63,"[2, 5, 0, 1, 4, 3]",0.961921
lorenz63,"[2, 5, 0, 3, 1, 4]",0.962675
lorenz63,"[2, 5, 0, 3, 4, 1]",0.959699
lorenz63,"[2, 5, 0, 4, 1, 3]",0.95784
lorenz63,"[2, 5, 0, 4, 3, 1]",0.95971
lorenz63,"[2, 5, 1, 0, 3, 4]",0.961886
lorenz63,"[2, 5, 1, 0, 4, 3]",0.961921
lorenz63,"[2, 5, 1, 3, 0, 4]",0.964386
lorenz63,"[2, 5, 1, 3, 4, 0]",0.964386
lorenz63,"[2, 5, 1, 4, 0, 3]",0.961921
lorenz63,"[2, 5, 1, 4, 3, 0]",0.963453
lorenz63,"[2, 5, 3, 0, 1, 4]",0.965089
lorenz63,"[2, 5, 3, 0, 4, 1]",0.961402
lorenz63,"[2, 5, 3, 1, 0, 4]",0.965089
lorenz63,"[2, 5, 3, 1, 4, 0]",0.965089
lorenz63,"[2, 5, 3, 4, 0, 1]",0.961402
lorenz63,"[2, 5, 3, 4, 1, 0]",0.96138
lorenz63,"[2, 5, 4, 0, 1, 3]",0.95784
lorenz63,"[2, 5, 4, 0, 3, 1]",0.95971
lorenz63,"[2, 5, 4, 1, 0, 3]",0.957812
lorenz63,"[2, 5, 4, 1, 3, 0]",0.959473
lorenz63,"[2, 5, 4, 3, 0, 1]",0.96114
lorenz63,"[2, 5, 4, 3, 1, 0]",0.961119
lorenz63,"[3, 0, 1, 2, 4, 5]",0.975798
lorenz63,"[3, 0, 1, 2, 5, 4]",0.976662
lorenz63,"[3, 0, 1, 4, 2, 5]",0.966141
lorenz63,"[3, 0, 1, 4, 5, 2]",0.962782
lorenz63,"[3, 0, 1, 5, 2, 4]",0.990646
lorenz63,"[3, 0, 1, 5, 4, 2]",0.968516
lorenz63,"[3, 0, 2, 1, 4, 5]",0.974213
lorenz63,"[3, 0, 2, 1, 5, 4]",0.976265
lorenz63,"[3, 0, 2, 4, 1, 5]",0.975107
lorenz63,"[3, 0, 2, 4, 5, 1]",0.967355
lorenz63,"[3, 0, 2, 5, 1, 4]",0.974906
lorenz63,"[3, 0, 2, 5, 4, 1]",0.972884
lorenz63,"[3, 0, 4, 1, 2, 5]",0.964571
lorenz63,"[3, 0, 4, 1, 5, 2]",0.961039
lorenz63,"[3, 0, 4, 2, 1, 5]",0.964488
lorenz63,"[3, 0, 4, 2, 5, 1]",0.961222
lorenz63,"[3, 0, 4, 5, 1, 2]",0.942931
lorenz63,"[3, 0, 4, 5, 2, 1]",0.956988
lorenz63,"[3, 0, 5, 1, 2, 4]",0.977939
lorenz63,"[3, 0, 5, 1, 4, 2]",0.961526
lorenz63,"[3, 0, 5, 2, 1, 4]",0.985325
lorenz63,"[3, 0, 5, 2, 4, 1]",0.980963
lorenz63,"[3, 0, 5, 4, 1, 2]",0.888374
lorenz63,"[3, 0, 5, 4, 2, 1]",0.962016
lorenz63,"[3, 1, 0, 2, 4, 5]",0.976239
lorenz63,"[3, 1, 0, 2, 5, 4]",0.977131
lorenz63,"[3, 1, 0, 4, 2, 5]",0.965991
lorenz63,"[3, 1, 0, 4, 5, 2]",0.961857
lorenz63,"[3, 1, 0, 5, 2, 4]",0.990632
lorenz63,"[3, 1, 0, 5, 4, 2]",0.968531
lorenz63,"[3, 1, 2, 0, 4, 5]",0.986529
lorenz63,"[3, 1, 2, 0, 5, 4]",0.991203
lorenz63,"[3, 1, 2, 4, 0, 5]",0.986529
lorenz63,"[3, 1, 2, 4, 5, 0]",0.986575
lorenz63,"[3, 1, 2, 5, 0, 4]",0.991255
lorenz63,"[3, 1, 2, 5, 4, 0]",0.991255
lorenz63,"[3, 1, 4, 0, 2, 5]",0.965991
lorenz63,"[3, 1, 4, 0, 5, 2]",0.961857
lorenz63,"[3, 1, 4, 2, 0, 5]",0.960939
lorenz63,"[3, 1, 4, 2, 5, 0]",0.9608
lorenz63,"[3, 1, 4, 5, 0, 2]",0.962712
lorenz63,"[3, 1, 4, 5, 2, 0]",0.9608
lorenz63,"[3, 1, 5, 0, 2, 4]",0.990689
lorenz63,"[3, 1, 5, 0, 4, 2]",0.96864
lorenz63,"[3, 1, 5, 2, 0, 4]",0.991255
lorenz63,"[3, 1, 5, 2, 4, 0]",0.991255
lorenz63,"[3, 1, 5, 4, 0, 2]",0.96864
lorenz63,"[3, 1, 5, 4, 2, 0]",0.968844
lorenz63,"[3, 2, 0, 1, 4, 5]",0.986979
lorenz63,"[3, 2, 0, 1, 5, 4]",0.991494
lorenz63,"[3, 2, 0, 4, 1, 5]",0.985866
lorenz63,"[3, 2, 0, 4, 5, 1]",0.97939
lorenz63,"[3, 2, 0, 5, 1, 4]",0.987396
lorenz63,"[3, 2, 0, 5, 4, 1]",0.981483
lorenz63,"[3, 2, 1, 0, 4, 5]",0.986979
lorenz63,"[3, 2, 1, 0, 5, 4]",0.991494
lorenz63,"[3, 2, 1, 4, 0, 5]",0.986979
lorenz63,"[3, 2, 1, 4, 5, 0]",0.987006
lorenz63,"[3, 2, 1, 5, 0, 4]",0.991559
lorenz63,"[3, 2, 1, 5, 4, 0]",0.991559
lorenz63,"[3, 2, 4, 0, 1, 5]",0.985866
lorenz63,"[3, 2, 4, 0, 5, 1]",0.97939
lorenz63,"[3, 2, 4, 1, 0, 5]",0.985866
lorenz63,"[3, 2, 4, 1, 5, 0]",0.985893
lorenz63,"[3, 2, 4, 5, 0, 1]",0.979423
lorenz63,"[3, 2, 4, 5, 1, 0]",0.979397
lorenz63,"[3, 2, 5, 0, 1, 4]",0.987462
lorenz63,"[3, 2, 5, 0, 4, 1]",0.981548
lorenz63,"[3, 2, 5, 1, 0, 4]",0.987462
lorenz63,"[3, 2, 5, 1, 4, 0]",0.987462
lorenz63,"[3, 2, 5, 4, 0, 1]",0.981548
lorenz63,"[3, 2, 5, 4, 1, 0]",0.981526
lorenz63,"[3, 4, 0, 1, 2, 5]",0.964571
lorenz63,"[3, 4, 0, 1, 5, 2]",0.961039
lorenz63,"[3, 4, 0, 2, 1, 5]",0.964488
lorenz63,"[3, 4, 0, 2, 5, 1]",0.961222
lorenz63,"[3, 4, 0, 5, 1, 2]",0.942931
lorenz63,"[3, 4, 0, 5, 2, 1]",0.956988
lorenz63,"[3, 4, 1, 0, 2, 5]",0.964486
lorenz63,"[3, 4, 1, 0, 5, 2]",0.960774
lorenz63,"[3, 4, 1, 2, 0, 5]",0.959774
lorenz63,"[3, 4, 1, 2, 5, 0]",0.959641
lorenz63,"[3, 4, 1, 5, 0, 2]",0.960555
lorenz63,"[3, 4, 1, 5, 2, 0]",0.959641
lorenz63,"[3, 4, 2, 0, 1, 5]",0.959554
lorenz63,"[3, 4, 2, 0, 5, 1]",0.958479
lorenz63,"[3, 4, 2, 1, 0, 5]",0.959554
lorenz63,"[3, 4, 2, 1, 5, 0]",0.959412
lorenz63,"[3, 4, 2, 5, 0, 1]",0.958402
lorenz63,"[3, 4, 2, 5, 1, 0]",0.958387
lorenz63,"[3, 4, 5, 0, 1, 2]",0.941196
lorenz63,"[3, 4, 5, 0, 2, 1]",0.956715
lorenz63,"[3, 4, 5, 1, 0, 2]",0.941177
lorenz63,"[3, 4, 5, 1, 2, 0]",0.9405
lorenz63,"[3, 4, 5, 2, 0, 1]",0.958402
lorenz63,"[3, 4, 5, 2, 1, 0]",0.958387
lorenz63,"[3, 5, 0, 1, 2, 4]",0.97933
lorenz63,"[3, 5, 0, 1, 4, 2]",0.961892
lorenz63,"[3, 5, 0, 2, 1, 4]",0.986992
lorenz63,"[3, 5, 0, 2, 4, 1]",0.981066
lorenz63,"[3, 5, 0, 4, 1, 2]",0.892035
lorenz63,"[3, 5, 0, 4, 2, 1]",0.962129
lorenz63,"[3, 5, 1, 0, 2, 4]",0.979072
lorenz63,"[3, 5, 1, 0, 4, 2]",0.961631
lorenz63,"[3, 5, 1, 2, 0, 4]",0.979687
lorenz63,"[3, 5, 1, 2, 4, 0]",0.979687
lorenz63,"[3, 5, 1, 4, 0, 2]",0.961631
lorenz63,"[3, 5, 1, 4, 2, 0]",0.962605
lorenz63,"[3, 5, 2, 0, 1, 4]",0.987462
lorenz63,"[3, 5, 2, 0, 4, 1]",0.981548
lorenz63,"[3, 5, 2, 1, 0, 4]",0.987462
lorenz63,"[3, 5, 2, 1, 4, 0]",0.987462
lorenz63,"[3, 5, 2, 4, 0, 1]",0.981548
lorenz63,"[3, 5, 2, 4, 1, 0]",0.981526
lorenz63,"[3, 5, 4, 0, 1, 2]",0.892035
lorenz63,"[3, 5, 4, 0, 2, 1]",0.962129
lorenz63,"[3, 5, 4, 1, 0, 2]",0.888745
lorenz63,"[3, 5, 4, 1, 2, 0]",0.892679
lorenz63,"[3, 5, 4, 2, 0, 1]",0.962391
lorenz63,"[3, 5, 4, 2, 1, 0]",0.962415
lorenz63,"[4, 0, 1, 2, 3, 5]",0.965369
lorenz63,"[4, 0, 1, 2, 5, 3]",0.953876
lorenz63,"[4, 0, 1, 3, 2, 5]",0.965369
lorenz63,"[4, 0, 1, 3, 5, 2]",0.961897
lorenz63,"[4, 0, 1, 5, 2, 3]",0.889398
lorenz63,"[4, 0, 1, 5, 3, 2]",0.942628
lorenz63,"[4, 0, 2, 1, 3, 5]",0.965825
lorenz63,"[4, 0, 2, 1, 5, 3]",0.955715
lorenz63,"[4, 0, 2, 3, 1, 5]",0.965825
lorenz63,"[4, 0, 2, 3, 5, 1]",0.962601
lorenz63,"[4, 0, 2, 5, 1, 3]",0.951411
lorenz63,"[4, 0, 2, 5, 3, 1]",0.954185
lorenz63,"[4, 0, 3, 1, 2, 5]",0.965369
lorenz63,"[4, 0, 3, 1, 5, 2]",0.961897
lorenz63,"[4, 0, 3, 2, 1, 5]",0.965825
lorenz63,"[4, 0, 3, 2, 5, 1]",0.962601
lorenz63,"[4, 0, 3, 5, 1, 2]",0.944363
lorenz63,"[4, 0, 3, 5, 2, 1]",0.964127
lorenz63,"[4, 0, 5, 1, 2, 3]",0.928717
lorenz63,"[4, 0, 5, 1, 3, 2]",0.925501
lorenz63,"[4, 0, 5, 2, 1, 3]",0.945329
lorenz63,"[4, 0, 5, 2, 3, 1]",0.946124
lorenz63,"[4, 0, 5, 3, 1, 2]",0.928578
lorenz63,"[4, 0, 5, 3, 2, 1]",0.940758
lorenz63,"[4, 1, 0, 2, 3, 5]",0.965283
lorenz63,"[4, 1, 0, 2, 5, 3]",0.953842
lorenz63,"[4, 1, 0, 3, 2, 5]",0.965283
lorenz63,"[4, 1, 0, 3, 5, 2]",0.961627
lorenz63,"[4, 1, 0, 5, 2, 3]",0.889337
lorenz63,"[4, 1, 0, 5, 3, 2]",0.942648
lorenz63,"[4, 1, 2, 0, 3, 5]",0.960593
lorenz63,"[4, 1, 2, 0, 5, 3]",0.889583
lorenz63,"[4, 1, 2, 3, 0, 5]",0.960464
lorenz63,"[4, 1, 2, 3, 5, 0]",0.960331
lorenz63,"[4, 1, 2, 5, 0, 3]",0.889469
lorenz63,"[4, 1, 2, 5, 3, 0]",0.947019
lorenz63,"[4, 1, 3, 0, 2, 5]",0.964359
lorenz63,"[4, 1, 3, 0, 5, 2]",0.960638
lorenz63,"[4, 1, 3, 2, 0, 5]",0.959644
lorenz63,"[4, 1, 3, 2, 5, 0]",0.959511
lorenz63,"[4, 1, 3, 5, 0, 2]",0.96042
lorenz63,"[4, 1, 3, 5, 2, 0]",0.959511
lorenz63,"[4, 1, 5, 0, 2, 3]",0.889222
lorenz63,"[4, 1, 5, 0, 3, 2]",0.942519
lorenz63,"[4, 1, 5, 2, 0, 3]",0.889469
lorenz63,"[4, 1, 5, 2, 3, 0]",0.945594
lorenz63,"[4, 1, 5, 3, 0, 2]",0.93995
lorenz63,"[4, 1, 5, 3, 2, 0]",0.940742
lorenz63,"[4, 2, 0, 1, 3, 5]",0.960922
lorenz63,"[4, 2, 0, 1, 5, 3]",0.889806
lorenz63,"[4, 2, 0, 3, 1, 5]",0.960922
lorenz63,"[4, 2, 0, 3, 5, 1]",0.959922
lorenz63,"[4, 2, 0, 5, 1, 3]",0.945474
lorenz63,"[4, 2, 0, 5, 3, 1]",0.946156
lorenz63,"[4, 2, 1, 0, 3, 5]",0.960922
lorenz63,"[4, 2, 1, 0, 5, 3]",0.889806
lorenz63,"[4, 2, 1, 3, 0, 5]",0.960922
lorenz63,"[4, 2, 1, 3, 5, 0]",0.960779
lorenz63,"[4, 2, 1, 5, 0, 3]",0.889692
lorenz63,"[4, 2, 1, 5, 3, 0]",0.889234
lorenz63,"[4, 2, 3, 0, 1, 5]",0.960922
lorenz63,"[4, 2, 3, 0, 5, 1]",0.959691
lorenz63,"[4, 2, 3, 1, 0, 5]",0.960922
lorenz63,"[4, 2, 3, 1, 5, 0]",0.960779
lorenz63,"[4, 2, 3, 5, 0, 1]",0.959614
lorenz63,"[4, 2, 3, 5, 1, 0]",0.959599
lorenz63,"[4, 2, 5, 0, 1, 3]",0.945353
lorenz63,"[4, 2, 5, 0, 3, 1]",0.946035
lorenz63,"[4, 2, 5, 1, 0, 3]",0.945365
lorenz63,"[4, 2, 5, 1, 3, 0]",0.944752
lorenz63,"[4, 2, 5, 3, 0, 1]",0.945453
lorenz63,"[4, 2, 5, 3, 1, 0]",0.945461
lorenz63,"[4, 3, 0, 1, 2, 5]",0.964547
lorenz63,"[4, 3, 0, 1, 5, 2]",0.961013
lorenz63,"[4, 3, 0, 2, 1, 5]",0.964463
lorenz63,"[4, 3, 0, 2, 5, 1]",0.961197
lorenz63,"[4, 3, 0, 5, 1, 2]",0.942905
lorenz63,"[4, 3, 0, 5, 2, 1]",0.956962
lorenz63,"[4, 3, 1, 0, 2, 5]",0.964461
lorenz63,"[4, 3, 1, 0, 5, 2]",0.960748
lorenz63,"[4, 3, 1, 2, 0, 5]",0.959749
lorenz63,"[4, 3, 1, 2, 5, 0]",0.959616
lorenz63,"[4, 3, 1, 5, 0, 2]",0.960529
lorenz63,"[4, 3, 1, 5, 2, 0]",0.959616
lorenz63,"[4, 3, 2, 0, 1, 5]",0.959529
lorenz63,"[4, 3, 2, 0, 5, 1]",0.958453
lorenz63,"[4, 3, 2, 1, 0, 5]",0.959529
lorenz63,"[4, 3, 2, 1, 5, 0]",0.959387
lorenz63,"[4, 3, 2, 5, 0, 1]",0.958375
lorenz63,"[4, 3, 2, 5, 1, 0]",0.958361
lorenz63,"[4, 3, 5, 0, 1, 2]",0.94117
lorenz63,"[4, 3, 5, 0, 2, 1]",0.956689
lorenz63,"[4, 3, 5, 1, 0, 2]",0.941151
lorenz63,"[4, 3, 5, 1, 2, 0]",0.940474
lorenz63,"[4, 3, 5, 2, 0, 1]",0.958375
lorenz63,"[4, 3, 5, 2, 1, 0]",0.958361
lorenz63,"[4, 5, 0, 1, 2, 3]",0.928514
lorenz63,"[4, 5, 0, 1, 3, 2]",0.925441
lorenz63,"[4, 5, 0, 2, 1, 3]",0.945066
lorenz63,"[4, 5, 0, 2, 3, 1]",0.945864
lorenz63,"[4, 5, 0, 3, 1, 2]",0.928325
lorenz63,"[4, 5, 0, 3, 2, 1]",0.940599
lorenz63,"[4, 5, 1, 0, 2, 3]",0.928501
lorenz63,"[4, 5, 1, 0, 3, 2]",0.925164
lorenz63,"[4, 5, 1, 2, 0, 3]",0.928658
lorenz63,"[4, 5, 1, 2, 3, 0]",0.927066
lorenz63,"[4, 5, 1, 3, 0, 2]",0.923365
lorenz63,"[4, 5, 1, 3, 2, 0]",0.923576
lorenz63,"[4, 5, 2, 0, 1, 3]",0.945353
lorenz63,"[4, 5, 2, 0, 3, 1]",0.946035
lorenz63,"[4, 5, 2, 1, 0, 3]",0.945365
lorenz63,"[4, 5, 2, 1, 3, 0]",0.944791
lorenz63,"[4, 5, 2, 3, 0, 1]",0.944083
lorenz63,"[4, 5, 2, 3, 1, 0]",0.944092
lorenz63,"[4, 5, 3, 0, 1, 2]",0.92647
lorenz63,"[4, 5, 3, 0, 2, 1]",0.938131
lorenz63,"[4, 5, 3, 1, 0, 2]",0.926467
lorenz63,"[4, 5, 3, 1, 2, 0]",0.926801
lorenz63,"[4, 5, 3, 2, 0, 1]",0.938888
lorenz63,"[4, 5, 3, 2, 1, 0]",0.938942
lorenz63,"[5, 0, 1, 2, 3, 4]",0.952902
lorenz63,"[5, 0, 1, 2, 4, 3]",0.952974
lorenz63,"[5, 0, 1, 3, 2, 4]",0.951503
lorenz63,"[5, 0, 1, 3, 4, 2]",0.937314
lorenz63,"[5, 0, 1, 4, 2, 3]",0.943148
lorenz63,"[5, 0, 1, 4, 3, 2]",0.936821
lorenz63,"[5, 0, 2, 1, 3, 4]",0.960166
lorenz63,"[5, 0, 2, 1, 4, 3]",0.960184
lorenz63,"[5, 0, 2, 3, 1, 4]",0.960963
lorenz63,"[5, 0, 2, 3, 4, 1]",0.959164
lorenz63,"[5, 0, 2, 4, 1, 3]",0.956773
lorenz63,"[5, 0, 2, 4, 3, 1]",0.959163
lorenz63,"[5, 0, 3, 1, 2, 4]",0.90479
lorenz63,"[5, 0, 3, 1, 4, 2]",0.944626
lorenz63,"[5, 0, 3, 2, 1, 4]",0.898642
lorenz63,"[5, 0, 3, 2, 4, 1]",0.895871
lorenz63,"[5, 0, 3, 4, 1, 2]",0.932661
lorenz63,"[5, 0, 3, 4, 2, 1]",0.946113
lorenz63,"[5, 0, 4, 1, 2, 3]",0.929235
lorenz63,"[5, 0, 4, 1, 3, 2]",0.922059
lorenz63,"[5, 0, 4, 2, 1, 3]",0.951155
lorenz63,"[5, 0, 4, 2, 3, 1]",0.950513
lorenz63,"[5, 0, 4, 3, 1, 2]",0.932569
lorenz63,"[5, 0, 4, 3, 2, 1]",0.945998
lorenz63,"[5, 1, 0, 2, 3, 4]",0.952886
lorenz63,"[5, 1, 0, 2, 4, 3]",0.952957
lorenz63,"[5, 1, 0, 3, 2, 4]",0.951496
lorenz63,"[5, 1, 0, 3, 4, 2]",0.937066
lorenz63,"[5, 1, 0, 4, 2, 3]",0.943247
lorenz63,"[5, 1, 0, 4, 3, 2]",0.936571
lorenz63,"[5, 1, 2, 0, 3, 4]",0.954499
lorenz63,"[5, 1, 2, 0, 4, 3]",0.954586
lorenz63,"[5, 1, 2, 3, 0, 4]",0.95137
lorenz63,"[5, 1, 2, 3, 4, 0]",0.95137
lorenz63,"[5, 1, 2, 4, 0, 3]",0.954586
lorenz63,"[5, 1, 2, 4, 3, 0]",0.951457
lorenz63,"[5, 1, 3, 0, 2, 4]",0.948653
lorenz63,"[5, 1, 3, 0, 4, 2]",0.934392
lorenz63,"[5, 1, 3, 2, 0, 4]",0.949874
lorenz63,"[5, 1, 3, 2, 4, 0]",0.949874
lorenz63,"[5, 1, 3, 4, 0, 2]",0.934392
lorenz63,"[5, 1, 3, 4, 2, 0]",0.936049
lorenz63,"[5, 1, 4, 0, 2, 3]",0.943247
lorenz63,"[5, 1, 4, 0, 3, 2]",0.936571
lorenz63,"[5, 1, 4, 2, 0, 3]",0.943493
lorenz63,"[5, 1, 4, 2, 3, 0]",0.941907
lorenz63,"[5, 1, 4, 3, 0, 2]",0.933714
lorenz63,"[5, 1, 4, 3, 2, 0]",0.935375
lorenz63,"[5, 2, 0, 1, 3, 4]",0.961889
lorenz63,"[5, 2, 0, 1, 4, 3]",0.961921
lorenz63,"[5, 2, 0, 3, 1, 4]",0.962675
lorenz63,"[5, 2, 0, 3, 4, 1]",0.959699
lorenz63,"[5, 2, 0, 4, 1, 3]",0.95784
lorenz63,"[5, 2, 0, 4, 3, 1]",0.95971
lorenz63,"[5, 2, 1, 0, 3, 4]",0.961886
lorenz63,"[5, 2, 1, 0, 4, 3]",0.961921
lorenz63,"[5, 2, 1, 3, 0, 4]",0.959158
lorenz63,"[5, 2, 1, 3, 4, 0]",0.959158
lorenz63,"[5, 2, 1, 4, 0, 3]",0.961921
lorenz63,"[5, 2, 1, 4, 3, 0]",0.95914
lorenz63,"[5, 2, 3, 0, 1, 4]",0.960025
lorenz63,"[5, 2, 3, 0, 4, 1]",0.957111
lorenz63,"[5, 2, 3, 1, 0, 4]",0.960025
lorenz63,"[5, 2, 3, 1, 4, 0]",0.960025
lorenz63,"[5, 2, 3, 4, 0, 1]",0.957111
lorenz63,"[5, 2, 3, 4, 1, 0]",0.957089
lorenz63,"[5, 2, 4, 0, 1, 3]",0.95784
lorenz63,"[5, 2, 4, 0, 3, 1]",0.95971
lorenz63,"[5, 2, 4, 1, 0, 3]",0.957812
lorenz63,"[5, 2, 4, 1, 3, 0]",0.955148
lorenz63,"[5, 2, 4, 3, 0, 1]",0.957097
lorenz63,"[5, 2, 4, 3, 1, 0]",0.957074
lorenz63,"[5, 3, 0, 1, 2, 4]",0.959037
lorenz63,"[5, 3, 0, 1, 4, 2]",0.943966
lorenz63,"[5, 3, 0, 2, 1, 4]",0.897841
lorenz63,"[5, 3, 0, 2, 4, 1]",0.958318
lorenz63,"[5, 3, 0, 4, 1, 2]",0.931247
lorenz63,"[5, 3, 0, 4, 2, 1]",0.944255
lorenz63,"[5, 3, 1, 0, 2, 4]",0.959118
lorenz63,"[5, 3, 1, 0, 4, 2]",0.943788
lorenz63,"[5, 3, 1, 2, 0, 4]",0.960327
lorenz63,"[5, 3, 1, 2, 4, 0]",0.960327
lorenz63,"[5, 3, 1, 4, 0, 2]",0.943788
lorenz63,"[5, 3, 1, 4, 2, 0]",0.944504
lorenz63,"[5, 3, 2, 0, 1, 4]",0.897797
lorenz63,"[5, 3, 2, 0, 4, 1]",0.959967
lorenz63,"[5, 3, 2, 1, 0, 4]",0.897778
lorenz63,"[5, 3, 2, 1, 4, 0]",0.897778
lorenz63,"[5, 3, 2, 4, 0, 1]",0.959967
lorenz63,"[5, 3, 2, 4, 1, 0]",0.959945
lorenz63,"[5, 3, 4, 0, 1, 2]",0.931247
lorenz63,"[5, 3, 4, 0, 2, 1]",0.944255
lorenz63,"[5, 3, 4, 1, 0, 2]",0.930736
lorenz63,"[5, 3, 4, 1, 2, 0]",0.932493
lorenz63,"[5, 3, 4, 2, 0, 1]",0.945544
lorenz63,"[5, 3, 4, 2, 1, 0]",0.945583
lorenz63,"[5, 4, 0, 1, 2, 3]",0.929235
lorenz63,"[5, 4, 0, 1, 3, 2]",0.922059
lorenz63,"[5, 4, 0, 2, 1, 3]",0.951155
lorenz63,"[5, 4, 0, 2, 3, 1]",0.950513
lorenz63,"[5, 4, 0, 3, 1, 2]",0.932569
lorenz63,"[5, 4, 0, 3, 2, 1]",0.945998
lorenz63,"[5, 4, 1, 0, 2, 3]",0.928652
lorenz63,"[5, 4, 1, 0, 3, 2]",0.921405
lorenz63,"[5, 4, 1, 2, 0, 3]",0.930476
lorenz63,"[5, 4, 1, 2, 3, 0]",0.928385
lorenz63,"[5, 4, 1, 3, 0, 2]",0.918861
lorenz63,"[5, 4, 1, 3, 2, 0]",0.92062
lorenz63,"[5, 4, 2, 0, 1, 3]",0.950219
lorenz63,"[5, 4, 2, 0, 3, 1]",0.951088
lorenz63,"[5, 4, 2, 1, 0, 3]",0.950255
lorenz63,"[5, 4, 2, 1, 3, 0]",0.949835
lorenz63,"[5, 4, 2, 3, 0, 1]",0.949349
lorenz63,"[5, 4, 2, 3, 1, 0]",0.949382
lorenz63,"[5, 4, 3, 0, 1, 2]",0.931105
lorenz63,"[5, 4, 3, 0, 2, 1]",0.944091
lorenz63,"[5, 4, 3, 1, 0, 2]",0.930596
lorenz63,"[5, 4, 3, 1, 2, 0]",0.932358
lorenz63,"[5, 4, 3, 2, 0, 1]",0.945403
lorenz63,"[5, 4, 3, 2, 1, 0]",0.945441
rossler,"[0, 1, 2, 3, 4, 5]",0.445968
rossler,"[0, 1, 2, 3, 5, 4]",0.446031
rossler,"[0, 1, 2, 4, 3, 5]",0.445969
rossler,"[0, 1, 2, 4, 5, 3]",0.786934
rossler,"[0, 1, 2, 5, 3, 4]",0.789979
rossler,"[0, 1, 2, 5, 4, 3]",0.789925
rossler,"[0, 1, 3, 2, 4, 5]",0.455364
rossler,"[0, 1, 3, 2, 5, 4]",0.456621
rossler,"[0, 1, 3, 4, 2, 5]",0.480692
rossler,"[0, 1, 3, 4, 5, 2]",0.487852
rossler,"[0, 1, 3, 5, 2, 4]",0.46321
rossler,"[0, 1, 3, 5, 4, 2]",0.486768
rossler,"[0, 1, 4, 2, 3, 5]",0.429401
rossler,"[0, 1, 4, 2, 5, 3]",0.758204
rossler,"[0, 1, 4, 3, 2, 5]",0.48069
rossler,"[0, 1, 4, 3, 5, 2]",0.48785
rossler,"[0, 1, 4, 5, 2, 3]",0.758439
rossler,"[0, 1, 4, 5, 3, 2]",0.790911
rossler,"[0, 1, 5, 2, 3, 4]",0.790518
rossler,"[0, 1, 5, 2, 4, 3]",0.790552
rossler,"[0, 1, 5, 3, 2, 4]",0.803494
rossler,"[0, 1, 5, 3, 4, 2]",0.794337
rossler,"[0, 1, 5, 4, 2, 3]",0.760554
rossler,"[0, 1, 5, 4, 3, 2]",0.794138
rossler,"[0, 2, 1, 3, 4, 5]",0.447091
rossler,"[0, 2, 1, 3, 5, 4]",0.447301
rossler,"[0, 2, 1, 4, 3, 5]",0.447094
rossler,"[0, 2, 1, 4, 5, 3]",0.786659
rossler,"[0, 2, 1, 5, 3, 4]",0.789668
rossler,"[0, 2, 1, 5, 4, 3]",0.78961
rossler,"[0, 2, 3, 1, 4, 5]",0.44729
rossler,"[0, 2, 3, 1, 5, 4]",0.447492
rossler,"[0, 2, 3, 4, 1, 5]",0.447345
rossler,"[0, 2, 3, 4, 5, 1]",0.422071
rossler,"[0, 2, 3, 5, 1, 4]",0.43149
rossler,"[0, 2, 3, 5, 4, 1]",0.39109
rossler,"[0, 2, 4, 1, 3, 5]",0.445626
rossler,"[0, 2, 4, 1, 5, 3]",0.778257
rossler,"[0, 2, 4, 3, 1, 5]",0.447342
rossler,"[0, 2, 4, 3, 5, 1]",0.422068
rossler,"[0, 2, 4, 5, 1, 3]",0.780681
rossler,"[0, 2, 4, 5, 3, 1]",0.787365
rossler,"[0, 2, 5, 1, 3, 4]",0.789946
rossler,"[0, 2, 5, 1, 4, 3]",0.790079
rossler,"[0, 2, 5, 3, 1, 4]",0.790911
rossler,"[0, 2, 5, 3, 4, 1]",0.79069
rossler,"[0, 2, 5, 4, 1, 3]",0.784007
rossler,"[0, 2, 5, 4, 3, 1]",0.790652
rossler,"[0, 3, 1, 2, 4, 5]",0.455667
rossler,"[0, 3, 1, 2, 5, 4]",0.456922
rossler,"[0, 3, 1, 4, 2, 5]",0.480966
rossler,"[0, 3, 1, 4, 5, 2]",0.488117
rossler,"[0, 3, 1, 5, 2, 4]",0.463504
rossler,"[0, 3, 1, 5, 4, 2]",0.48705
rossler,"[0, 3, 2, 1, 4, 5]",0.456697
rossler,"[0, 3, 2, 1, 5, 4]",0.458023
rossler,"[0, 3, 2, 4, 1, 5]",0.456523
rossler,"[0, 3, 2, 4, 5, 1]",0.440678
rossler,"[0, 3, 2, 5, 1, 4]",0.449319
rossler,"[0, 3, 2, 5, 4, 1]",0.432343
rossler,"[0, 3, 4, 1, 2, 5]",0.479766
rossler,"[0, 3, 4, 1, 5, 2]",0.486927
rossler,"[0, 3, 4, 2, 1, 5]",0.479606
rossler,"[0, 3, 4, 2, 5, 1]",0.470827
rossler,"[0, 3, 4, 5, 1, 2]",0.4533
rossler,"[0, 3, 4, 5, 2, 1]",0.477577
rossler,"[0, 3, 5, 1, 2, 4]",0.453786
rossler,"[0, 3, 5, 1, 4, 2]",0.478012
rossler,"[0, 3, 5, 2, 1, 4]",0.455995
rossler,"[0, 3, 5, 2, 4, 1]",0.438465
rossler,"[0, 3, 5, 4, 1, 2]",0.426411
rossler,"[0, 3, 5, 4, 2, 1]",0.475071
rossler,"[0, 4, 1, 2, 3, 5]",0.426019
rossler,"[0, 4, 1, 2, 5, 3]",0.755628
rossler,"[0, 4, 1, 3, 2, 5]",0.477895
rossler,"[0, 4, 1, 3, 5, 2]",0.485115
rossler,"[0, 4, 1, 5, 2, 3]",0.755869
rossler,"[0, 4, 1, 5, 3, 2]",0.782935
rossler,"[0, 4, 2, 1, 3, 5]",0.426835
rossler,"[0, 4, 2, 1, 5, 3]",0.751032
rossler,"[0, 4, 2, 3, 1, 5]",0.428354
rossler,"[0, 4, 2, 3, 5, 1]",0.396359
rossler,"[0, 4, 2, 5, 1, 3]",0.756077
rossler,"[0, 4, 2, 5, 3, 1]",0.758556
rossler,"[0, 4, 3, 1, 2, 5]",0.479791
rossler,"[0, 4, 3, 1, 5, 2]",0.486951
rossler,"[0, 4, 3, 2, 1, 5]",0.479631
rossler,"[0, 4, 3, 2, 5, 1]",0.470856
rossler,"[0, 4, 3, 5, 1, 2]",0.453307
rossler,"[0, 4, 3, 5, 2, 1]",0.477606
rossler,"[0, 4, 5, 1, 2, 3]",0.751012
rossler,"[0, 4, 5, 1, 3, 2]",0.786191
rossler,"[0, 4, 5, 2, 1, 3]",0.756295
rossler,"[0, 4, 5, 2, 3, 1]",0.758787
rossler,"[0, 4, 5, 3, 1, 2]",0.793464
rossler,"[0, 4, 5, 3, 2, 1]",0.793595
rossler,"[0, 5, 1, 2, 3, 4]",0.791145
rossler,"[0, 5, 1, 2, 4, 3]",0.791298
rossler,"[0, 5, 1, 3, 2, 4]",0.803739
rossler,"[0, 5, 1, 3, 4, 2]",0.793993
rossler,"[0, 5, 1, 4, 2, 3]",0.759556
rossler,"[0, 5, 1, 4, 3, 2]",0.793026
rossler,"[0, 5, 2, 1, 3, 4]",0.790492
rossler,"[0, 5, 2, 1, 4, 3]",0.790709
rossler,"[0, 5, 2, 3, 1, 4]",0.791447
rossler,"[0, 5, 2, 3, 4, 1]",0.791199
rossler,"[0, 5, 2, 4, 1, 3]",0.784605
rossler,"[0, 5, 2, 4, 3, 1]",0.791245
rossler,"[0, 5, 3, 1, 2, 4]",0.812531
rossler,"[0, 5, 3, 1, 4, 2]",0.801903
rossler,"[0, 5, 3, 2, 1, 4]",0.812149
rossler,"[0, 5, 3, 2, 4, 1]",0.812035
rossler,"[0, 5, 3, 4, 1, 2]",0.801906
rossler,"[0, 5, 3, 4, 2, 1]",0.800992
rossler,"[0, 5, 4, 1, 2, 3]",0.753319
rossler,"[0, 5, 4, 1, 3, 2]",0.78746
rossler,"[0, 5, 4, 2, 1, 3]",0.757283
rossler,"[0, 5, 4, 2, 3, 1]",0.760533
rossler,"[0, 5, 4, 3, 1, 2]",0.801426
rossler,"[0, 5, 4, 3, 2, 1]",0.800526
rossler,"[1, 0, 2, 3, 4, 5]",0.445965
rossler,"[1, 0, 2, 3, 5, 4]",0.44603
rossler,"[1, 0, 2, 4, 3, 5]",0.445966
rossler,"[1, 0, 2, 4, 5, 3]",0.78693
rossler,"[1, 0, 2, 5, 3, 4]",0.789975
rossler,"[1, 0, 2, 5, 4, 3]",0.789921
rossler,"[1, 0, 3, 2, 4, 5]",0.455334
rossler,"[1, 0, 3, 2, 5, 4]",0.456589
rossler,"[1, 0, 3, 4, 2, 5]",0.480673
rossler,"[1, 0, 3, 4, 5, 2]",0.487852
rossler,"[1, 0, 3, 5, 2, 4]",0.463188
rossler,"[1, 0, 3, 5, 4, 2]",0.486746
rossler,"[1, 0, 4, 2, 3, 5]",0.429402
rossler,"[1, 0, 4, 2, 5, 3]",0.758204
rossler,"[1, 0, 4, 3, 2, 5]",0.480671
rossler,"[1, 0, 4, 3, 5, 2]",0.48785
rossler,"[1, 0, 4, 5, 2, 3]",0.758444
rossler,"[1, 0, 4, 5, 3, 2]",0.790904
rossler,"[1, 0, 5, 2, 3, 4]",0.790492
rossler,"[1, 0, 5, 2, 4, 3]",0.790526
rossler,"[1, 0, 5, 3, 2, 4]",0.803439
rossler,"[1, 0, 5, 3, 4, 2]",0.794284
rossler,"[1, 0, 5, 4, 2, 3]",0.760571
rossler,"[1, 0, 5, 4, 3, 2]",0.794103
rossler,"[1, 2, 0, 3, 4, 5]",0.445939
rossler,"[1, 2, 0, 3, 5, 4]",0.446004
rossler,"[1, 2, 0, 4, 3, 5]",0.44594
rossler,"[1, 2, 0, 4, 5, 3]",0.78746
rossler,"[1, 2, 0, 5, 3, 4]",0.790486
rossler,"[1, 2, 0, 5, 4, 3]",0.790519
rossler,"[1, 2, 3, 0, 4, 5]",0.422975
rossler,"[1, 2, 3, 0, 5, 4]",0.424799
rossler,"[1, 2, 3, 4, 0, 5]",0.422975
rossler,"[1, 2, 3, 4, 5, 0]",0.422974
rossler,"[1, 2, 3, 5, 0, 4]",0.424799
rossler,"[1, 2, 3, 5, 4, 0]",0.424799
rossler,"[1, 2, 4, 0, 3, 5]",0.44594
rossler,"[1, 2, 4, 0, 5, 3]",0.78746
rossler,"[1, 2, 4, 3, 0, 5]",0.422976
rossler,"[1, 2, 4, 3, 5, 0]",0.422975
rossler,"[1, 2, 4, 5, 0, 3]",0.787459
rossler,"[1, 2, 4, 5, 3, 0]",0.775064
rossler,"[1, 2, 5, 0, 3, 4]",0.790486
rossler,"[1, 2, 5, 0, 4, 3]",0.790518
rossler,"[1, 2, 5, 3, 0, 4]",0.778217
rossler,"[1, 2, 5, 3, 4, 0]",0.778217
rossler,"[1, 2, 5, 4, 0, 3]",0.790518
rossler,"[1, 2, 5, 4, 3, 0]",0.7783
rossler,"[1, 3, 0, 2, 4, 5]",0.432058
rossler,"[1, 3, 0, 2, 5, 4]",0.433145
rossler,"[1, 3, 0, 4, 2, 5]",0.457927
rossler,"[1, 3, 0, 4, 5, 2]",0.462142
rossler,"[1, 3, 0, 5, 2, 4]",0.43732
rossler,"[1, 3, 0, 5, 4, 2]",0.461092
rossler,"[1, 3, 2, 0, 4, 5]",0.436142
rossler,"[1, 3, 2, 0, 5, 4]",0.43732
rossler,"[1, 3, 2, 4, 0, 5]",0.436142
rossler,"[1, 3, 2, 4, 5, 0]",0.436139
rossler,"[1, 3, 2, 5, 0, 4]",0.43732
rossler,"[1, 3, 2, 5, 4, 0]",0.43732
rossler,"[1, 3, 4, 0, 2, 5]",0.457927
rossler,"[1, 3, 4, 0, 5, 2]",0.462142
rossler,"[1, 3, 4, 2, 0, 5]",0.462133
rossler,"[1, 3, 4, 2, 5, 0]",0.462133
rossler,"[1, 3, 4, 5, 0, 2]",0.462137
rossler,"[1, 3, 4, 5, 2, 0]",0.462133
rossler,"[1, 3, 5, 0, 2, 4]",0.437321
rossler,"[1, 3, 5, 0, 4, 2]",0.46109
rossler,"[1, 3, 5, 2, 0, 4]",0.43732
rossler,"[1, 3, 5, 2, 4, 0]",0.43732
rossler,"[1, 3, 5, 4, 0, 2]",0.46109
rossler,"[1, 3, 5, 4, 2, 0]",0.461093
rossler,"[1, 4, 0, 2, 3, 5]",0.429402
rossler,"[1, 4, 0, 2, 5, 3]",0.758204
rossler,"[1, 4, 0, 3, 2, 5]",0.480671
rossler,"[1, 4, 0, 3, 5, 2]",0.48785
rossler,"[1, 4, 0, 5, 2, 3]",0.758444
rossler,"[1, 4, 0, 5, 3, 2]",0.790904
rossler,"[1, 4, 2, 0, 3, 5]",0.42938
rossler,"[1, 4, 2, 0, 5, 3]",0.758445
rossler,"[1, 4, 2, 3, 0, 5]",0.406107
rossler,"[1, 4, 2, 3, 5, 0]",0.406108
rossler,"[1, 4, 2, 5, 0, 3]",0.758443
rossler,"[1, 4, 2, 5, 3, 0]",0.746822
rossler,"[1, 4, 3, 0, 2, 5]",0.457924
rossler,"[1, 4, 3, 0, 5, 2]",0.462139
rossler,"[1, 4, 3, 2, 0, 5]",0.46213
rossler,"[1, 4, 3, 2, 5, 0]",0.46213
rossler,"[1, 4, 3, 5, 0, 2]",0.462134
rossler,"[1, 4, 3, 5, 2, 0]",0.46213
rossler,"[1, 4, 5, 0, 2, 3]",0.758445
rossler,"[1, 4, 5, 0, 3, 2]",0.7909
rossler,"[1, 4, 5, 2, 0, 3]",0.758443
rossler,"[1, 4, 5, 2, 3, 0]",0.746876
rossler,"[1, 4, 5, 3, 0, 2]",0.781636
rossler,"[1, 4, 5, 3, 2, 0]",0.781636
rossler,"[1, 5, 0, 2, 3, 4]",0.790491
rossler,"[1, 5, 0, 2, 4, 3]",0.790525
rossler,"[1, 5, 0, 3, 2, 4]",0.803437
rossler,"[1, 5, 0, 3, 4, 2]",0.794283
rossler,"[1, 5, 0, 4, 2, 3]",0.760568
rossler,"[1, 5, 0, 4, 3, 2]",0.794099
rossler,"[1, 5, 2, 0, 3, 4]",0.790486
rossler,"[1, 5, 2, 0, 4, 3]",0.790518
rossler,"[1, 5, 2, 3, 0, 4]",0.778412
rossler,"[1, 5, 2, 3, 4, 0]",0.778412
rossler,"[1, 5, 2, 4, 0, 3]",0.790518
rossler,"[1, 5, 2, 4, 3, 0]",0.778446
rossler,"[1, 5, 3, 0, 2, 4]",0.792402
rossler,"[1, 5, 3, 0, 4, 2]",0.785211
rossler,"[1, 5, 3, 2, 0, 4]",0.792402
rossler,"[1, 5, 3, 2, 4, 0]",0.792402
rossler,"[1, 5, 3, 4, 0, 2]",0.785211
rossler,"[1, 5, 3, 4, 2, 0]",0.785209
rossler,"[1, 5, 4, 0, 2, 3]",0.760568
rossler,"[1, 5, 4, 0, 3, 2]",0.794099
rossler,"[1, 5, 4, 2, 0, 3]",0.760569
rossler,"[1, 5, 4, 2, 3, 0]",0.74892
rossler,"[1, 5, 4, 3, 0, 2]",0.785043
rossler,"[1, 5, 4, 3, 2, 0]",0.785041
rossler,"[2, 0, 1, 3, 4, 5]",0.447069
rossler,"[2, 0, 1, 3, 5, 4]",0.447278
rossler,"[2, 0, 1, 4, 3, 5]",0.447072
rossler,"[2, 0, 1, 4, 5, 3]",0.787181
rossler,"[2, 0, 1, 5, 3, 4]",0.790174
rossler,"[2, 0, 1, 5, 4, 3]",0.790206
rossler,"[2, 0, 3, 1, 4, 5]",0.447268
rossler,"[2, 0, 3, 1, 5, 4]",0.447468
rossler,"[2, 0, 3, 4, 1, 5]",0.447323
rossler,"[2, 0, 3, 4, 5, 1]",0.422048
rossler,"[2, 0, 3, 5, 1, 4]",0.431466
rossler,"[2, 0, 3, 5, 4, 1]",0.391068
rossler,"[2, 0, 4, 1, 3, 5]",0.445603
rossler,"[2, 0, 4, 1, 5, 3]",0.778759
rossler,"[2, 0, 4, 3, 1, 5]",0.44732
rossler,"[2, 0, 4, 3, 5, 1]",0.422046
rossler,"[2, 0, 4, 5, 1, 3]",0.781183
rossler,"[2, 0, 4, 5, 3, 1]",0.787861
rossler,"[2, 0, 5, 1, 3, 4]",0.790458
rossler,"[2, 0, 5, 1, 4, 3]",0.790678
rossler,"[2, 0, 5, 3, 1, 4]",0.791418
rossler,"[2, 0, 5, 3, 4, 1]",0.79117
rossler,"[2, 0, 5, 4, 1, 3]",0.784576
rossler,"[2, 0, 5, 4, 3, 1]",0.791216
rossler,"[2, 1, 0, 3, 4, 5]",0.447069
rossler,"[2, 1, 0, 3, 5, 4]",0.447278
rossler,"[2, 1, 0, 4, 3, 5]",0.447072
rossler,"[2, 1, 0, 4, 5, 3]",0.787179
rossler,"[2, 1, 0, 5, 3, 4]",0.790172
rossler,"[2, 1, 0, 5, 4, 3]",0.790203
rossler,"[2, 1, 3, 0, 4, 5]",0.424126
rossler,"[2, 1, 3, 0, 5, 4]",0.426057
rossler,"[2, 1, 3, 4, 0, 5]",0.424126
rossler,"[2, 1, 3, 4, 5, 0]",0.424125
rossler,"[2, 1, 3, 5, 0, 4]",0.426057
rossler,"[2, 1, 3, 5, 4, 0]",0.426057
rossler,"[2, 1, 4, 0, 3, 5]",0.447072
rossler,"[2, 1, 4, 0, 5, 3]",0.787179
rossler,"[2, 1, 4, 3, 0, 5]",0.424129
rossler,"[2, 1, 4, 3, 5, 0]",0.424129
rossler,"[2, 1, 4, 5, 0, 3]",0.787178
rossler,"[2, 1, 4, 5, 3, 0]",0.774797
rossler,"[2, 1, 5, 0, 3, 4]",0.790172
rossler,"[2, 1, 5, 0, 4, 3]",0.790203
rossler,"[2, 1, 5, 3, 0, 4]",0.777906
rossler,"[2, 1, 5, 3, 4, 0]",0.777906
rossler,"[2, 1, 5, 4, 0, 3]",0.790203
rossler,"[2, 1, 5, 4, 3, 0]",0.777979
rossler,"[2, 3, 0, 1, 4, 5]",0.424336
rossler,"[2, 3, 0, 1, 5, 4]",0.426249
rossler,"[2, 3, 0, 4, 1, 5]",0.424377
rossler,"[2, 3, 0, 4, 5, 1]",0.388278
rossler,"[2, 3, 0, 5, 1, 4]",0.414785
rossler,"[2, 3, 0, 5, 4, 1]",0.394401
rossler,"[2, 3, 1, 0, 4, 5]",0.424335
rossler,"[2, 3, 1, 0, 5, 4]",0.426248
rossler,"[2, 3, 1, 4, 0, 5]",0.424335
rossler,"[2, 3, 1, 4, 5, 0]",0.424335
rossler,"[2, 3, 1, 5, 0, 4]",0.426248
rossler,"[2, 3, 1, 5, 4, 0]",0.426248
rossler,"[2, 3, 4, 0, 1, 5]",0.424377
rossler,"[2, 3, 4, 0, 5, 1]",0.388278
rossler,"[2, 3, 4, 1, 0, 5]",0.424376
rossler,"[2, 3, 4, 1, 5, 0]",0.424375
rossler,"[2, 3, 4, 5, 0, 1]",0.388271
rossler,"[2, 3, 4, 5, 1, 0]",0.388271
rossler,"[2, 3, 5, 0, 1, 4]",0.414783
rossler,"[2, 3, 5, 0, 4, 1]",0.394398
rossler,"[2, 3, 5, 1, 0, 4]",0.414786
rossler,"[2, 3, 5, 1, 4, 0]",0.414786
rossler,"[2, 3, 5, 4, 0, 1]",0.394398
rossler,"[2, 3, 5, 4, 1, 0]",0.394402
rossler,"[2, 4, 0, 1, 3, 5]",0.445603
rossler,"[2, 4, 0, 1, 5, 3]",0.778759
rossler,"[2, 4, 0, 3, 1, 5]",0.44732
rossler,"[2, 4, 0, 3, 5, 1]",0.422046
rossler,"[2, 4, 0, 5, 1, 3]",0.781183
rossler,"[2, 4, 0, 5, 3, 1]",0.787861
rossler,"[2, 4, 1, 0, 3, 5]",0.445603
rossler,"[2, 4, 1, 0, 5, 3]",0.778757
rossler,"[2, 4, 1, 3, 0, 5]",0.422562
rossler,"[2, 4, 1, 3, 5, 0]",0.422562
rossler,"[2, 4, 1, 5, 0, 3]",0.778756
rossler,"[2, 4, 1, 5, 3, 0]",0.766739
rossler,"[2, 4, 3, 0, 1, 5]",0.424374
rossler,"[2, 4, 3, 0, 5, 1]",0.388275
rossler,"[2, 4, 3, 1, 0, 5]",0.424374
rossler,"[2, 4, 3, 1, 5, 0]",0.424373
rossler,"[2, 4, 3, 5, 0, 1]",0.388268
rossler,"[2, 4, 3, 5, 1, 0]",0.388269
rossler,"[2, 4, 5, 0, 1, 3]",0.781173
rossler,"[2, 4, 5, 0, 3, 1]",0.787856
rossler,"[2, 4, 5, 1, 0, 3]",0.781173
rossler,"[2, 4, 5, 1, 3, 0]",0.774963
rossler,"[2, 4, 5, 3, 0, 1]",0.775446
rossler,"[2, 4, 5, 3, 1, 0]",0.775446
rossler,"[2, 5, 0, 1, 3, 4]",0.790453
rossler,"[2, 5, 0, 1, 4, 3]",0.790673
rossler,"[2, 5, 0, 3, 1, 4]",0.791416
rossler,"[2, 5, 0, 3, 4, 1]",0.791166
rossler,"[2, 5, 0, 4, 1, 3]",0.784569
rossler,"[2, 5, 0, 4, 3, 1]",0.791211
rossler,"[2, 5, 1, 0, 3, 4]",0.790456
rossler,"[2, 5, 1, 0, 4, 3]",0.790676
rossler,"[2, 5, 1, 3, 0, 4]",0.778185
rossler,"[2, 5, 1, 3, 4, 0]",0.778185
rossler,"[2, 5, 1, 4, 0, 3]",0.790676
rossler,"[2, 5, 1, 4, 3, 0]",0.778455
rossler,"[2, 5, 3, 0, 1, 4]",0.779152
rossler,"[2, 5, 3, 0, 4, 1]",0.778881
rossler,"[2, 5, 3, 1, 0, 4]",0.779153
rossler,"[2, 5, 3, 1, 4, 0]",0.779153
rossler,"[2, 5, 3, 4, 0, 1]",0.778881
rossler,"[2, 5, 3, 4, 1, 0]",0.778884
rossler,"[2, 5, 4, 0, 1, 3]",0.784569
rossler,"[2, 5, 4, 0, 3, 1]",0.791211
rossler,"[2, 5, 4, 1, 0, 3]",0.784572
rossler,"[2, 5, 4, 1, 3, 0]",0.772376
rossler,"[2, 5, 4, 3, 0, 1]",0.778974
rossler,"[2, 5, 4, 3, 1, 0]",0.778977
rossler,"[3, 0, 1, 2, 4, 5]",0.432375
rossler,"[3, 0, 1, 2, 5, 4]",0.433468
rossler,"[3, 0, 1, 4, 2, 5]",0.458241
rossler,"[3, 0, 1, 4, 5, 2]",0.462427
rossler,"[3, 0, 1, 5, 2, 4]",0.437625
rossler,"[3, 0, 1, 5, 4, 2]",0.461385
rossler,"[3, 0, 2, 1, 4, 5]",0.43349
rossler,"[3, 0, 2, 1, 5, 4]",0.434651
rossler,"[3, 0, 2, 4, 1, 5]",0.433506
rossler,"[3, 0, 2, 4, 5, 1]",0.406889
rossler,"[3, 0, 2, 5, 1, 4]",0.430189
rossler,"[3, 0, 2, 5, 4, 1]",0.402098
rossler,"[3, 0, 4, 1, 2, 5]",0.457084
rossler,"[3, 0, 4, 1, 5, 2]",0.461254
rossler,"[3, 0, 4, 2, 1, 5]",0.456904
rossler,"[3, 0, 4, 2, 5, 1]",0.44689
rossler,"[3, 0, 4, 5, 1, 2]",0.427165
rossler,"[3, 0, 4, 5, 2, 1]",0.450854
rossler,"[3, 0, 5, 1, 2, 4]",0.422873
rossler,"[3, 0, 5, 1, 4, 2]",0.449366
rossler,"[3, 0, 5, 2, 1, 4]",0.434437
rossler,"[3, 0, 5, 2, 4, 1]",0.406213
rossler,"[3, 0, 5, 4, 1, 2]",0.412119
rossler,"[3, 0, 5, 4, 2, 1]",0.447126
rossler,"[3, 1, 0, 2, 4, 5]",0.432341
rossler,"[3, 1, 0, 2, 5, 4]",0.433433
rossler,"[3, 1, 0, 4, 2, 5]",0.458219
rossler,"[3, 1, 0, 4, 5, 2]",0.462427
rossler,"[3, 1, 0, 5, 2, 4]",0.437602
rossler,"[3, 1, 0, 5, 4, 2]",0.461362
rossler,"[3, 1, 2, 0, 4, 5]",0.436419
rossler,"[3, 1, 2, 0, 5, 4]",0.437602
rossler,"[3, 1, 2, 4, 0, 5]",0.436419
rossler,"[3, 1, 2, 4, 5, 0]",0.436417
rossler,"[3, 1, 2, 5, 0, 4]",0.437601
rossler,"[3, 1, 2, 5, 4, 0]",0.437601
rossler,"[3, 1, 4, 0, 2, 5]",0.458219
rossler,"[3, 1, 4, 0, 5, 2]",0.462427
rossler,"[3, 1, 4, 2, 0, 5]",0.462418
rossler,"[3, 1, 4, 2, 5, 0]",0.462419
rossler,"[3, 1, 4, 5, 0, 2]",0.462422
rossler,"[3, 1, 4, 5, 2, 0]",0.462419
rossler,"[3, 1, 5, 0, 2, 4]",0.437602
rossler,"[3, 1, 5, 0, 4, 2]",0.46136
rossler,"[3, 1, 5, 2, 0, 4]",0.437601
rossler,"[3, 1, 5, 2, 4, 0]",0.437601
rossler,"[3, 1, 5, 4, 0, 2]",0.46136
rossler,"[3, 1, 5, 4, 2, 0]",0.461363
rossler,"[3, 2, 0, 1, 4, 5]",0.437474
rossler,"[3, 2, 0, 1, 5, 4]",0.43876
rossler,"[3, 2, 0, 4, 1, 5]",0.437479
rossler,"[3, 2, 0, 4, 5, 1]",0.410683
rossler,"[3, 2, 0, 5, 1, 4]",0.434415
rossler,"[3, 2, 0, 5, 4, 1]",0.406191
rossler,"[3, 2, 1, 0, 4, 5]",0.437474
rossler,"[3, 2, 1, 0, 5, 4]",0.43876
rossler,"[3, 2, 1, 4, 0, 5]",0.437474
rossler,"[3, 2, 1, 4, 5, 0]",0.437472
rossler,"[3, 2, 1, 5, 0, 4]",0.43876
rossler,"[3, 2, 1, 5, 4, 0]",0.43876
rossler,"[3, 2, 4, 0, 1, 5]",0.437479
rossler,"[3, 2, 4, 0, 5, 1]",0.410683
rossler,"[3, 2, 4, 1, 0, 5]",0.437479
rossler,"[3, 2, 4, 1, 5, 0]",0.437477
rossler,"[3, 2, 4, 5, 0, 1]",0.410675
rossler,"[3, 2, 4, 5, 1, 0]",0.410676
rossler,"[3, 2, 5, 0, 1, 4]",0.434413
rossler,"[3, 2, 5, 0, 4, 1]",0.406189
rossler,"[3, 2, 5, 1, 0, 4]",0.434416
rossler,"[3, 2, 5, 1, 4, 0]",0.434416
rossler,"[3, 2, 5, 4, 0, 1]",0.406189
rossler,"[3, 2, 5, 4, 1, 0]",0.406191
rossler,"[3, 4, 0, 1, 2, 5]",0.457084
rossler,"[3, 4, 0, 1, 5, 2]",0.461254
rossler,"[3, 4, 0, 2, 1, 5]",0.456904
rossler,"[3, 4, 0, 2, 5, 1]",0.44689
rossler,"[3, 4, 0, 5, 1, 2]",0.427165
rossler,"[3, 4, 0, 5, 2, 1]",0.450854
rossler,"[3, 4, 1, 0, 2, 5]",0.457056
rossler,"[3, 4, 1, 0, 5, 2]",0.461252
rossler,"[3, 4, 1, 2, 0, 5]",0.461245
rossler,"[3, 4, 1, 2, 5, 0]",0.461245
rossler,"[3, 4, 1, 5, 0, 2]",0.46125
rossler,"[3, 4, 1, 5, 2, 0]",0.461245
rossler,"[3, 4, 2, 0, 1, 5]",0.461119
rossler,"[3, 4, 2, 0, 5, 1]",0.450838
rossler,"[3, 4, 2, 1, 0, 5]",0.461119
rossler,"[3, 4, 2, 1, 5, 0]",0.461121
rossler,"[3, 4, 2, 5, 0, 1]",0.450842
rossler,"[3, 4, 2, 5, 1, 0]",0.450836
rossler,"[3, 4, 5, 0, 1, 2]",0.427155
rossler,"[3, 4, 5, 0, 2, 1]",0.450848
rossler,"[3, 4, 5, 1, 0, 2]",0.427155
rossler,"[3, 4, 5, 1, 2, 0]",0.427157
rossler,"[3, 4, 5, 2, 0, 1]",0.450842
rossler,"[3, 4, 5, 2, 1, 0]",0.450836
rossler,"[3, 5, 0, 1, 2, 4]",0.422751
rossler,"[3, 5, 0, 1, 4, 2]",0.449232
rossler,"[3, 5, 0, 2, 1, 4]",0.434422
rossler,"[3, 5, 0, 2, 4, 1]",0.406198
rossler,"[3, 5, 0, 4, 1, 2]",0.411969
rossler,"[3, 5, 0, 4, 2, 1]",0.447122
rossler,"[3, 5, 1, 0, 2, 4]",0.422751
rossler,"[3, 5, 1, 0, 4, 2]",0.449245
rossler,"[3, 5, 1, 2, 0, 4]",0.422747
rossler,"[3, 5, 1, 2, 4, 0]",0.422747
rossler,"[3, 5, 1, 4, 0, 2]",0.449245
rossler,"[3, 5, 1, 4, 2, 0]",0.449279
rossler,"[3, 5, 2, 0, 1, 4]",0.434413
rossler,"[3, 5, 2, 0, 4, 1]",0.406189
rossler,"[3, 5, 2, 1, 0, 4]",0.434416
rossler,"[3, 5, 2, 1, 4, 0]",0.434416
rossler,"[3, 5, 2, 4, 0, 1]",0.406189
rossler,"[3, 5, 2, 4, 1, 0]",0.406191
rossler,"[3, 5, 4, 0, 1, 2]",0.411969
rossler,"[3, 5, 4, 0, 2, 1]",0.447122
rossler,"[3, 5, 4, 1, 0, 2]",0.412073
rossler,"[3, 5, 4, 1, 2, 0]",0.41209
rossler,"[3, 5, 4, 2, 0, 1]",0.447102
rossler,"[3, 5, 4, 2, 1, 0]",0.447101
rossler,"[4, 0, 1, 2, 3, 5]",0.426019
rossler,"[4, 0, 1, 2, 5, 3]",0.755628
rossler,"[4, 0, 1, 3, 2, 5]",0.477895
rossler,"[4, 0, 1, 3, 5, 2]",0.485115
rossler,"[4, 0, 1, 5, 2, 3]",0.755869
rossler,"[4, 0, 1, 5, 3, 2]",0.782935
rossler,"[4, 0, 2, 1, 3, 5]",0.426835
rossler,"[4, 0, 2, 1, 5, 3]",0.751032
rossler,"[4, 0, 2, 3, 1, 5]",0.428354
rossler,"[4, 0, 2, 3, 5, 1]",0.396359
rossler,"[4, 0, 2, 5, 1, 3]",0.756077
rossler,"[4, 0, 2, 5, 3, 1]",0.758556
rossler,"[4, 0, 3, 1, 2, 5]",0.479791
rossler,"[4, 0, 3, 1, 5, 2]",0.486951
rossler,"[4, 0, 3, 2, 1, 5]",0.479631
rossler,"[4, 0, 3, 2, 5, 1]",0.470856
rossler,"[4, 0, 3, 5, 1, 2]",0.453307
rossler,"[4, 0, 3, 5, 2, 1]",0.477606
rossler,"[4, 0, 5, 1, 2, 3]",0.751012
rossler,"[4, 0, 5, 1, 3, 2]",0.786191
rossler,"[4, 0, 5, 2, 1, 3]",0.756295
rossler,"[4, 0, 5, 2, 3, 1]",0.758787
rossler,"[4, 0, 5, 3, 1, 2]",0.793464
rossler,"[4, 0, 5, 3, 2, 1]",0.793595
rossler,"[4, 1, 0, 2, 3, 5]",0.42602
rossler,"[4, 1, 0, 2, 5, 3]",0.755628
rossler,"[4, 1, 0, 3, 2, 5]",0.47787
rossler,"[4, 1, 0, 3, 5, 2]",0.485114
rossler,"[4, 1, 0, 5, 2, 3]",0.755875
rossler,"[4, 1, 0, 5, 3, 2]",0.782928
rossler,"[4, 1, 2, 0, 3, 5]",0.426
rossler,"[4, 1, 2, 0, 5, 3]",0.755871
rossler,"[4, 1, 2, 3, 0, 5]",0.402978
rossler,"[4, 1, 2, 3, 5, 0]",0.402978
rossler,"[4, 1, 2, 5, 0, 3]",0.755869
rossler,"[4, 1, 2, 5, 3, 0]",0.744286
rossler,"[4, 1, 3, 0, 2, 5]",0.455087
rossler,"[4, 1, 3, 0, 5, 2]",0.459324
rossler,"[4, 1, 3, 2, 0, 5]",0.459317
rossler,"[4, 1, 3, 2, 5, 0]",0.459317
rossler,"[4, 1, 3, 5, 0, 2]",0.459322
rossler,"[4, 1, 3, 5, 2, 0]",0.459317
rossler,"[4, 1, 5, 0, 2, 3]",0.755874
rossler,"[4, 1, 5, 0, 3, 2]",0.782929
rossler,"[4, 1, 5, 2, 0, 3]",0.755869
rossler,"[4, 1, 5, 2, 3, 0]",0.74434
rossler,"[4, 1, 5, 3, 0, 2]",0.773644
rossler,"[4, 1, 5, 3, 2, 0]",0.773645
rossler,"[4, 2, 0, 1, 3, 5]",0.426812
rossler,"[4, 2, 0, 1, 5, 3]",0.751267
rossler,"[4, 2, 0, 3, 1, 5]",0.428331
rossler,"[4, 2, 0, 3, 5, 1]",0.39634
rossler,"[4, 2, 0, 5, 1, 3]",0.756306
rossler,"[4, 2, 0, 5, 3, 1]",0.7588
rossler,"[4, 2, 1, 0, 3, 5]",0.426812
rossler,"[4, 2, 1, 0, 5, 3]",0.751267
rossler,"[4, 2, 1, 3, 0, 5]",0.403572
rossler,"[4, 2, 1, 3, 5, 0]",0.403575
rossler,"[4, 2, 1, 5, 0, 3]",0.751265
rossler,"[4, 2, 1, 5, 3, 0]",0.739734
rossler,"[4, 2, 3, 0, 1, 5]",0.404949
rossler,"[4, 2, 3, 0, 5, 1]",0.367172
rossler,"[4, 2, 3, 1, 0, 5]",0.404949
rossler,"[4, 2, 3, 1, 5, 0]",0.404952
rossler,"[4, 2, 3, 5, 0, 1]",0.367177
rossler,"[4, 2, 3, 5, 1, 0]",0.367171
rossler,"[4, 2, 5, 0, 1, 3]",0.756307
rossler,"[4, 2, 5, 0, 3, 1]",0.758803
rossler,"[4, 2, 5, 1, 0, 3]",0.75631
rossler,"[4, 2, 5, 1, 3, 0]",0.74471
rossler,"[4, 2, 5, 3, 0, 1]",0.74715
rossler,"[4, 2, 5, 3, 1, 0]",0.747155
rossler,"[4, 3, 0, 1, 2, 5]",0.457105
rossler,"[4, 3, 0, 1, 5, 2]",0.461275
rossler,"[4, 3, 0, 2, 1, 5]",0.456926
rossler,"[4, 3, 0, 2, 5, 1]",0.44691
rossler,"[4, 3, 0, 5, 1, 2]",0.427199
rossler,"[4, 3, 0, 5, 2, 1]",0.450873
rossler,"[4, 3, 1, 0, 2, 5]",0.457078
rossler,"[4, 3, 1, 0, 5, 2]",0.461273
rossler,"[4, 3, 1, 2, 0, 5]",0.461266
rossler,"[4, 3, 1, 2, 5, 0]",0.461266
rossler,"[4, 3, 1, 5, 0, 2]",0.461271
rossler,"[4, 3, 1, 5, 2, 0]",0.461266
rossler,"[4, 3, 2, 0, 1, 5]",0.46114
rossler,"[4, 3, 2, 0, 5, 1]",0.450857
rossler,"[4, 3, 2, 1, 0, 5]",0.46114
rossler,"[4, 3, 2, 1, 5, 0]",0.461142
rossler,"[4, 3, 2, 5, 0, 1]",0.450861
rossler,"[4, 3, 2, 5, 1, 0]",0.450855
rossler,"[4, 3, 5, 0, 1, 2]",0.427189
rossler,"[4, 3, 5, 0, 2, 1]",0.450868
rossler,"[4, 3, 5, 1, 0, 2]",0.427188
rossler,"[4, 3, 5, 1, 2, 0]",0.427191
rossler,"[4, 3, 5, 2, 0, 1]",0.450861
rossler,"[4, 3, 5, 2, 1, 0]",0.450855
rossler,"[4, 5, 0, 1, 2, 3]",0.751006
rossler,"[4, 5, 0, 1, 3, 2]",0.786182
rossler,"[4, 5, 0, 2, 1, 3]",0.756302
rossler,"[4, 5, 0, 2, 3, 1]",0.758794
rossler,"[4, 5, 0, 3, 1, 2]",0.793458
rossler,"[4, 5, 0, 3, 2, 1]",0.793589
rossler,"[4, 5, 1, 0, 2, 3]",0.752242
rossler,"[4, 5, 1, 0, 3, 2]",0.786179
rossler,"[4, 5, 1, 2, 0, 3]",0.750997
rossler,"[4, 5, 1, 2, 3, 0]",0.739346
rossler,"[4, 5, 1, 3, 0, 2]",0.776363
rossler,"[4, 5, 1, 3, 2, 0]",0.776364
rossler,"[4, 5, 2, 0, 1, 3]",0.756307
rossler,"[4, 5, 2, 0, 3, 1]",0.758803
rossler,"[4, 5, 2, 1, 0, 3]",0.75631
rossler,"[4, 5, 2, 1, 3, 0]",0.744765
rossler,"[4, 5, 2, 3, 0, 1]",0.747207
rossler,"[4, 5, 2, 3, 1, 0]",0.747212
rossler,"[4, 5, 3, 0, 1, 2]",0.78441
rossler,"[4, 5, 3, 0, 2, 1]",0.78494
rossler,"[4, 5, 3, 1, 0, 2]",0.784408
rossler,"[4, 5, 3, 1, 2, 0]",0.784408
rossler,"[4, 5, 3, 2, 0, 1]",0.784941
rossler,"[4, 5, 3, 2, 1, 0]",0.78494
rossler,"[5, 0, 1, 2, 3, 4]",0.791107
rossler,"[5, 0, 1, 2, 4, 3]",0.791261
rossler,"[5, 0, 1, 3, 2, 4]",0.803656
rossler,"[5, 0, 1, 3, 4, 2]",0.793915
rossler,"[5, 0, 1, 4, 2, 3]",0.759587
rossler,"[5, 0, 1, 4, 3, 2]",0.792941
rossler,"[5, 0, 2, 1, 3, 4]",0.790468
rossler,"[5, 0, 2, 1, 4, 3]",0.790687
rossler,"[5, 0, 2, 3, 1, 4]",0.791425
rossler,"[5, 0, 2, 3, 4, 1]",0.791177
rossler,"[5, 0, 2, 4, 1, 3]",0.784582
rossler,"[5, 0, 2, 4, 3, 1]",0.791222
rossler,"[5, 0, 3, 1, 2, 4]",0.812476
rossler,"[5, 0, 3, 1, 4, 2]",0.801851
rossler,"[5, 0, 3, 2, 1, 4]",0.812093
rossler,"[5, 0, 3, 2, 4, 1]",0.811979
rossler,"[5, 0, 3, 4, 1, 2]",0.801858
rossler,"[5, 0, 3, 4, 2, 1]",0.800945
rossler,"[5, 0, 4, 1, 2, 3]",0.753343
rossler,"[5, 0, 4, 1, 3, 2]",0.787385
rossler,"[5, 0, 4, 2, 1, 3]",0.757302
rossler,"[5, 0, 4, 2, 3, 1]",0.76055
rossler,"[5, 0, 4, 3, 1, 2]",0.801387
rossler,"[5, 0, 4, 3, 2, 1]",0.800486
rossler,"[5, 1, 0, 2, 3, 4]",0.791101
rossler,"[5, 1, 0, 2, 4, 3]",0.791255
rossler,"[5, 1, 0, 3, 2, 4]",0.803648
rossler,"[5, 1, 0, 3, 4, 2]",0.793906
rossler,"[5, 1, 0, 4, 2, 3]",0.759591
rossler,"[5, 1, 0, 4, 3, 2]",0.792932
rossler,"[5, 1, 2, 0, 3, 4]",0.791095
rossler,"[5, 1, 2, 0, 4, 3]",0.791248
rossler,"[5, 1, 2, 3, 0, 4]",0.779028
rossler,"[5, 1, 2, 3, 4, 0]",0.779028
rossler,"[5, 1, 2, 4, 0, 3]",0.791248
rossler,"[5, 1, 2, 4, 3, 0]",0.779175
rossler,"[5, 1, 3, 0, 2, 4]",0.792595
rossler,"[5, 1, 3, 0, 4, 2]",0.784744
rossler,"[5, 1, 3, 2, 0, 4]",0.792596
rossler,"[5, 1, 3, 2, 4, 0]",0.792596
rossler,"[5, 1, 3, 4, 0, 2]",0.784744
rossler,"[5, 1, 3, 4, 2, 0]",0.784742
rossler,"[5, 1, 4, 0, 2, 3]",0.759591
rossler,"[5, 1, 4, 0, 3, 2]",0.792932
rossler,"[5, 1, 4, 2, 0, 3]",0.759593
rossler,"[5, 1, 4, 2, 3, 0]",0.74794
rossler,"[5, 1, 4, 3, 0, 2]",0.7838
rossler,"[5, 1, 4, 3, 2, 0]",0.783797
rossler,"[5, 2, 0, 1, 3, 4]",0.790453
rossler,"[5, 2, 0, 1, 4, 3]",0.790673
rossler,"[5, 2, 0, 3, 1, 4]",0.791416
rossler,"[5, 2, 0, 3, 4, 1]",0.791166
rossler,"[5, 2, 0, 4, 1, 3]",0.784569
rossler,"[5, 2, 0, 4, 3, 1]",0.791211
rossler,"[5, 2, 1, 0, 3, 4]",0.790456
rossler,"[5, 2, 1, 0, 4, 3]",0.790676
rossler,"[5, 2, 1, 3, 0, 4]",0.778388
rossler,"[5, 2, 1, 3, 4, 0]",0.778388
rossler,"[5, 2, 1, 4, 0, 3]",0.790676
rossler,"[5, 2, 1, 4, 3, 0]",0.778608
rossler,"[5, 2, 3, 0, 1, 4]",0.779341
rossler,"[5, 2, 3, 0, 4, 1]",0.779072
rossler,"[5, 2, 3, 1, 0, 4]",0.779342
rossler,"[5, 2, 3, 1, 4, 0]",0.779342
rossler,"[5, 2, 3, 4, 0, 1]",0.779072
rossler,"[5, 2, 3, 4, 1, 0]",0.779075
rossler,"[5, 2, 4, 0, 1, 3]",0.784569
rossler,"[5, 2, 4, 0, 3, 1]",0.791211
rossler,"[5, 2, 4, 1, 0, 3]",0.784572
rossler,"[5, 2, 4, 1, 3, 0]",0.772523
rossler,"[5, 2, 4, 3, 0, 1]",0.779118
rossler,"[5, 2, 4, 3, 1, 0]",0.779121
rossler,"[5, 3, 0, 1, 2, 4]",0.790127
rossler,"[5, 3, 0, 1, 4, 2]",0.78166
rossler,"[5, 3, 0, 2, 1, 4]",0.80207
rossler,"[5, 3, 0, 2, 4, 1]",0.801958
rossler,"[5, 3, 0, 4, 1, 2]",0.781299
rossler,"[5, 3, 0, 4, 2, 1]",0.793609
rossler,"[5, 3, 1, 0, 2, 4]",0.790126
rossler,"[5, 3, 1, 0, 4, 2]",0.781695
rossler,"[5, 3, 1, 2, 0, 4]",0.790122
rossler,"[5, 3, 1, 2, 4, 0]",0.790122
rossler,"[5, 3, 1, 4, 0, 2]",0.781695
rossler,"[5, 3, 1, 4, 2, 0]",0.781792
rossler,"[5, 3, 2, 0, 1, 4]",0.802068
rossler,"[5, 3, 2, 0, 4, 1]",0.801954
rossler,"[5, 3, 2, 1, 0, 4]",0.80207
rossler,"[5, 3, 2, 1, 4, 0]",0.80207
rossler,"[5, 3, 2, 4, 0, 1]",0.801954
rossler,"[5, 3, 2, 4, 1, 0]",0.801958
rossler,"[5, 3, 4, 0, 1, 2]",0.781299
rossler,"[5, 3, 4, 0, 2, 1]",0.793609
rossler,"[5, 3, 4, 1, 0, 2]",0.78163
rossler,"[5, 3, 4, 1, 2, 0]",0.781704
rossler,"[5, 3, 4, 2, 0, 1]",0.793601
rossler,"[5, 3, 4, 2, 1, 0]",0.793603
rossler,"[5, 4, 0, 1, 2, 3]",0.753343
rossler,"[5, 4, 0, 1, 3, 2]",0.787385
rossler,"[5, 4, 0, 2, 1, 3]",0.757302
rossler,"[5, 4, 0, 2, 3, 1]",0.76055
rossler,"[5, 4, 0, 3, 1, 2]",0.801387
rossler,"[5, 4, 0, 3, 2, 1]",0.800486
rossler,"[5, 4, 1, 0, 2, 3]",0.75338
rossler,"[5, 4, 1, 0, 3, 2]",0.787338
rossler,"[5, 4, 1, 2, 0, 3]",0.753382
rossler,"[5, 4, 1, 2, 3, 0]",0.74196
rossler,"[5, 4, 1, 3, 0, 2]",0.778207
rossler,"[5, 4, 1, 3, 2, 0]",0.778201
rossler,"[5, 4, 2, 0, 1, 3]",0.757317
rossler,"[5, 4, 2, 0, 3, 1]",0.76057
rossler,"[5, 4, 2, 1, 0, 3]",0.757315
rossler,"[5, 4, 2, 1, 3, 0]",0.745714
rossler,"[5, 4, 2, 3, 0, 1]",0.748894
rossler,"[5, 4, 2, 3, 1, 0]",0.748892
rossler,"[5, 4, 3, 0, 1, 2]",0.781022
rossler,"[5, 4, 3, 0, 2, 1]",0.793322
rossler,"[5, 4, 3, 1, 0, 2]",0.781352
rossler,"[5, 4, 3, 1, 2, 0]",0.781426
rossler,"[5, 4, 3, 2, 0, 1]",0.793314
rossler,"[5, 4, 3, 2, 1, 0]",0.793315
lotka_volterra,"[0, 1, 2, 3, 4, 5]",0.0
lotka_volterra,"[0, 1, 2, 3, 5, 4]",0.0
lotka_volterra,"[0, 1, 2, 4, 3, 5]",0.0
lotka_volterra,"[0, 1, 2, 4, 5, 3]",0.995407
lotka_volterra,"[0, 1, 2, 5, 3, 4]",0.998303
lotka_volterra,"[0, 1, 2, 5, 4, 3]",0.998286
lotka_volterra,"[0, 1, 3, 2, 4, 5]",0.0
lotka_volterra,"[0, 1, 3, 2, 5, 4]",0.0
lotka_volterra,"[0, 1, 3, 4, 2, 5]",0.0
lotka_volterra,"[0, 1, 3, 4, 5, 2]",0.997843
lotka_volterra,"[0, 1, 3, 5, 2, 4]",0.998173
lotka_volterra,"[0, 1, 3, 5, 4, 2]",0.997871
lotka_volterra,"[0, 1, 4, 2, 3, 5]",0.0
lotka_volterra,"[0, 1, 4, 2, 5, 3]",0.0
lotka_volterra,"[0, 1, 4, 3, 2, 5]",0.0
lotka_volterra,"[0, 1, 4, 3, 5, 2]",0.997843
lotka_volterra,"[0, 1, 4, 5, 2, 3]",0.997843
lotka_volterra,"[0, 1, 4, 5, 3, 2]",0.993293
lotka_volterra,"[0, 1, 5, 2, 3, 4]",0.997812
lotka_volterra,"[0, 1, 5, 2, 4, 3]",0.997812
lotka_volterra,"[0, 1, 5, 3, 2, 4]",0.983793
lotka_volterra,"[0, 1, 5, 3, 4, 2]",0.468269
lotka_volterra,"[0, 1, 5, 4, 2, 3]",0.997814
lotka_volterra,"[0, 1, 5, 4, 3, 2]",0.468262
lotka_volterra,"[0, 2, 1, 3, 4, 5]",0.0
lotka_volterra,"[0, 2, 1, 3, 5, 4]",0.0
lotka_volterra,"[0, 2, 1, 4, 3, 5]",0.0
lotka_volterra,"[0, 2, 1, 4, 5, 3]",0.995067
lotka_volterra,"[0, 2, 1, 5, 3, 4]",0.998198
lotka_volterra,"[0, 2, 1, 5, 4, 3]",0.998151
lotka_volterra,"[0, 2, 3, 1, 4, 5]",0.0
lotka_volterra,"[0, 2, 3, 1, 5, 4]",0.0
lotka_volterra,"[0, 2, 3, 4, 1, 5]",0.0
lotka_volterra,"[0, 2, 3, 4, 5, 1]",0.0
lotka_volterra,"[0, 2, 3, 5, 1, 4]",0.0
lotka_volterra,"[0, 2, 3, 5, 4, 1]",0.0
lotka_volterra,"[0, 2, 4, 1, 3, 5]",0.0
lotka_volterra,"[0, 2, 4, 1, 5, 3]",0.994509
lotka_volterra,"[0, 2, 4, 3, 1, 5]",0.0
lotka_volterra,"[0, 2, 4, 3, 5, 1]",0.0
lotka_volterra,"[0, 2, 4, 5, 1, 3]",0.99592
lotka_volterra,"[0, 2, 4, 5, 3, 1]",0.995905
lotka_volterra,"[0, 2, 5, 1, 3, 4]",0.995901
lotka_volterra,"[0, 2, 5, 1, 4, 3]",0.995856
lotka_volterra,"[0, 2, 5, 3, 1, 4]",0.99592
lotka_volterra,"[0, 2, 5, 3, 4, 1]",0.990728
lotka_volterra,"[0, 2, 5, 4, 1, 3]",0.990645
lotka_volterra,"[0, 2, 5, 4, 3, 1]",0.990682
lotka_volterra,"[0, 3, 1, 2, 4, 5]",0.0
lotka_volterra,"[0, 3, 1, 2, 5, 4]",0.0
lotka_volterra,"[0, 3, 1, 4, 2, 5]",0.0
lotka_volterra,"[0, 3, 1, 4, 5, 2]",0.997843
lotka_volterra,"[0, 3, 1, 5, 2, 4]",0.998173
lotka_volterra,"[0, 3, 1, 5, 4, 2]",0.997871
lotka_volterra,"[0, 3, 2, 1, 4, 5]",0.0
lotka_volterra,"[0, 3, 2, 1, 5, 4]",0.0
lotka_volterra,"[0, 3, 2, 4, 1, 5]",0.0
lotka_volterra,"[0, 3, 2, 4, 5, 1]",0.0
lotka_volterra,"[0, 3, 2, 5, 1, 4]",0.0
lotka_volterra,"[0, 3, 2, 5, 4, 1]",0.0
lotka_volterra,"[0, 3, 4, 1, 2, 5]",0.0
lotka_volterra,"[0, 3, 4, 1, 5, 2]",0.997374
lotka_volterra,"[0, 3, 4, 2, 1, 5]",0.0
lotka_volterra,"[0, 3, 4, 2, 5, 1]",0.0
lotka_volterra,"[0, 3, 4, 5, 1, 2]",0.992851
lotka_volterra,"[0, 3, 4, 5, 2, 1]",0.996668
lotka_volterra,"[0, 3, 5, 1, 2, 4]",0.984362
lotka_volterra,"[0, 3, 5, 1, 4, 2]",0.143233
lotka_volterra,"[0, 3, 5, 2, 1, 4]",0.996788
lotka_volterra,"[0, 3, 5, 2, 4, 1]",0.991742
lotka_volterra,"[0, 3, 5, 4, 1, 2]",0.0
lotka_volterra,"[0, 3, 5, 4, 2, 1]",0.996784
lotka_volterra,"[0, 4, 1, 2, 3, 5]",0.0
lotka_volterra,"[0, 4, 1, 2, 5, 3]",0.0
lotka_volterra,"[0, 4, 1, 3, 2, 5]",0.0
lotka_volterra,"[0, 4, 1, 3, 5, 2]",0.997374
lotka_volterra,"[0, 4, 1, 5, 2, 3]",0.997376
lotka_volterra,"[0, 4, 1, 5, 3, 2]",0.988995
lotka_volterra,"[0, 4, 2, 1, 3, 5]",0.0
lotka_volterra,"[0, 4, 2, 1, 5, 3]",0.0
lotka_volterra,"[0, 4, 2, 3, 1, 5]",0.0
lotka_volterra,"[0, 4, 2, 3, 5, 1]",0.0
lotka_volterra,"[0, 4, 2, 5, 1, 3]",0.0
lotka_volterra,"[0, 4, 2, 5, 3, 1]",0.0
lotka_volterra,"[0, 4, 3, 1, 2, 5]",0.0
lotka_volterra,"[0, 4, 3, 1, 5, 2]",0.997374
lotka_volterra,"[0, 4, 3, 2, 1, 5]",0.0
lotka_volterra,"[0, 4, 3, 2, 5, 1]",0.0
lotka_volterra,"[0, 4, 3, 5, 1, 2]",0.992851
lotka_volterra,"[0, 4, 3, 5, 2, 1]",0.996668
lotka_volterra,"[0, 4, 5, 1, 2, 3]",0.992851
lotka_volterra,"[0, 4, 5, 1, 3, 2]",0.992338
lotka_volterra,"[0, 4, 5, 2, 1, 3]",0.996668
lotka_volterra,"[0, 4, 5, 2, 3, 1]",0.996668
lotka_volterra,"[0, 4, 5, 3, 1, 2]",0.992851
lotka_volterra,"[0, 4, 5, 3, 2, 1]",0.993296
lotka_volterra,"[0, 5, 1, 2, 3, 4]",0.985363
lotka_volterra,"[0, 5, 1, 2, 4, 3]",0.985358
lotka_volterra,"[0, 5, 1, 3, 2, 4]",0.98519
lotka_volterra,"[0, 5, 1, 3, 4, 2]",0.984691
lotka_volterra,"[0, 5, 1, 4, 2, 3]",0.144109
lotka_volterra,"[0, 5, 1, 4, 3, 2]",0.984738
lotka_volterra,"[0, 5, 2, 1, 3, 4]",0.996788
lotka_volterra,"[0, 5, 2, 1, 4, 3]",0.996788
lotka_volterra,"[0, 5, 2, 3, 1, 4]",0.996788
lotka_volterra,"[0, 5, 2, 3, 4, 1]",0.991742
lotka_volterra,"[0, 5, 2, 4, 1, 3]",0.991742
lotka_volterra,"[0, 5, 2, 4, 3, 1]",0.991742
lotka_volterra,"[0, 5, 3, 1, 2, 4]",0.984362
lotka_volterra,"[0, 5, 3, 1, 4, 2]",0.143233
lotka_volterra,"[0, 5, 3, 2, 1, 4]",0.993473
lotka_volterra,"[0, 5, 3, 2, 4, 1]",0.988327
lotka_volterra,"[0, 5, 3, 4, 1, 2]",0.0
lotka_volterra,"[0, 5, 3, 4, 2, 1]",0.994426
lotka_volterra,"[0, 5, 4, 1, 2, 3]",0.0
lotka_volterra,"[0, 5, 4, 1, 3, 2]",0.0
lotka_volterra,"[0, 5, 4, 2, 1, 3]",0.996784
lotka_volterra,"[0, 5, 4, 2, 3, 1]",0.996784
lotka_volterra,"[0, 5, 4, 3, 1, 2]",0.0
lotka_volterra,"[0, 5, 4, 3, 2, 1]",0.994459
lotka_volterra,"[1, 0, 2, 3, 4, 5]",0.0
lotka_volterra,"[1, 0, 2, 3, 5, 4]",0.0
lotka_volterra,"[1, 0, 2, 4, 3, 5]",0.0
lotka_volterra,"[1, 0, 2, 4, 5, 3]",0.995395
lotka_volterra,"[1, 0, 2, 5, 3, 4]",0.998288
lotka_volterra,"[1, 0, 2, 5, 4, 3]",0.998269
lotka_volterra,"[1, 0, 3, 2, 4, 5]",0.0
lotka_volterra,"[1, 0, 3, 2, 5, 4]",0.0
lotka_volterra,"[1, 0, 3, 4, 2, 5]",0.0
lotka_volterra,"[1, 0, 3, 4, 5, 2]",0.997905
lotka_volterra,"[1, 0, 3, 5, 2, 4]",0.998483
lotka_volterra,"[1, 0, 3, 5, 4, 2]",0.997815
lotka_volterra,"[1, 0, 4, 2, 3, 5]",0.0
lotka_volterra,"[1, 0, 4, 2, 5, 3]",0.0
lotka_volterra,"[1, 0, 4, 3, 2, 5]",0.0
lotka_volterra,"[1, 0, 4, 3, 5, 2]",0.997905
lotka_volterra,"[1, 0, 4, 5, 2, 3]",0.997905
lotka_volterra,"[1, 0, 4, 5, 3, 2]",0.992997
lotka_volterra,"[1, 0, 5, 2, 3, 4]",0.997917
lotka_volterra,"[1, 0, 5, 2, 4, 3]",0.997917
lotka_volterra,"[1, 0, 5, 3, 2, 4]",0.983436
lotka_volterra,"[1, 0, 5, 3, 4, 2]",0.980355
lotka_volterra,"[1, 0, 5, 4, 2, 3]",0.997741
lotka_volterra,"[1, 0, 5, 4, 3, 2]",0.980607
lotka_volterra,"[1, 2, 0, 3, 4, 5]",0.998347
lotka_volterra,"[1, 2, 0, 3, 5, 4]",0.998474
lotka_volterra,"[1, 2, 0, 4, 3, 5]",0.998347
lotka_volterra,"[1, 2, 0, 4, 5, 3]",0.99808
lotka_volterra,"[1, 2, 0, 5, 3, 4]",0.99793
lotka_volterra,"[1, 2, 0, 5, 4, 3]",0.99793
lotka_volterra,"[1, 2, 3, 0, 4, 5]",0.998347
lotka_volterra,"[1, 2, 3, 0, 5, 4]",0.998474
lotka_volterra,"[1, 2, 3, 4, 0, 5]",0.998347
lotka_volterra,"[1, 2, 3, 4, 5, 0]",0.998353
lotka_volterra,"[1, 2, 3, 5, 0, 4]",0.998455
lotka_volterra,"[1, 2, 3, 5, 4, 0]",0.998455
lotka_volterra,"[1, 2, 4, 0, 3, 5]",0.998347
lotka_volterra,"[1, 2, 4, 0, 5, 3]",0.99808
lotka_volterra,"[1, 2, 4, 3, 0, 5]",0.998347
lotka_volterra,"[1, 2, 4, 3, 5, 0]",0.998353
lotka_volterra,"[1, 2, 4, 5, 0, 3]",0.998087
lotka_volterra,"[1, 2, 4, 5, 3, 0]",0.998353
lotka_volterra,"[1, 2, 5, 0, 3, 4]",0.997927
lotka_volterra,"[1, 2, 5, 0, 4, 3]",0.997927
lotka_volterra,"[1, 2, 5, 3, 0, 4]",0.998455
lotka_volterra,"[1, 2, 5, 3, 4, 0]",0.998455
lotka_volterra,"[1, 2, 5, 4, 0, 3]",0.997927
lotka_volterra,"[1, 2, 5, 4, 3, 0]",0.998455
lotka_volterra,"[1, 3, 0, 2, 4, 5]",0.0
lotka_volterra,"[1, 3, 0, 2, 5, 4]",0.0
lotka_volterra,"[1, 3, 0, 4, 2, 5]",0.0
lotka_volterra,"[1, 3, 0, 4, 5, 2]",0.997905
lotka_volterra,"[1, 3, 0, 5, 2, 4]",0.998483
lotka_volterra,"[1, 3, 0, 5, 4, 2]",0.997815
lotka_volterra,"[1, 3, 2, 0, 4, 5]",0.998347
lotka_volterra,"[1, 3, 2, 0, 5, 4]",0.998474
lotka_volterra,"[1, 3, 2, 4, 0, 5]",0.998347
lotka_volterra,"[1, 3, 2, 4, 5, 0]",0.998353
lotka_volterra,"[1, 3, 2, 5, 0, 4]",0.998455
lotka_volterra,"[1, 3, 2, 5, 4, 0]",0.998455
lotka_volterra,"[1, 3, 4, 0, 2, 5]",0.0
lotka_volterra,"[1, 3, 4, 0, 5, 2]",0.997905
lotka_volterra,"[1, 3, 4, 2, 0, 5]",0.997928
lotka_volterra,"[1, 3, 4, 2, 5, 0]",0.997913
lotka_volterra,"[1, 3, 4, 5, 0, 2]",0.997867
lotka_volterra,"[1, 3, 4, 5, 2, 0]",0.997913
lotka_volterra,"[1, 3, 5, 0, 2, 4]",0.998443
lotka_volterra,"[1, 3, 5, 0, 4, 2]",0.997866
lotka_volterra,"[1, 3, 5, 2, 0, 4]",0.998455
lotka_volterra,"[1, 3, 5, 2, 4, 0]",0.998455
lotka_volterra,"[1, 3, 5, 4, 0, 2]",0.997866
lotka_volterra,"[1, 3, 5, 4, 2, 0]",0.997878
lotka_volterra,"[1, 4, 0, 2, 3, 5]",0.0
lotka_volterra,"[1, 4, 0, 2, 5, 3]",0.0
lotka_volterra,"[1, 4, 0, 3, 2, 5]",0.0
lotka_volterra,"[1, 4, 0, 3, 5, 2]",0.997905
lotka_volterra,"[1, 4, 0, 5, 2, 3]",0.997905
lotka_volterra,"[1, 4, 0, 5, 3, 2]",0.992997
lotka_volterra,"[1, 4, 2, 0, 3, 5]",0.997928
lotka_volterra,"[1, 4, 2, 0, 5, 3]",0.997928
lotka_volterra,"[1, 4, 2, 3, 0, 5]",0.997928
lotka_volterra,"[1, 4, 2, 3, 5, 0]",0.997913
lotka_volterra,"[1, 4, 2, 5, 0, 3]",0.997913
lotka_volterra,"[1, 4, 2, 5, 3, 0]",0.997913
lotka_volterra,"[1, 4, 3, 0, 2, 5]",0.0
lotka_volterra,"[1, 4, 3, 0, 5, 2]",0.997905
lotka_volterra,"[1, 4, 3, 2, 0, 5]",0.997928
lotka_volterra,"[1, 4, 3, 2, 5, 0]",0.997913
lotka_volterra,"[1, 4, 3, 5, 0, 2]",0.997867
lotka_volterra,"[1, 4, 3, 5, 2, 0]",0.997913
lotka_volterra,"[1, 4, 5, 0, 2, 3]",0.997867
lotka_volterra,"[1, 4, 5, 0, 3, 2]",0.992849
lotka_volterra,"[1, 4, 5, 2, 0, 3]",0.997913
lotka_volterra,"[1, 4, 5, 2, 3, 0]",0.997913
lotka_volterra,"[1, 4, 5, 3, 0, 2]",0.994202
lotka_volterra,"[1, 4, 5, 3, 2, 0]",0.994322
lotka_volterra,"[1, 5, 0, 2, 3, 4]",0.99792
lotka_volterra,"[1, 5, 0, 2, 4, 3]",0.99792
lotka_volterra,"[1, 5, 0, 3, 2, 4]",0.983514
lotka_volterra,"[1, 5, 0, 3, 4, 2]",0.980493
lotka_volterra,"[1, 5, 0, 4, 2, 3]",0.997798
lotka_volterra,"[1, 5, 0, 4, 3, 2]",0.980745
lotka_volterra,"[1, 5, 2, 0, 3, 4]",0.997927
lotka_volterra,"[1, 5, 2, 0, 4, 3]",0.997927
lotka_volterra,"[1, 5, 2, 3, 0, 4]",0.998185
lotka_volterra,"[1, 5, 2, 3, 4, 0]",0.998185
lotka_volterra,"[1, 5, 2, 4, 0, 3]",0.997927
lotka_volterra,"[1, 5, 2, 4, 3, 0]",0.998185
lotka_volterra,"[1, 5, 3, 0, 2, 4]",0.985738
lotka_volterra,"[1, 5, 3, 0, 4, 2]",0.982744
lotka_volterra,"[1, 5, 3, 2, 0, 4]",0.985735
lotka_volterra,"[1, 5, 3, 2, 4, 0]",0.985735
lotka_volterra,"[1, 5, 3, 4, 0, 2]",0.982744
lotka_volterra,"[1, 5, 3, 4, 2, 0]",0.982762
lotka_volterra,"[1, 5, 4, 0, 2, 3]",0.997798
lotka_volterra,"[1, 5, 4, 0, 3, 2]",0.980745
lotka_volterra,"[1, 5, 4, 2, 0, 3]",0.997811
lotka_volterra,"[1, 5, 4, 2, 3, 0]",0.997878
lotka_volterra,"[1, 5, 4, 3, 0, 2]",0.983055
lotka_volterra,"[1, 5, 4, 3, 2, 0]",0.983073
lotka_volterra,"[2, 0, 1, 3, 4, 5]",0.998841
lotka_volterra,"[2, 0, 1, 3, 5, 4]",0.998955
lotka_volterra,"[2, 0, 1, 4, 3, 5]",0.998841
lotka_volterra,"[2, 0, 1, 4, 5, 3]",0.998513
lotka_volterra,"[2, 0, 1, 5, 3, 4]",0.998192
lotka_volterra,"[2, 0, 1, 5, 4, 3]",0.998192
lotka_volterra,"[2, 0, 3, 1, 4, 5]",0.998841
lotka_volterra,"[2, 0, 3, 1, 5, 4]",0.998955
lotka_volterra,"[2, 0, 3, 4, 1, 5]",0.998838
lotka_volterra,"[2, 0, 3, 4, 5, 1]",0.99831
lotka_volterra,"[2, 0, 3, 5, 1, 4]",0.996433
lotka_volterra,"[2, 0, 3, 5, 4, 1]",0.991271
lotka_volterra,"[2, 0, 4, 1, 3, 5]",0.998838
lotka_volterra,"[2, 0, 4, 1, 5, 3]",0.998497
lotka_volterra,"[2, 0, 4, 3, 1, 5]",0.998838
lotka_volterra,"[2, 0, 4, 3, 5, 1]",0.99831
lotka_volterra,"[2, 0, 4, 5, 1, 3]",0.99831
lotka_volterra,"[2, 0, 4, 5, 3, 1]",0.99831
lotka_volterra,"[2, 0, 5, 1, 3, 4]",0.996433
lotka_volterra,"[2, 0, 5, 1, 4, 3]",0.996433
lotka_volterra,"[2, 0, 5, 3, 1, 4]",0.996433
lotka_volterra,"[2, 0, 5, 3, 4, 1]",0.991271
lotka_volterra,"[2, 0, 5, 4, 1, 3]",0.991271
lotka_volterra,"[2, 0, 5, 4, 3, 1]",0.991271
lotka_volterra,"[2, 1, 0, 3, 4, 5]",0.998841
lotka_volterra,"[2, 1, 0, 3, 5, 4]",0.998955
lotka_volterra,"[2, 1, 0, 4, 3, 5]",0.998841
lotka_volterra,"[2, 1, 0, 4, 5, 3]",0.998513
lotka_volterra,"[2, 1, 0, 5, 3, 4]",0.998192
lotka_volterra,"[2, 1, 0, 5, 4, 3]",0.998192
lotka_volterra,"[2, 1, 3, 0, 4, 5]",0.998841
lotka_volterra,"[2, 1, 3, 0, 5, 4]",0.998955
lotka_volterra,"[2, 1, 3, 4, 0, 5]",0.998841
lotka_volterra,"[2, 1, 3, 4, 5, 0]",0.998845
lotka_volterra,"[2, 1, 3, 5, 0, 4]",0.998928
lotka_volterra,"[2, 1, 3, 5, 4, 0]",0.998928
lotka_volterra,"[2, 1, 4, 0, 3, 5]",0.998841
lotka_volterra,"[2, 1, 4, 0, 5, 3]",0.998513
lotka_volterra,"[2, 1, 4, 3, 0, 5]",0.998841
lotka_volterra,"[2, 1, 4, 3, 5, 0]",0.998845
lotka_volterra,"[2, 1, 4, 5, 0, 3]",0.998518
lotka_volterra,"[2, 1, 4, 5, 3, 0]",0.998845
lotka_volterra,"[2, 1, 5, 0, 3, 4]",0.998219
lotka_volterra,"[2, 1, 5, 0, 4, 3]",0.998218
lotka_volterra,"[2, 1, 5, 3, 0, 4]",0.998928
lotka_volterra,"[2, 1, 5, 3, 4, 0]",0.998928
lotka_volterra,"[2, 1, 5, 4, 0, 3]",0.998218
lotka_volterra,"[2, 1, 5, 4, 3, 0]",0.998928
lotka_volterra,"[2, 3, 0, 1, 4, 5]",0.998841
lotka_volterra,"[2, 3, 0, 1, 5, 4]",0.998955
lotka_volterra,"[2, 3, 0, 4, 1, 5]",0.998838
lotka_volterra,"[2, 3, 0, 4, 5, 1]",0.99831
lotka_volterra,"[2, 3, 0, 5, 1, 4]",0.996433
lotka_volterra,"[2, 3, 0, 5, 4, 1]",0.991271
lotka_volterra,"[2, 3, 1, 0, 4, 5]",0.998841
lotka_volterra,"[2, 3, 1, 0, 5, 4]",0.998955
lotka_volterra,"[2, 3, 1, 4, 0, 5]",0.998841
lotka_volterra,"[2, 3, 1, 4, 5, 0]",0.998845
lotka_volterra,"[2, 3, 1, 5, 0, 4]",0.998928
lotka_volterra,"[2, 3, 1, 5, 4, 0]",0.998928
lotka_volterra,"[2, 3, 4, 0, 1, 5]",0.998838
lotka_volterra,"[2, 3, 4, 0, 5, 1]",0.99831
lotka_volterra,"[2, 3, 4, 1, 0, 5]",0.998838
lotka_volterra,"[2, 3, 4, 1, 5, 0]",0.998844
lotka_volterra,"[2, 3, 4, 5, 0, 1]",0.998313
lotka_volterra,"[2, 3, 4, 5, 1, 0]",0.998335
lotka_volterra,"[2, 3, 5, 0, 1, 4]",0.996495
lotka_volterra,"[2, 3, 5, 0, 4, 1]",0.991503
lotka_volterra,"[2, 3, 5, 1, 0, 4]",0.996441
lotka_volterra,"[2, 3, 5, 1, 4, 0]",0.996441
lotka_volterra,"[2, 3, 5, 4, 0, 1]",0.991503
lotka_volterra,"[2, 3, 5, 4, 1, 0]",0.991227
lotka_volterra,"[2, 4, 0, 1, 3, 5]",0.998838
lotka_volterra,"[2, 4, 0, 1, 5, 3]",0.998497
lotka_volterra,"[2, 4, 0, 3, 1, 5]",0.998838
lotka_volterra,"[2, 4, 0, 3, 5, 1]",0.99831
lotka_volterra,"[2, 4, 0, 5, 1, 3]",0.99831
lotka_volterra,"[2, 4, 0, 5, 3, 1]",0.99831
lotka_volterra,"[2, 4, 1, 0, 3, 5]",0.998838
lotka_volterra,"[2, 4, 1, 0, 5, 3]",0.998497
lotka_volterra,"[2, 4, 1, 3, 0, 5]",0.998838
lotka_volterra,"[2, 4, 1, 3, 5, 0]",0.998844
lotka_volterra,"[2, 4, 1, 5, 0, 3]",0.998503
lotka_volterra,"[2, 4, 1, 5, 3, 0]",0.998844
lotka_volterra,"[2, 4, 3, 0, 1, 5]",0.998838
lotka_volterra,"[2, 4, 3, 0, 5, 1]",0.99831
lotka_volterra,"[2, 4, 3, 1, 0, 5]",0.998838
lotka_volterra,"[2, 4, 3, 1, 5, 0]",0.998844
lotka_volterra,"[2, 4, 3, 5, 0, 1]",0.998313
lotka_volterra,"[2, 4, 3, 5, 1, 0]",0.998335
lotka_volterra,"[2, 4, 5, 0, 1, 3]",0.998313
lotka_volterra,"[2, 4, 5, 0, 3, 1]",0.998313
lotka_volterra,"[2, 4, 5, 1, 0, 3]",0.998335
lotka_volterra,"[2, 4, 5, 1, 3, 0]",0.998335
lotka_volterra,"[2, 4, 5, 3, 0, 1]",0.998313
lotka_volterra,"[2, 4, 5, 3, 1, 0]",0.998335
lotka_volterra,"[2, 5, 0, 1, 3, 4]",0.996495
lotka_volterra,"[2, 5, 0, 1, 4, 3]",0.996495
lotka_volterra,"[2, 5, 0, 3, 1, 4]",0.996495
lotka_volterra,"[2, 5, 0, 3, 4, 1]",0.991503
lotka_volterra,"[2, 5, 0, 4, 1, 3]",0.991503
lotka_volterra,"[2, 5, 0, 4, 3, 1]",0.991503
lotka_volterra,"[2, 5, 1, 0, 3, 4]",0.996441
lotka_volterra,"[2, 5, 1, 0, 4, 3]",0.996441
lotka_volterra,"[2, 5, 1, 3, 0, 4]",0.996441
lotka_volterra,"[2, 5, 1, 3, 4, 0]",0.996441
lotka_volterra,"[2, 5, 1, 4, 0, 3]",0.996441
lotka_volterra,"[2, 5, 1, 4, 3, 0]",0.996441
lotka_volterra,"[2, 5, 3, 0, 1, 4]",0.996495
lotka_volterra,"[2, 5, 3, 0, 4, 1]",0.991503
lotka_volterra,"[2, 5, 3, 1, 0, 4]",0.996441
lotka_volterra,"[2, 5, 3, 1, 4, 0]",0.996441
lotka_volterra,"[2, 5, 3, 4, 0, 1]",0.991503
lotka_volterra,"[2, 5, 3, 4, 1, 0]",0.991227
lotka_volterra,"[2, 5, 4, 0, 1, 3]",0.991503
lotka_volterra,"[2, 5, 4, 0, 3, 1]",0.991503
lotka_volterra,"[2, 5, 4, 1, 0, 3]",0.991227
lotka_volterra,"[2, 5, 4, 1, 3, 0]",0.991227
lotka_volterra,"[2, 5, 4, 3, 0, 1]",0.991503
lotka_volterra,"[2, 5, 4, 3, 1, 0]",0.991227
lotka_volterra,"[3, 0, 1, 2, 4, 5]",0.0
lotka_volterra,"[3, 0, 1, 2, 5, 4]",0.0
lotka_volterra,"[3, 0, 1, 4, 2, 5]",0.0
lotka_volterra,"[3, 0, 1, 4, 5, 2]",0.997843
lotka_volterra,"[3, 0, 1, 5, 2, 4]",0.998173
lotka_volterra,"[3, 0, 1, 5, 4, 2]",0.997871
lotka_volterra,"[3, 0, 2, 1, 4, 5]",0.0
lotka_volterra,"[3, 0, 2, 1, 5, 4]",0.0
lotka_volterra,"[3, 0, 2, 4, 1, 5]",0.0
lotka_volterra,"[3, 0, 2, 4, 5, 1]",0.0
lotka_volterra,"[3, 0, 2, 5, 1, 4]",0.0
lotka_volterra,"[3, 0, 2, 5, 4, 1]",0.0
lotka_volterra,"[3, 0, 4, 1, 2, 5]",0.0
lotka_volterra,"[3, 0, 4, 1, 5, 2]",0.997374
lotka_volterra,"[3, 0, 4, 2, 1, 5]",0.0
lotka_volterra,"[3, 0, 4, 2, 5, 1]",0.0
lotka_volterra,"[3, 0, 4, 5, 1, 2]",0.992851
lotka_volterra,"[3, 0, 4, 5, 2, 1]",0.996668
lotka_volterra,"[3, 0, 5, 1, 2, 4]",0.984362
lotka_volterra,"[3, 0, 5, 1, 4, 2]",0.143233
lotka_volterra,"[3, 0, 5, 2, 1, 4]",0.996788
lotka_volterra,"[3, 0, 5, 2, 4, 1]",0.991742
lotka_volterra,"[3, 0, 5, 4, 1, 2]",0.0
lotka_volterra,"[3, 0, 5, 4, 2, 1]",0.996784
lotka_volterra,"[3, 1, 0, 2, 4, 5]",0.0
lotka_volterra,"[3, 1, 0, 2, 5, 4]",0.0
lotka_volterra,"[3, 1, 0, 4, 2, 5]",0.0
lotka_volterra,"[3, 1, 0, 4, 5, 2]",0.997905
lotka_volterra,"[3, 1, 0, 5, 2, 4]",0.998483
lotka_volterra,"[3, 1, 0, 5, 4, 2]",0.997815
lotka_volterra,"[3, 1, 2, 0, 4, 5]",0.998347
lotka_volterra,"[3, 1, 2, 0, 5, 4]",0.998474
lotka_volterra,"[3, 1, 2, 4, 0, 5]",0.998347
lotka_volterra,"[3, 1, 2, 4, 5, 0]",0.998353
lotka_volterra,"[3, 1, 2, 5, 0, 4]",0.998455
lotka_volterra,"[3, 1, 2, 5, 4, 0]",0.998455
lotka_volterra,"[3, 1, 4, 0, 2, 5]",0.0
lotka_volterra,"[3, 1, 4, 0, 5, 2]",0.997905
lotka_volterra,"[3, 1, 4, 2, 0, 5]",0.997928
lotka_volterra,"[3, 1, 4, 2, 5, 0]",0.997913
lotka_volterra,"[3, 1, 4, 5, 0, 2]",0.997867
lotka_volterra,"[3, 1, 4, 5, 2, 0]",0.997913
lotka_volterra,"[3, 1, 5, 0, 2, 4]",0.998443
lotka_volterra,"[3, 1, 5, 0, 4, 2]",0.997866
lotka_volterra,"[3, 1, 5, 2, 0, 4]",0.998455
lotka_volterra,"[3, 1, 5, 2, 4, 0]",0.998455
lotka_volterra,"[3, 1, 5, 4, 0, 2]",0.997866
lotka_volterra,"[3, 1, 5, 4, 2, 0]",0.997878
lotka_volterra,"[3, 2, 0, 1, 4, 5]",0.998841
lotka_volterra,"[3, 2, 0, 1, 5, 4]",0.998955
lotka_volterra,"[3, 2, 0, 4, 1, 5]",0.998838
lotka_volterra,"[3, 2, 0, 4, 5, 1]",0.99831
lotka_volterra,"[3, 2, 0, 5, 1, 4]",0.996433
lotka_volterra,"[3, 2, 0, 5, 4, 1]",0.991271
lotka_volterra,"[3, 2, 1, 0, 4, 5]",0.998841
lotka_volterra,"[3, 2, 1, 0, 5, 4]",0.998955
lotka_volterra,"[3, 2, 1, 4, 0, 5]",0.998841
lotka_volterra,"[3, 2, 1, 4, 5, 0]",0.998845
lotka_volterra,"[3, 2, 1, 5, 0, 4]",0.998928
lotka_volterra,"[3, 2, 1, 5, 4, 0]",0.998928
lotka_volterra,"[3, 2, 4, 0, 1, 5]",0.998838
lotka_volterra,"[3, 2, 4, 0, 5, 1]",0.99831
lotka_volterra,"[3, 2, 4, 1, 0, 5]",0.998838
lotka_volterra,"[3, 2, 4, 1, 5, 0]",0.998844
lotka_volterra,"[3, 2, 4, 5, 0, 1]",0.998313
lotka_volterra,"[3, 2, 4, 5, 1, 0]",0.998335
lotka_volterra,"[3, 2, 5, 0, 1, 4]",0.996495
lotka_volterra,"[3, 2, 5, 0, 4, 1]",0.991503
lotka_volterra,"[3, 2, 5, 1, 0, 4]",0.996441
lotka_volterra,"[3, 2, 5, 1, 4, 0]",0.996441
lotka_volterra,"[3, 2, 5, 4, 0, 1]",0.991503
lotka_volterra,"[3, 2, 5, 4, 1, 0]",0.991227
lotka_volterra,"[3, 4, 0, 1, 2, 5]",0.0
lotka_volterra,"[3, 4, 0, 1, 5, 2]",0.997374
lotka_volterra,"[3, 4, 0, 2, 1, 5]",0.0
lotka_volterra,"[3, 4, 0, 2, 5, 1]",0.0
lotka_volterra,"[3, 4, 0, 5, 1, 2]",0.992851
lotka_volterra,"[3, 4, 0, 5, 2, 1]",0.996668
lotka_volterra,"[3, 4, 1, 0, 2, 5]",0.0
lotka_volterra,"[3, 4, 1, 0, 5, 2]",0.997389
lotka_volterra,"[3, 4, 1, 2, 0, 5]",0.997392
lotka_volterra,"[3, 4, 1, 2, 5, 0]",0.997395
lotka_volterra,"[3, 4, 1, 5, 0, 2]",0.9974
lotka_volterra,"[3, 4, 1, 5, 2, 0]",0.997395
lotka_volterra,"[3, 4, 2, 0, 1, 5]",0.997937
lotka_volterra,"[3, 4, 2, 0, 5, 1]",0.996545
lotka_volterra,"[3, 4, 2, 1, 0, 5]",0.997933
lotka_volterra,"[3, 4, 2, 1, 5, 0]",0.997912
lotka_volterra,"[3, 4, 2, 5, 0, 1]",0.996483
lotka_volterra,"[3, 4, 2, 5, 1, 0]",0.996545
lotka_volterra,"[3, 4, 5, 0, 1, 2]",0.992017
lotka_volterra,"[3, 4, 5, 0, 2, 1]",0.996403
lotka_volterra,"[3, 4, 5, 1, 0, 2]",0.992051
lotka_volterra,"[3, 4, 5, 1, 2, 0]",0.992085
lotka_volterra,"[3, 4, 5, 2, 0, 1]",0.996483
lotka_volterra,"[3, 4, 5, 2, 1, 0]",0.996545
lotka_volterra,"[3, 5, 0, 1, 2, 4]",0.985228
lotka_volterra,"[3, 5, 0, 1, 4, 2]",0.0
lotka_volterra,"[3, 5, 0, 2, 1, 4]",0.996379
lotka_volterra,"[3, 5, 0, 2, 4, 1]",0.99104
lotka_volterra,"[3, 5, 0, 4, 1, 2]",0.0
lotka_volterra,"[3, 5, 0, 4, 2, 1]",0.996839
lotka_volterra,"[3, 5, 1, 0, 2, 4]",0.984663
lotka_volterra,"[3, 5, 1, 0, 4, 2]",0.985361
lotka_volterra,"[3, 5, 1, 2, 0, 4]",0.984549
lotka_volterra,"[3, 5, 1, 2, 4, 0]",0.984549
lotka_volterra,"[3, 5, 1, 4, 0, 2]",0.985361
lotka_volterra,"[3, 5, 1, 4, 2, 0]",0.985141
lotka_volterra,"[3, 5, 2, 0, 1, 4]",0.996495
lotka_volterra,"[3, 5, 2, 0, 4, 1]",0.991503
lotka_volterra,"[3, 5, 2, 1, 0, 4]",0.996441
lotka_volterra,"[3, 5, 2, 1, 4, 0]",0.996441
lotka_volterra,"[3, 5, 2, 4, 0, 1]",0.991503
lotka_volterra,"[3, 5, 2, 4, 1, 0]",0.991227
lotka_volterra,"[3, 5, 4, 0, 1, 2]",0.0
lotka_volterra,"[3, 5, 4, 0, 2, 1]",0.996839
lotka_volterra,"[3, 5, 4, 1, 0, 2]",0.0
lotka_volterra,"[3, 5, 4, 1, 2, 0]",0.0
lotka_volterra,"[3, 5, 4, 2, 0, 1]",0.996762
lotka_volterra,"[3, 5, 4, 2, 1, 0]",0.996835
lotka_volterra,"[4, 0, 1, 2, 3, 5]",0.0
lotka_volterra,"[4, 0, 1, 2, 5, 3]",0.0
lotka_volterra,"[4, 0, 1, 3, 2, 5]",0.0
lotka_volterra,"[4, 0, 1, 3, 5, 2]",0.997374
lotka_volterra,"[4, 0, 1, 5, 2, 3]",0.997376
lotka_volterra,"[4, 0, 1, 5, 3, 2]",0.988995
lotka_volterra,"[4, 0, 2, 1, 3, 5]",0.0
lotka_volterra,"[4, 0, 2, 1, 5, 3]",0.0
lotka_volterra,"[4, 0, 2, 3, 1, 5]",0.0
lotka_volterra,"[4, 0, 2, 3, 5, 1]",0.0
lotka_volterra,"[4, 0, 2, 5, 1, 3]",0.0
lotka_volterra,"[4, 0, 2, 5, 3, 1]",0.0
lotka_volterra,"[4, 0, 3, 1, 2, 5]",0.0
lotka_volterra,"[4, 0, 3, 1, 5, 2]",0.997374
lotka_volterra,"[4, 0, 3, 2, 1, 5]",0.0
lotka_volterra,"[4, 0, 3, 2, 5, 1]",0.0
lotka_volterra,"[4, 0, 3, 5, 1, 2]",0.992851
lotka_volterra,"[4, 0, 3, 5, 2, 1]",0.996668
lotka_volterra,"[4, 0, 5, 1, 2, 3]",0.992851
lotka_volterra,"[4, 0, 5, 1, 3, 2]",0.992338
lotka_volterra,"[4, 0, 5, 2, 1, 3]",0.996668
lotka_volterra,"[4, 0, 5, 2, 3, 1]",0.996668
lotka_volterra,"[4, 0, 5, 3, 1, 2]",0.992851
lotka_volterra,"[4, 0, 5, 3, 2, 1]",0.993296
lotka_volterra,"[4, 1, 0, 2, 3, 5]",0.0
lotka_volterra,"[4, 1, 0, 2, 5, 3]",0.0
lotka_volterra,"[4, 1, 0, 3, 2, 5]",0.0
lotka_volterra,"[4, 1, 0, 3, 5, 2]",0.997389
lotka_volterra,"[4, 1, 0, 5, 2, 3]",0.99739
lotka_volterra,"[4, 1, 0, 5, 3, 2]",0.988928
lotka_volterra,"[4, 1, 2, 0, 3, 5]",0.997392
lotka_volterra,"[4, 1, 2, 0, 5, 3]",0.997385
lotka_volterra,"[4, 1, 2, 3, 0, 5]",0.997392
lotka_volterra,"[4, 1, 2, 3, 5, 0]",0.997395
lotka_volterra,"[4, 1, 2, 5, 0, 3]",0.997388
lotka_volterra,"[4, 1, 2, 5, 3, 0]",0.997395
lotka_volterra,"[4, 1, 3, 0, 2, 5]",0.0
lotka_volterra,"[4, 1, 3, 0, 5, 2]",0.997389
lotka_volterra,"[4, 1, 3, 2, 0, 5]",0.997392
lotka_volterra,"[4, 1, 3, 2, 5, 0]",0.997395
lotka_volterra,"[4, 1, 3, 5, 0, 2]",0.9974
lotka_volterra,"[4, 1, 3, 5, 2, 0]",0.997395
lotka_volterra,"[4, 1, 5, 0, 2, 3]",0.997391
lotka_volterra,"[4, 1, 5, 0, 3, 2]",0.988484
lotka_volterra,"[4, 1, 5, 2, 0, 3]",0.997388
lotka_volterra,"[4, 1, 5, 2, 3, 0]",0.997395
lotka_volterra,"[4, 1, 5, 3, 0, 2]",0.990431
lotka_volterra,"[4, 1, 5, 3, 2, 0]",0.990479
lotka_volterra,"[4, 2, 0, 1, 3, 5]",0.997937
lotka_volterra,"[4, 2, 0, 1, 5, 3]",0.99793
lotka_volterra,"[4, 2, 0, 3, 1, 5]",0.997937
lotka_volterra,"[4, 2, 0, 3, 5, 1]",0.996545
lotka_volterra,"[4, 2, 0, 5, 1, 3]",0.996545
lotka_volterra,"[4, 2, 0, 5, 3, 1]",0.996545
lotka_volterra,"[4, 2, 1, 0, 3, 5]",0.997933
lotka_volterra,"[4, 2, 1, 0, 5, 3]",0.997926
lotka_volterra,"[4, 2, 1, 3, 0, 5]",0.997933
lotka_volterra,"[4, 2, 1, 3, 5, 0]",0.997912
lotka_volterra,"[4, 2, 1, 5, 0, 3]",0.997904
lotka_volterra,"[4, 2, 1, 5, 3, 0]",0.997912
lotka_volterra,"[4, 2, 3, 0, 1, 5]",0.997937
lotka_volterra,"[4, 2, 3, 0, 5, 1]",0.996545
lotka_volterra,"[4, 2, 3, 1, 0, 5]",0.997933
lotka_volterra,"[4, 2, 3, 1, 5, 0]",0.997912
lotka_volterra,"[4, 2, 3, 5, 0, 1]",0.996483
lotka_volterra,"[4, 2, 3, 5, 1, 0]",0.996545
lotka_volterra,"[4, 2, 5, 0, 1, 3]",0.996483
lotka_volterra,"[4, 2, 5, 0, 3, 1]",0.996483
lotka_volterra,"[4, 2, 5, 1, 0, 3]",0.996545
lotka_volterra,"[4, 2, 5, 1, 3, 0]",0.996545
lotka_volterra,"[4, 2, 5, 3, 0, 1]",0.996483
lotka_volterra,"[4, 2, 5, 3, 1, 0]",0.996545
lotka_volterra,"[4, 3, 0, 1, 2, 5]",0.0
lotka_volterra,"[4, 3, 0, 1, 5, 2]",0.997374
lotka_volterra,"[4, 3, 0, 2, 1, 5]",0.0
lotka_volterra,"[4, 3, 0, 2, 5, 1]",0.0
lotka_volterra,"[4, 3, 0, 5, 1, 2]",0.992851
lotka_volterra,"[4, 3, 0, 5, 2, 1]",0.996668
lotka_volterra,"[4, 3, 1, 0, 2, 5]",0.0
lotka_volterra,"[4, 3, 1, 0, 5, 2]",0.997389
lotka_volterra,"[4, 3, 1, 2, 0, 5]",0.997392
lotka_volterra,"[4, 3, 1, 2, 5, 0]",0.997395
lotka_volterra,"[4, 3, 1, 5, 0, 2]",0.9974
lotka_volterra,"[4, 3, 1, 5, 2, 0]",0.997395
lotka_volterra,"[4, 3, 2, 0, 1, 5]",0.997937
lotka_volterra,"[4, 3, 2, 0, 5, 1]",0.996545
lotka_volterra,"[4, 3, 2, 1, 0, 5]",0.997933
lotka_volterra,"[4, 3, 2, 1, 5, 0]",0.997912
lotka_volterra,"[4, 3, 2, 5, 0, 1]",0.996483
lotka_volterra,"[4, 3, 2, 5, 1, 0]",0.996545
lotka_volterra,"[4, 3, 5, 0, 1, 2]",0.992017
lotka_volterra,"[4, 3, 5, 0, 2, 1]",0.996403
lotka_volterra,"[4, 3, 5, 1, 0, 2]",0.992051
lotka_volterra,"[4, 3, 5, 1, 2, 0]",0.992085
lotka_volterra,"[4, 3, 5, 2, 0, 1]",0.996483
lotka_volterra,"[4, 3, 5, 2, 1, 0]",0.996545
lotka_volterra,"[4, 5, 0, 1, 2, 3]",0.992017
lotka_volterra,"[4, 5, 0, 1, 3, 2]",0.991304
lotka_volterra,"[4, 5, 0, 2, 1, 3]",0.996403
lotka_volterra,"[4, 5, 0, 2, 3, 1]",0.996403
lotka_volterra,"[4, 5, 0, 3, 1, 2]",0.992017
lotka_volterra,"[4, 5, 0, 3, 2, 1]",0.992838
lotka_volterra,"[4, 5, 1, 0, 2, 3]",0.992051
lotka_volterra,"[4, 5, 1, 0, 3, 2]",0.991346
lotka_volterra,"[4, 5, 1, 2, 0, 3]",0.992085
lotka_volterra,"[4, 5, 1, 2, 3, 0]",0.992085
lotka_volterra,"[4, 5, 1, 3, 0, 2]",0.99165
lotka_volterra,"[4, 5, 1, 3, 2, 0]",0.991689
lotka_volterra,"[4, 5, 2, 0, 1, 3]",0.996483
lotka_volterra,"[4, 5, 2, 0, 3, 1]",0.996483
lotka_volterra,"[4, 5, 2, 1, 0, 3]",0.996545
lotka_volterra,"[4, 5, 2, 1, 3, 0]",0.996545
lotka_volterra,"[4, 5, 2, 3, 0, 1]",0.996483
lotka_volterra,"[4, 5, 2, 3, 1, 0]",0.996545
lotka_volterra,"[4, 5, 3, 0, 1, 2]",0.992017
lotka_volterra,"[4, 5, 3, 0, 2, 1]",0.99366
lotka_volterra,"[4, 5, 3, 1, 0, 2]",0.992051
lotka_volterra,"[4, 5, 3, 1, 2, 0]",0.992085
lotka_volterra,"[4, 5, 3, 2, 0, 1]",0.99377
lotka_volterra,"[4, 5, 3, 2, 1, 0]",0.993867
lotka_volterra,"[5, 0, 1, 2, 3, 4]",0.986216
lotka_volterra,"[5, 0, 1, 2, 4, 3]",0.986211
lotka_volterra,"[5, 0, 1, 3, 2, 4]",0.985995
lotka_volterra,"[5, 0, 1, 3, 4, 2]",0.0
lotka_volterra,"[5, 0, 1, 4, 2, 3]",0.0
lotka_volterra,"[5, 0, 1, 4, 3, 2]",0.0
lotka_volterra,"[5, 0, 2, 1, 3, 4]",0.996379
lotka_volterra,"[5, 0, 2, 1, 4, 3]",0.996379
lotka_volterra,"[5, 0, 2, 3, 1, 4]",0.996379
lotka_volterra,"[5, 0, 2, 3, 4, 1]",0.99104
lotka_volterra,"[5, 0, 2, 4, 1, 3]",0.99104
lotka_volterra,"[5, 0, 2, 4, 3, 1]",0.99104
lotka_volterra,"[5, 0, 3, 1, 2, 4]",0.985228
lotka_volterra,"[5, 0, 3, 1, 4, 2]",0.0
lotka_volterra,"[5, 0, 3, 2, 1, 4]",0.993049
lotka_volterra,"[5, 0, 3, 2, 4, 1]",0.987643
lotka_volterra,"[5, 0, 3, 4, 1, 2]",0.0
lotka_volterra,"[5, 0, 3, 4, 2, 1]",0.994236
lotka_volterra,"[5, 0, 4, 1, 2, 3]",0.0
lotka_volterra,"[5, 0, 4, 1, 3, 2]",0.0
lotka_volterra,"[5, 0, 4, 2, 1, 3]",0.996839
lotka_volterra,"[5, 0, 4, 2, 3, 1]",0.996839
lotka_volterra,"[5, 0, 4, 3, 1, 2]",0.0
lotka_volterra,"[5, 0, 4, 3, 2, 1]",0.994255
lotka_volterra,"[5, 1, 0, 2, 3, 4]",0.985661
lotka_volterra,"[5, 1, 0, 2, 4, 3]",0.985656
lotka_volterra,"[5, 1, 0, 3, 2, 4]",0.985475
lotka_volterra,"[5, 1, 0, 3, 4, 2]",0.98501
lotka_volterra,"[5, 1, 0, 4, 2, 3]",0.985541
lotka_volterra,"[5, 1, 0, 4, 3, 2]",0.985052
lotka_volterra,"[5, 1, 2, 0, 3, 4]",0.985543
lotka_volterra,"[5, 1, 2, 0, 4, 3]",0.985539
lotka_volterra,"[5, 1, 2, 3, 0, 4]",0.9852
lotka_volterra,"[5, 1, 2, 3, 4, 0]",0.9852
lotka_volterra,"[5, 1, 2, 4, 0, 3]",0.985539
lotka_volterra,"[5, 1, 2, 4, 3, 0]",0.985191
lotka_volterra,"[5, 1, 3, 0, 2, 4]",0.985347
lotka_volterra,"[5, 1, 3, 0, 4, 2]",0.985244
lotka_volterra,"[5, 1, 3, 2, 0, 4]",0.985238
lotka_volterra,"[5, 1, 3, 2, 4, 0]",0.985238
lotka_volterra,"[5, 1, 3, 4, 0, 2]",0.985244
lotka_volterra,"[5, 1, 3, 4, 2, 0]",0.985055
lotka_volterra,"[5, 1, 4, 0, 2, 3]",0.985541
lotka_volterra,"[5, 1, 4, 0, 3, 2]",0.985052
lotka_volterra,"[5, 1, 4, 2, 0, 3]",0.985321
lotka_volterra,"[5, 1, 4, 2, 3, 0]",0.985194
lotka_volterra,"[5, 1, 4, 3, 0, 2]",0.985267
lotka_volterra,"[5, 1, 4, 3, 2, 0]",0.985077
lotka_volterra,"[5, 2, 0, 1, 3, 4]",0.996495
lotka_volterra,"[5, 2, 0, 1, 4, 3]",0.996495
lotka_volterra,"[5, 2, 0, 3, 1, 4]",0.996495
lotka_volterra,"[5, 2, 0, 3, 4, 1]",0.991503
lotka_volterra,"[5, 2, 0, 4, 1, 3]",0.991503
lotka_volterra,"[5, 2, 0, 4, 3, 1]",0.991503
lotka_volterra,"[5, 2, 1, 0, 3, 4]",0.996441
lotka_volterra,"[5, 2, 1, 0, 4, 3]",0.996441
lotka_volterra,"[5, 2, 1, 3, 0, 4]",0.996441
lotka_volterra,"[5, 2, 1, 3, 4, 0]",0.996441
lotka_volterra,"[5, 2, 1, 4, 0, 3]",0.996441
lotka_volterra,"[5, 2, 1, 4, 3, 0]",0.996441
lotka_volterra,"[5, 2, 3, 0, 1, 4]",0.996495
lotka_volterra,"[5, 2, 3, 0, 4, 1]",0.991503
lotka_volterra,"[5, 2, 3, 1, 0, 4]",0.996441
lotka_volterra,"[5, 2, 3, 1, 4, 0]",0.996441
lotka_volterra,"[5, 2, 3, 4, 0, 1]",0.991503
lotka_volterra,"[5, 2, 3, 4, 1, 0]",0.991227
lotka_volterra,"[5, 2, 4, 0, 1, 3]",0.991503
lotka_volterra,"[5, 2, 4, 0, 3, 1]",0.991503
lotka_volterra,"[5, 2, 4, 1, 0, 3]",0.991227
lotka_volterra,"[5, 2, 4, 1, 3, 0]",0.991227
lotka_volterra,"[5, 2, 4, 3, 0, 1]",0.991503
lotka_volterra,"[5, 2, 4, 3, 1, 0]",0.991227
lotka_volterra,"[5, 3, 0, 1, 2, 4]",0.985228
lotka_volterra,"[5, 3, 0, 1, 4, 2]",0.0
lotka_volterra,"[5, 3, 0, 2, 1, 4]",0.993329
lotka_volterra,"[5, 3, 0, 2, 4, 1]",0.987893
lotka_volterra,"[5, 3, 0, 4, 1, 2]",0.0
lotka_volterra,"[5, 3, 0, 4, 2, 1]",0.994547
lotka_volterra,"[5, 3, 1, 0, 2, 4]",0.984663
lotka_volterra,"[5, 3, 1, 0, 4, 2]",0.985361
lotka_volterra,"[5, 3, 1, 2, 0, 4]",0.984549
lotka_volterra,"[5, 3, 1, 2, 4, 0]",0.984549
lotka_volterra,"[5, 3, 1, 4, 0, 2]",0.985361
lotka_volterra,"[5, 3, 1, 4, 2, 0]",0.985141
lotka_volterra,"[5, 3, 2, 0, 1, 4]",0.993449
lotka_volterra,"[5, 3, 2, 0, 4, 1]",0.988349
lotka_volterra,"[5, 3, 2, 1, 0, 4]",0.993393
lotka_volterra,"[5, 3, 2, 1, 4, 0]",0.993393
lotka_volterra,"[5, 3, 2, 4, 0, 1]",0.988349
lotka_volterra,"[5, 3, 2, 4, 1, 0]",0.988081
lotka_volterra,"[5, 3, 4, 0, 1, 2]",0.0
lotka_volterra,"[5, 3, 4, 0, 2, 1]",0.994547
lotka_volterra,"[5, 3, 4, 1, 0, 2]",0.0
lotka_volterra,"[5, 3, 4, 1, 2, 0]",0.0
lotka_volterra,"[5, 3, 4, 2, 0, 1]",0.994755
lotka_volterra,"[5, 3, 4, 2, 1, 0]",0.994712
lotka_volterra,"[5, 4, 0, 1, 2, 3]",0.0
lotka_volterra,"[5, 4, 0, 1, 3, 2]",0.0
lotka_volterra,"[5, 4, 0, 2, 1, 3]",0.996839
lotka_volterra,"[5, 4, 0, 2, 3, 1]",0.996839
lotka_volterra,"[5, 4, 0, 3, 1, 2]",0.0
lotka_volterra,"[5, 4, 0, 3, 2, 1]",0.994255
lotka_volterra,"[5, 4, 1, 0, 2, 3]",0.0
lotka_volterra,"[5, 4, 1, 0, 3, 2]",0.0
lotka_volterra,"[5, 4, 1, 2, 0, 3]",0.0
lotka_volterra,"[5, 4, 1, 2, 3, 0]",0.0
lotka_volterra,"[5, 4, 1, 3, 0, 2]",0.0
lotka_volterra,"[5, 4, 1, 3, 2, 0]",0.0
lotka_volterra,"[5, 4, 2, 0, 1, 3]",0.996762
lotka_volterra,"[5, 4, 2, 0, 3, 1]",0.996762
lotka_volterra,"[5, 4, 2, 1, 0, 3]",0.996835
lotka_volterra,"[5, 4, 2, 1, 3, 0]",0.996835
lotka_volterra,"[5, 4, 2, 3, 0, 1]",0.996762
lotka_volterra,"[5, 4, 2, 3, 1, 0]",0.996835
lotka_volterra,"[5, 4, 3, 0, 1, 2]",0.0
lotka_volterra,"[5, 4, 3, 0, 2, 1]",0.994615
lotka_volterra,"[5, 4, 3, 1, 0, 2]",0.0
lotka_volterra,"[5, 4, 3, 1, 2, 0]",0.0
lotka_volterra,"[5, 4, 3, 2, 0, 1]",0.994828
lotka_volterra,"[5, 4, 3, 2, 1, 0]",0.994783
