landscape,family,n,method,seed,budget,evaluated,hit,best,optimum,regret,auc,best_at_15,best_at_25,best_at_50,best_at_100,best_at_200,hit_by_15,hit_by_25,hit_by_50,hit_by_100,hit_by_200
sciml_cubic_oscillator,sciml,6,uniform,0,200,200,190,0.999478,0.999478,0.0,0.99724887,0.997706,0.997706,0.998231,0.998995,0.999478,0,0,0,0,1
sciml_cubic_oscillator,sciml,6,uniform,1,200,200,60,0.999478,0.999478,0.0,0.99898086,0.997885,0.998408,0.998408,0.999478,0.999478,0,0,0,1,1
sciml_cubic_oscillator,sciml,6,uniform,2,200,200,160,0.999478,0.999478,0.0,0.99774942,0.998392,0.998392,0.998392,0.998392,0.999478,0,0,0,0,1
sciml_cubic_oscillator,sciml,6,uniform,3,200,200,156,0.999478,0.999478,0.0,0.99831027,0.998408,0.998995,0.998995,0.998995,0.999478,0,0,0,0,1
sciml_cubic_oscillator,sciml,6,uniform,4,200,200,112,0.999478,0.999478,0.0,0.99773522,0.998231,0.998231,0.998995,0.998995,0.999478,0,0,0,0,1
sciml_cubic_oscillator,sciml,6,uniform,5,200,200,149,0.999478,0.999478,0.0,0.99900253,0.997705,0.998995,0.998995,0.998995,0.999478,0,0,0,0,1
sciml_cubic_oscillator,sciml,6,uniform,6,200,200,128,0.999478,0.999478,0.0,0.99893115,0.997593,0.998392,0.998889,0.998889,0.999478,0,0,0,0,1
sciml_cubic_oscillator,sciml,6,uniform,7,200,200,78,0.999478,0.999478,0.0,0.99924746,0.998995,0.998995,0.998995,0.999478,0.999478,0,0,0,1,1
sciml_cubic_oscillator,sciml,6,uniform,8,200,200,101,0.999478,0.999478,0.0,0.99804138,0.997682,0.997682,0.998252,0.998995,0.999478,0,0,0,0,1
sciml_cubic_oscillator,sciml,6,uniform,9,200,200,145,0.999478,0.999478,0.0,0.99759012,0.99762,0.998995,0.998995,0.998995,0.999478,0,0,0,0,1
sciml_cubic_oscillator,sciml,6,uniform,10,200,200,138,0.999478,0.999478,0.0,0.99900982,0.998995,0.998995,0.998995,0.998995,0.999478,0,0,0,0,1
sciml_cubic_oscillator,sciml,6,uniform,11,200,200,30,0.999478,0.999478,0.0,0.99868875,0.997885,0.99827,0.999478,0.999478,0.999478,0,0,1,1,1
sciml_cubic_oscillator,sciml,6,uniform,12,200,200,106,0.999478,0.999478,0.0,0.99830086,0.997705,0.998995,0.998995,0.998995,0.999478,0,0,0,0,1
sciml_cubic_oscillator,sciml,6,uniform,13,200,200,187,0.999478,0.999478,0.0,0.99841639,0.998995,0.998995,0.998995,0.998995,0.999478,0,0,0,0,1
sciml_cubic_oscillator,sciml,6,uniform,14,200,200,5,0.999478,0.999478,0.0,0.99932396,0.999478,0.999478,0.999478,0.999478,0.999478,1,1,1,1,1
sciml_cubic_oscillator,sciml,6,uniform,15,200,200,27,0.999478,0.999478,0.0,0.99906876,0.99827,0.998995,0.999478,0.999478,0.999478,0,0,1,1,1
sciml_cubic_oscillator,sciml,6,uniform,16,200,200,52,0.999478,0.999478,0.0,0.99898301,0.996309,0.998387,0.998408,0.999478,0.999478,0,0,0,1,1
sciml_cubic_oscillator,sciml,6,uniform,17,200,200,,0.998995,0.999478,0.000483,0.99849964,0.99827,0.99827,0.998995,0.998995,0.998995,0,0,0,0,0
sciml_cubic_oscillator,sciml,6,uniform,18,200,200,,0.998995,0.999478,0.000483,0.99896982,0.998995,0.998995,0.998995,0.998995,0.998995,0,0,0,0,0
sciml_cubic_oscillator,sciml,6,uniform,19,200,200,,0.998995,0.999478,0.000483,0.9986466,0.998995,0.998995,0.998995,0.998995,0.998995,0,0,0,0,0
sciml_cubic_oscillator,sciml,6,uniform,20,200,200,,0.998995,0.999478,0.000483,0.99771455,0.998166,0.998252,0.998252,0.998408,0.998995,0,0,0,0,0
sciml_cubic_oscillator,sciml,6,uniform,21,200,200,106,0.999478,0.999478,0.0,0.99777627,0.997721,0.997806,0.998283,0.998995,0.999478,0,0,0,0,1
sciml_cubic_oscillator,sciml,6,uniform,22,200,200,60,0.999478,0.999478,0.0,0.99903268,0.998889,0.998889,0.998889,0.999478,0.999478,0,0,0,1,1
sciml_cubic_oscillator,sciml,6,uniform,23,200,200,51,0.999478,0.999478,0.0,0.9990248,0.99762,0.998392,0.998995,0.999478,0.999478,0,0,0,1,1
sciml_cubic_oscillator,sciml,6,uniform,24,200,200,184,0.999478,0.999478,0.0,0.99814413,0.998995,0.998995,0.998995,0.998995,0.999478,0,0,0,0,1
sciml_cubic_oscillator,sciml,6,uniform,25,200,200,,0.998995,0.999478,0.000483,0.99887281,0.998387,0.998995,0.998995,0.998995,0.998995,0,0,0,0,0
sciml_cubic_oscillator,sciml,6,uniform,26,200,200,44,0.999478,0.999478,0.0,0.9991436,0.99827,0.99827,0.999478,0.999478,0.999478,0,0,1,1,1
sciml_cubic_oscillator,sciml,6,uniform,27,200,200,57,0.999478,0.999478,0.0,0.99895995,0.997313,0.997682,0.998283,0.999478,0.999478,0,0,0,1,1
sciml_cubic_oscillator,sciml,6,uniform,28,200,200,28,0.999478,0.999478,0.0,0.99917357,0.997885,0.997885,0.999478,0.999478,0.999478,0,0,1,1,1
sciml_cubic_oscillator,sciml,6,uniform,29,200,200,106,0.999478,0.999478,0.0,0.99800798,0.997706,0.998258,0.998889,0.998995,0.999478,0,0,0,0,1
sciml_cubic_oscillator,sciml,6,uniform,30,200,200,,0.998995,0.999478,0.000483,0.99854507,0.99762,0.997624,0.998387,0.998889,0.998995,0,0,0,0,0
sciml_cubic_oscillator,sciml,6,uniform,31,200,200,,0.998995,0.999478,0.000483,0.99860947,0.997706,0.997706,0.997885,0.998995,0.998995,0,0,0,0,0
sciml_cubic_oscillator,sciml,6,uniform,32,200,200,,0.998995,0.999478,0.000483,0.99866135,0.998392,0.998995,0.998995,0.998995,0.998995,0,0,0,0,0
sciml_cubic_oscillator,sciml,6,uniform,33,200,200,,0.998995,0.999478,0.000483,0.9974791,0.998392,0.998889,0.998995,0.998995,0.998995,0,0,0,0,0
sciml_cubic_oscillator,sciml,6,uniform,34,200,200,162,0.999478,0.999478,0.0,0.99863948,0.997806,0.998889,0.998995,0.998995,0.999478,0,0,0,0,1
sciml_cubic_oscillator,sciml,6,uniform,35,200,200,188,0.999478,0.999478,0.0,0.99897031,0.998995,0.998995,0.998995,0.998995,0.999478,0,0,0,0,1
sciml_cubic_oscillator,sciml,6,uniform,36,200,200,192,0.999478,0.999478,0.0,0.9986772,0.997682,0.998252,0.998995,0.998995,0.999478,0,0,0,0,1
sciml_cubic_oscillator,sciml,6,uniform,37,200,200,159,0.999478,0.999478,0.0,0.99777928,0.997571,0.998889,0.998889,0.998889,0.999478,0,0,0,0,1
sciml_cubic_oscillator,sciml,6,uniform,38,200,200,141,0.999478,0.999478,0.0,0.99889213,0.998283,0.998408,0.998408,0.998995,0.999478,0,0,0,0,1
sciml_cubic_oscillator,sciml,6,uniform,39,200,200,177,0.999478,0.999478,0.0,0.99878459,0.998392,0.998392,0.998392,0.998995,0.999478,0,0,0,0,1
sciml_cubic_oscillator,sciml,6,ls_swap,0,200,200,25,0.999478,0.999478,0.0,0.99923269,0.998392,0.999478,0.999478,0.999478,0.999478,0,1,1,1,1
sciml_cubic_oscillator,sciml,6,ls_swap,1,200,200,66,0.999478,0.999478,0.0,0.99761579,0.998283,0.998995,0.998995,0.999478,0.999478,0,0,0,1,1
sciml_cubic_oscillator,sciml,6,ls_swap,2,200,200,88,0.999478,0.999478,0.0,0.99876628,0.99762,0.99762,0.99827,0.999478,0.999478,0,0,0,1,1
sciml_cubic_oscillator,sciml,6,ls_swap,3,200,200,119,0.999478,0.999478,0.0,0.99880055,0.996417,0.998231,0.998995,0.998995,0.999478,0,0,0,0,1
sciml_cubic_oscillator,sciml,6,ls_swap,4,200,200,26,0.999478,0.999478,0.0,0.99875006,0.998387,0.998392,0.999478,0.999478,0.999478,0,0,1,1,1
sciml_cubic_oscillator,sciml,6,ls_swap,5,200,200,91,0.999478,0.999478,0.0,0.99920962,0.998995,0.998995,0.998995,0.999478,0.999478,0,0,0,1,1
sciml_cubic_oscillator,sciml,6,ls_swap,6,200,200,26,0.999478,0.999478,0.0,0.99921405,0.998387,0.998392,0.999478,0.999478,0.999478,0,0,1,1,1
sciml_cubic_oscillator,sciml,6,ls_swap,7,200,200,118,0.999478,0.999478,0.0,0.99827567,0.995667,0.998252,0.99827,0.998995,0.999478,0,0,0,0,1
sciml_cubic_oscillator,sciml,6,ls_swap,8,200,200,86,0.999478,0.999478,0.0,0.99735226,0.998408,0.998408,0.998408,0.999478,0.999478,0,0,0,1,1
sciml_cubic_oscillator,sciml,6,ls_swap,9,200,200,134,0.999478,0.999478,0.0,0.99864775,0.99762,0.99762,0.99827,0.998995,0.999478,0,0,0,0,1
sciml_cubic_oscillator,sciml,6,ls_swap,10,200,200,91,0.999478,0.999478,0.0,0.99912188,0.998231,0.998231,0.998995,0.999478,0.999478,0,0,0,1,1
sciml_cubic_oscillator,sciml,6,ls_swap,11,200,200,16,0.999478,0.999478,0.0,0.99935852,0.997885,0.999478,0.999478,0.999478,0.999478,0,1,1,1,1
sciml_cubic_oscillator,sciml,6,ls_swap,12,200,200,27,0.999478,0.999478,0.0,0.99926998,0.998387,0.998387,0.999478,0.999478,0.999478,0,0,1,1,1
sciml_cubic_oscillator,sciml,6,ls_swap,13,200,200,,0.998995,0.999478,0.000483,0.99828263,0.997571,0.997571,0.99827,0.998995,0.998995,0,0,0,0,0
sciml_cubic_oscillator,sciml,6,ls_swap,14,200,200,,0.998995,0.999478,0.000483,0.99545339,0.99827,0.998995,0.998995,0.998995,0.998995,0,0,0,0,0
sciml_cubic_oscillator,sciml,6,ls_swap,15,200,200,28,0.999478,0.999478,0.0,0.99930567,0.998995,0.998995,0.999478,0.999478,0.999478,0,0,1,1,1
sciml_cubic_oscillator,sciml,6,ls_swap,16,200,200,60,0.999478,0.999478,0.0,0.99933445,0.998995,0.998995,0.998995,0.999478,0.999478,0,0,0,1,1
sciml_cubic_oscillator,sciml,6,ls_swap,17,200,200,34,0.999478,0.999478,0.0,0.99749844,0.998995,0.998995,0.999478,0.999478,0.999478,0,0,1,1,1
sciml_cubic_oscillator,sciml,6,ls_swap,18,200,200,162,0.999478,0.999478,0.0,0.99814413,0.998889,0.998995,0.998995,0.998995,0.999478,0,0,0,0,1
sciml_cubic_oscillator,sciml,6,ls_swap,19,200,200,58,0.999478,0.999478,0.0,0.99871,0.998231,0.99827,0.998995,0.999478,0.999478,0,0,0,1,1
sciml_cubic_oscillator,sciml,6,ls_swap,20,200,200,101,0.999478,0.999478,0.0,0.99879318,0.998283,0.998995,0.998995,0.998995,0.999478,0,0,0,0,1
sciml_cubic_oscillator,sciml,6,ls_swap,21,200,200,85,0.999478,0.999478,0.0,0.99927461,0.998995,0.998995,0.998995,0.999478,0.999478,0,0,0,1,1
sciml_cubic_oscillator,sciml,6,ls_swap,22,200,200,41,0.999478,0.999478,0.0,0.9987227,0.998392,0.998392,0.999478,0.999478,0.999478,0,0,1,1,1
sciml_cubic_oscillator,sciml,6,ls_swap,23,200,200,106,0.999478,0.999478,0.0,0.99870897,0.998252,0.998252,0.99827,0.99827,0.999478,0,0,0,0,1
sciml_cubic_oscillator,sciml,6,ls_swap,24,200,200,149,0.999478,0.999478,0.0,0.99892262,0.998231,0.998283,0.998995,0.998995,0.999478,0,0,0,0,1
sciml_cubic_oscillator,sciml,6,ls_swap,25,200,200,17,0.999478,0.999478,0.0,0.99931108,0.997705,0.999478,0.999478,0.999478,0.999478,0,1,1,1,1
sciml_cubic_oscillator,sciml,6,ls_swap,26,200,200,144,0.999478,0.999478,0.0,0.99873497,0.997571,0.997571,0.998231,0.998995,0.999478,0,0,0,0,1
sciml_cubic_oscillator,sciml,6,ls_swap,27,200,200,170,0.999478,0.999478,0.0,0.99698712,0.997706,0.99827,0.99827,0.998995,0.999478,0,0,0,0,1
sciml_cubic_oscillator,sciml,6,ls_swap,28,200,200,29,0.999478,0.999478,0.0,0.99933268,0.998995,0.998995,0.999478,0.999478,0.999478,0,0,1,1,1
sciml_cubic_oscillator,sciml,6,ls_swap,29,200,200,70,0.999478,0.999478,0.0,0.99890966,0.99762,0.99762,0.99827,0.999478,0.999478,0,0,0,1,1
sciml_cubic_oscillator,sciml,6,ls_swap,30,200,200,163,0.999478,0.999478,0.0,0.99864345,0.998283,0.998995,0.998995,0.998995,0.999478,0,0,0,0,1
sciml_cubic_oscillator,sciml,6,ls_swap,31,200,200,98,0.999478,0.999478,0.0,0.99907103,0.99827,0.99827,0.998995,0.999478,0.999478,0,0,0,1,1
sciml_cubic_oscillator,sciml,6,ls_swap,32,200,200,94,0.999478,0.999478,0.0,0.99852913,0.998252,0.99827,0.99827,0.999478,0.999478,0,0,0,1,1
sciml_cubic_oscillator,sciml,6,ls_swap,33,200,200,26,0.999478,0.999478,0.0,0.99898122,0.998387,0.998392,0.999478,0.999478,0.999478,0,0,1,1,1
sciml_cubic_oscillator,sciml,6,ls_swap,34,200,200,193,0.999478,0.999478,0.0,0.99842794,0.997593,0.997806,0.998995,0.998995,0.999478,0,0,0,0,1
sciml_cubic_oscillator,sciml,6,ls_swap,35,200,200,142,0.999478,0.999478,0.0,0.99892612,0.998408,0.998408,0.998995,0.998995,0.999478,0,0,0,0,1
sciml_cubic_oscillator,sciml,6,ls_swap,36,200,200,30,0.999478,0.999478,0.0,0.99889258,0.997885,0.997885,0.999478,0.999478,0.999478,0,0,1,1,1
sciml_cubic_oscillator,sciml,6,ls_swap,37,200,200,40,0.999478,0.999478,0.0,0.99747765,0.998392,0.998392,0.999478,0.999478,0.999478,0,0,1,1,1
sciml_cubic_oscillator,sciml,6,ls_swap,38,200,200,56,0.999478,0.999478,0.0,0.99844292,0.996357,0.997313,0.997885,0.999478,0.999478,0,0,0,1,1
sciml_cubic_oscillator,sciml,6,ls_swap,39,200,200,73,0.999478,0.999478,0.0,0.99869889,0.996479,0.996479,0.99827,0.999478,0.999478,0,0,0,1,1
sciml_cubic_oscillator,sciml,6,ls_insert,0,200,200,94,0.999478,0.999478,0.0,0.99865627,0.99762,0.99762,0.998252,0.999478,0.999478,0,0,0,1,1
sciml_cubic_oscillator,sciml,6,ls_insert,1,200,200,142,0.999478,0.999478,0.0,0.99576462,0.998231,0.998231,0.99827,0.99827,0.999478,0,0,0,0,1
sciml_cubic_oscillator,sciml,6,ls_insert,2,200,200,93,0.999478,0.999478,0.0,0.99863324,0.99762,0.99762,0.998252,0.999478,0.999478,0,0,0,1,1
sciml_cubic_oscillator,sciml,6,ls_insert,3,200,200,108,0.999478,0.999478,0.0,0.99861987,0.997571,0.997571,0.99827,0.998408,0.999478,0,0,0,0,1
sciml_cubic_oscillator,sciml,6,ls_insert,4,200,200,186,0.999478,0.999478,0.0,0.99711243,0.996309,0.996309,0.998231,0.99827,0.999478,0,0,0,0,1
sciml_cubic_oscillator,sciml,6,ls_insert,5,200,200,14,0.999478,0.999478,0.0,0.99939348,0.999478,0.999478,0.999478,0.999478,0.999478,1,1,1,1,1
sciml_cubic_oscillator,sciml,6,ls_insert,6,200,200,148,0.999478,0.999478,0.0,0.99831713,0.996656,0.997624,0.99827,0.99827,0.999478,0,0,0,0,1
sciml_cubic_oscillator,sciml,6,ls_insert,7,200,200,68,0.999478,0.999478,0.0,0.9983066,0.995667,0.995667,0.998283,0.999478,0.999478,0,0,0,1,1
sciml_cubic_oscillator,sciml,6,ls_insert,8,200,200,52,0.999478,0.999478,0.0,0.99355701,0.997721,0.997721,0.998995,0.999478,0.999478,0,0,0,1,1
sciml_cubic_oscillator,sciml,6,ls_insert,9,200,200,93,0.999478,0.999478,0.0,0.99863324,0.99762,0.99762,0.998252,0.999478,0.999478,0,0,0,1,1
sciml_cubic_oscillator,sciml,6,ls_insert,10,200,200,94,0.999478,0.999478,0.0,0.99890298,0.998231,0.998231,0.99827,0.999478,0.999478,0,0,0,1,1
sciml_cubic_oscillator,sciml,6,ls_insert,11,200,200,22,0.999478,0.999478,0.0,0.99931074,0.997885,0.999478,0.999478,0.999478,0.999478,0,1,1,1,1
sciml_cubic_oscillator,sciml,6,ls_insert,12,200,200,37,0.999478,0.999478,0.0,0.99916238,0.998392,0.998392,0.999478,0.999478,0.999478,0,0,1,1,1
sciml_cubic_oscillator,sciml,6,ls_insert,13,200,200,112,0.999478,0.999478,0.0,0.99758453,0.992876,0.992876,0.997571,0.998889,0.999478,0,0,0,0,1
sciml_cubic_oscillator,sciml,6,ls_insert,14,200,200,49,0.999478,0.999478,0.0,0.99267459,0.997806,0.998283,0.999478,0.999478,0.999478,0,0,1,1,1
sciml_cubic_oscillator,sciml,6,ls_insert,15,200,200,103,0.999478,0.999478,0.0,0.99863405,0.997624,0.997624,0.99827,0.998408,0.999478,0,0,0,0,1
sciml_cubic_oscillator,sciml,6,ls_insert,16,200,200,5,0.999478,0.999478,0.0,0.99946728,0.999478,0.999478,0.999478,0.999478,0.999478,1,1,1,1,1
sciml_cubic_oscillator,sciml,6,ls_insert,17,200,200,133,0.999478,0.999478,0.0,0.99504509,0.997885,0.997885,0.998231,0.99827,0.999478,0,0,0,0,1
sciml_cubic_oscillator,sciml,6,ls_insert,18,200,200,153,0.999478,0.999478,0.0,0.99750377,0.996093,0.996093,0.998231,0.99827,0.999478,0,0,0,0,1
sciml_cubic_oscillator,sciml,6,ls_insert,19,200,200,79,0.999478,0.999478,0.0,0.99775603,0.984195,0.99827,0.998995,0.999478,0.999478,0,0,0,1,1
sciml_cubic_oscillator,sciml,6,ls_insert,20,200,200,45,0.999478,0.999478,0.0,0.99843041,0.99162,0.998283,0.999478,0.999478,0.999478,0,0,1,1,1
sciml_cubic_oscillator,sciml,6,ls_insert,21,200,200,5,0.999478,0.999478,0.0,0.99946781,0.999478,0.999478,0.999478,0.999478,0.999478,1,1,1,1,1
sciml_cubic_oscillator,sciml,6,ls_insert,22,200,200,139,0.999478,0.999478,0.0,0.99732186,0.995621,0.996309,0.998231,0.99827,0.999478,0,0,0,0,1
sciml_cubic_oscillator,sciml,6,ls_insert,23,200,200,94,0.999478,0.999478,0.0,0.99863807,0.995941,0.996828,0.998252,0.999478,0.999478,0,0,0,1,1
sciml_cubic_oscillator,sciml,6,ls_insert,24,200,200,129,0.999478,0.999478,0.0,0.99839427,0.996479,0.996479,0.998231,0.998283,0.999478,0,0,0,0,1
sciml_cubic_oscillator,sciml,6,ls_insert,25,200,200,44,0.999478,0.999478,0.0,0.99920937,0.998408,0.998408,0.999478,0.999478,0.999478,0,0,1,1,1
sciml_cubic_oscillator,sciml,6,ls_insert,26,200,200,52,0.999478,0.999478,0.0,0.99887638,0.994954,0.997721,0.998995,0.999478,0.999478,0,0,0,1,1
sciml_cubic_oscillator,sciml,6,ls_insert,27,200,200,34,0.999478,0.999478,0.0,0.99418975,0.998995,0.998995,0.999478,0.999478,0.999478,0,0,1,1,1
sciml_cubic_oscillator,sciml,6,ls_insert,28,200,200,18,0.999478,0.999478,0.0,0.99936681,0.998231,0.999478,0.999478,0.999478,0.999478,0,1,1,1,1
sciml_cubic_oscillator,sciml,6,ls_insert,29,200,200,52,0.999478,0.999478,0.0,0.99878006,0.993577,0.997721,0.998995,0.999478,0.999478,0,0,0,1,1
sciml_cubic_oscillator,sciml,6,ls_insert,30,200,200,45,0.999478,0.999478,0.0,0.99843041,0.99162,0.998283,0.999478,0.999478,0.999478,0,0,1,1,1
sciml_cubic_oscillator,sciml,6,ls_insert,31,200,200,93,0.999478,0.999478,0.0,0.9989715,0.998231,0.99827,0.99827,0.999478,0.999478,0,0,0,1,1
sciml_cubic_oscillator,sciml,6,ls_insert,32,200,200,69,0.999478,0.999478,0.0,0.99837773,0.995941,0.995941,0.998392,0.999478,0.999478,0,0,0,1,1
sciml_cubic_oscillator,sciml,6,ls_insert,33,200,200,45,0.999478,0.999478,0.0,0.99825255,0.99162,0.998166,0.999478,0.999478,0.999478,0,0,1,1,1
sciml_cubic_oscillator,sciml,6,ls_insert,34,200,200,133,0.999478,0.999478,0.0,0.99775457,0.996479,0.996479,0.998231,0.99827,0.999478,0,0,0,0,1
sciml_cubic_oscillator,sciml,6,ls_insert,35,200,200,41,0.999478,0.999478,0.0,0.99909778,0.996479,0.998408,0.999478,0.999478,0.999478,0,0,1,1,1
sciml_cubic_oscillator,sciml,6,ls_insert,36,200,200,29,0.999478,0.999478,0.0,0.99871231,0.995409,0.998889,0.999478,0.999478,0.999478,0,0,1,1,1
sciml_cubic_oscillator,sciml,6,ls_insert,37,200,200,38,0.999478,0.999478,0.0,0.99494016,0.998995,0.998995,0.999478,0.999478,0.999478,0,0,1,1,1
sciml_cubic_oscillator,sciml,6,ls_insert,38,200,200,67,0.999478,0.999478,0.0,0.99823576,0.996405,0.996405,0.99762,0.999478,0.999478,0,0,0,1,1
sciml_cubic_oscillator,sciml,6,ls_insert,39,200,200,34,0.999478,0.999478,0.0,0.9993151,0.998995,0.998995,0.999478,0.999478,0.999478,0,0,1,1,1
sciml_cubic_oscillator,sciml,6,ls_inversion,0,200,200,96,0.999478,0.999478,0.0,0.99909061,0.998995,0.998995,0.998995,0.999478,0.999478,0,0,0,1,1
sciml_cubic_oscillator,sciml,6,ls_inversion,1,200,200,128,0.999478,0.999478,0.0,0.99550869,0.979929,0.97993,0.99827,0.99827,0.999478,0,0,0,0,1
sciml_cubic_oscillator,sciml,6,ls_inversion,2,200,200,103,0.999478,0.999478,0.0,0.99870738,0.99762,0.998166,0.99827,0.99827,0.999478,0,0,0,0,1
sciml_cubic_oscillator,sciml,6,ls_inversion,3,200,200,,0.998995,0.999478,0.000483,0.99889622,0.998889,0.998995,0.998995,0.998995,0.998995,0,0,0,0,0
sciml_cubic_oscillator,sciml,6,ls_inversion,4,200,200,10,0.999478,0.999478,0.0,0.99893392,0.999478,0.999478,0.999478,0.999478,0.999478,1,1,1,1,1
sciml_cubic_oscillator,sciml,6,ls_inversion,5,200,200,,0.998995,0.999478,0.000483,0.99882931,0.997885,0.99827,0.998995,0.998995,0.998995,0,0,0,0,0
sciml_cubic_oscillator,sciml,6,ls_inversion,6,200,200,,0.998995,0.999478,0.000483,0.99801512,0.996093,0.997806,0.998231,0.99827,0.998995,0,0,0,0,0
sciml_cubic_oscillator,sciml,6,ls_inversion,7,200,200,,0.998995,0.999478,0.000483,0.99752409,0.99129,0.997806,0.998231,0.998995,0.998995,0,0,0,0,0
sciml_cubic_oscillator,sciml,6,ls_inversion,8,200,200,138,0.999478,0.999478,0.0,0.99709265,0.998231,0.998231,0.99827,0.998995,0.999478,0,0,0,0,1
sciml_cubic_oscillator,sciml,6,ls_inversion,9,200,200,125,0.999478,0.999478,0.0,0.99883179,0.99762,0.998166,0.99827,0.998995,0.999478,0,0,0,0,1
sciml_cubic_oscillator,sciml,6,ls_inversion,10,200,200,79,0.999478,0.999478,0.0,0.99903697,0.998231,0.998231,0.99827,0.999478,0.999478,0,0,0,1,1
sciml_cubic_oscillator,sciml,6,ls_inversion,11,200,200,16,0.999478,0.999478,0.0,0.99935852,0.997885,0.999478,0.999478,0.999478,0.999478,0,1,1,1,1
sciml_cubic_oscillator,sciml,6,ls_inversion,12,200,200,102,0.999478,0.999478,0.0,0.99910035,0.998995,0.998995,0.998995,0.998995,0.999478,0,0,0,0,1
sciml_cubic_oscillator,sciml,6,ls_inversion,13,200,200,184,0.999478,0.999478,0.0,0.99855848,0.998283,0.998995,0.998995,0.998995,0.999478,0,0,0,0,1
sciml_cubic_oscillator,sciml,6,ls_inversion,14,200,200,,0.998995,0.999478,0.000483,0.99545383,0.99827,0.998995,0.998995,0.998995,0.998995,0,0,0,0,0
sciml_cubic_oscillator,sciml,6,ls_inversion,15,200,200,41,0.999478,0.999478,0.0,0.99922603,0.998392,0.998392,0.999478,0.999478,0.999478,0,0,1,1,1
sciml_cubic_oscillator,sciml,6,ls_inversion,16,200,200,,0.998995,0.999478,0.000483,0.99899394,0.998995,0.998995,0.998995,0.998995,0.998995,0,0,0,0,0
sciml_cubic_oscillator,sciml,6,ls_inversion,17,200,200,34,0.999478,0.999478,0.0,0.99750784,0.998995,0.998995,0.999478,0.999478,0.999478,0,0,1,1,1
sciml_cubic_oscillator,sciml,6,ls_inversion,18,200,200,,0.998995,0.999478,0.000483,0.9955428,0.979961,0.992886,0.99598,0.998995,0.998995,0,0,0,0,0
sciml_cubic_oscillator,sciml,6,ls_inversion,19,200,200,95,0.999478,0.999478,0.0,0.99797226,0.998231,0.99827,0.998995,0.999478,0.999478,0,0,0,1,1
sciml_cubic_oscillator,sciml,6,ls_inversion,20,200,200,138,0.999478,0.999478,0.0,0.99841389,0.998283,0.998995,0.998995,0.998995,0.999478,0,0,0,0,1
sciml_cubic_oscillator,sciml,6,ls_inversion,21,200,200,,0.998995,0.999478,0.000483,0.99899447,0.998995,0.998995,0.998995,0.998995,0.998995,0,0,0,0,0
sciml_cubic_oscillator,sciml,6,ls_inversion,22,200,200,28,0.999478,0.999478,0.0,0.99890221,0.998995,0.998995,0.999478,0.999478,0.999478,0,0,1,1,1
sciml_cubic_oscillator,sciml,6,ls_inversion,23,200,200,57,0.999478,0.999478,0.0,0.9986313,0.992886,0.997885,0.998995,0.999478,0.999478,0,0,0,1,1
sciml_cubic_oscillator,sciml,6,ls_inversion,24,200,200,94,0.999478,0.999478,0.0,0.99885341,0.997806,0.998231,0.99827,0.999478,0.999478,0,0,0,1,1
sciml_cubic_oscillator,sciml,6,ls_inversion,25,200,200,167,0.999478,0.999478,0.0,0.99871019,0.996479,0.996479,0.998995,0.998995,0.999478,0,0,0,0,1
sciml_cubic_oscillator,sciml,6,ls_inversion,26,200,200,165,0.999478,0.999478,0.0,0.99865094,0.997806,0.998231,0.99827,0.998995,0.999478,0,0,0,0,1
sciml_cubic_oscillator,sciml,6,ls_inversion,27,200,200,175,0.999478,0.999478,0.0,0.99687605,0.998252,0.998252,0.99827,0.99827,0.999478,0,0,0,0,1
sciml_cubic_oscillator,sciml,6,ls_inversion,28,200,200,29,0.999478,0.999478,0.0,0.99933268,0.998995,0.998995,0.999478,0.999478,0.999478,0,0,1,1,1
sciml_cubic_oscillator,sciml,6,ls_inversion,29,200,200,102,0.999478,0.999478,0.0,0.99899494,0.997885,0.997885,0.998995,0.998995,0.999478,0,0,0,0,1
sciml_cubic_oscillator,sciml,6,ls_inversion,30,200,200,119,0.999478,0.999478,0.0,0.99845978,0.998283,0.998995,0.998995,0.998995,0.999478,0,0,0,0,1
sciml_cubic_oscillator,sciml,6,ls_inversion,31,200,200,55,0.999478,0.999478,0.0,0.99916131,0.99827,0.99827,0.998392,0.999478,0.999478,0,0,0,1,1
sciml_cubic_oscillator,sciml,6,ls_inversion,32,200,200,57,0.999478,0.999478,0.0,0.99782425,0.992886,0.997885,0.998995,0.999478,0.999478,0,0,0,1,1
sciml_cubic_oscillator,sciml,6,ls_inversion,33,200,200,79,0.999478,0.999478,0.0,0.99866141,0.998166,0.998995,0.998995,0.999478,0.999478,0,0,0,1,1
sciml_cubic_oscillator,sciml,6,ls_inversion,34,200,200,96,0.999478,0.999478,0.0,0.99765,0.995941,0.99598,0.996479,0.999478,0.999478,0,0,0,1,1
sciml_cubic_oscillator,sciml,6,ls_inversion,35,200,200,71,0.999478,0.999478,0.0,0.99903457,0.998408,0.998408,0.998995,0.999478,0.999478,0,0,0,1,1
sciml_cubic_oscillator,sciml,6,ls_inversion,36,200,200,93,0.999478,0.999478,0.0,0.998427,0.992886,0.998889,0.998995,0.999478,0.999478,0,0,0,1,1
sciml_cubic_oscillator,sciml,6,ls_inversion,37,200,200,42,0.999478,0.999478,0.0,0.99747282,0.998392,0.998392,0.999478,0.999478,0.999478,0,0,1,1,1
sciml_cubic_oscillator,sciml,6,ls_inversion,38,200,200,29,0.999478,0.999478,0.0,0.99901955,0.997706,0.997706,0.999478,0.999478,0.999478,0,0,1,1,1
sciml_cubic_oscillator,sciml,6,ls_inversion,39,200,200,99,0.999478,0.999478,0.0,0.99854672,0.996479,0.996479,0.997706,0.999478,0.999478,0,0,0,1,1
sciml_cubic_oscillator,sciml,6,simulated_annealing,0,200,200,,0.998889,0.999478,0.000589,0.9981114,0.996309,0.996309,0.998283,0.998283,0.998889,0,0,0,0,0
sciml_cubic_oscillator,sciml,6,simulated_annealing,1,200,200,76,0.999478,0.999478,0.0,0.99761027,0.997885,0.99827,0.99827,0.999478,0.999478,0,0,0,1,1
sciml_cubic_oscillator,sciml,6,simulated_annealing,2,200,200,,0.998392,0.999478,0.001086,0.99815204,0.997806,0.997806,0.998392,0.998392,0.998392,0,0,0,0,0
sciml_cubic_oscillator,sciml,6,simulated_annealing,3,200,200,81,0.999478,0.999478,0.0,0.99891414,0.996381,0.998995,0.998995,0.999478,0.999478,0,0,0,1,1
sciml_cubic_oscillator,sciml,6,simulated_annealing,4,200,200,29,0.999478,0.999478,0.0,0.99887108,0.998231,0.998408,0.999478,0.999478,0.999478,0,0,1,1,1
sciml_cubic_oscillator,sciml,6,simulated_annealing,5,200,200,128,0.999478,0.999478,0.0,0.99910195,0.998995,0.998995,0.998995,0.998995,0.999478,0,0,0,0,1
sciml_cubic_oscillator,sciml,6,simulated_annealing,6,200,200,124,0.999478,0.999478,0.0,0.99860657,0.996479,0.996479,0.998995,0.998995,0.999478,0,0,0,0,1
sciml_cubic_oscillator,sciml,6,simulated_annealing,7,200,200,,0.998995,0.999478,0.000483,0.99815527,0.996828,0.998283,0.998995,0.998995,0.998995,0,0,0,0,0
sciml_cubic_oscillator,sciml,6,simulated_annealing,8,200,200,86,0.999478,0.999478,0.0,0.99697001,0.998392,0.998392,0.998995,0.999478,0.999478,0,0,0,1,1
sciml_cubic_oscillator,sciml,6,simulated_annealing,9,200,200,154,0.999478,0.999478,0.0,0.99883994,0.997661,0.997661,0.998995,0.998995,0.999478,0,0,0,0,1
sciml_cubic_oscillator,sciml,6,simulated_annealing,10,200,200,38,0.999478,0.999478,0.0,0.9991829,0.997885,0.997885,0.999478,0.999478,0.999478,0,0,1,1,1
sciml_cubic_oscillator,sciml,6,simulated_annealing,11,200,200,193,0.999478,0.999478,0.0,0.99844781,0.998392,0.998392,0.998392,0.998392,0.999478,0,0,0,0,1
sciml_cubic_oscillator,sciml,6,simulated_annealing,12,200,200,,0.998995,0.999478,0.000483,0.99821808,0.996309,0.996309,0.997624,0.998889,0.998995,0,0,0,0,0
sciml_cubic_oscillator,sciml,6,simulated_annealing,13,200,200,,0.998408,0.999478,0.00107,0.99756375,0.998231,0.998231,0.998231,0.998408,0.998408,0,0,0,0,0
sciml_cubic_oscillator,sciml,6,simulated_annealing,14,200,200,,0.998995,0.999478,0.000483,0.99551644,0.998995,0.998995,0.998995,0.998995,0.998995,0,0,0,0,0
sciml_cubic_oscillator,sciml,6,simulated_annealing,15,200,200,10,0.999478,0.999478,0.0,0.99930454,0.999478,0.999478,0.999478,0.999478,0.999478,1,1,1,1,1
sciml_cubic_oscillator,sciml,6,simulated_annealing,16,200,200,,0.998995,0.999478,0.000483,0.99899288,0.998995,0.998995,0.998995,0.998995,0.998995,0,0,0,0,0
sciml_cubic_oscillator,sciml,6,simulated_annealing,17,200,200,142,0.999478,0.999478,0.0,0.9970126,0.996849,0.99762,0.99827,0.998995,0.999478,0,0,0,0,1
sciml_cubic_oscillator,sciml,6,simulated_annealing,18,200,200,118,0.999478,0.999478,0.0,0.99680731,0.996357,0.996479,0.99827,0.99827,0.999478,0,0,0,0,1
sciml_cubic_oscillator,sciml,6,simulated_annealing,19,200,200,84,0.999478,0.999478,0.0,0.99878345,0.99827,0.99827,0.99827,0.999478,0.999478,0,0,0,1,1
sciml_cubic_oscillator,sciml,6,simulated_annealing,20,200,200,166,0.999478,0.999478,0.0,0.99834639,0.998166,0.998408,0.998408,0.998408,0.999478,0,0,0,0,1
sciml_cubic_oscillator,sciml,6,simulated_annealing,21,200,200,,0.998995,0.999478,0.000483,0.99899182,0.998995,0.998995,0.998995,0.998995,0.998995,0,0,0,0,0
sciml_cubic_oscillator,sciml,6,simulated_annealing,22,200,200,196,0.999478,0.999478,0.0,0.99800949,0.998283,0.998283,0.998283,0.998408,0.999478,0,0,0,0,1
sciml_cubic_oscillator,sciml,6,simulated_annealing,23,200,200,,0.998995,0.999478,0.000483,0.99811881,0.997682,0.99827,0.99827,0.99827,0.998995,0,0,0,0,0
sciml_cubic_oscillator,sciml,6,simulated_annealing,24,200,200,123,0.999478,0.999478,0.0,0.99834629,0.996479,0.996479,0.997571,0.998995,0.999478,0,0,0,0,1
sciml_cubic_oscillator,sciml,6,simulated_annealing,25,200,200,85,0.999478,0.999478,0.0,0.99896012,0.996479,0.99827,0.998995,0.999478,0.999478,0,0,0,1,1
sciml_cubic_oscillator,sciml,6,simulated_annealing,26,200,200,173,0.999478,0.999478,0.0,0.99867316,0.997313,0.998889,0.998889,0.998889,0.999478,0,0,0,0,1
sciml_cubic_oscillator,sciml,6,simulated_annealing,27,200,200,190,0.999478,0.999478,0.0,0.99785207,0.998995,0.998995,0.998995,0.998995,0.999478,0,0,0,0,1
sciml_cubic_oscillator,sciml,6,simulated_annealing,28,200,200,131,0.999478,0.999478,0.0,0.99906536,0.998252,0.998889,0.998995,0.998995,0.999478,0,0,0,0,1
sciml_cubic_oscillator,sciml,6,simulated_annealing,29,200,200,145,0.999478,0.999478,0.0,0.99887138,0.998252,0.998252,0.998995,0.998995,0.999478,0,0,0,0,1
sciml_cubic_oscillator,sciml,6,simulated_annealing,30,200,200,,0.998995,0.999478,0.000483,0.99831608,0.998392,0.998392,0.998392,0.998392,0.998995,0,0,0,0,0
sciml_cubic_oscillator,sciml,6,simulated_annealing,31,200,200,,0.998995,0.999478,0.000483,0.99891499,0.998231,0.998995,0.998995,0.998995,0.998995,0,0,0,0,0
sciml_cubic_oscillator,sciml,6,simulated_annealing,32,200,200,151,0.999478,0.999478,0.0,0.99836575,0.998252,0.998252,0.998252,0.998392,0.999478,0,0,0,0,1
sciml_cubic_oscillator,sciml,6,simulated_annealing,33,200,200,150,0.999478,0.999478,0.0,0.99839187,0.998392,0.998392,0.998392,0.998392,0.999478,0,0,0,0,1
sciml_cubic_oscillator,sciml,6,simulated_annealing,34,200,200,,0.998995,0.999478,0.000483,0.99735743,0.996656,0.996656,0.997571,0.99762,0.998995,0,0,0,0,0
sciml_cubic_oscillator,sciml,6,simulated_annealing,35,200,200,,0.998889,0.999478,0.000589,0.99883956,0.998889,0.998889,0.998889,0.998889,0.998889,0,0,0,0,0
sciml_cubic_oscillator,sciml,6,simulated_annealing,36,200,200,121,0.999478,0.999478,0.0,0.99894646,0.998995,0.998995,0.998995,0.998995,0.999478,0,0,0,0,1
sciml_cubic_oscillator,sciml,6,simulated_annealing,37,200,200,,0.998995,0.999478,0.000483,0.9981914,0.998995,0.998995,0.998995,0.998995,0.998995,0,0,0,0,0
sciml_cubic_oscillator,sciml,6,simulated_annealing,38,200,200,107,0.999478,0.999478,0.0,0.99840438,0.996656,0.996656,0.997624,0.998995,0.999478,0,0,0,0,1
sciml_cubic_oscillator,sciml,6,simulated_annealing,39,200,200,108,0.999478,0.999478,0.0,0.99886011,0.995673,0.998283,0.998889,0.998995,0.999478,0,0,0,0,1
sciml_cubic_oscillator,sciml,6,iterated_local_search,0,200,200,94,0.999478,0.999478,0.0,0.99865627,0.99762,0.99762,0.998252,0.999478,0.999478,0,0,0,1,1
sciml_cubic_oscillator,sciml,6,iterated_local_search,1,200,200,126,0.999478,0.999478,0.0,0.99582939,0.998231,0.998231,0.99827,0.99827,0.999478,0,0,0,0,1
sciml_cubic_oscillator,sciml,6,iterated_local_search,2,200,200,93,0.999478,0.999478,0.0,0.99863324,0.99762,0.99762,0.998252,0.999478,0.999478,0,0,0,1,1
sciml_cubic_oscillator,sciml,6,iterated_local_search,3,200,200,105,0.999478,0.999478,0.0,0.99868128,0.997571,0.997571,0.99827,0.998995,0.999478,0,0,0,0,1
sciml_cubic_oscillator,sciml,6,iterated_local_search,4,200,200,,0.99827,0.999478,0.001208,0.99693968,0.996309,0.996309,0.998231,0.99827,0.99827,0,0,0,0,0
sciml_cubic_oscillator,sciml,6,iterated_local_search,5,200,200,14,0.999478,0.999478,0.0,0.99939348,0.999478,0.999478,0.999478,0.999478,0.999478,1,1,1,1,1
sciml_cubic_oscillator,sciml,6,iterated_local_search,6,200,200,108,0.999478,0.999478,0.0,0.99858803,0.996656,0.997624,0.99827,0.998995,0.999478,0,0,0,0,1
sciml_cubic_oscillator,sciml,6,iterated_local_search,7,200,200,68,0.999478,0.999478,0.0,0.9983066,0.995667,0.995667,0.998283,0.999478,0.999478,0,0,0,1,1
sciml_cubic_oscillator,sciml,6,iterated_local_search,8,200,200,52,0.999478,0.999478,0.0,0.99355701,0.997721,0.997721,0.998995,0.999478,0.999478,0,0,0,1,1
sciml_cubic_oscillator,sciml,6,iterated_local_search,9,200,200,93,0.999478,0.999478,0.0,0.99863324,0.99762,0.99762,0.998252,0.999478,0.999478,0,0,0,1,1
sciml_cubic_oscillator,sciml,6,iterated_local_search,10,200,200,104,0.999478,0.999478,0.0,0.99891087,0.998231,0.998231,0.99827,0.998995,0.999478,0,0,0,0,1
sciml_cubic_oscillator,sciml,6,iterated_local_search,11,200,200,22,0.999478,0.999478,0.0,0.99931074,0.997885,0.999478,0.999478,0.999478,0.999478,0,1,1,1,1
sciml_cubic_oscillator,sciml,6,iterated_local_search,12,200,200,37,0.999478,0.999478,0.0,0.99916238,0.998392,0.998392,0.999478,0.999478,0.999478,0,0,1,1,1
sciml_cubic_oscillator,sciml,6,iterated_local_search,13,200,200,117,0.999478,0.999478,0.0,0.99752151,0.992876,0.992876,0.997571,0.998408,0.999478,0,0,0,0,1
sciml_cubic_oscillator,sciml,6,iterated_local_search,14,200,200,49,0.999478,0.999478,0.0,0.99267459,0.997806,0.998283,0.999478,0.999478,0.999478,0,0,1,1,1
sciml_cubic_oscillator,sciml,6,iterated_local_search,15,200,200,149,0.999478,0.999478,0.0,0.99832792,0.997624,0.997624,0.99827,0.99827,0.999478,0,0,0,0,1
sciml_cubic_oscillator,sciml,6,iterated_local_search,16,200,200,5,0.999478,0.999478,0.0,0.99946728,0.999478,0.999478,0.999478,0.999478,0.999478,1,1,1,1,1
sciml_cubic_oscillator,sciml,6,iterated_local_search,17,200,200,149,0.999478,0.999478,0.0,0.99496621,0.997885,0.997885,0.998231,0.99827,0.999478,0,0,0,0,1
sciml_cubic_oscillator,sciml,6,iterated_local_search,18,200,200,,0.998995,0.999478,0.000483,0.99720188,0.996093,0.996093,0.998231,0.99827,0.998995,0,0,0,0,0
sciml_cubic_oscillator,sciml,6,iterated_local_search,19,200,200,85,0.999478,0.999478,0.0,0.99768204,0.984195,0.99827,0.99827,0.999478,0.999478,0,0,0,1,1
sciml_cubic_oscillator,sciml,6,iterated_local_search,20,200,200,45,0.999478,0.999478,0.0,0.99843041,0.99162,0.998283,0.999478,0.999478,0.999478,0,0,1,1,1
sciml_cubic_oscillator,sciml,6,iterated_local_search,21,200,200,5,0.999478,0.999478,0.0,0.99946781,0.999478,0.999478,0.999478,0.999478,0.999478,1,1,1,1,1
sciml_cubic_oscillator,sciml,6,iterated_local_search,22,200,200,129,0.999478,0.999478,0.0,0.99744373,0.995621,0.996309,0.998231,0.99827,0.999478,0,0,0,0,1
sciml_cubic_oscillator,sciml,6,iterated_local_search,23,200,200,94,0.999478,0.999478,0.0,0.99863807,0.995941,0.996828,0.998252,0.999478,0.999478,0,0,0,1,1
sciml_cubic_oscillator,sciml,6,iterated_local_search,24,200,200,150,0.999478,0.999478,0.0,0.99826743,0.996479,0.996479,0.998231,0.99827,0.999478,0,0,0,0,1
sciml_cubic_oscillator,sciml,6,iterated_local_search,25,200,200,44,0.999478,0.999478,0.0,0.99920937,0.998408,0.998408,0.999478,0.999478,0.999478,0,0,1,1,1
sciml_cubic_oscillator,sciml,6,iterated_local_search,26,200,200,52,0.999478,0.999478,0.0,0.99887638,0.994954,0.997721,0.998995,0.999478,0.999478,0,0,0,1,1
sciml_cubic_oscillator,sciml,6,iterated_local_search,27,200,200,34,0.999478,0.999478,0.0,0.99418975,0.998995,0.998995,0.999478,0.999478,0.999478,0,0,1,1,1
sciml_cubic_oscillator,sciml,6,iterated_local_search,28,200,200,18,0.999478,0.999478,0.0,0.99936681,0.998231,0.999478,0.999478,0.999478,0.999478,0,1,1,1,1
sciml_cubic_oscillator,sciml,6,iterated_local_search,29,200,200,52,0.999478,0.999478,0.0,0.99878006,0.993577,0.997721,0.998995,0.999478,0.999478,0,0,0,1,1
sciml_cubic_oscillator,sciml,6,iterated_local_search,30,200,200,45,0.999478,0.999478,0.0,0.99843041,0.99162,0.998283,0.999478,0.999478,0.999478,0,0,1,1,1
sciml_cubic_oscillator,sciml,6,iterated_local_search,31,200,200,156,0.999478,0.999478,0.0,0.99864723,0.998231,0.99827,0.99827,0.99827,0.999478,0,0,0,0,1
sciml_cubic_oscillator,sciml,6,iterated_local_search,32,200,200,69,0.999478,0.999478,0.0,0.99837773,0.995941,0.995941,0.998392,0.999478,0.999478,0,0,0,1,1
sciml_cubic_oscillator,sciml,6,iterated_local_search,33,200,200,45,0.999478,0.999478,0.0,0.99825255,0.99162,0.998166,0.999478,0.999478,0.999478,0,0,1,1,1
sciml_cubic_oscillator,sciml,6,iterated_local_search,34,200,200,155,0.999478,0.999478,0.0,0.99753106,0.996479,0.996479,0.998231,0.99827,0.999478,0,0,0,0,1
sciml_cubic_oscillator,sciml,6,iterated_local_search,35,200,200,41,0.999478,0.999478,0.0,0.99909778,0.996479,0.998408,0.999478,0.999478,0.999478,0,0,1,1,1
sciml_cubic_oscillator,sciml,6,iterated_local_search,36,200,200,29,0.999478,0.999478,0.0,0.99871231,0.995409,0.998889,0.999478,0.999478,0.999478,0,0,1,1,1
sciml_cubic_oscillator,sciml,6,iterated_local_search,37,200,200,38,0.999478,0.999478,0.0,0.99494016,0.998995,0.998995,0.999478,0.999478,0.999478,0,0,1,1,1
sciml_cubic_oscillator,sciml,6,iterated_local_search,38,200,200,67,0.999478,0.999478,0.0,0.99823576,0.996405,0.996405,0.99762,0.999478,0.999478,0,0,0,1,1
sciml_cubic_oscillator,sciml,6,iterated_local_search,39,200,200,34,0.999478,0.999478,0.0,0.9993151,0.998995,0.998995,0.999478,0.999478,0.999478,0,0,1,1,1
sciml_cubic_oscillator,sciml,6,ea_elitist,0,200,200,142,0.999478,0.999478,0.0,0.99869873,0.99827,0.99827,0.99827,0.998995,0.999478,0,0,0,0,1
sciml_cubic_oscillator,sciml,6,ea_elitist,1,200,200,5,0.999478,0.999478,0.0,0.99889733,0.999478,0.999478,0.999478,0.999478,0.999478,1,1,1,1,1
sciml_cubic_oscillator,sciml,6,ea_elitist,2,200,200,23,0.999478,0.999478,0.0,0.99927664,0.998283,0.999478,0.999478,0.999478,0.999478,0,1,1,1,1
sciml_cubic_oscillator,sciml,6,ea_elitist,3,200,200,46,0.999478,0.999478,0.0,0.99904843,0.996357,0.998283,0.999478,0.999478,0.999478,0,0,1,1,1
sciml_cubic_oscillator,sciml,6,ea_elitist,4,200,200,124,0.999478,0.999478,0.0,0.99870287,0.996309,0.998995,0.998995,0.998995,0.999478,0,0,0,0,1
sciml_cubic_oscillator,sciml,6,ea_elitist,5,200,200,13,0.999478,0.999478,0.0,0.99938749,0.999478,0.999478,0.999478,0.999478,0.999478,1,1,1,1,1
sciml_cubic_oscillator,sciml,6,ea_elitist,6,200,200,61,0.999478,0.999478,0.0,0.99876896,0.99598,0.997313,0.998387,0.999478,0.999478,0,0,0,1,1
sciml_cubic_oscillator,sciml,6,ea_elitist,7,200,200,34,0.999478,0.999478,0.0,0.99890949,0.995667,0.998995,0.999478,0.999478,0.999478,0,0,1,1,1
sciml_cubic_oscillator,sciml,6,ea_elitist,8,200,200,114,0.999478,0.999478,0.0,0.99739487,0.998889,0.998889,0.998889,0.998995,0.999478,0,0,0,0,1
sciml_cubic_oscillator,sciml,6,ea_elitist,9,200,200,36,0.999478,0.999478,0.0,0.99922727,0.998392,0.998392,0.999478,0.999478,0.999478,0,0,1,1,1
sciml_cubic_oscillator,sciml,6,ea_elitist,10,200,200,100,0.999478,0.999478,0.0,0.99896932,0.997806,0.998283,0.998283,0.999478,0.999478,0,0,0,1,1
sciml_cubic_oscillator,sciml,6,ea_elitist,11,200,200,107,0.999478,0.999478,0.0,0.99915959,0.998889,0.998889,0.998995,0.998995,0.999478,0,0,0,0,1
sciml_cubic_oscillator,sciml,6,ea_elitist,12,200,200,29,0.999478,0.999478,0.0,0.99930725,0.998392,0.998995,0.999478,0.999478,0.999478,0,0,1,1,1
sciml_cubic_oscillator,sciml,6,ea_elitist,13,200,200,8,0.999478,0.999478,0.0,0.99901164,0.999478,0.999478,0.999478,0.999478,0.999478,1,1,1,1,1
sciml_cubic_oscillator,sciml,6,ea_elitist,14,200,200,98,0.999478,0.999478,0.0,0.99821018,0.998283,0.998408,0.998408,0.999478,0.999478,0,0,0,1,1
sciml_cubic_oscillator,sciml,6,ea_elitist,15,200,200,84,0.999478,0.999478,0.0,0.99886516,0.997682,0.997682,0.998408,0.999478,0.999478,0,0,0,1,1
sciml_cubic_oscillator,sciml,6,ea_elitist,16,200,200,25,0.999478,0.999478,0.0,0.99940732,0.998889,0.999478,0.999478,0.999478,0.999478,0,1,1,1,1
sciml_cubic_oscillator,sciml,6,ea_elitist,17,200,200,52,0.999478,0.999478,0.0,0.99754115,0.996849,0.998392,0.998408,0.999478,0.999478,0,0,0,1,1
sciml_cubic_oscillator,sciml,6,ea_elitist,18,200,200,28,0.999478,0.999478,0.0,0.99831929,0.998408,0.998408,0.999478,0.999478,0.999478,0,0,1,1,1
sciml_cubic_oscillator,sciml,6,ea_elitist,19,200,200,27,0.999478,0.999478,0.0,0.99922041,0.998995,0.998995,0.999478,0.999478,0.999478,0,0,1,1,1
sciml_cubic_oscillator,sciml,6,ea_elitist,20,200,200,6,0.999478,0.999478,0.0,0.99922022,0.999478,0.999478,0.999478,0.999478,0.999478,1,1,1,1,1
sciml_cubic_oscillator,sciml,6,ea_elitist,21,200,200,13,0.999478,0.999478,0.0,0.99944266,0.999478,0.999478,0.999478,0.999478,0.999478,1,1,1,1,1
sciml_cubic_oscillator,sciml,6,ea_elitist,22,200,200,73,0.999478,0.999478,0.0,0.99907116,0.998889,0.998995,0.998995,0.999478,0.999478,0,0,0,1,1
sciml_cubic_oscillator,sciml,6,ea_elitist,23,200,200,97,0.999478,0.999478,0.0,0.99887061,0.99827,0.99827,0.998387,0.999478,0.999478,0,0,0,1,1
sciml_cubic_oscillator,sciml,6,ea_elitist,24,200,200,94,0.999478,0.999478,0.0,0.99907221,0.998995,0.998995,0.998995,0.999478,0.999478,0,0,0,1,1
sciml_cubic_oscillator,sciml,6,ea_elitist,25,200,200,54,0.999478,0.999478,0.0,0.9992034,0.998392,0.998392,0.998995,0.999478,0.999478,0,0,0,1,1
sciml_cubic_oscillator,sciml,6,ea_elitist,26,200,200,31,0.999478,0.999478,0.0,0.99926485,0.998392,0.998889,0.999478,0.999478,0.999478,0,0,1,1,1
sciml_cubic_oscillator,sciml,6,ea_elitist,27,200,200,14,0.999478,0.999478,0.0,0.99743971,0.999478,0.999478,0.999478,0.999478,0.999478,1,1,1,1,1
sciml_cubic_oscillator,sciml,6,ea_elitist,28,200,200,161,0.999478,0.999478,0.0,0.99857126,0.998231,0.998231,0.99827,0.99827,0.999478,0,0,0,0,1
sciml_cubic_oscillator,sciml,6,ea_elitist,29,200,200,23,0.999478,0.999478,0.0,0.99938791,0.998995,0.999478,0.999478,0.999478,0.999478,0,1,1,1,1
sciml_cubic_oscillator,sciml,6,ea_elitist,30,200,200,27,0.999478,0.999478,0.0,0.99867899,0.997682,0.997705,0.999478,0.999478,0.999478,0,0,1,1,1
sciml_cubic_oscillator,sciml,6,ea_elitist,31,200,200,70,0.999478,0.999478,0.0,0.99913102,0.998283,0.998283,0.998283,0.999478,0.999478,0,0,0,1,1
sciml_cubic_oscillator,sciml,6,ea_elitist,32,200,200,145,0.999478,0.999478,0.0,0.99842524,0.99762,0.99827,0.99827,0.998995,0.999478,0,0,0,0,1
sciml_cubic_oscillator,sciml,6,ea_elitist,33,200,200,139,0.999478,0.999478,0.0,0.9987571,0.998283,0.998283,0.998889,0.998995,0.999478,0,0,0,0,1
sciml_cubic_oscillator,sciml,6,ea_elitist,34,200,200,37,0.999478,0.999478,0.0,0.99917027,0.998995,0.998995,0.999478,0.999478,0.999478,0,0,1,1,1
sciml_cubic_oscillator,sciml,6,ea_elitist,35,200,200,75,0.999478,0.999478,0.0,0.99914218,0.998252,0.998889,0.998995,0.999478,0.999478,0,0,0,1,1
sciml_cubic_oscillator,sciml,6,ea_elitist,36,200,200,32,0.999478,0.999478,0.0,0.99897918,0.997705,0.997705,0.999478,0.999478,0.999478,0,0,1,1,1
sciml_cubic_oscillator,sciml,6,ea_elitist,37,200,200,50,0.999478,0.999478,0.0,0.99817588,0.997721,0.997721,0.999478,0.999478,0.999478,0,0,1,1,1
sciml_cubic_oscillator,sciml,6,ea_elitist,38,200,200,33,0.999478,0.999478,0.0,0.99933396,0.998995,0.998995,0.999478,0.999478,0.999478,0,0,1,1,1
sciml_cubic_oscillator,sciml,6,ea_elitist,39,200,200,24,0.999478,0.999478,0.0,0.99925076,0.997885,0.999478,0.999478,0.999478,0.999478,0,1,1,1,1
sciml_cubic_oscillator,sciml,6,ea_aging,0,200,200,110,0.999478,0.999478,0.0,0.9987487,0.99827,0.99827,0.998283,0.998995,0.999478,0,0,0,0,1
sciml_cubic_oscillator,sciml,6,ea_aging,1,200,200,5,0.999478,0.999478,0.0,0.99889733,0.999478,0.999478,0.999478,0.999478,0.999478,1,1,1,1,1
sciml_cubic_oscillator,sciml,6,ea_aging,2,200,200,108,0.999478,0.999478,0.0,0.99880783,0.998283,0.998283,0.998392,0.998392,0.999478,0,0,0,0,1
sciml_cubic_oscillator,sciml,6,ea_aging,3,200,200,80,0.999478,0.999478,0.0,0.99896132,0.996357,0.998283,0.998995,0.999478,0.999478,0,0,0,1,1
sciml_cubic_oscillator,sciml,6,ea_aging,4,200,200,44,0.999478,0.999478,0.0,0.99889607,0.996309,0.998995,0.999478,0.999478,0.999478,0,0,1,1,1
sciml_cubic_oscillator,sciml,6,ea_aging,5,200,200,13,0.999478,0.999478,0.0,0.99938749,0.999478,0.999478,0.999478,0.999478,0.999478,1,1,1,1,1
sciml_cubic_oscillator,sciml,6,ea_aging,6,200,200,137,0.999478,0.999478,0.0,0.99854036,0.99598,0.998252,0.99827,0.998995,0.999478,0,0,0,0,1
sciml_cubic_oscillator,sciml,6,ea_aging,7,200,200,112,0.999478,0.999478,0.0,0.99872112,0.995667,0.998995,0.998995,0.998995,0.999478,0,0,0,0,1
sciml_cubic_oscillator,sciml,6,ea_aging,8,200,200,,0.998995,0.999478,0.000483,0.99713283,0.998889,0.998889,0.998889,0.998889,0.998995,0,0,0,0,0
sciml_cubic_oscillator,sciml,6,ea_aging,9,200,200,57,0.999478,0.999478,0.0,0.99911324,0.998392,0.998392,0.998392,0.999478,0.999478,0,0,0,1,1
sciml_cubic_oscillator,sciml,6,ea_aging,10,200,200,88,0.999478,0.999478,0.0,0.9990873,0.997806,0.998283,0.998995,0.999478,0.999478,0,0,0,1,1
sciml_cubic_oscillator,sciml,6,ea_aging,11,200,200,38,0.999478,0.999478,0.0,0.9993347,0.998889,0.998889,0.999478,0.999478,0.999478,0,0,1,1,1
sciml_cubic_oscillator,sciml,6,ea_aging,12,200,200,37,0.999478,0.999478,0.0,0.9992493,0.998392,0.998392,0.999478,0.999478,0.999478,0,0,1,1,1
sciml_cubic_oscillator,sciml,6,ea_aging,13,200,200,8,0.999478,0.999478,0.0,0.99901164,0.999478,0.999478,0.999478,0.999478,0.999478,1,1,1,1,1
sciml_cubic_oscillator,sciml,6,ea_aging,14,200,200,111,0.999478,0.999478,0.0,0.99807689,0.998283,0.998283,0.998283,0.998995,0.999478,0,0,0,0,1
sciml_cubic_oscillator,sciml,6,ea_aging,15,200,200,181,0.999478,0.999478,0.0,0.99832989,0.997682,0.99827,0.998387,0.998387,0.999478,0,0,0,0,1
sciml_cubic_oscillator,sciml,6,ea_aging,16,200,200,57,0.999478,0.999478,0.0,0.99931308,0.998889,0.998889,0.998889,0.999478,0.999478,0,0,0,1,1
sciml_cubic_oscillator,sciml,6,ea_aging,17,200,200,21,0.999478,0.999478,0.0,0.99770843,0.996849,0.999478,0.999478,0.999478,0.999478,0,1,1,1,1
sciml_cubic_oscillator,sciml,6,ea_aging,18,200,200,37,0.999478,0.999478,0.0,0.99827994,0.998408,0.998408,0.999478,0.999478,0.999478,0,0,1,1,1
sciml_cubic_oscillator,sciml,6,ea_aging,19,200,200,120,0.999478,0.999478,0.0,0.99899582,0.998995,0.998995,0.998995,0.998995,0.999478,0,0,0,0,1
sciml_cubic_oscillator,sciml,6,ea_aging,20,200,200,6,0.999478,0.999478,0.0,0.99922022,0.999478,0.999478,0.999478,0.999478,0.999478,1,1,1,1,1
sciml_cubic_oscillator,sciml,6,ea_aging,21,200,200,13,0.999478,0.999478,0.0,0.99944266,0.999478,0.999478,0.999478,0.999478,0.999478,1,1,1,1,1
sciml_cubic_oscillator,sciml,6,ea_aging,22,200,200,109,0.999478,0.999478,0.0,0.99894235,0.998889,0.998889,0.998889,0.998889,0.999478,0,0,0,0,1
sciml_cubic_oscillator,sciml,6,ea_aging,23,200,200,70,0.999478,0.999478,0.0,0.99887793,0.99827,0.99827,0.99827,0.999478,0.999478,0,0,0,1,1
sciml_cubic_oscillator,sciml,6,ea_aging,24,200,200,63,0.999478,0.999478,0.0,0.99914708,0.998995,0.998995,0.998995,0.999478,0.999478,0,0,0,1,1
sciml_cubic_oscillator,sciml,6,ea_aging,25,200,200,,0.998995,0.999478,0.000483,0.99874268,0.998392,0.998392,0.998392,0.998995,0.998995,0,0,0,0,0
sciml_cubic_oscillator,sciml,6,ea_aging,26,200,200,,0.998995,0.999478,0.000483,0.99885537,0.998392,0.998995,0.998995,0.998995,0.998995,0,0,0,0,0
sciml_cubic_oscillator,sciml,6,ea_aging,27,200,200,14,0.999478,0.999478,0.0,0.99743971,0.999478,0.999478,0.999478,0.999478,0.999478,1,1,1,1,1
sciml_cubic_oscillator,sciml,6,ea_aging,28,200,200,23,0.999478,0.999478,0.0,0.99931661,0.998231,0.999478,0.999478,0.999478,0.999478,0,1,1,1,1
sciml_cubic_oscillator,sciml,6,ea_aging,29,200,200,30,0.999478,0.999478,0.0,0.99937101,0.998995,0.998995,0.999478,0.999478,0.999478,0,0,1,1,1
sciml_cubic_oscillator,sciml,6,ea_aging,30,200,200,161,0.999478,0.999478,0.0,0.99837462,0.997682,0.998995,0.998995,0.998995,0.999478,0,0,0,0,1
sciml_cubic_oscillator,sciml,6,ea_aging,31,200,200,87,0.999478,0.999478,0.0,0.99918253,0.998283,0.998995,0.998995,0.999478,0.999478,0,0,0,1,1
sciml_cubic_oscillator,sciml,6,ea_aging,32,200,200,81,0.999478,0.999478,0.0,0.99851902,0.99762,0.99762,0.99762,0.999478,0.999478,0,0,0,1,1
sciml_cubic_oscillator,sciml,6,ea_aging,33,200,200,61,0.999478,0.999478,0.0,0.99902053,0.998283,0.998283,0.998995,0.999478,0.999478,0,0,0,1,1
sciml_cubic_oscillator,sciml,6,ea_aging,34,200,200,47,0.999478,0.999478,0.0,0.99914612,0.998995,0.998995,0.999478,0.999478,0.999478,0,0,1,1,1
sciml_cubic_oscillator,sciml,6,ea_aging,35,200,200,74,0.999478,0.999478,0.0,0.99913611,0.998252,0.998889,0.998995,0.999478,0.999478,0,0,0,1,1
sciml_cubic_oscillator,sciml,6,ea_aging,36,200,200,36,0.999478,0.999478,0.0,0.99895075,0.997705,0.997705,0.999478,0.999478,0.999478,0,0,1,1,1
sciml_cubic_oscillator,sciml,6,ea_aging,37,200,200,52,0.999478,0.999478,0.0,0.99823809,0.997721,0.998408,0.998408,0.999478,0.999478,0,0,0,1,1
sciml_cubic_oscillator,sciml,6,ea_aging,38,200,200,103,0.999478,0.999478,0.0,0.99916491,0.998995,0.998995,0.998995,0.998995,0.999478,0,0,0,0,1
sciml_cubic_oscillator,sciml,6,ea_aging,39,200,200,146,0.999478,0.999478,0.0,0.99895613,0.997885,0.998995,0.998995,0.998995,0.999478,0,0,0,0,1
sciml_cubic_oscillator,sciml,6,ea_portfolio,0,200,200,59,0.999478,0.999478,0.0,0.99907258,0.99827,0.99827,0.998995,0.999478,0.999478,0,0,0,1,1
sciml_cubic_oscillator,sciml,6,ea_portfolio,1,200,200,5,0.999478,0.999478,0.0,0.99889733,0.999478,0.999478,0.999478,0.999478,0.999478,1,1,1,1,1
sciml_cubic_oscillator,sciml,6,ea_portfolio,2,200,200,22,0.999478,0.999478,0.0,0.99928262,0.998283,0.999478,0.999478,0.999478,0.999478,0,1,1,1,1
sciml_cubic_oscillator,sciml,6,ea_portfolio,3,200,200,63,0.999478,0.999478,0.0,0.99893474,0.996357,0.998283,0.998995,0.999478,0.999478,0,0,0,1,1
sciml_cubic_oscillator,sciml,6,ea_portfolio,4,200,200,35,0.999478,0.999478,0.0,0.99891781,0.996309,0.998995,0.999478,0.999478,0.999478,0,0,1,1,1
sciml_cubic_oscillator,sciml,6,ea_portfolio,5,200,200,13,0.999478,0.999478,0.0,0.99938749,0.999478,0.999478,0.999478,0.999478,0.999478,1,1,1,1,1
sciml_cubic_oscillator,sciml,6,ea_portfolio,6,200,200,,0.998995,0.999478,0.000483,0.99806421,0.99598,0.998252,0.99827,0.99827,0.998995,0,0,0,0,0
sciml_cubic_oscillator,sciml,6,ea_portfolio,7,200,200,100,0.999478,0.999478,0.0,0.99875011,0.995667,0.998995,0.998995,0.999478,0.999478,0,0,0,1,1
sciml_cubic_oscillator,sciml,6,ea_portfolio,8,200,200,82,0.999478,0.999478,0.0,0.99747427,0.998889,0.998889,0.998995,0.999478,0.999478,0,0,0,1,1
sciml_cubic_oscillator,sciml,6,ea_portfolio,9,200,200,67,0.999478,0.999478,0.0,0.99905895,0.998392,0.998392,0.998392,0.999478,0.999478,0,0,0,1,1
sciml_cubic_oscillator,sciml,6,ea_portfolio,10,200,200,83,0.999478,0.999478,0.0,0.99906345,0.997806,0.998283,0.998392,0.999478,0.999478,0,0,0,1,1
sciml_cubic_oscillator,sciml,6,ea_portfolio,11,200,200,53,0.999478,0.999478,0.0,0.9992847,0.998889,0.998889,0.998889,0.999478,0.999478,0,0,0,1,1
sciml_cubic_oscillator,sciml,6,ea_portfolio,12,200,200,51,0.999478,0.999478,0.0,0.99925111,0.998392,0.998995,0.998995,0.999478,0.999478,0,0,0,1,1
sciml_cubic_oscillator,sciml,6,ea_portfolio,13,200,200,8,0.999478,0.999478,0.0,0.99901164,0.999478,0.999478,0.999478,0.999478,0.999478,1,1,1,1,1
sciml_cubic_oscillator,sciml,6,ea_portfolio,14,200,200,90,0.999478,0.999478,0.0,0.99818964,0.998283,0.998283,0.998283,0.999478,0.999478,0,0,0,1,1
sciml_cubic_oscillator,sciml,6,ea_portfolio,15,200,200,,0.99827,0.999478,0.001208,0.99811918,0.997682,0.99827,0.99827,0.99827,0.99827,0,0,0,0,0
sciml_cubic_oscillator,sciml,6,ea_portfolio,16,200,200,40,0.999478,0.999478,0.0,0.99936314,0.998889,0.998889,0.999478,0.999478,0.999478,0,0,1,1,1
sciml_cubic_oscillator,sciml,6,ea_portfolio,17,200,200,21,0.999478,0.999478,0.0,0.99770843,0.996849,0.999478,0.999478,0.999478,0.999478,0,1,1,1,1
sciml_cubic_oscillator,sciml,6,ea_portfolio,18,200,200,56,0.999478,0.999478,0.0,0.99816948,0.998408,0.998408,0.998408,0.999478,0.999478,0,0,0,1,1
sciml_cubic_oscillator,sciml,6,ea_portfolio,19,200,200,70,0.999478,0.999478,0.0,0.99911657,0.998995,0.998995,0.998995,0.999478,0.999478,0,0,0,1,1
sciml_cubic_oscillator,sciml,6,ea_portfolio,20,200,200,6,0.999478,0.999478,0.0,0.99922022,0.999478,0.999478,0.999478,0.999478,0.999478,1,1,1,1,1
sciml_cubic_oscillator,sciml,6,ea_portfolio,21,200,200,13,0.999478,0.999478,0.0,0.99944266,0.999478,0.999478,0.999478,0.999478,0.999478,1,1,1,1,1
sciml_cubic_oscillator,sciml,6,ea_portfolio,22,200,200,41,0.999478,0.999478,0.0,0.99914473,0.998889,0.998889,0.999478,0.999478,0.999478,0,0,1,1,1
sciml_cubic_oscillator,sciml,6,ea_portfolio,23,200,200,76,0.999478,0.999478,0.0,0.99898325,0.99827,0.99827,0.998889,0.999478,0.999478,0,0,0,1,1
sciml_cubic_oscillator,sciml,6,ea_portfolio,24,200,200,24,0.999478,0.999478,0.0,0.99924126,0.998995,0.999478,0.999478,0.999478,0.999478,0,1,1,1,1
sciml_cubic_oscillator,sciml,6,ea_portfolio,25,200,200,53,0.999478,0.999478,0.0,0.99921702,0.998392,0.998392,0.998889,0.999478,0.999478,0,0,0,1,1
sciml_cubic_oscillator,sciml,6,ea_portfolio,26,200,200,67,0.999478,0.999478,0.0,0.99915204,0.998392,0.998392,0.998995,0.999478,0.999478,0,0,0,1,1
sciml_cubic_oscillator,sciml,6,ea_portfolio,27,200,200,14,0.999478,0.999478,0.0,0.99743971,0.999478,0.999478,0.999478,0.999478,0.999478,1,1,1,1,1
sciml_cubic_oscillator,sciml,6,ea_portfolio,28,200,200,43,0.999478,0.999478,0.0,0.99919444,0.998231,0.998231,0.999478,0.999478,0.999478,0,0,1,1,1
sciml_cubic_oscillator,sciml,6,ea_portfolio,29,200,200,36,0.999478,0.999478,0.0,0.99935652,0.998995,0.998995,0.999478,0.999478,0.999478,0,0,1,1,1
sciml_cubic_oscillator,sciml,6,ea_portfolio,30,200,200,45,0.999478,0.999478,0.0,0.99862708,0.997682,0.998387,0.999478,0.999478,0.999478,0,0,1,1,1
sciml_cubic_oscillator,sciml,6,ea_portfolio,31,200,200,56,0.999478,0.999478,0.0,0.99918036,0.998283,0.998283,0.998889,0.999478,0.999478,0,0,0,1,1
sciml_cubic_oscillator,sciml,6,ea_portfolio,32,200,200,75,0.999478,0.999478,0.0,0.99859979,0.99762,0.99762,0.998387,0.999478,0.999478,0,0,0,1,1
sciml_cubic_oscillator,sciml,6,ea_portfolio,33,200,200,62,0.999478,0.999478,0.0,0.99901456,0.998283,0.998283,0.998995,0.999478,0.999478,0,0,0,1,1
sciml_cubic_oscillator,sciml,6,ea_portfolio,34,200,200,42,0.999478,0.999478,0.0,0.9991582,0.998995,0.998995,0.999478,0.999478,0.999478,0,0,1,1,1
sciml_cubic_oscillator,sciml,6,ea_portfolio,35,200,200,69,0.999478,0.999478,0.0,0.99915667,0.998252,0.998889,0.998995,0.999478,0.999478,0,0,0,1,1
sciml_cubic_oscillator,sciml,6,ea_portfolio,36,200,200,66,0.999478,0.999478,0.0,0.99870313,0.997705,0.997705,0.997885,0.999478,0.999478,0,0,0,1,1
sciml_cubic_oscillator,sciml,6,ea_portfolio,37,200,200,71,0.999478,0.999478,0.0,0.99820395,0.997721,0.998408,0.998995,0.999478,0.999478,0,0,0,1,1
sciml_cubic_oscillator,sciml,6,ea_portfolio,38,200,200,43,0.999478,0.999478,0.0,0.99930981,0.998995,0.998995,0.999478,0.999478,0.999478,0,0,1,1,1
sciml_cubic_oscillator,sciml,6,ea_portfolio,39,200,200,48,0.999478,0.999478,0.0,0.9991928,0.997885,0.998995,0.999478,0.999478,0.999478,0,0,1,1,1
sciml_cubic_oscillator,sciml,6,surrogate_positional,0,200,200,,0.99827,0.999478,0.001208,0.9979987,0.996479,0.99827,0.99827,0.99827,0.99827,0,0,0,0,0
sciml_cubic_oscillator,sciml,6,surrogate_positional,1,200,200,5,0.999478,0.999478,0.0,0.99889733,0.999478,0.999478,0.999478,0.999478,0.999478,1,1,1,1,1
sciml_cubic_oscillator,sciml,6,surrogate_positional,2,200,200,27,0.999478,0.999478,0.0,0.99928123,0.998283,0.998995,0.999478,0.999478,0.999478,0,0,1,1,1
sciml_cubic_oscillator,sciml,6,surrogate_positional,3,200,200,,0.997885,0.999478,0.001593,0.99701842,0.996311,0.996311,0.996656,0.996656,0.997885,0,0,0,0,0
sciml_cubic_oscillator,sciml,6,surrogate_positional,4,200,200,,0.99827,0.999478,0.001208,0.9976058,0.996309,0.996479,0.997885,0.99827,0.99827,0,0,0,0,0
sciml_cubic_oscillator,sciml,6,surrogate_positional,5,200,200,69,0.999478,0.999478,0.0,0.99904738,0.998231,0.99827,0.99827,0.999478,0.999478,0,0,0,1,1
sciml_cubic_oscillator,sciml,6,surrogate_positional,6,200,200,,0.99827,0.999478,0.001208,0.997872,0.995941,0.996117,0.99827,0.99827,0.99827,0,0,0,0,0
sciml_cubic_oscillator,sciml,6,surrogate_positional,7,200,200,,0.998408,0.999478,0.00107,0.99723865,0.995667,0.995667,0.996309,0.998252,0.998408,0,0,0,0,0
sciml_cubic_oscillator,sciml,6,surrogate_positional,8,200,200,,0.998995,0.999478,0.000483,0.99719802,0.998889,0.998889,0.998995,0.998995,0.998995,0,0,0,0,0
sciml_cubic_oscillator,sciml,6,surrogate_positional,9,200,200,,0.998995,0.999478,0.000483,0.99845904,0.998392,0.998392,0.998392,0.998408,0.998995,0,0,0,0,0
sciml_cubic_oscillator,sciml,6,surrogate_positional,10,200,200,,0.998231,0.999478,0.001247,0.998197,0.997806,0.998231,0.998231,0.998231,0.998231,0,0,0,0,0
sciml_cubic_oscillator,sciml,6,surrogate_positional,11,200,200,38,0.999478,0.999478,0.0,0.99932887,0.998889,0.998889,0.999478,0.999478,0.999478,0,0,1,1,1
sciml_cubic_oscillator,sciml,6,surrogate_positional,12,200,200,38,0.999478,0.999478,0.0,0.99924331,0.998392,0.998392,0.999478,0.999478,0.999478,0,0,1,1,1
sciml_cubic_oscillator,sciml,6,surrogate_positional,13,200,200,8,0.999478,0.999478,0.0,0.99901164,0.999478,0.999478,0.999478,0.999478,0.999478,1,1,1,1,1
sciml_cubic_oscillator,sciml,6,surrogate_positional,14,200,200,,0.998995,0.999478,0.000483,0.99805685,0.998283,0.998995,0.998995,0.998995,0.998995,0,0,0,0,0
sciml_cubic_oscillator,sciml,6,surrogate_positional,15,200,200,30,0.999478,0.999478,0.0,0.99919229,0.99827,0.99827,0.999478,0.999478,0.999478,0,0,1,1,1
sciml_cubic_oscillator,sciml,6,surrogate_positional,16,200,200,39,0.999478,0.999478,0.0,0.99936715,0.998889,0.998889,0.999478,0.999478,0.999478,0,0,1,1,1
sciml_cubic_oscillator,sciml,6,surrogate_positional,17,200,200,,0.998252,0.999478,0.001226,0.99648982,0.996479,0.996479,0.998252,0.998252,0.998252,0,0,0,0,0
sciml_cubic_oscillator,sciml,6,surrogate_positional,18,200,200,47,0.999478,0.999478,0.0,0.99821764,0.998408,0.998408,0.999478,0.999478,0.999478,0,0,1,1,1
sciml_cubic_oscillator,sciml,6,surrogate_positional,19,200,200,,0.998995,0.999478,0.000483,0.9988002,0.998995,0.998995,0.998995,0.998995,0.998995,0,0,0,0,0
sciml_cubic_oscillator,sciml,6,surrogate_positional,20,200,200,6,0.999478,0.999478,0.0,0.99922022,0.999478,0.999478,0.999478,0.999478,0.999478,1,1,1,1,1
sciml_cubic_oscillator,sciml,6,surrogate_positional,21,200,200,,0.998995,0.999478,0.000483,0.99892769,0.998889,0.998889,0.998889,0.998889,0.998995,0,0,0,0,0
sciml_cubic_oscillator,sciml,6,surrogate_positional,22,200,200,17,0.999478,0.999478,0.0,0.99919443,0.998283,0.999478,0.999478,0.999478,0.999478,0,1,1,1,1
sciml_cubic_oscillator,sciml,6,surrogate_positional,23,200,200,72,0.999478,0.999478,0.0,0.99886765,0.99827,0.99827,0.99827,0.999478,0.999478,0,0,0,1,1
sciml_cubic_oscillator,sciml,6,surrogate_positional,24,200,200,,0.998995,0.999478,0.000483,0.99881381,0.998995,0.998995,0.998995,0.998995,0.998995,0,0,0,0,0
sciml_cubic_oscillator,sciml,6,surrogate_positional,25,200,200,127,0.999478,0.999478,0.0,0.99876404,0.998392,0.998408,0.998408,0.998408,0.999478,0,0,0,0,1
sciml_cubic_oscillator,sciml,6,surrogate_positional,26,200,200,70,0.999478,0.999478,0.0,0.99916077,0.998392,0.998392,0.998995,0.999478,0.999478,0,0,0,1,1
sciml_cubic_oscillator,sciml,6,surrogate_positional,27,200,200,,0.998995,0.999478,0.000483,0.99677008,0.997706,0.997706,0.998392,0.998995,0.998995,0,0,0,0,0
sciml_cubic_oscillator,sciml,6,surrogate_positional,28,200,200,92,0.999478,0.999478,0.0,0.99875319,0.997885,0.997885,0.997885,0.999478,0.999478,0,0,0,1,1
sciml_cubic_oscillator,sciml,6,surrogate_positional,29,200,200,,0.998995,0.999478,0.000483,0.99895804,0.998995,0.998995,0.998995,0.998995,0.998995,0,0,0,0,0
sciml_cubic_oscillator,sciml,6,surrogate_positional,30,200,200,66,0.999478,0.999478,0.0,0.99832796,0.995848,0.997806,0.997885,0.999478,0.999478,0,0,0,1,1
sciml_cubic_oscillator,sciml,6,surrogate_positional,31,200,200,124,0.999478,0.999478,0.0,0.99890311,0.998283,0.998283,0.998283,0.998995,0.999478,0,0,0,0,1
sciml_cubic_oscillator,sciml,6,surrogate_positional,32,200,200,,0.998252,0.999478,0.001226,0.99629649,0.996357,0.996357,0.996479,0.996551,0.998252,0,0,0,0,0
sciml_cubic_oscillator,sciml,6,surrogate_positional,33,200,200,189,0.999478,0.999478,0.0,0.99829292,0.998283,0.998283,0.998283,0.998283,0.999478,0,0,0,0,1
sciml_cubic_oscillator,sciml,6,surrogate_positional,34,200,200,18,0.999478,0.999478,0.0,0.99921616,0.998995,0.999478,0.999478,0.999478,0.999478,0,1,1,1,1
sciml_cubic_oscillator,sciml,6,surrogate_positional,35,200,200,52,0.999478,0.999478,0.0,0.99898493,0.997682,0.997682,0.998392,0.999478,0.999478,0,0,0,1,1
sciml_cubic_oscillator,sciml,6,surrogate_positional,36,200,200,11,0.999478,0.999478,0.0,0.99916534,0.999478,0.999478,0.999478,0.999478,0.999478,1,1,1,1,1
sciml_cubic_oscillator,sciml,6,surrogate_positional,37,200,200,30,0.999478,0.999478,0.0,0.99838351,0.998258,0.998258,0.999478,0.999478,0.999478,0,0,1,1,1
sciml_cubic_oscillator,sciml,6,surrogate_positional,38,200,200,69,0.999478,0.999478,0.0,0.99924702,0.998995,0.998995,0.998995,0.999478,0.999478,0,0,0,1,1
sciml_cubic_oscillator,sciml,6,surrogate_positional,39,200,200,20,0.999478,0.999478,0.0,0.99924932,0.997885,0.999478,0.999478,0.999478,0.999478,0,1,1,1,1
sciml_cubic_oscillator,sciml,6,surrogate_precedence,0,200,200,,0.99827,0.999478,0.001208,0.99797465,0.996479,0.998231,0.998231,0.99827,0.99827,0,0,0,0,0
sciml_cubic_oscillator,sciml,6,surrogate_precedence,1,200,200,5,0.999478,0.999478,0.0,0.99889733,0.999478,0.999478,0.999478,0.999478,0.999478,1,1,1,1,1
sciml_cubic_oscillator,sciml,6,surrogate_precedence,2,200,200,,0.998283,0.999478,0.001195,0.99821309,0.998283,0.998283,0.998283,0.998283,0.998283,0,0,0,0,0
sciml_cubic_oscillator,sciml,6,surrogate_precedence,3,200,200,,0.99827,0.999478,0.001208,0.99745674,0.996479,0.996479,0.996479,0.99827,0.99827,0,0,0,0,0
sciml_cubic_oscillator,sciml,6,surrogate_precedence,4,200,200,,0.99827,0.999478,0.001208,0.99781109,0.996309,0.998231,0.998231,0.99827,0.99827,0,0,0,0,0
sciml_cubic_oscillator,sciml,6,surrogate_precedence,5,200,200,,0.99827,0.999478,0.001208,0.99823323,0.997885,0.99827,0.99827,0.99827,0.99827,0,0,0,0,0
sciml_cubic_oscillator,sciml,6,surrogate_precedence,6,200,200,,0.99827,0.999478,0.001208,0.99691033,0.996117,0.996479,0.996479,0.996479,0.99827,0,0,0,0,0
sciml_cubic_oscillator,sciml,6,surrogate_precedence,7,200,200,,0.99827,0.999478,0.001208,0.99629258,0.995667,0.99598,0.99598,0.99598,0.99827,0,0,0,0,0
sciml_cubic_oscillator,sciml,6,surrogate_precedence,8,200,200,,0.998889,0.999478,0.000589,0.99710526,0.998889,0.998889,0.998889,0.998889,0.998889,0,0,0,0,0
sciml_cubic_oscillator,sciml,6,surrogate_precedence,9,200,200,56,0.999478,0.999478,0.0,0.99912004,0.998392,0.998392,0.998408,0.999478,0.999478,0,0,0,1,1
sciml_cubic_oscillator,sciml,6,surrogate_precedence,10,200,200,,0.99827,0.999478,0.001208,0.99824448,0.99827,0.99827,0.99827,0.99827,0.99827,0,0,0,0,0
sciml_cubic_oscillator,sciml,6,surrogate_precedence,11,200,200,,0.998889,0.999478,0.000589,0.99884884,0.998889,0.998889,0.998889,0.998889,0.998889,0,0,0,0,0
sciml_cubic_oscillator,sciml,6,surrogate_precedence,12,200,200,114,0.999478,0.999478,0.0,0.99883063,0.998392,0.998392,0.998392,0.998392,0.999478,0,0,0,0,1
sciml_cubic_oscillator,sciml,6,surrogate_precedence,13,200,200,8,0.999478,0.999478,0.0,0.99901164,0.999478,0.999478,0.999478,0.999478,0.999478,1,1,1,1,1
sciml_cubic_oscillator,sciml,6,surrogate_precedence,14,200,200,,0.998995,0.999478,0.000483,0.99743689,0.998283,0.998283,0.998283,0.998283,0.998995,0,0,0,0,0
sciml_cubic_oscillator,sciml,6,surrogate_precedence,15,200,200,,0.99827,0.999478,0.001208,0.99804275,0.997682,0.997682,0.997885,0.99827,0.99827,0,0,0,0,0
sciml_cubic_oscillator,sciml,6,surrogate_precedence,16,200,200,53,0.999478,0.999478,0.0,0.999345,0.998995,0.998995,0.998995,0.999478,0.999478,0,0,0,1,1
sciml_cubic_oscillator,sciml,6,surrogate_precedence,17,200,200,,0.99827,0.999478,0.001208,0.99605988,0.996479,0.996479,0.996479,0.99827,0.99827,0,0,0,0,0
sciml_cubic_oscillator,sciml,6,surrogate_precedence,18,200,200,27,0.999478,0.999478,0.0,0.99836866,0.998995,0.998995,0.999478,0.999478,0.999478,0,0,1,1,1
sciml_cubic_oscillator,sciml,6,surrogate_precedence,19,200,200,178,0.999478,0.999478,0.0,0.99885575,0.998995,0.998995,0.998995,0.998995,0.999478,0,0,0,0,1
sciml_cubic_oscillator,sciml,6,surrogate_precedence,20,200,200,6,0.999478,0.999478,0.0,0.99922022,0.999478,0.999478,0.999478,0.999478,0.999478,1,1,1,1,1
sciml_cubic_oscillator,sciml,6,surrogate_precedence,21,200,200,,0.998995,0.999478,0.000483,0.9989844,0.998889,0.998995,0.998995,0.998995,0.998995,0,0,0,0,0
sciml_cubic_oscillator,sciml,6,surrogate_precedence,22,200,200,,0.998283,0.999478,0.001195,0.99809503,0.998283,0.998283,0.998283,0.998283,0.998283,0,0,0,0,0
sciml_cubic_oscillator,sciml,6,surrogate_precedence,23,200,200,,0.99827,0.999478,0.001208,0.99808669,0.99827,0.99827,0.99827,0.99827,0.99827,0,0,0,0,0
sciml_cubic_oscillator,sciml,6,surrogate_precedence,24,200,200,17,0.999478,0.999478,0.0,0.99925817,0.998995,0.999478,0.999478,0.999478,0.999478,0,1,1,1,1
sciml_cubic_oscillator,sciml,6,surrogate_precedence,25,200,200,176,0.999478,0.999478,0.0,0.99850117,0.998392,0.998392,0.998408,0.998408,0.999478,0,0,0,0,1
sciml_cubic_oscillator,sciml,6,surrogate_precedence,26,200,200,,0.998392,0.999478,0.001086,0.99832472,0.998392,0.998392,0.998392,0.998392,0.998392,0,0,0,0,0
sciml_cubic_oscillator,sciml,6,surrogate_precedence,27,200,200,,0.99827,0.999478,0.001208,0.9960414,0.997571,0.99762,0.997624,0.99827,0.99827,0,0,0,0,0
sciml_cubic_oscillator,sciml,6,surrogate_precedence,28,200,200,,0.99827,0.999478,0.001208,0.9982007,0.997885,0.997885,0.99827,0.99827,0.99827,0,0,0,0,0
sciml_cubic_oscillator,sciml,6,surrogate_precedence,29,200,200,58,0.999478,0.999478,0.0,0.99930339,0.998995,0.998995,0.998995,0.999478,0.999478,0,0,0,1,1
sciml_cubic_oscillator,sciml,6,surrogate_precedence,30,200,200,,0.99827,0.999478,0.001208,0.99725256,0.995848,0.995848,0.997885,0.998252,0.99827,0,0,0,0,0
sciml_cubic_oscillator,sciml,6,surrogate_precedence,31,200,200,,0.998283,0.999478,0.001195,0.99828066,0.998283,0.998283,0.998283,0.998283,0.998283,0,0,0,0,0
sciml_cubic_oscillator,sciml,6,surrogate_precedence,32,200,200,,0.99827,0.999478,0.001208,0.99648441,0.996357,0.996479,0.996479,0.996479,0.99827,0,0,0,0,0
sciml_cubic_oscillator,sciml,6,surrogate_precedence,33,200,200,105,0.999478,0.999478,0.0,0.99886087,0.998283,0.998283,0.998995,0.998995,0.999478,0,0,0,0,1
sciml_cubic_oscillator,sciml,6,surrogate_precedence,34,200,200,,0.998995,0.999478,0.000483,0.99877421,0.998995,0.998995,0.998995,0.998995,0.998995,0,0,0,0,0
sciml_cubic_oscillator,sciml,6,surrogate_precedence,35,200,200,,0.99827,0.999478,0.001208,0.99815179,0.997682,0.99827,0.99827,0.99827,0.99827,0,0,0,0,0
sciml_cubic_oscillator,sciml,6,surrogate_precedence,36,200,200,69,0.999478,0.999478,0.0,0.99900343,0.99827,0.998995,0.998995,0.999478,0.999478,0,0,0,1,1
sciml_cubic_oscillator,sciml,6,surrogate_precedence,37,200,200,109,0.999478,0.999478,0.0,0.99810103,0.997721,0.997721,0.998995,0.998995,0.999478,0,0,0,0,1
sciml_cubic_oscillator,sciml,6,surrogate_precedence,38,200,200,46,0.999478,0.999478,0.0,0.99930257,0.998995,0.998995,0.999478,0.999478,0.999478,0,0,1,1,1
sciml_cubic_oscillator,sciml,6,surrogate_precedence,39,200,200,,0.99827,0.999478,0.001208,0.99809268,0.997885,0.997885,0.998231,0.99827,0.99827,0,0,0,0,0
sciml_cubic_oscillator,sciml,6,eda_precedence,0,200,200,63,0.999478,0.999478,0.0,0.99884705,0.996479,0.998392,0.998392,0.999478,0.999478,0,0,0,1,1
sciml_cubic_oscillator,sciml,6,eda_precedence,1,200,200,5,0.999478,0.999478,0.0,0.99889733,0.999478,0.999478,0.999478,0.999478,0.999478,1,1,1,1,1
sciml_cubic_oscillator,sciml,6,eda_precedence,2,200,200,79,0.999478,0.999478,0.0,0.99918056,0.998995,0.998995,0.998995,0.999478,0.999478,0,0,0,1,1
sciml_cubic_oscillator,sciml,6,eda_precedence,3,200,200,,0.998995,0.999478,0.000483,0.99846708,0.998231,0.998231,0.998283,0.998995,0.998995,0,0,0,0,0
sciml_cubic_oscillator,sciml,6,eda_precedence,4,200,200,75,0.999478,0.999478,0.0,0.99879836,0.996479,0.998995,0.998995,0.999478,0.999478,0,0,0,1,1
sciml_cubic_oscillator,sciml,6,eda_precedence,5,200,200,129,0.999478,0.999478,0.0,0.99867732,0.998231,0.998231,0.99827,0.99827,0.999478,0,0,0,0,1
sciml_cubic_oscillator,sciml,6,eda_precedence,6,200,200,,0.998889,0.999478,0.000589,0.9982024,0.997806,0.998252,0.99827,0.998283,0.998889,0,0,0,0,0
sciml_cubic_oscillator,sciml,6,eda_precedence,7,200,200,156,0.999478,0.999478,0.0,0.99821513,0.995667,0.996479,0.998231,0.998889,0.999478,0,0,0,0,1
sciml_cubic_oscillator,sciml,6,eda_precedence,8,200,200,79,0.999478,0.999478,0.0,0.99746455,0.998889,0.998889,0.998889,0.999478,0.999478,0,0,0,1,1
sciml_cubic_oscillator,sciml,6,eda_precedence,9,200,200,114,0.999478,0.999478,0.0,0.999089,0.998889,0.998889,0.998889,0.998995,0.999478,0,0,0,0,1
sciml_cubic_oscillator,sciml,6,eda_precedence,10,200,200,34,0.999478,0.999478,0.0,0.99926403,0.997885,0.998283,0.999478,0.999478,0.999478,0,0,1,1,1
sciml_cubic_oscillator,sciml,6,eda_precedence,11,200,200,98,0.999478,0.999478,0.0,0.99917019,0.998889,0.998889,0.998889,0.999478,0.999478,0,0,0,1,1
sciml_cubic_oscillator,sciml,6,eda_precedence,12,200,200,,0.998995,0.999478,0.000483,0.99858861,0.998392,0.998392,0.998408,0.998408,0.998995,0,0,0,0,0
sciml_cubic_oscillator,sciml,6,eda_precedence,13,200,200,8,0.999478,0.999478,0.0,0.99901164,0.999478,0.999478,0.999478,0.999478,0.999478,1,1,1,1,1
sciml_cubic_oscillator,sciml,6,eda_precedence,14,200,200,60,0.999478,0.999478,0.0,0.99825497,0.998283,0.998283,0.998283,0.999478,0.999478,0,0,0,1,1
sciml_cubic_oscillator,sciml,6,eda_precedence,15,200,200,162,0.999478,0.999478,0.0,0.99837296,0.997682,0.998231,0.99827,0.998283,0.999478,0,0,0,0,1
sciml_cubic_oscillator,sciml,6,eda_precedence,16,200,200,32,0.999478,0.999478,0.0,0.99939201,0.998889,0.998995,0.999478,0.999478,0.999478,0,0,1,1,1
sciml_cubic_oscillator,sciml,6,eda_precedence,17,200,200,,0.998995,0.999478,0.000483,0.99703739,0.997624,0.997624,0.997624,0.998995,0.998995,0,0,0,0,0
sciml_cubic_oscillator,sciml,6,eda_precedence,18,200,200,,0.998995,0.999478,0.000483,0.99783398,0.998408,0.998408,0.998408,0.998995,0.998995,0,0,0,0,0
sciml_cubic_oscillator,sciml,6,eda_precedence,19,200,200,113,0.999478,0.999478,0.0,0.99901272,0.998995,0.998995,0.998995,0.998995,0.999478,0,0,0,0,1
sciml_cubic_oscillator,sciml,6,eda_precedence,20,200,200,6,0.999478,0.999478,0.0,0.99922022,0.999478,0.999478,0.999478,0.999478,0.999478,1,1,1,1,1
sciml_cubic_oscillator,sciml,6,eda_precedence,21,200,200,21,0.999478,0.999478,0.0,0.99942228,0.998995,0.999478,0.999478,0.999478,0.999478,0,1,1,1,1
sciml_cubic_oscillator,sciml,6,eda_precedence,22,200,200,,0.998995,0.999478,0.000483,0.99851277,0.998283,0.998283,0.998392,0.998889,0.998995,0,0,0,0,0
sciml_cubic_oscillator,sciml,6,eda_precedence,23,200,200,154,0.999478,0.999478,0.0,0.9986765,0.99827,0.99827,0.998392,0.998995,0.999478,0,0,0,0,1
sciml_cubic_oscillator,sciml,6,eda_precedence,24,200,200,,0.998995,0.999478,0.000483,0.99881381,0.998995,0.998995,0.998995,0.998995,0.998995,0,0,0,0,0
sciml_cubic_oscillator,sciml,6,eda_precedence,25,200,200,,0.998995,0.999478,0.000483,0.99869142,0.998392,0.998392,0.998392,0.998995,0.998995,0,0,0,0,0
sciml_cubic_oscillator,sciml,6,eda_precedence,26,200,200,54,0.999478,0.999478,0.0,0.9992375,0.998392,0.998995,0.998995,0.999478,0.999478,0,0,0,1,1
sciml_cubic_oscillator,sciml,6,eda_precedence,27,200,200,,0.998995,0.999478,0.000483,0.99610842,0.995673,0.996479,0.996828,0.998258,0.998995,0,0,0,0,0
sciml_cubic_oscillator,sciml,6,eda_precedence,28,200,200,111,0.999478,0.999478,0.0,0.99882081,0.997885,0.997885,0.997885,0.998995,0.999478,0,0,0,0,1
sciml_cubic_oscillator,sciml,6,eda_precedence,29,200,200,136,0.999478,0.999478,0.0,0.99911502,0.998995,0.998995,0.998995,0.998995,0.999478,0,0,0,0,1
sciml_cubic_oscillator,sciml,6,eda_precedence,30,200,200,97,0.999478,0.999478,0.0,0.99813294,0.995848,0.996405,0.998231,0.999478,0.999478,0,0,0,1,1
sciml_cubic_oscillator,sciml,6,eda_precedence,31,200,200,,0.998995,0.999478,0.000483,0.9986153,0.998283,0.998283,0.998283,0.998283,0.998995,0,0,0,0,0
sciml_cubic_oscillator,sciml,6,eda_precedence,32,200,200,70,0.999478,0.999478,0.0,0.99866272,0.998408,0.998408,0.998408,0.999478,0.999478,0,0,0,1,1
sciml_cubic_oscillator,sciml,6,eda_precedence,33,200,200,,0.998995,0.999478,0.000483,0.99862109,0.998283,0.998283,0.998889,0.998995,0.998995,0,0,0,0,0
sciml_cubic_oscillator,sciml,6,eda_precedence,34,200,200,31,0.999478,0.999478,0.0,0.99918476,0.998995,0.998995,0.999478,0.999478,0.999478,0,0,1,1,1
sciml_cubic_oscillator,sciml,6,eda_precedence,35,200,200,39,0.999478,0.999478,0.0,0.99924821,0.998995,0.998995,0.999478,0.999478,0.999478,0,0,1,1,1
sciml_cubic_oscillator,sciml,6,eda_precedence,36,200,200,93,0.999478,0.999478,0.0,0.99866159,0.99827,0.99827,0.99827,0.999478,0.999478,0,0,0,1,1
sciml_cubic_oscillator,sciml,6,eda_precedence,37,200,200,105,0.999478,0.999478,0.0,0.99812501,0.998258,0.998258,0.998258,0.998995,0.999478,0,0,0,0,1
sciml_cubic_oscillator,sciml,6,eda_precedence,38,200,200,105,0.999478,0.999478,0.0,0.99916008,0.998995,0.998995,0.998995,0.998995,0.999478,0,0,0,0,1
sciml_cubic_oscillator,sciml,6,eda_precedence,39,200,200,60,0.999478,0.999478,0.0,0.99911099,0.997885,0.998392,0.998995,0.999478,0.999478,0,0,0,1,1
sciml_cubic_oscillator,sciml,6,prism_protocol,0,200,200,120,0.999478,0.999478,0.0,0.9987448,0.99827,0.99827,0.99827,0.998283,0.999478,0,0,0,0,1
sciml_cubic_oscillator,sciml,6,prism_protocol,1,200,200,108,0.999478,0.999478,0.0,0.99910185,0.998283,0.998283,0.998995,0.998995,0.999478,0,0,0,0,1
sciml_cubic_oscillator,sciml,6,prism_protocol,2,200,200,,0.998995,0.999478,0.000483,0.99586567,0.998231,0.998387,0.998995,0.998995,0.998995,0,0,0,0,0
sciml_cubic_oscillator,sciml,6,prism_protocol,3,200,200,195,0.999478,0.999478,0.0,0.99875601,0.996551,0.998995,0.998995,0.998995,0.999478,0,0,0,0,1
sciml_cubic_oscillator,sciml,6,prism_protocol,4,200,200,155,0.999478,0.999478,0.0,0.99739024,0.998995,0.998995,0.998995,0.998995,0.999478,0,0,0,0,1
sciml_cubic_oscillator,sciml,6,prism_protocol,5,200,200,,0.998995,0.999478,0.000483,0.99881813,0.998889,0.998889,0.998995,0.998995,0.998995,0,0,0,0,0
sciml_cubic_oscillator,sciml,6,prism_protocol,6,200,200,171,0.999478,0.999478,0.0,0.99822603,0.997705,0.998995,0.998995,0.998995,0.999478,0,0,0,0,1
sciml_cubic_oscillator,sciml,6,prism_protocol,7,200,200,94,0.999478,0.999478,0.0,0.99898054,0.998889,0.998889,0.998889,0.999478,0.999478,0,0,0,1,1
sciml_cubic_oscillator,sciml,6,prism_protocol,8,200,200,143,0.999478,0.999478,0.0,0.99865121,0.997721,0.998231,0.998392,0.998392,0.999478,0,0,0,0,1
sciml_cubic_oscillator,sciml,6,prism_protocol,9,200,200,181,0.999478,0.999478,0.0,0.99825914,0.996479,0.998392,0.998392,0.998995,0.999478,0,0,0,0,1
sciml_cubic_oscillator,sciml,6,prism_protocol,10,200,200,176,0.999478,0.999478,0.0,0.99466751,0.998995,0.998995,0.998995,0.998995,0.999478,0,0,0,0,1
sciml_cubic_oscillator,sciml,6,prism_protocol,11,200,200,48,0.999478,0.999478,0.0,0.99911942,0.998231,0.998408,0.999478,0.999478,0.999478,0,0,1,1,1
sciml_cubic_oscillator,sciml,6,prism_protocol,12,200,200,147,0.999478,0.999478,0.0,0.99887366,0.997806,0.998252,0.998889,0.998995,0.999478,0,0,0,0,1
sciml_cubic_oscillator,sciml,6,prism_protocol,13,200,200,,0.998995,0.999478,0.000483,0.99703347,0.998408,0.998408,0.998408,0.998995,0.998995,0,0,0,0,0
sciml_cubic_oscillator,sciml,6,prism_protocol,14,200,200,52,0.999478,0.999478,0.0,0.99577449,0.998258,0.998387,0.998387,0.999478,0.999478,0,0,0,1,1
sciml_cubic_oscillator,sciml,6,prism_protocol,15,200,200,71,0.999478,0.999478,0.0,0.99698107,0.998995,0.998995,0.998995,0.999478,0.999478,0,0,0,1,1
sciml_cubic_oscillator,sciml,6,prism_protocol,16,200,200,106,0.999478,0.999478,0.0,0.99810754,0.997806,0.99827,0.99827,0.998387,0.999478,0,0,0,0,1
sciml_cubic_oscillator,sciml,6,prism_protocol,17,200,200,,0.998995,0.999478,0.000483,0.99758099,0.995409,0.997885,0.997885,0.998995,0.998995,0,0,0,0,0
sciml_cubic_oscillator,sciml,6,prism_protocol,18,200,200,,0.998995,0.999478,0.000483,0.9979188,0.99598,0.99598,0.99827,0.998995,0.998995,0,0,0,0,0
sciml_cubic_oscillator,sciml,6,prism_protocol,19,200,200,8,0.999478,0.999478,0.0,0.99939351,0.999478,0.999478,0.999478,0.999478,0.999478,1,1,1,1,1
sciml_cubic_oscillator,sciml,6,prism_protocol,20,200,200,2,0.999478,0.999478,0.0,0.99944938,0.999478,0.999478,0.999478,0.999478,0.999478,1,1,1,1,1
sciml_cubic_oscillator,sciml,6,prism_protocol,21,200,200,62,0.999478,0.999478,0.0,0.9993028,0.998995,0.998995,0.998995,0.999478,0.999478,0,0,0,1,1
sciml_cubic_oscillator,sciml,6,prism_protocol,22,200,200,39,0.999478,0.999478,0.0,0.9975127,0.996093,0.998283,0.999478,0.999478,0.999478,0,0,1,1,1
sciml_cubic_oscillator,sciml,6,prism_protocol,23,200,200,95,0.999478,0.999478,0.0,0.99762139,0.995941,0.998889,0.998995,0.999478,0.999478,0,0,0,1,1
sciml_cubic_oscillator,sciml,6,prism_protocol,24,200,200,113,0.999478,0.999478,0.0,0.99849432,0.997885,0.998889,0.998889,0.998995,0.999478,0,0,0,0,1
sciml_cubic_oscillator,sciml,6,prism_protocol,25,200,200,10,0.999478,0.999478,0.0,0.9994024,0.999478,0.999478,0.999478,0.999478,0.999478,1,1,1,1,1
sciml_cubic_oscillator,sciml,6,prism_protocol,26,200,200,27,0.999478,0.999478,0.0,0.99723355,0.995267,0.998392,0.999478,0.999478,0.999478,0,0,1,1,1
sciml_cubic_oscillator,sciml,6,prism_protocol,27,200,200,64,0.999478,0.999478,0.0,0.99879936,0.996093,0.996093,0.998392,0.999478,0.999478,0,0,0,1,1
sciml_cubic_oscillator,sciml,6,prism_protocol,28,200,200,23,0.999478,0.999478,0.0,0.99941639,0.998889,0.999478,0.999478,0.999478,0.999478,0,1,1,1,1
sciml_cubic_oscillator,sciml,6,prism_protocol,29,200,200,70,0.999478,0.999478,0.0,0.99883097,0.995673,0.997571,0.998231,0.999478,0.999478,0,0,0,1,1
sciml_cubic_oscillator,sciml,6,prism_protocol,30,200,200,21,0.999478,0.999478,0.0,0.99923018,0.997571,0.999478,0.999478,0.999478,0.999478,0,1,1,1,1
sciml_cubic_oscillator,sciml,6,prism_protocol,31,200,200,,0.998995,0.999478,0.000483,0.99864239,0.997624,0.998392,0.998889,0.998889,0.998995,0,0,0,0,0
sciml_cubic_oscillator,sciml,6,prism_protocol,32,200,200,12,0.999478,0.999478,0.0,0.99935909,0.999478,0.999478,0.999478,0.999478,0.999478,1,1,1,1,1
sciml_cubic_oscillator,sciml,6,prism_protocol,33,200,200,,0.998995,0.999478,0.000483,0.99878214,0.998387,0.998387,0.998387,0.998995,0.998995,0,0,0,0,0
sciml_cubic_oscillator,sciml,6,prism_protocol,34,200,200,,0.998995,0.999478,0.000483,0.99534997,0.998252,0.998252,0.998258,0.998995,0.998995,0,0,0,0,0
sciml_cubic_oscillator,sciml,6,prism_protocol,35,200,200,,0.998995,0.999478,0.000483,0.99875254,0.998231,0.998231,0.998995,0.998995,0.998995,0,0,0,0,0
sciml_cubic_oscillator,sciml,6,prism_protocol,36,200,200,118,0.999478,0.999478,0.0,0.99891507,0.997885,0.997885,0.998995,0.998995,0.999478,0,0,0,0,1
sciml_cubic_oscillator,sciml,6,prism_protocol,37,200,200,13,0.999478,0.999478,0.0,0.99929298,0.999478,0.999478,0.999478,0.999478,0.999478,1,1,1,1,1
sciml_cubic_oscillator,sciml,6,prism_protocol,38,200,200,179,0.999478,0.999478,0.0,0.99754835,0.99762,0.997721,0.998283,0.998408,0.999478,0,0,0,0,1
sciml_cubic_oscillator,sciml,6,prism_protocol,39,200,200,106,0.999478,0.999478,0.0,0.99880423,0.99762,0.99762,0.997721,0.998995,0.999478,0,0,0,0,1
sciml_rossler,sciml,6,uniform,0,200,200,,0.812476,0.812531,5.5e-05,0.8057128,0.791248,0.792595,0.801903,0.812476,0.812476,0,0,0,0,0
sciml_rossler,sciml,6,uniform,1,200,200,,0.811979,0.812531,0.000552,0.80475937,0.800486,0.80207,0.80207,0.803439,0.811979,0,0,0,0,0
sciml_rossler,sciml,6,uniform,2,200,200,,0.803439,0.812531,0.009092,0.79830546,0.801426,0.801426,0.801906,0.801906,0.803439,0,0,0,0,0
sciml_rossler,sciml,6,uniform,3,200,200,132,0.812531,0.812531,0.0,0.8051664,0.800486,0.80207,0.80207,0.80207,0.812531,0,0,0,0,1
sciml_rossler,sciml,6,uniform,4,200,200,,0.812149,0.812531,0.000382,0.80378678,0.803494,0.803494,0.803494,0.803494,0.812149,0,0,0,0,0
sciml_rossler,sciml,6,uniform,5,200,200,154,0.812531,0.812531,0.0,0.80689478,0.801906,0.801906,0.812093,0.812093,0.812531,0,0,0,0,1
sciml_rossler,sciml,6,uniform,6,200,200,,0.812476,0.812531,5.5e-05,0.80401859,0.790456,0.801958,0.803437,0.803437,0.812476,0,0,0,0,0
sciml_rossler,sciml,6,uniform,7,200,200,,0.812149,0.812531,0.000382,0.79967831,0.800992,0.800992,0.800992,0.803439,0.812149,0,0,0,0,0
sciml_rossler,sciml,6,uniform,8,200,200,,0.812476,0.812531,5.5e-05,0.79912144,0.801954,0.803439,0.803648,0.803648,0.812476,0,0,0,0,0
sciml_rossler,sciml,6,uniform,9,200,200,,0.812035,0.812531,0.000496,0.80250683,0.791447,0.791447,0.792596,0.80207,0.812035,0,0,0,0,0
sciml_rossler,sciml,6,uniform,10,200,200,,0.812149,0.812531,0.000382,0.8040064,0.789921,0.801903,0.80207,0.80207,0.812149,0,0,0,0,0
sciml_rossler,sciml,6,uniform,11,200,200,,0.803739,0.812531,0.008792,0.8031086,0.80207,0.80207,0.803648,0.803739,0.803739,0,0,0,0,0
sciml_rossler,sciml,6,uniform,12,200,200,,0.812476,0.812531,5.5e-05,0.8108062,0.803739,0.812093,0.812093,0.812093,0.812476,0,0,0,0,0
sciml_rossler,sciml,6,uniform,13,200,200,,0.812476,0.812531,5.5e-05,0.80420515,0.801906,0.801906,0.801906,0.801906,0.812476,0,0,0,0,0
sciml_rossler,sciml,6,uniform,14,200,200,,0.812149,0.812531,0.000382,0.81066598,0.80207,0.80207,0.812093,0.812093,0.812149,0,0,0,0,0
sciml_rossler,sciml,6,uniform,15,200,200,126,0.812531,0.812531,0.0,0.80938365,0.803437,0.803437,0.812035,0.812035,0.812531,0,0,0,0,1
sciml_rossler,sciml,6,uniform,16,200,200,,0.812093,0.812531,0.000438,0.80157088,0.811979,0.811979,0.811979,0.811979,0.812093,0,0,0,0,0
sciml_rossler,sciml,6,uniform,17,200,200,28,0.812531,0.812531,0.0,0.80429678,0.792596,0.800486,0.812531,0.812531,0.812531,0,0,1,1,1
sciml_rossler,sciml,6,uniform,18,200,200,,0.812476,0.812531,5.5e-05,0.80058993,0.78693,0.801903,0.801958,0.802068,0.812476,0,0,0,0,0
sciml_rossler,sciml,6,uniform,19,200,200,116,0.812531,0.812531,0.0,0.80284487,0.790518,0.793322,0.800526,0.801903,0.812531,0,0,0,0,1
sciml_rossler,sciml,6,uniform,20,200,200,135,0.812531,0.812531,0.0,0.79937264,0.7909,0.7909,0.793601,0.803656,0.812531,0,0,0,0,1
sciml_rossler,sciml,6,uniform,21,200,200,,0.803656,0.812531,0.008875,0.803656,0.803656,0.803656,0.803656,0.803656,0.803656,0,0,0,0,0
sciml_rossler,sciml,6,uniform,22,200,200,,0.812149,0.812531,0.000382,0.8084621,0.803439,0.803439,0.803439,0.812149,0.812149,0,0,0,0,0
sciml_rossler,sciml,6,uniform,23,200,200,,0.812476,0.812531,5.5e-05,0.80697306,0.801958,0.801958,0.801958,0.812149,0.812476,0,0,0,0,0
sciml_rossler,sciml,6,uniform,24,200,200,,0.811979,0.812531,0.000552,0.808235,0.791418,0.793993,0.811979,0.811979,0.811979,0,0,0,0,0
sciml_rossler,sciml,6,uniform,25,200,200,,0.812093,0.812531,0.000438,0.7975001,0.812093,0.812093,0.812093,0.812093,0.812093,0,0,0,0,0
sciml_rossler,sciml,6,uniform,26,200,200,,0.812149,0.812531,0.000382,0.80962511,0.812149,0.812149,0.812149,0.812149,0.812149,0,0,0,0,0
sciml_rossler,sciml,6,uniform,27,200,200,179,0.812531,0.812531,0.0,0.80434174,0.803739,0.803739,0.803739,0.803739,0.812531,0,0,0,0,1
sciml_rossler,sciml,6,uniform,28,200,200,110,0.812531,0.812531,0.0,0.8055264,0.803739,0.803739,0.803739,0.803739,0.812531,0,0,0,0,1
sciml_rossler,sciml,6,uniform,29,200,200,,0.812149,0.812531,0.000382,0.80978981,0.812035,0.812035,0.812035,0.812149,0.812149,0,0,0,0,0
sciml_rossler,sciml,6,uniform,30,200,200,,0.812476,0.812531,5.5e-05,0.80567285,0.790519,0.801903,0.801903,0.801958,0.812476,0,0,0,0,0
sciml_rossler,sciml,6,uniform,31,200,200,14,0.812531,0.812531,0.0,0.80592817,0.812531,0.812531,0.812531,0.812531,0.812531,1,1,1,1,1
sciml_rossler,sciml,6,uniform,32,200,200,,0.812149,0.812531,0.000382,0.80619804,0.801958,0.801958,0.80207,0.812149,0.812149,0,0,0,0,0
sciml_rossler,sciml,6,uniform,33,200,200,,0.812476,0.812531,5.5e-05,0.80441713,0.78746,0.793601,0.812035,0.812035,0.812476,0,0,0,0,0
sciml_rossler,sciml,6,uniform,34,200,200,,0.812035,0.812531,0.000496,0.80840902,0.793026,0.793026,0.812035,0.812035,0.812035,0,0,0,0,0
sciml_rossler,sciml,6,uniform,35,200,200,,0.812476,0.812531,5.5e-05,0.80477676,0.791447,0.803739,0.812149,0.812476,0.812476,0,0,0,0,0
sciml_rossler,sciml,6,uniform,36,200,200,,0.811979,0.812531,0.000552,0.80819167,0.803648,0.811979,0.811979,0.811979,0.811979,0,0,0,0,0
sciml_rossler,sciml,6,uniform,37,200,200,,0.812149,0.812531,0.000382,0.80764183,0.793915,0.803437,0.812149,0.812149,0.812149,0,0,0,0,0
sciml_rossler,sciml,6,uniform,38,200,200,,0.812476,0.812531,5.5e-05,0.80174842,0.794099,0.794099,0.794099,0.803648,0.812476,0,0,0,0,0
sciml_rossler,sciml,6,uniform,39,200,200,120,0.812531,0.812531,0.0,0.8077573,0.789975,0.800526,0.812093,0.812093,0.812531,0,0,0,0,1
sciml_rossler,sciml,6,ls_swap,0,200,200,77,0.812531,0.812531,0.0,0.80221928,0.790652,0.794138,0.794337,0.812531,0.812531,0,0,0,1,1
sciml_rossler,sciml,6,ls_swap,1,200,200,140,0.812531,0.812531,0.0,0.80358432,0.790687,0.80207,0.80207,0.80207,0.812531,0,0,0,0,1
sciml_rossler,sciml,6,ls_swap,2,200,200,99,0.812531,0.812531,0.0,0.80611829,0.801954,0.801954,0.80207,0.812531,0.812531,0,0,0,1,1
sciml_rossler,sciml,6,ls_swap,3,200,200,70,0.812531,0.812531,0.0,0.80757246,0.791211,0.794099,0.812149,0.812531,0.812531,0,0,0,1,1
sciml_rossler,sciml,6,ls_swap,4,200,200,80,0.812531,0.812531,0.0,0.80803968,0.790673,0.791255,0.811979,0.812531,0.812531,0,0,0,1,1
sciml_rossler,sciml,6,ls_swap,5,200,200,57,0.812531,0.812531,0.0,0.8000465,0.781636,0.803439,0.803739,0.812531,0.812531,0,0,0,1,1
sciml_rossler,sciml,6,ls_swap,6,200,200,57,0.812531,0.812531,0.0,0.80552789,0.801958,0.811979,0.812149,0.812531,0.812531,0,0,0,1,1
sciml_rossler,sciml,6,ls_swap,7,200,200,56,0.812531,0.812531,0.0,0.80867251,0.791416,0.803648,0.803739,0.812531,0.812531,0,0,0,1,1
sciml_rossler,sciml,6,ls_swap,8,200,200,7,0.812531,0.812531,0.0,0.80849547,0.812531,0.812531,0.812531,0.812531,0.812531,1,1,1,1,1
sciml_rossler,sciml,6,ls_swap,9,200,200,104,0.812531,0.812531,0.0,0.80536221,0.801954,0.801954,0.80207,0.803739,0.812531,0,0,0,0,1
sciml_rossler,sciml,6,ls_swap,10,200,200,67,0.812531,0.812531,0.0,0.7989741,0.755628,0.791298,0.812035,0.812531,0.812531,0,0,0,1,1
sciml_rossler,sciml,6,ls_swap,11,200,200,56,0.812531,0.812531,0.0,0.80320499,0.783797,0.800486,0.803739,0.812531,0.812531,0,0,0,1,1
sciml_rossler,sciml,6,ls_swap,12,200,200,96,0.812531,0.812531,0.0,0.80310415,0.80207,0.80207,0.80207,0.812531,0.812531,0,0,0,1,1
sciml_rossler,sciml,6,ls_swap,13,200,200,38,0.812531,0.812531,0.0,0.81039655,0.803494,0.803739,0.812531,0.812531,0.812531,0,0,1,1,1
sciml_rossler,sciml,6,ls_swap,14,200,200,17,0.812531,0.812531,0.0,0.80421829,0.812476,0.812531,0.812531,0.812531,0.812531,0,1,1,1,1
sciml_rossler,sciml,6,ls_swap,15,200,200,105,0.812531,0.812531,0.0,0.79801089,0.791211,0.793609,0.801958,0.803739,0.812531,0,0,0,0,1
sciml_rossler,sciml,6,ls_swap,16,200,200,54,0.812531,0.812531,0.0,0.80299007,0.793026,0.794138,0.812149,0.812531,0.812531,0,0,0,1,1
sciml_rossler,sciml,6,ls_swap,17,200,200,69,0.812531,0.812531,0.0,0.80650343,0.790526,0.791261,0.803656,0.812531,0.812531,0,0,0,1,1
sciml_rossler,sciml,6,ls_swap,18,200,200,120,0.812531,0.812531,0.0,0.80572628,0.790676,0.791248,0.801954,0.812035,0.812531,0,0,0,0,1
sciml_rossler,sciml,6,ls_swap,19,200,200,69,0.812531,0.812531,0.0,0.80797501,0.790676,0.791261,0.812035,0.812531,0.812531,0,0,0,1,1
sciml_rossler,sciml,6,ls_swap,20,200,200,55,0.812531,0.812531,0.0,0.80910782,0.793026,0.794138,0.812149,0.812531,0.812531,0,0,0,1,1
sciml_rossler,sciml,6,ls_swap,21,200,200,54,0.812531,0.812531,0.0,0.80364831,0.801426,0.801906,0.812149,0.812531,0.812531,0,0,0,1,1
sciml_rossler,sciml,6,ls_swap,22,200,200,69,0.812531,0.812531,0.0,0.80826223,0.790676,0.791261,0.812035,0.812531,0.812531,0,0,0,1,1
sciml_rossler,sciml,6,ls_swap,23,200,200,31,0.812531,0.812531,0.0,0.81144144,0.812093,0.812149,0.812531,0.812531,0.812531,0,0,1,1,1
sciml_rossler,sciml,6,ls_swap,24,200,200,43,0.812531,0.812531,0.0,0.80911174,0.793915,0.801851,0.812531,0.812531,0.812531,0,0,1,1,1
sciml_rossler,sciml,6,ls_swap,25,200,200,44,0.812531,0.812531,0.0,0.80486034,0.792596,0.812093,0.812531,0.812531,0.812531,0,0,1,1,1
sciml_rossler,sciml,6,ls_swap,26,200,200,28,0.812531,0.812531,0.0,0.80871631,0.812149,0.812149,0.812531,0.812531,0.812531,0,0,1,1,1
sciml_rossler,sciml,6,ls_swap,27,200,200,56,0.812531,0.812531,0.0,0.80015666,0.794284,0.794337,0.803739,0.812531,0.812531,0,0,0,1,1
sciml_rossler,sciml,6,ls_swap,28,200,200,44,0.812531,0.812531,0.0,0.80366653,0.793315,0.812093,0.812531,0.812531,0.812531,0,0,1,1,1
sciml_rossler,sciml,6,ls_swap,29,200,200,42,0.812531,0.812531,0.0,0.80849892,0.812035,0.812035,0.812531,0.812531,0.812531,0,0,1,1,1
sciml_rossler,sciml,6,ls_swap,30,200,200,55,0.812531,0.812531,0.0,0.80910782,0.793026,0.794138,0.812149,0.812531,0.812531,0,0,0,1,1
sciml_rossler,sciml,6,ls_swap,31,200,200,54,0.812531,0.812531,0.0,0.80775488,0.789668,0.791145,0.812149,0.812531,0.812531,0,0,0,1,1
sciml_rossler,sciml,6,ls_swap,32,200,200,55,0.812531,0.812531,0.0,0.8089609,0.791416,0.803648,0.812476,0.812531,0.812531,0,0,0,1,1
sciml_rossler,sciml,6,ls_swap,33,200,200,76,0.812531,0.812531,0.0,0.80648544,0.792932,0.794138,0.794337,0.812531,0.812531,0,0,0,1,1
sciml_rossler,sciml,6,ls_swap,34,200,200,44,0.812531,0.812531,0.0,0.80980984,0.791107,0.791145,0.812531,0.812531,0.812531,0,0,1,1,1
sciml_rossler,sciml,6,ls_swap,35,200,200,44,0.812531,0.812531,0.0,0.80675076,0.792596,0.812093,0.812531,0.812531,0.812531,0,0,1,1,1
sciml_rossler,sciml,6,ls_swap,36,200,200,74,0.812531,0.812531,0.0,0.80561167,0.789925,0.792932,0.794337,0.812531,0.812531,0,0,0,1,1
sciml_rossler,sciml,6,ls_swap,37,200,200,39,0.812531,0.812531,0.0,0.80782719,0.793993,0.801903,0.812531,0.812531,0.812531,0,0,1,1,1
sciml_rossler,sciml,6,ls_swap,38,200,200,44,0.812531,0.812531,0.0,0.81155306,0.811979,0.812035,0.812531,0.812531,0.812531,0,0,1,1,1
sciml_rossler,sciml,6,ls_swap,39,200,200,56,0.812531,0.812531,0.0,0.80065786,0.793906,0.801387,0.803739,0.812531,0.812531,0,0,0,1,1
sciml_rossler,sciml,6,ls_insert,0,200,200,64,0.812531,0.812531,0.0,0.80600242,0.801954,0.801954,0.812035,0.812531,0.812531,0,0,0,1,1
sciml_rossler,sciml,6,ls_insert,1,200,200,53,0.812531,0.812531,0.0,0.807462,0.789668,0.789668,0.803494,0.812531,0.812531,0,0,0,1,1
sciml_rossler,sciml,6,ls_insert,2,200,200,60,0.812531,0.812531,0.0,0.80869494,0.801954,0.801954,0.812035,0.812531,0.812531,0,0,0,1,1
sciml_rossler,sciml,6,ls_insert,3,200,200,73,0.812531,0.812531,0.0,0.80416729,0.778455,0.784576,0.800526,0.812531,0.812531,0,0,0,1,1
sciml_rossler,sciml,6,ls_insert,4,200,200,49,0.812531,0.812531,0.0,0.8087209,0.794103,0.794103,0.812531,0.812531,0.812531,0,0,1,1,1
sciml_rossler,sciml,6,ls_insert,5,200,200,84,0.812531,0.812531,0.0,0.77483018,0.462419,0.758443,0.793589,0.812531,0.812531,0,0,0,1,1
sciml_rossler,sciml,6,ls_insert,6,200,200,59,0.812531,0.812531,0.0,0.79490977,0.791216,0.791216,0.801426,0.812531,0.812531,0,0,0,1,1
sciml_rossler,sciml,6,ls_insert,7,200,200,65,0.812531,0.812531,0.0,0.80898561,0.787385,0.801954,0.812035,0.812531,0.812531,0,0,0,1,1
sciml_rossler,sciml,6,ls_insert,8,200,200,7,0.812531,0.812531,0.0,0.80176865,0.812531,0.812531,0.812531,0.812531,0.812531,1,1,1,1,1
sciml_rossler,sciml,6,ls_insert,9,200,200,60,0.812531,0.812531,0.0,0.80869494,0.801954,0.801954,0.812035,0.812531,0.812531,0,0,0,1,1
sciml_rossler,sciml,6,ls_insert,10,200,200,83,0.812531,0.812531,0.0,0.79741697,0.755869,0.781704,0.801958,0.812531,0.812531,0,0,0,1,1
sciml_rossler,sciml,6,ls_insert,11,200,200,75,0.812531,0.812531,0.0,0.8010768,0.781792,0.781792,0.80207,0.812531,0.812531,0,0,0,1,1
sciml_rossler,sciml,6,ls_insert,12,200,200,51,0.812531,0.812531,0.0,0.79611094,0.792596,0.792596,0.803739,0.812531,0.812531,0,0,0,1,1
sciml_rossler,sciml,6,ls_insert,13,200,200,9,0.812531,0.812531,0.0,0.81178775,0.812531,0.812531,0.812531,0.812531,0.812531,1,1,1,1,1
sciml_rossler,sciml,6,ls_insert,14,200,200,47,0.812531,0.812531,0.0,0.78801101,0.755628,0.801387,0.812531,0.812531,0.812531,0,0,1,1,1
sciml_rossler,sciml,6,ls_insert,15,200,200,65,0.812531,0.812531,0.0,0.80170462,0.787861,0.801954,0.812035,0.812531,0.812531,0,0,0,1,1
sciml_rossler,sciml,6,ls_insert,16,200,200,42,0.812531,0.812531,0.0,0.79725104,0.790911,0.801903,0.812531,0.812531,0.812531,0,0,1,1,1
sciml_rossler,sciml,6,ls_insert,17,200,200,48,0.812531,0.812531,0.0,0.80630973,0.789975,0.790904,0.812531,0.812531,0.812531,0,0,1,1,1
sciml_rossler,sciml,6,ls_insert,18,200,200,53,0.812531,0.812531,0.0,0.80769424,0.790911,0.790911,0.803494,0.812531,0.812531,0,0,0,1,1
sciml_rossler,sciml,6,ls_insert,19,200,200,68,0.812531,0.812531,0.0,0.80621862,0.790203,0.790203,0.801426,0.812531,0.812531,0,0,0,1,1
sciml_rossler,sciml,6,ls_insert,20,200,200,33,0.812531,0.812531,0.0,0.81031406,0.803494,0.803494,0.812531,0.812531,0.812531,0,0,1,1,1
sciml_rossler,sciml,6,ls_insert,21,200,200,52,0.812531,0.812531,0.0,0.78413365,0.487852,0.794138,0.803494,0.812531,0.812531,0,0,0,1,1
sciml_rossler,sciml,6,ls_insert,22,200,200,65,0.812531,0.812531,0.0,0.80871402,0.794099,0.794099,0.812476,0.812531,0.812531,0,0,0,1,1
sciml_rossler,sciml,6,ls_insert,23,200,200,54,0.812531,0.812531,0.0,0.81018481,0.80207,0.80207,0.812149,0.812531,0.812531,0,0,0,1,1
sciml_rossler,sciml,6,ls_insert,24,200,200,55,0.812531,0.812531,0.0,0.80915704,0.792596,0.80207,0.812149,0.812531,0.812531,0,0,0,1,1
sciml_rossler,sciml,6,ls_insert,25,200,200,83,0.812531,0.812531,0.0,0.78761371,0.790203,0.790203,0.801387,0.812531,0.812531,0,0,0,1,1
sciml_rossler,sciml,6,ls_insert,26,200,200,33,0.812531,0.812531,0.0,0.80178526,0.812149,0.812149,0.812531,0.812531,0.812531,0,0,1,1,1
sciml_rossler,sciml,6,ls_insert,27,200,200,62,0.812531,0.812531,0.0,0.77969555,0.487852,0.791101,0.803648,0.812531,0.812531,0,0,0,1,1
sciml_rossler,sciml,6,ls_insert,28,200,200,70,0.812531,0.812531,0.0,0.78552114,0.758443,0.785041,0.801426,0.812531,0.812531,0,0,0,1,1
sciml_rossler,sciml,6,ls_insert,29,200,200,42,0.812531,0.812531,0.0,0.8012245,0.812035,0.812035,0.812531,0.812531,0.812531,0,0,1,1,1
sciml_rossler,sciml,6,ls_insert,30,200,200,33,0.812531,0.812531,0.0,0.81031406,0.803494,0.803494,0.812531,0.812531,0.812531,0,0,1,1,1
sciml_rossler,sciml,6,ls_insert,31,200,200,90,0.812531,0.812531,0.0,0.80184342,0.777979,0.777979,0.794138,0.812531,0.812531,0,0,0,1,1
sciml_rossler,sciml,6,ls_insert,32,200,200,47,0.812531,0.812531,0.0,0.81041022,0.803656,0.803656,0.812531,0.812531,0.812531,0,0,1,1,1
sciml_rossler,sciml,6,ls_insert,33,200,200,29,0.812531,0.812531,0.0,0.81093953,0.803439,0.803439,0.812531,0.812531,0.812531,0,0,1,1,1
sciml_rossler,sciml,6,ls_insert,34,200,200,33,0.812531,0.812531,0.0,0.81082162,0.803494,0.803494,0.812531,0.812531,0.812531,0,0,1,1,1
sciml_rossler,sciml,6,ls_insert,35,200,200,47,0.812531,0.812531,0.0,0.80533805,0.792402,0.792402,0.812531,0.812531,0.812531,0,0,1,1,1
sciml_rossler,sciml,6,ls_insert,36,200,200,49,0.812531,0.812531,0.0,0.80609526,0.790552,0.790911,0.812531,0.812531,0.812531,0,0,1,1,1
sciml_rossler,sciml,6,ls_insert,37,200,200,62,0.812531,0.812531,0.0,0.80676085,0.793906,0.793906,0.803648,0.812531,0.812531,0,0,0,1,1
sciml_rossler,sciml,6,ls_insert,38,200,200,43,0.812531,0.812531,0.0,0.81127991,0.811979,0.811979,0.812531,0.812531,0.812531,0,0,1,1,1
sciml_rossler,sciml,6,ls_insert,39,200,200,66,0.812531,0.812531,0.0,0.78180807,0.487852,0.790456,0.803648,0.812531,0.812531,0,0,0,1,1
sciml_rossler,sciml,6,ls_inversion,0,200,200,140,0.812531,0.812531,0.0,0.8005738,0.779072,0.801954,0.80207,0.80207,0.812531,0,0,0,0,1
sciml_rossler,sciml,6,ls_inversion,1,200,200,187,0.812531,0.812531,0.0,0.80099578,0.791248,0.793609,0.801954,0.80207,0.812531,0,0,0,0,1
sciml_rossler,sciml,6,ls_inversion,2,200,200,111,0.812531,0.812531,0.0,0.80564261,0.801954,0.801954,0.80207,0.812149,0.812531,0,0,0,0,1
sciml_rossler,sciml,6,ls_inversion,3,200,200,56,0.812531,0.812531,0.0,0.80746723,0.791416,0.791447,0.812149,0.812531,0.812531,0,0,0,1,1
sciml_rossler,sciml,6,ls_inversion,4,200,200,58,0.812531,0.812531,0.0,0.80882656,0.790687,0.791261,0.812149,0.812531,0.812531,0,0,0,1,1
sciml_rossler,sciml,6,ls_inversion,5,200,200,42,0.812531,0.812531,0.0,0.80450635,0.812035,0.812035,0.812531,0.812531,0.812531,0,0,1,1,1
sciml_rossler,sciml,6,ls_inversion,6,200,200,44,0.812531,0.812531,0.0,0.80641584,0.811979,0.812035,0.812531,0.812531,0.812531,0,0,1,1,1
sciml_rossler,sciml,6,ls_inversion,7,200,200,57,0.812531,0.812531,0.0,0.80910335,0.791416,0.80207,0.812149,0.812531,0.812531,0,0,0,1,1
sciml_rossler,sciml,6,ls_inversion,8,200,200,7,0.812531,0.812531,0.0,0.80852959,0.812531,0.812531,0.812531,0.812531,0.812531,1,1,1,1,1
sciml_rossler,sciml,6,ls_inversion,9,200,200,118,0.812531,0.812531,0.0,0.80446608,0.801954,0.801954,0.80207,0.80207,0.812531,0,0,0,0,1
sciml_rossler,sciml,6,ls_inversion,10,200,200,55,0.812531,0.812531,0.0,0.80223749,0.790709,0.791298,0.812149,0.812531,0.812531,0,0,0,1,1
sciml_rossler,sciml,6,ls_inversion,11,200,200,66,0.812531,0.812531,0.0,0.80128163,0.784007,0.784605,0.791447,0.812531,0.812531,0,0,0,1,1
sciml_rossler,sciml,6,ls_inversion,12,200,200,83,0.812531,0.812531,0.0,0.8015472,0.779342,0.80207,0.80207,0.812531,0.812531,0,0,0,1,1
sciml_rossler,sciml,6,ls_inversion,13,200,200,40,0.812531,0.812531,0.0,0.80996886,0.791447,0.812149,0.812531,0.812531,0.812531,0,0,1,1,1
sciml_rossler,sciml,6,ls_inversion,14,200,200,31,0.812531,0.812531,0.0,0.80137001,0.778388,0.812476,0.812531,0.812531,0.812531,0,0,1,1,1
sciml_rossler,sciml,6,ls_inversion,15,200,200,52,0.812531,0.812531,0.0,0.79842453,0.760568,0.78746,0.803739,0.812531,0.812531,0,0,0,1,1
sciml_rossler,sciml,6,ls_inversion,16,200,200,43,0.812531,0.812531,0.0,0.80250364,0.78746,0.793026,0.812531,0.812531,0.812531,0,0,1,1,1
sciml_rossler,sciml,6,ls_inversion,17,200,200,67,0.812531,0.812531,0.0,0.8067252,0.790526,0.791261,0.803656,0.812531,0.812531,0,0,0,1,1
sciml_rossler,sciml,6,ls_inversion,18,200,200,57,0.812531,0.812531,0.0,0.80712595,0.78961,0.791298,0.800992,0.812531,0.812531,0,0,0,1,1
sciml_rossler,sciml,6,ls_inversion,19,200,200,45,0.812531,0.812531,0.0,0.80863215,0.791261,0.793603,0.812531,0.812531,0.812531,0,0,1,1,1
sciml_rossler,sciml,6,ls_inversion,20,200,200,53,0.812531,0.812531,0.0,0.80915216,0.793026,0.794138,0.812149,0.812531,0.812531,0,0,0,1,1
sciml_rossler,sciml,6,ls_inversion,21,200,200,43,0.812531,0.812531,0.0,0.80433012,0.801906,0.801906,0.812531,0.812531,0.812531,0,0,1,1,1
sciml_rossler,sciml,6,ls_inversion,22,200,200,56,0.812531,0.812531,0.0,0.80882312,0.790709,0.791298,0.812149,0.812531,0.812531,0,0,0,1,1
sciml_rossler,sciml,6,ls_inversion,23,200,200,31,0.812531,0.812531,0.0,0.81144144,0.812093,0.812149,0.812531,0.812531,0.812531,0,0,1,1,1
sciml_rossler,sciml,6,ls_inversion,24,200,200,58,0.812531,0.812531,0.0,0.80934845,0.801387,0.801858,0.812149,0.812531,0.812531,0,0,0,1,1
sciml_rossler,sciml,6,ls_inversion,25,200,200,5,0.812531,0.812531,0.0,0.80667957,0.812531,0.812531,0.812531,0.812531,0.812531,1,1,1,1,1
sciml_rossler,sciml,6,ls_inversion,26,200,200,28,0.812531,0.812531,0.0,0.80871631,0.812149,0.812149,0.812531,0.812531,0.812531,0,0,1,1,1
sciml_rossler,sciml,6,ls_inversion,27,200,200,68,0.812531,0.812531,0.0,0.79914821,0.794103,0.794138,0.803656,0.812531,0.812531,0,0,0,1,1
sciml_rossler,sciml,6,ls_inversion,28,200,200,55,0.812531,0.812531,0.0,0.8032616,0.791199,0.812035,0.812149,0.812531,0.812531,0,0,0,1,1
sciml_rossler,sciml,6,ls_inversion,29,200,200,42,0.812531,0.812531,0.0,0.80849892,0.812035,0.812035,0.812531,0.812531,0.812531,0,0,1,1,1
sciml_rossler,sciml,6,ls_inversion,30,200,200,53,0.812531,0.812531,0.0,0.80915216,0.793026,0.794138,0.812149,0.812531,0.812531,0,0,0,1,1
sciml_rossler,sciml,6,ls_inversion,31,200,200,45,0.812531,0.812531,0.0,0.80744379,0.779175,0.800945,0.812531,0.812531,0.812531,0,0,1,1,1
sciml_rossler,sciml,6,ls_inversion,32,200,200,57,0.812531,0.812531,0.0,0.80944763,0.791416,0.80207,0.812149,0.812531,0.812531,0,0,0,1,1
sciml_rossler,sciml,6,ls_inversion,33,200,200,58,0.812531,0.812531,0.0,0.80912849,0.792941,0.794103,0.812149,0.812531,0.812531,0,0,0,1,1
sciml_rossler,sciml,6,ls_inversion,34,200,200,58,0.812531,0.812531,0.0,0.80879053,0.791101,0.802068,0.803739,0.812531,0.812531,0,0,0,1,1
sciml_rossler,sciml,6,ls_inversion,35,200,200,72,0.812531,0.812531,0.0,0.80403962,0.792596,0.792596,0.801906,0.812531,0.812531,0,0,0,1,1
sciml_rossler,sciml,6,ls_inversion,36,200,200,74,0.812531,0.812531,0.0,0.80544399,0.789925,0.790911,0.794337,0.812531,0.812531,0,0,0,1,1
sciml_rossler,sciml,6,ls_inversion,37,200,200,52,0.812531,0.812531,0.0,0.80708764,0.794337,0.794337,0.803739,0.812531,0.812531,0,0,0,1,1
sciml_rossler,sciml,6,ls_inversion,38,200,200,44,0.812531,0.812531,0.0,0.81155306,0.811979,0.812035,0.812531,0.812531,0.812531,0,0,1,1,1
sciml_rossler,sciml,6,ls_inversion,39,200,200,59,0.812531,0.812531,0.0,0.79841038,0.790203,0.791261,0.800992,0.812531,0.812531,0,0,0,1,1
sciml_rossler,sciml,6,simulated_annealing,0,200,200,,0.812035,0.812531,0.000496,0.78611012,0.790206,0.794284,0.803439,0.812035,0.812035,0,0,0,0,0
sciml_rossler,sciml,6,simulated_annealing,1,200,200,,0.812035,0.812531,0.000496,0.80010571,0.793993,0.793993,0.80207,0.80207,0.812035,0,0,0,0,0
sciml_rossler,sciml,6,simulated_annealing,2,200,200,,0.803439,0.812531,0.009092,0.79716999,0.793322,0.793322,0.793464,0.801906,0.803439,0,0,0,0,0
sciml_rossler,sciml,6,simulated_annealing,3,200,200,,0.812093,0.812531,0.000438,0.80630001,0.801851,0.801851,0.801851,0.803439,0.812093,0,0,0,0,0
sciml_rossler,sciml,6,simulated_annealing,4,200,200,,0.812149,0.812531,0.000382,0.80974059,0.790519,0.811979,0.811979,0.811979,0.812149,0,0,0,0,0
sciml_rossler,sciml,6,simulated_annealing,5,200,200,,0.812093,0.812531,0.000438,0.7957866,0.791245,0.791245,0.791248,0.812093,0.812093,0,0,0,0,0
sciml_rossler,sciml,6,simulated_annealing,6,200,200,81,0.812531,0.812531,0.0,0.78704897,0.784941,0.793915,0.801906,0.812531,0.812531,0,0,0,1,1
sciml_rossler,sciml,6,simulated_annealing,7,200,200,,0.812149,0.812531,0.000382,0.80725967,0.791416,0.793906,0.803437,0.812149,0.812149,0,0,0,0,0
sciml_rossler,sciml,6,simulated_annealing,8,200,200,,0.812476,0.812531,5.5e-05,0.80727512,0.803739,0.803739,0.803739,0.812476,0.812476,0,0,0,0,0
sciml_rossler,sciml,6,simulated_annealing,9,200,200,,0.812035,0.812531,0.000496,0.79444547,0.793603,0.812035,0.812035,0.812035,0.812035,0,0,0,0,0
sciml_rossler,sciml,6,simulated_annealing,10,200,200,119,0.812531,0.812531,0.0,0.79561699,0.790518,0.790526,0.801906,0.801906,0.812531,0,0,0,0,1
sciml_rossler,sciml,6,simulated_annealing,11,200,200,125,0.812531,0.812531,0.0,0.77390302,0.488117,0.784744,0.792402,0.811979,0.812531,0,0,0,0,1
sciml_rossler,sciml,6,simulated_annealing,12,200,200,,0.812476,0.812531,5.5e-05,0.7909928,0.790911,0.790911,0.803648,0.803648,0.812476,0,0,0,0,0
sciml_rossler,sciml,6,simulated_annealing,13,200,200,,0.812149,0.812531,0.000382,0.80590604,0.803656,0.803656,0.803656,0.803656,0.812149,0,0,0,0,0
sciml_rossler,sciml,6,simulated_annealing,14,200,200,,0.812476,0.812531,5.5e-05,0.79257453,0.793595,0.793595,0.794103,0.794138,0.812476,0,0,0,0,0
sciml_rossler,sciml,6,simulated_annealing,15,200,200,105,0.812531,0.812531,0.0,0.79834532,0.784572,0.803494,0.803494,0.803656,0.812531,0,0,0,0,1
sciml_rossler,sciml,6,simulated_annealing,16,200,200,150,0.812531,0.812531,0.0,0.7760639,0.488117,0.803494,0.803494,0.803494,0.812531,0,0,0,0,1
sciml_rossler,sciml,6,simulated_annealing,17,200,200,,0.803656,0.812531,0.008875,0.79617863,0.790518,0.791248,0.791248,0.794099,0.803656,0,0,0,0,0
sciml_rossler,sciml,6,simulated_annealing,18,200,200,,0.803656,0.812531,0.008875,0.80222504,0.80207,0.80207,0.803437,0.803437,0.803656,0,0,0,0,0
sciml_rossler,sciml,6,simulated_annealing,19,200,200,,0.812149,0.812531,0.000382,0.80896546,0.791418,0.811979,0.811979,0.811979,0.812149,0,0,0,0,0
sciml_rossler,sciml,6,simulated_annealing,20,200,200,137,0.812531,0.812531,0.0,0.80494413,0.794103,0.801387,0.801387,0.803656,0.812531,0,0,0,0,1
sciml_rossler,sciml,6,simulated_annealing,21,200,200,145,0.812531,0.812531,0.0,0.79702964,0.801906,0.801906,0.801906,0.801906,0.812531,0,0,0,0,1
sciml_rossler,sciml,6,simulated_annealing,22,200,200,,0.80207,0.812531,0.010461,0.8014944,0.801387,0.801958,0.801958,0.801958,0.80207,0,0,0,0,0
sciml_rossler,sciml,6,simulated_annealing,23,200,200,,0.812476,0.812531,5.5e-05,0.81071624,0.793595,0.812035,0.812035,0.812476,0.812476,0,0,0,0,0
sciml_rossler,sciml,6,simulated_annealing,24,200,200,72,0.812531,0.812531,0.0,0.81020681,0.790518,0.812093,0.812149,0.812531,0.812531,0,0,0,1,1
sciml_rossler,sciml,6,simulated_annealing,25,200,200,170,0.812531,0.812531,0.0,0.8006414,0.794099,0.794099,0.794103,0.800526,0.812531,0,0,0,0,1
sciml_rossler,sciml,6,simulated_annealing,26,200,200,,0.812476,0.812531,5.5e-05,0.80212582,0.80207,0.80207,0.803437,0.812093,0.812476,0,0,0,0,0
sciml_rossler,sciml,6,simulated_annealing,27,200,200,66,0.812531,0.812531,0.0,0.80891959,0.803439,0.803439,0.811979,0.812531,0.812531,0,0,0,1,1
sciml_rossler,sciml,6,simulated_annealing,28,200,200,139,0.812531,0.812531,0.0,0.79694946,0.787179,0.790911,0.803437,0.803437,0.812531,0,0,0,0,1
sciml_rossler,sciml,6,simulated_annealing,29,200,200,,0.811979,0.812531,0.000552,0.80042621,0.793315,0.793906,0.811979,0.811979,0.811979,0,0,0,0,0
sciml_rossler,sciml,6,simulated_annealing,30,200,200,149,0.812531,0.812531,0.0,0.80288827,0.782935,0.790652,0.802068,0.80207,0.812531,0,0,0,0,1
sciml_rossler,sciml,6,simulated_annealing,31,200,200,7,0.812531,0.812531,0.0,0.81140141,0.812531,0.812531,0.812531,0.812531,0.812531,1,1,1,1,1
sciml_rossler,sciml,6,simulated_annealing,32,200,200,122,0.812531,0.812531,0.0,0.80583691,0.790676,0.790676,0.803739,0.803739,0.812531,0,0,0,0,1
sciml_rossler,sciml,6,simulated_annealing,33,200,200,119,0.812531,0.812531,0.0,0.80573269,0.793589,0.80207,0.80207,0.80207,0.812531,0,0,0,0,1
sciml_rossler,sciml,6,simulated_annealing,34,200,200,,0.812149,0.812531,0.000382,0.8082433,0.790911,0.80207,0.803648,0.812149,0.812149,0,0,0,0,0
sciml_rossler,sciml,6,simulated_annealing,35,200,200,,0.812476,0.812531,5.5e-05,0.79949339,0.793315,0.793315,0.801858,0.801858,0.812476,0,0,0,0,0
sciml_rossler,sciml,6,simulated_annealing,36,200,200,70,0.812531,0.812531,0.0,0.806511,0.791211,0.791418,0.794284,0.812531,0.812531,0,0,0,1,1
sciml_rossler,sciml,6,simulated_annealing,37,200,200,23,0.812531,0.812531,0.0,0.79988949,0.784941,0.812531,0.812531,0.812531,0.812531,0,1,1,1,1
sciml_rossler,sciml,6,simulated_annealing,38,200,200,,0.811979,0.812531,0.000552,0.80910779,0.803656,0.803656,0.803656,0.811979,0.811979,0,0,0,0,0
sciml_rossler,sciml,6,simulated_annealing,39,200,200,,0.812476,0.812531,5.5e-05,0.78692002,0.779153,0.791418,0.80207,0.812035,0.812476,0,0,0,0,0
sciml_rossler,sciml,6,iterated_local_search,0,200,200,64,0.812531,0.812531,0.0,0.80600242,0.801954,0.801954,0.812035,0.812531,0.812531,0,0,0,1,1
sciml_rossler,sciml,6,iterated_local_search,1,200,200,53,0.812531,0.812531,0.0,0.807462,0.789668,0.789668,0.803494,0.812531,0.812531,0,0,0,1,1
sciml_rossler,sciml,6,iterated_local_search,2,200,200,60,0.812531,0.812531,0.0,0.80869494,0.801954,0.801954,0.812035,0.812531,0.812531,0,0,0,1,1
sciml_rossler,sciml,6,iterated_local_search,3,200,200,73,0.812531,0.812531,0.0,0.80416729,0.778455,0.784576,0.800526,0.812531,0.812531,0,0,0,1,1
sciml_rossler,sciml,6,iterated_local_search,4,200,200,49,0.812531,0.812531,0.0,0.8087209,0.794103,0.794103,0.812531,0.812531,0.812531,0,0,1,1,1
sciml_rossler,sciml,6,iterated_local_search,5,200,200,84,0.812531,0.812531,0.0,0.77483018,0.462419,0.758443,0.793589,0.812531,0.812531,0,0,0,1,1
sciml_rossler,sciml,6,iterated_local_search,6,200,200,59,0.812531,0.812531,0.0,0.79490977,0.791216,0.791216,0.801426,0.812531,0.812531,0,0,0,1,1
sciml_rossler,sciml,6,iterated_local_search,7,200,200,65,0.812531,0.812531,0.0,0.80898561,0.787385,0.801954,0.812035,0.812531,0.812531,0,0,0,1,1
sciml_rossler,sciml,6,iterated_local_search,8,200,200,7,0.812531,0.812531,0.0,0.80176865,0.812531,0.812531,0.812531,0.812531,0.812531,1,1,1,1,1
sciml_rossler,sciml,6,iterated_local_search,9,200,200,60,0.812531,0.812531,0.0,0.80869494,0.801954,0.801954,0.812035,0.812531,0.812531,0,0,0,1,1
sciml_rossler,sciml,6,iterated_local_search,10,200,200,83,0.812531,0.812531,0.0,0.79741697,0.755869,0.781704,0.801958,0.812531,0.812531,0,0,0,1,1
sciml_rossler,sciml,6,iterated_local_search,11,200,200,75,0.812531,0.812531,0.0,0.8010768,0.781792,0.781792,0.80207,0.812531,0.812531,0,0,0,1,1
sciml_rossler,sciml,6,iterated_local_search,12,200,200,51,0.812531,0.812531,0.0,0.79611094,0.792596,0.792596,0.803739,0.812531,0.812531,0,0,0,1,1
sciml_rossler,sciml,6,iterated_local_search,13,200,200,9,0.812531,0.812531,0.0,0.81178775,0.812531,0.812531,0.812531,0.812531,0.812531,1,1,1,1,1
sciml_rossler,sciml,6,iterated_local_search,14,200,200,47,0.812531,0.812531,0.0,0.78801101,0.755628,0.801387,0.812531,0.812531,0.812531,0,0,1,1,1
sciml_rossler,sciml,6,iterated_local_search,15,200,200,65,0.812531,0.812531,0.0,0.80170462,0.787861,0.801954,0.812035,0.812531,0.812531,0,0,0,1,1
sciml_rossler,sciml,6,iterated_local_search,16,200,200,42,0.812531,0.812531,0.0,0.79725104,0.790911,0.801903,0.812531,0.812531,0.812531,0,0,1,1,1
sciml_rossler,sciml,6,iterated_local_search,17,200,200,48,0.812531,0.812531,0.0,0.80630973,0.789975,0.790904,0.812531,0.812531,0.812531,0,0,1,1,1
sciml_rossler,sciml,6,iterated_local_search,18,200,200,53,0.812531,0.812531,0.0,0.80769424,0.790911,0.790911,0.803494,0.812531,0.812531,0,0,0,1,1
sciml_rossler,sciml,6,iterated_local_search,19,200,200,68,0.812531,0.812531,0.0,0.80621862,0.790203,0.790203,0.801426,0.812531,0.812531,0,0,0,1,1
sciml_rossler,sciml,6,iterated_local_search,20,200,200,33,0.812531,0.812531,0.0,0.81031406,0.803494,0.803494,0.812531,0.812531,0.812531,0,0,1,1,1
sciml_rossler,sciml,6,iterated_local_search,21,200,200,52,0.812531,0.812531,0.0,0.78413365,0.487852,0.794138,0.803494,0.812531,0.812531,0,0,0,1,1
sciml_rossler,sciml,6,iterated_local_search,22,200,200,65,0.812531,0.812531,0.0,0.80871402,0.794099,0.794099,0.812476,0.812531,0.812531,0,0,0,1,1
sciml_rossler,sciml,6,iterated_local_search,23,200,200,54,0.812531,0.812531,0.0,0.81018481,0.80207,0.80207,0.812149,0.812531,0.812531,0,0,0,1,1
sciml_rossler,sciml,6,iterated_local_search,24,200,200,55,0.812531,0.812531,0.0,0.80915704,0.792596,0.80207,0.812149,0.812531,0.812531,0,0,0,1,1
sciml_rossler,sciml,6,iterated_local_search,25,200,200,83,0.812531,0.812531,0.0,0.78761371,0.790203,0.790203,0.801387,0.812531,0.812531,0,0,0,1,1
sciml_rossler,sciml,6,iterated_local_search,26,200,200,33,0.812531,0.812531,0.0,0.80178526,0.812149,0.812149,0.812531,0.812531,0.812531,0,0,1,1,1
sciml_rossler,sciml,6,iterated_local_search,27,200,200,62,0.812531,0.812531,0.0,0.77969555,0.487852,0.791101,0.803648,0.812531,0.812531,0,0,0,1,1
sciml_rossler,sciml,6,iterated_local_search,28,200,200,70,0.812531,0.812531,0.0,0.78552114,0.758443,0.785041,0.801426,0.812531,0.812531,0,0,0,1,1
sciml_rossler,sciml,6,iterated_local_search,29,200,200,42,0.812531,0.812531,0.0,0.8012245,0.812035,0.812035,0.812531,0.812531,0.812531,0,0,1,1,1
sciml_rossler,sciml,6,iterated_local_search,30,200,200,33,0.812531,0.812531,0.0,0.81031406,0.803494,0.803494,0.812531,0.812531,0.812531,0,0,1,1,1
sciml_rossler,sciml,6,iterated_local_search,31,200,200,90,0.812531,0.812531,0.0,0.80184342,0.777979,0.777979,0.794138,0.812531,0.812531,0,0,0,1,1
sciml_rossler,sciml,6,iterated_local_search,32,200,200,47,0.812531,0.812531,0.0,0.81041022,0.803656,0.803656,0.812531,0.812531,0.812531,0,0,1,1,1
sciml_rossler,sciml,6,iterated_local_search,33,200,200,29,0.812531,0.812531,0.0,0.81093953,0.803439,0.803439,0.812531,0.812531,0.812531,0,0,1,1,1
sciml_rossler,sciml,6,iterated_local_search,34,200,200,33,0.812531,0.812531,0.0,0.81082162,0.803494,0.803494,0.812531,0.812531,0.812531,0,0,1,1,1
sciml_rossler,sciml,6,iterated_local_search,35,200,200,47,0.812531,0.812531,0.0,0.80533805,0.792402,0.792402,0.812531,0.812531,0.812531,0,0,1,1,1
sciml_rossler,sciml,6,iterated_local_search,36,200,200,49,0.812531,0.812531,0.0,0.80609526,0.790552,0.790911,0.812531,0.812531,0.812531,0,0,1,1,1
sciml_rossler,sciml,6,iterated_local_search,37,200,200,62,0.812531,0.812531,0.0,0.80676085,0.793906,0.793906,0.803648,0.812531,0.812531,0,0,0,1,1
sciml_rossler,sciml,6,iterated_local_search,38,200,200,43,0.812531,0.812531,0.0,0.81127991,0.811979,0.811979,0.812531,0.812531,0.812531,0,0,1,1,1
sciml_rossler,sciml,6,iterated_local_search,39,200,200,66,0.812531,0.812531,0.0,0.78180807,0.487852,0.790456,0.803648,0.812531,0.812531,0,0,0,1,1
sciml_rossler,sciml,6,ea_elitist,0,200,200,73,0.812531,0.812531,0.0,0.80773743,0.79117,0.811979,0.812093,0.812531,0.812531,0,0,0,1,1
sciml_rossler,sciml,6,ea_elitist,1,200,200,91,0.812531,0.812531,0.0,0.80958956,0.801954,0.812035,0.812093,0.812531,0.812531,0,0,0,1,1
sciml_rossler,sciml,6,ea_elitist,2,200,200,145,0.812531,0.812531,0.0,0.80113578,0.794283,0.801958,0.80207,0.80207,0.812531,0,0,0,0,1
sciml_rossler,sciml,6,ea_elitist,3,200,200,89,0.812531,0.812531,0.0,0.80936195,0.801387,0.801906,0.801906,0.812531,0.812531,0,0,0,1,1
sciml_rossler,sciml,6,ea_elitist,4,200,200,88,0.812531,0.812531,0.0,0.80781533,0.791166,0.801387,0.803656,0.812531,0.812531,0,0,0,1,1
sciml_rossler,sciml,6,ea_elitist,5,200,200,102,0.812531,0.812531,0.0,0.80287456,0.789668,0.790518,0.80207,0.812476,0.812531,0,0,0,0,1
sciml_rossler,sciml,6,ea_elitist,6,200,200,93,0.812531,0.812531,0.0,0.80353214,0.787459,0.792402,0.803739,0.812531,0.812531,0,0,0,1,1
sciml_rossler,sciml,6,ea_elitist,7,200,200,79,0.812531,0.812531,0.0,0.81037822,0.791245,0.812035,0.812149,0.812531,0.812531,0,0,0,1,1
sciml_rossler,sciml,6,ea_elitist,8,200,200,55,0.812531,0.812531,0.0,0.80573925,0.800526,0.801387,0.803739,0.812531,0.812531,0,0,0,1,1
sciml_rossler,sciml,6,ea_elitist,9,200,200,59,0.812531,0.812531,0.0,0.80204019,0.803739,0.803739,0.803739,0.812531,0.812531,0,0,0,1,1
sciml_rossler,sciml,6,ea_elitist,10,200,200,103,0.812531,0.812531,0.0,0.80160977,0.801958,0.801958,0.801958,0.812093,0.812531,0,0,0,0,1
sciml_rossler,sciml,6,ea_elitist,11,200,200,62,0.812531,0.812531,0.0,0.80726141,0.800526,0.800526,0.800526,0.812531,0.812531,0,0,0,1,1
sciml_rossler,sciml,6,ea_elitist,12,200,200,136,0.812531,0.812531,0.0,0.80593636,0.801958,0.801958,0.802068,0.812093,0.812531,0,0,0,0,1
sciml_rossler,sciml,6,ea_elitist,13,200,200,50,0.812531,0.812531,0.0,0.80982659,0.801426,0.801426,0.812531,0.812531,0.812531,0,0,1,1,1
sciml_rossler,sciml,6,ea_elitist,14,200,200,85,0.812531,0.812531,0.0,0.80348026,0.791166,0.80207,0.80207,0.812531,0.812531,0,0,0,1,1
sciml_rossler,sciml,6,ea_elitist,15,200,200,98,0.812531,0.812531,0.0,0.80647528,0.793026,0.793026,0.80207,0.812531,0.812531,0,0,0,1,1
sciml_rossler,sciml,6,ea_elitist,16,200,200,132,0.812531,0.812531,0.0,0.80297668,0.790519,0.790519,0.791095,0.811979,0.812531,0,0,0,0,1
sciml_rossler,sciml,6,ea_elitist,17,200,200,41,0.812531,0.812531,0.0,0.81049037,0.812035,0.812035,0.812531,0.812531,0.812531,0,0,1,1,1
sciml_rossler,sciml,6,ea_elitist,18,200,200,78,0.812531,0.812531,0.0,0.80713387,0.786659,0.792402,0.803439,0.812531,0.812531,0,0,0,1,1
sciml_rossler,sciml,6,ea_elitist,19,200,200,48,0.812531,0.812531,0.0,0.80956608,0.801851,0.80207,0.812531,0.812531,0.812531,0,0,1,1,1
sciml_rossler,sciml,6,ea_elitist,20,200,200,79,0.812531,0.812531,0.0,0.80737371,0.786191,0.803494,0.803656,0.812531,0.812531,0,0,0,1,1
sciml_rossler,sciml,6,ea_elitist,21,200,200,151,0.812531,0.812531,0.0,0.80338385,0.790486,0.800486,0.800945,0.812035,0.812531,0,0,0,0,1
sciml_rossler,sciml,6,ea_elitist,22,200,200,85,0.812531,0.812531,0.0,0.80813531,0.800486,0.803437,0.803739,0.812531,0.812531,0,0,0,1,1
sciml_rossler,sciml,6,ea_elitist,23,200,200,91,0.812531,0.812531,0.0,0.81216329,0.811979,0.811979,0.812093,0.812531,0.812531,0,0,0,1,1
sciml_rossler,sciml,6,ea_elitist,24,200,200,68,0.812531,0.812531,0.0,0.80934634,0.793906,0.793906,0.812149,0.812531,0.812531,0,0,0,1,1
sciml_rossler,sciml,6,ea_elitist,25,200,200,50,0.812531,0.812531,0.0,0.80457361,0.800945,0.803439,0.812531,0.812531,0.812531,0,0,1,1,1
sciml_rossler,sciml,6,ea_elitist,26,200,200,58,0.812531,0.812531,0.0,0.80641192,0.792941,0.792941,0.801903,0.812531,0.812531,0,0,0,1,1
sciml_rossler,sciml,6,ea_elitist,27,200,200,98,0.812531,0.812531,0.0,0.80218402,0.801954,0.801954,0.802068,0.812531,0.812531,0,0,0,1,1
sciml_rossler,sciml,6,ea_elitist,28,200,200,105,0.812531,0.812531,0.0,0.80426993,0.803437,0.803437,0.803656,0.812476,0.812531,0,0,0,0,1
sciml_rossler,sciml,6,ea_elitist,29,200,200,76,0.812531,0.812531,0.0,0.80505212,0.801958,0.80207,0.812093,0.812531,0.812531,0,0,0,1,1
sciml_rossler,sciml,6,ea_elitist,30,200,200,83,0.812531,0.812531,0.0,0.81047205,0.792595,0.812476,0.812476,0.812531,0.812531,0,0,0,1,1
sciml_rossler,sciml,6,ea_elitist,31,200,200,113,0.812531,0.812531,0.0,0.80624172,0.793595,0.802068,0.80207,0.812149,0.812531,0,0,0,0,1
sciml_rossler,sciml,6,ea_elitist,32,200,200,50,0.812531,0.812531,0.0,0.80961147,0.800486,0.803656,0.812531,0.812531,0.812531,0,0,1,1,1
sciml_rossler,sciml,6,ea_elitist,33,200,200,53,0.812531,0.812531,0.0,0.80890937,0.793603,0.800945,0.803739,0.812531,0.812531,0,0,0,1,1
sciml_rossler,sciml,6,ea_elitist,34,200,200,105,0.812531,0.812531,0.0,0.8038824,0.79117,0.79117,0.79117,0.812035,0.812531,0,0,0,0,1
sciml_rossler,sciml,6,ea_elitist,35,200,200,149,0.812531,0.812531,0.0,0.80371564,0.794099,0.794099,0.801958,0.80207,0.812531,0,0,0,0,1
sciml_rossler,sciml,6,ea_elitist,36,200,200,118,0.812531,0.812531,0.0,0.80785169,0.801858,0.803494,0.803494,0.812476,0.812531,0,0,0,0,1
sciml_rossler,sciml,6,ea_elitist,37,200,200,52,0.812531,0.812531,0.0,0.80527632,0.800526,0.812149,0.812149,0.812531,0.812531,0,0,0,1,1
sciml_rossler,sciml,6,ea_elitist,38,200,200,53,0.812531,0.812531,0.0,0.80936741,0.801954,0.801954,0.803739,0.812531,0.812531,0,0,0,1,1
sciml_rossler,sciml,6,ea_elitist,39,200,200,48,0.812531,0.812531,0.0,0.80282632,0.791107,0.812093,0.812531,0.812531,0.812531,0,0,1,1,1
sciml_rossler,sciml,6,ea_aging,0,200,200,67,0.812531,0.812531,0.0,0.80548939,0.79117,0.801958,0.801958,0.812531,0.812531,0,0,0,1,1
sciml_rossler,sciml,6,ea_aging,1,200,200,81,0.812531,0.812531,0.0,0.80751408,0.801954,0.80207,0.803439,0.812531,0.812531,0,0,0,1,1
sciml_rossler,sciml,6,ea_aging,2,200,200,,0.812476,0.812531,5.5e-05,0.80540722,0.794283,0.794283,0.812476,0.812476,0.812476,0,0,0,0,0
sciml_rossler,sciml,6,ea_aging,3,200,200,43,0.812531,0.812531,0.0,0.80983071,0.801387,0.801903,0.812531,0.812531,0.812531,0,0,1,1,1
sciml_rossler,sciml,6,ea_aging,4,200,200,57,0.812531,0.812531,0.0,0.80890026,0.791166,0.803648,0.803739,0.812531,0.812531,0,0,0,1,1
sciml_rossler,sciml,6,ea_aging,5,200,200,122,0.812531,0.812531,0.0,0.80072703,0.789668,0.790673,0.793603,0.803656,0.812531,0,0,0,0,1
sciml_rossler,sciml,6,ea_aging,6,200,200,92,0.812531,0.812531,0.0,0.80323294,0.787459,0.792402,0.792402,0.812531,0.812531,0,0,0,1,1
sciml_rossler,sciml,6,ea_aging,7,200,200,,0.812476,0.812531,5.5e-05,0.81013039,0.791245,0.812035,0.812035,0.812035,0.812476,0,0,0,0,0
sciml_rossler,sciml,6,ea_aging,8,200,200,69,0.812531,0.812531,0.0,0.80693116,0.800526,0.801426,0.812149,0.812531,0.812531,0,0,0,1,1
sciml_rossler,sciml,6,ea_aging,9,200,200,40,0.812531,0.812531,0.0,0.80270068,0.803739,0.803739,0.812531,0.812531,0.812531,0,0,1,1,1
sciml_rossler,sciml,6,ea_aging,10,200,200,129,0.812531,0.812531,0.0,0.79894002,0.801958,0.801958,0.801958,0.803656,0.812531,0,0,0,0,1
sciml_rossler,sciml,6,ea_aging,11,200,200,,0.812476,0.812531,5.5e-05,0.80657912,0.800526,0.800526,0.800526,0.812476,0.812476,0,0,0,0,0
sciml_rossler,sciml,6,ea_aging,12,200,200,,0.812476,0.812531,5.5e-05,0.80559852,0.801958,0.801958,0.801958,0.812093,0.812476,0,0,0,0,0
sciml_rossler,sciml,6,ea_aging,13,200,200,101,0.812531,0.812531,0.0,0.80749077,0.801426,0.801426,0.803439,0.803648,0.812531,0,0,0,0,1
sciml_rossler,sciml,6,ea_aging,14,200,200,105,0.812531,0.812531,0.0,0.80277714,0.791166,0.791248,0.801387,0.812476,0.812531,0,0,0,0,1
sciml_rossler,sciml,6,ea_aging,15,200,200,78,0.812531,0.812531,0.0,0.80509259,0.793026,0.793026,0.803648,0.812531,0.812531,0,0,0,1,1
sciml_rossler,sciml,6,ea_aging,16,200,200,94,0.812531,0.812531,0.0,0.80392485,0.790519,0.790519,0.801426,0.812531,0.812531,0,0,0,1,1
sciml_rossler,sciml,6,ea_aging,17,200,200,111,0.812531,0.812531,0.0,0.81031677,0.812035,0.812035,0.812035,0.812035,0.812531,0,0,0,0,1
sciml_rossler,sciml,6,ea_aging,18,200,200,78,0.812531,0.812531,0.0,0.80837613,0.786659,0.792402,0.812035,0.812531,0.812531,0,0,0,1,1
sciml_rossler,sciml,6,ea_aging,19,200,200,,0.812476,0.812531,5.5e-05,0.80974421,0.801851,0.80207,0.812476,0.812476,0.812476,0,0,0,0,0
sciml_rossler,sciml,6,ea_aging,20,200,200,125,0.812531,0.812531,0.0,0.8084835,0.786191,0.803494,0.811979,0.812093,0.812531,0,0,0,0,1
sciml_rossler,sciml,6,ea_aging,21,200,200,104,0.812531,0.812531,0.0,0.8025123,0.790486,0.800486,0.800486,0.803739,0.812531,0,0,0,0,1
sciml_rossler,sciml,6,ea_aging,22,200,200,126,0.812531,0.812531,0.0,0.806015,0.800486,0.801954,0.801954,0.803739,0.812531,0,0,0,0,1
sciml_rossler,sciml,6,ea_aging,23,200,200,75,0.812531,0.812531,0.0,0.81219526,0.811979,0.811979,0.811979,0.812531,0.812531,0,0,0,1,1
sciml_rossler,sciml,6,ea_aging,24,200,200,84,0.812531,0.812531,0.0,0.80774432,0.793906,0.793906,0.803739,0.812531,0.812531,0,0,0,1,1
sciml_rossler,sciml,6,ea_aging,25,200,200,53,0.812531,0.812531,0.0,0.80420028,0.800945,0.800945,0.803739,0.812531,0.812531,0,0,0,1,1
sciml_rossler,sciml,6,ea_aging,26,200,200,,0.812476,0.812531,5.5e-05,0.80398419,0.792941,0.792941,0.792941,0.812476,0.812476,0,0,0,0,0
sciml_rossler,sciml,6,ea_aging,27,200,200,111,0.812531,0.812531,0.0,0.80572491,0.801954,0.812093,0.812093,0.812093,0.812531,0,0,0,0,1
sciml_rossler,sciml,6,ea_aging,28,200,200,115,0.812531,0.812531,0.0,0.8048885,0.803437,0.803437,0.803437,0.811979,0.812531,0,0,0,0,1
sciml_rossler,sciml,6,ea_aging,29,200,200,129,0.812531,0.812531,0.0,0.80400906,0.801958,0.80207,0.803656,0.812093,0.812531,0,0,0,0,1
sciml_rossler,sciml,6,ea_aging,30,200,200,,0.812476,0.812531,5.5e-05,0.80400976,0.792595,0.792595,0.792595,0.803739,0.812476,0,0,0,0,0
sciml_rossler,sciml,6,ea_aging,31,200,200,186,0.812531,0.812531,0.0,0.80187549,0.793595,0.793595,0.80207,0.80207,0.812531,0,0,0,0,1
sciml_rossler,sciml,6,ea_aging,32,200,200,86,0.812531,0.812531,0.0,0.80720271,0.800486,0.800486,0.800486,0.812531,0.812531,0,0,0,1,1
sciml_rossler,sciml,6,ea_aging,33,200,200,,0.812476,0.812531,5.5e-05,0.80964408,0.793603,0.80207,0.812093,0.812476,0.812476,0,0,0,0,0
sciml_rossler,sciml,6,ea_aging,34,200,200,125,0.812531,0.812531,0.0,0.80560299,0.79117,0.79117,0.801958,0.812035,0.812531,0,0,0,0,1
sciml_rossler,sciml,6,ea_aging,35,200,200,,0.812476,0.812531,5.5e-05,0.80647873,0.794099,0.801851,0.801954,0.812093,0.812476,0,0,0,0,0
sciml_rossler,sciml,6,ea_aging,36,200,200,,0.812476,0.812531,5.5e-05,0.8077381,0.801858,0.801954,0.801954,0.812476,0.812476,0,0,0,0,0
sciml_rossler,sciml,6,ea_aging,37,200,200,27,0.812531,0.812531,0.0,0.80514973,0.800526,0.800526,0.812531,0.812531,0.812531,0,0,1,1,1
sciml_rossler,sciml,6,ea_aging,38,200,200,105,0.812531,0.812531,0.0,0.80766324,0.801954,0.801954,0.801954,0.812149,0.812531,0,0,0,0,1
sciml_rossler,sciml,6,ea_aging,39,200,200,,0.812476,0.812531,5.5e-05,0.7984169,0.791107,0.791107,0.803656,0.812476,0.812476,0,0,0,0,0
sciml_rossler,sciml,6,ea_portfolio,0,200,200,52,0.812531,0.812531,0.0,0.80627577,0.79117,0.801958,0.801958,0.812531,0.812531,0,0,0,1,1
sciml_rossler,sciml,6,ea_portfolio,1,200,200,149,0.812531,0.812531,0.0,0.80504576,0.801954,0.80207,0.80207,0.80207,0.812531,0,0,0,0,1
sciml_rossler,sciml,6,ea_portfolio,2,200,200,103,0.812531,0.812531,0.0,0.80573796,0.794283,0.794283,0.812093,0.812476,0.812531,0,0,0,0,1
sciml_rossler,sciml,6,ea_portfolio,3,200,200,91,0.812531,0.812531,0.0,0.80894159,0.801387,0.801903,0.801906,0.812531,0.812531,0,0,0,1,1
sciml_rossler,sciml,6,ea_portfolio,4,200,200,90,0.812531,0.812531,0.0,0.80768485,0.791166,0.800486,0.801387,0.812531,0.812531,0,0,0,1,1
sciml_rossler,sciml,6,ea_portfolio,5,200,200,83,0.812531,0.812531,0.0,0.80586363,0.789668,0.791416,0.812093,0.812531,0.812531,0,0,0,1,1
sciml_rossler,sciml,6,ea_portfolio,6,200,200,141,0.812531,0.812531,0.0,0.80247036,0.787459,0.792402,0.801954,0.80207,0.812531,0,0,0,0,1
sciml_rossler,sciml,6,ea_portfolio,7,200,200,55,0.812531,0.812531,0.0,0.81043113,0.791245,0.812149,0.812149,0.812531,0.812531,0,0,0,1,1
sciml_rossler,sciml,6,ea_portfolio,8,200,200,66,0.812531,0.812531,0.0,0.80698721,0.800526,0.803439,0.812149,0.812531,0.812531,0,0,0,1,1
sciml_rossler,sciml,6,ea_portfolio,9,200,200,25,0.812531,0.812531,0.0,0.80318534,0.803739,0.812531,0.812531,0.812531,0.812531,0,1,1,1,1
sciml_rossler,sciml,6,ea_portfolio,10,200,200,49,0.812531,0.812531,0.0,0.80278717,0.801958,0.801958,0.812531,0.812531,0.812531,0,0,1,1,1
sciml_rossler,sciml,6,ea_portfolio,11,200,200,44,0.812531,0.812531,0.0,0.80828375,0.800526,0.800526,0.812531,0.812531,0.812531,0,0,1,1,1
sciml_rossler,sciml,6,ea_portfolio,12,200,200,81,0.812531,0.812531,0.0,0.8074271,0.801958,0.801958,0.801958,0.812531,0.812531,0,0,0,1,1
sciml_rossler,sciml,6,ea_portfolio,13,200,200,76,0.812531,0.812531,0.0,0.81088436,0.801426,0.802068,0.812149,0.812531,0.812531,0,0,0,1,1
sciml_rossler,sciml,6,ea_portfolio,14,200,200,65,0.812531,0.812531,0.0,0.80535622,0.791166,0.800992,0.812476,0.812531,0.812531,0,0,0,1,1
sciml_rossler,sciml,6,ea_portfolio,15,200,200,145,0.812531,0.812531,0.0,0.80737724,0.793026,0.801387,0.812476,0.812476,0.812531,0,0,0,0,1
sciml_rossler,sciml,6,ea_portfolio,16,200,200,123,0.812531,0.812531,0.0,0.80558073,0.790519,0.790709,0.812035,0.812476,0.812531,0,0,0,0,1
sciml_rossler,sciml,6,ea_portfolio,17,200,200,24,0.812531,0.812531,0.0,0.81053253,0.812035,0.812531,0.812531,0.812531,0.812531,0,1,1,1,1
sciml_rossler,sciml,6,ea_portfolio,18,200,200,118,0.812531,0.812531,0.0,0.80502231,0.786659,0.792402,0.80207,0.803494,0.812531,0,0,0,0,1
sciml_rossler,sciml,6,ea_portfolio,19,200,200,61,0.812531,0.812531,0.0,0.81045911,0.801851,0.812476,0.812476,0.812531,0.812531,0,0,0,1,1
sciml_rossler,sciml,6,ea_portfolio,20,200,200,145,0.812531,0.812531,0.0,0.80759782,0.786191,0.803494,0.803494,0.812476,0.812531,0,0,0,0,1
sciml_rossler,sciml,6,ea_portfolio,21,200,200,135,0.812531,0.812531,0.0,0.80364036,0.790486,0.800486,0.800945,0.812035,0.812531,0,0,0,0,1
sciml_rossler,sciml,6,ea_portfolio,22,200,200,102,0.812531,0.812531,0.0,0.81039125,0.800486,0.803739,0.812035,0.812476,0.812531,0,0,0,0,1
sciml_rossler,sciml,6,ea_portfolio,23,200,200,95,0.812531,0.812531,0.0,0.81216088,0.811979,0.811979,0.812093,0.812531,0.812531,0,0,0,1,1
sciml_rossler,sciml,6,ea_portfolio,24,200,200,108,0.812531,0.812531,0.0,0.80763702,0.793906,0.793906,0.811979,0.812476,0.812531,0,0,0,0,1
sciml_rossler,sciml,6,ea_portfolio,25,200,200,128,0.812531,0.812531,0.0,0.80419893,0.800945,0.800945,0.811979,0.812476,0.812531,0,0,0,0,1
sciml_rossler,sciml,6,ea_portfolio,26,200,200,114,0.812531,0.812531,0.0,0.80328879,0.792941,0.792941,0.801858,0.803739,0.812531,0,0,0,0,1
sciml_rossler,sciml,6,ea_portfolio,27,200,200,88,0.812531,0.812531,0.0,0.80577807,0.801954,0.812093,0.812093,0.812531,0.812531,0,0,0,1,1
sciml_rossler,sciml,6,ea_portfolio,28,200,200,91,0.812531,0.812531,0.0,0.80571239,0.803437,0.803437,0.803437,0.812531,0.812531,0,0,0,1,1
sciml_rossler,sciml,6,ea_portfolio,29,200,200,63,0.812531,0.812531,0.0,0.80420607,0.801958,0.80207,0.803739,0.812531,0.812531,0,0,0,1,1
sciml_rossler,sciml,6,ea_portfolio,30,200,200,88,0.812531,0.812531,0.0,0.80829438,0.792595,0.792595,0.801426,0.812531,0.812531,0,0,0,1,1
sciml_rossler,sciml,6,ea_portfolio,31,200,200,81,0.812531,0.812531,0.0,0.80729253,0.793595,0.793595,0.803656,0.812531,0.812531,0,0,0,1,1
sciml_rossler,sciml,6,ea_portfolio,32,200,200,49,0.812531,0.812531,0.0,0.80935191,0.800486,0.800486,0.812531,0.812531,0.812531,0,0,1,1,1
sciml_rossler,sciml,6,ea_portfolio,33,200,200,63,0.812531,0.812531,0.0,0.80834747,0.793603,0.793603,0.812149,0.812531,0.812531,0,0,0,1,1
sciml_rossler,sciml,6,ea_portfolio,34,200,200,70,0.812531,0.812531,0.0,0.80687336,0.79117,0.793595,0.803439,0.812531,0.812531,0,0,0,1,1
sciml_rossler,sciml,6,ea_portfolio,35,200,200,22,0.812531,0.812531,0.0,0.80878999,0.794099,0.812531,0.812531,0.812531,0.812531,0,1,1,1,1
sciml_rossler,sciml,6,ea_portfolio,36,200,200,62,0.812531,0.812531,0.0,0.80955366,0.801858,0.801954,0.812035,0.812531,0.812531,0,0,0,1,1
sciml_rossler,sciml,6,ea_portfolio,37,200,200,52,0.812531,0.812531,0.0,0.80387867,0.800526,0.800526,0.803739,0.812531,0.812531,0,0,0,1,1
sciml_rossler,sciml,6,ea_portfolio,38,200,200,98,0.812531,0.812531,0.0,0.81071423,0.801954,0.812035,0.812035,0.812531,0.812531,0,0,0,1,1
sciml_rossler,sciml,6,ea_portfolio,39,200,200,107,0.812531,0.812531,0.0,0.80116575,0.791107,0.800486,0.812035,0.812476,0.812531,0,0,0,0,1
sciml_rossler,sciml,6,surrogate_positional,0,200,200,,0.812035,0.812531,0.000496,0.80314884,0.790518,0.790676,0.791298,0.812035,0.812035,0,0,0,0,0
sciml_rossler,sciml,6,surrogate_positional,1,200,200,65,0.812531,0.812531,0.0,0.80866999,0.801954,0.801954,0.812035,0.812531,0.812531,0,0,0,1,1
sciml_rossler,sciml,6,surrogate_positional,2,200,200,93,0.812531,0.812531,0.0,0.80455024,0.803648,0.803739,0.803739,0.812531,0.812531,0,0,0,1,1
sciml_rossler,sciml,6,surrogate_positional,3,200,200,119,0.812531,0.812531,0.0,0.8059068,0.801387,0.801906,0.801906,0.801958,0.812531,0,0,0,0,1
sciml_rossler,sciml,6,surrogate_positional,4,200,200,,0.801958,0.812531,0.010573,0.79855637,0.791248,0.791261,0.791261,0.801958,0.801958,0,0,0,0,0
sciml_rossler,sciml,6,surrogate_positional,5,200,200,,0.812476,0.812531,5.5e-05,0.80428316,0.791248,0.80207,0.80207,0.812476,0.812476,0,0,0,0,0
sciml_rossler,sciml,6,surrogate_positional,6,200,200,150,0.812531,0.812531,0.0,0.79455711,0.790673,0.790709,0.790709,0.791298,0.812531,0,0,0,0,1
sciml_rossler,sciml,6,surrogate_positional,7,200,200,96,0.812531,0.812531,0.0,0.80539567,0.793026,0.794099,0.794099,0.812531,0.812531,0,0,0,1,1
sciml_rossler,sciml,6,surrogate_positional,8,200,200,126,0.812531,0.812531,0.0,0.80598571,0.801903,0.801903,0.812035,0.812035,0.812531,0,0,0,0,1
sciml_rossler,sciml,6,surrogate_positional,9,200,200,,0.812476,0.812531,5.5e-05,0.80269578,0.801954,0.801954,0.812476,0.812476,0.812476,0,0,0,0,0
sciml_rossler,sciml,6,surrogate_positional,10,200,200,186,0.812531,0.812531,0.0,0.79807498,0.801958,0.801958,0.80207,0.80207,0.812531,0,0,0,0,1
sciml_rossler,sciml,6,surrogate_positional,11,200,200,,0.803739,0.812531,0.008792,0.8012866,0.800526,0.803739,0.803739,0.803739,0.803739,0,0,0,0,0
sciml_rossler,sciml,6,surrogate_positional,12,200,200,,0.803739,0.812531,0.008792,0.80108427,0.801958,0.801958,0.803494,0.803648,0.803739,0,0,0,0,0
sciml_rossler,sciml,6,surrogate_positional,13,200,200,,0.803739,0.812531,0.008792,0.80340794,0.803648,0.803648,0.803648,0.803648,0.803739,0,0,0,0,0
sciml_rossler,sciml,6,surrogate_positional,14,200,200,,0.812476,0.812531,5.5e-05,0.80421107,0.801958,0.801958,0.80207,0.812476,0.812476,0,0,0,0,0
sciml_rossler,sciml,6,surrogate_positional,15,200,200,,0.812476,0.812531,5.5e-05,0.80802678,0.790676,0.803656,0.812093,0.812476,0.812476,0,0,0,0,0
sciml_rossler,sciml,6,surrogate_positional,16,200,200,194,0.812531,0.812531,0.0,0.79405298,0.790206,0.790206,0.790678,0.791298,0.812531,0,0,0,0,1
sciml_rossler,sciml,6,surrogate_positional,17,200,200,148,0.812531,0.812531,0.0,0.80830774,0.793609,0.793609,0.811979,0.812035,0.812531,0,0,0,0,1
sciml_rossler,sciml,6,surrogate_positional,18,200,200,,0.812035,0.812531,0.000496,0.79763918,0.786659,0.790676,0.793026,0.794138,0.812035,0,0,0,0,0
sciml_rossler,sciml,6,surrogate_positional,19,200,200,,0.812476,0.812531,5.5e-05,0.80629577,0.792932,0.792932,0.792941,0.812476,0.812476,0,0,0,0,0
sciml_rossler,sciml,6,surrogate_positional,20,200,200,160,0.812531,0.812531,0.0,0.80095214,0.787385,0.794103,0.794138,0.794138,0.812531,0,0,0,0,1
sciml_rossler,sciml,6,surrogate_positional,21,200,200,38,0.812531,0.812531,0.0,0.80656571,0.800526,0.800526,0.812531,0.812531,0.812531,0,0,1,1,1
sciml_rossler,sciml,6,surrogate_positional,22,200,200,163,0.812531,0.812531,0.0,0.80574243,0.792595,0.803494,0.803739,0.803739,0.812531,0,0,0,0,1
sciml_rossler,sciml,6,surrogate_positional,23,200,200,,0.812476,0.812531,5.5e-05,0.8121273,0.812093,0.812093,0.812093,0.812476,0.812476,0,0,0,0,0
sciml_rossler,sciml,6,surrogate_positional,24,200,200,,0.803739,0.812531,0.008792,0.80116029,0.794103,0.794284,0.803656,0.803656,0.803739,0,0,0,0,0
sciml_rossler,sciml,6,surrogate_positional,25,200,200,,0.812476,0.812531,5.5e-05,0.80573233,0.800945,0.812093,0.812476,0.812476,0.812476,0,0,0,0,0
sciml_rossler,sciml,6,surrogate_positional,26,200,200,112,0.812531,0.812531,0.0,0.80643851,0.793026,0.801426,0.801906,0.812149,0.812531,0,0,0,0,1
sciml_rossler,sciml,6,surrogate_positional,27,200,200,117,0.812531,0.812531,0.0,0.80140965,0.801858,0.802068,0.802068,0.802068,0.812531,0,0,0,0,1
sciml_rossler,sciml,6,surrogate_positional,28,200,200,109,0.812531,0.812531,0.0,0.80377045,0.803437,0.803437,0.803739,0.803739,0.812531,0,0,0,0,1
sciml_rossler,sciml,6,surrogate_positional,29,200,200,50,0.812531,0.812531,0.0,0.80627633,0.801958,0.812035,0.812531,0.812531,0.812531,0,0,1,1,1
sciml_rossler,sciml,6,surrogate_positional,30,200,200,32,0.812531,0.812531,0.0,0.81128132,0.812476,0.812476,0.812531,0.812531,0.812531,0,0,1,1,1
sciml_rossler,sciml,6,surrogate_positional,31,200,200,,0.803739,0.812531,0.008792,0.80107975,0.793595,0.794337,0.801387,0.803739,0.803739,0,0,0,0,0
sciml_rossler,sciml,6,surrogate_positional,32,200,200,,0.812476,0.812531,5.5e-05,0.80723915,0.803648,0.803656,0.803656,0.803656,0.812476,0,0,0,0,0
sciml_rossler,sciml,6,surrogate_positional,33,200,200,140,0.812531,0.812531,0.0,0.80977668,0.801958,0.80207,0.812149,0.812149,0.812531,0,0,0,0,1
sciml_rossler,sciml,6,surrogate_positional,34,200,200,187,0.812531,0.812531,0.0,0.80054852,0.790174,0.791145,0.794138,0.801426,0.812531,0,0,0,0,1
sciml_rossler,sciml,6,surrogate_positional,35,200,200,,0.803739,0.812531,0.008792,0.79846722,0.794284,0.794284,0.794337,0.801426,0.803739,0,0,0,0,0
sciml_rossler,sciml,6,surrogate_positional,36,200,200,194,0.812531,0.812531,0.0,0.8030881,0.801858,0.801858,0.803648,0.803739,0.812531,0,0,0,0,1
sciml_rossler,sciml,6,surrogate_positional,37,200,200,,0.794138,0.812531,0.018393,0.78875141,0.794138,0.794138,0.794138,0.794138,0.794138,0,0,0,0,0
sciml_rossler,sciml,6,surrogate_positional,38,200,200,55,0.812531,0.812531,0.0,0.80935659,0.801954,0.801954,0.801954,0.812531,0.812531,0,0,0,1,1
sciml_rossler,sciml,6,surrogate_positional,39,200,200,135,0.812531,0.812531,0.0,0.79209093,0.78746,0.791248,0.791261,0.791261,0.812531,0,0,0,0,1
sciml_rossler,sciml,6,surrogate_precedence,0,200,200,139,0.812531,0.812531,0.0,0.79977453,0.790518,0.794099,0.794138,0.801426,0.812531,0,0,0,0,1
sciml_rossler,sciml,6,surrogate_precedence,1,200,200,16,0.812531,0.812531,0.0,0.81019385,0.801954,0.812531,0.812531,0.812531,0.812531,0,1,1,1,1
sciml_rossler,sciml,6,surrogate_precedence,2,200,200,45,0.812531,0.812531,0.0,0.80505124,0.794283,0.794283,0.812531,0.812531,0.812531,0,0,1,1,1
sciml_rossler,sciml,6,surrogate_precedence,3,200,200,56,0.812531,0.812531,0.0,0.80914472,0.801387,0.801426,0.801426,0.812531,0.812531,0,0,0,1,1
sciml_rossler,sciml,6,surrogate_precedence,4,200,200,194,0.812531,0.812531,0.0,0.79232315,0.791095,0.791248,0.791418,0.791447,0.812531,0,0,0,0,1
sciml_rossler,sciml,6,surrogate_precedence,5,200,200,33,0.812531,0.812531,0.0,0.80685916,0.791199,0.812035,0.812531,0.812531,0.812531,0,0,1,1,1
sciml_rossler,sciml,6,surrogate_precedence,6,200,200,,0.791447,0.812531,0.021084,0.78860467,0.790676,0.791248,0.791261,0.791298,0.791447,0,0,0,0,0
sciml_rossler,sciml,6,surrogate_precedence,7,200,200,66,0.812531,0.812531,0.0,0.80762021,0.791245,0.792932,0.801387,0.812531,0.812531,0,0,0,1,1
sciml_rossler,sciml,6,surrogate_precedence,8,200,200,118,0.812531,0.812531,0.0,0.80263352,0.800526,0.800526,0.801426,0.801906,0.812531,0,0,0,0,1
sciml_rossler,sciml,6,surrogate_precedence,9,200,200,127,0.812531,0.812531,0.0,0.79560592,0.791211,0.794103,0.794138,0.801426,0.812531,0,0,0,0,1
sciml_rossler,sciml,6,surrogate_precedence,10,200,200,46,0.812531,0.812531,0.0,0.80350442,0.801958,0.801958,0.812531,0.812531,0.812531,0,0,1,1,1
sciml_rossler,sciml,6,surrogate_precedence,11,200,200,134,0.812531,0.812531,0.0,0.803542,0.800526,0.800526,0.800526,0.803739,0.812531,0,0,0,0,1
sciml_rossler,sciml,6,surrogate_precedence,12,200,200,134,0.812531,0.812531,0.0,0.80739694,0.801958,0.80207,0.803648,0.812035,0.812531,0,0,0,0,1
sciml_rossler,sciml,6,surrogate_precedence,13,200,200,18,0.812531,0.812531,0.0,0.81184837,0.812476,0.812531,0.812531,0.812531,0.812531,0,1,1,1,1
sciml_rossler,sciml,6,surrogate_precedence,14,200,200,31,0.812531,0.812531,0.0,0.80721833,0.791261,0.812476,0.812531,0.812531,0.812531,0,0,1,1,1
sciml_rossler,sciml,6,surrogate_precedence,15,200,200,,0.812476,0.812531,5.5e-05,0.80209632,0.792932,0.792941,0.801387,0.801387,0.812476,0,0,0,0,0
sciml_rossler,sciml,6,surrogate_precedence,16,200,200,164,0.812531,0.812531,0.0,0.79849349,0.790519,0.794138,0.794138,0.794138,0.812531,0,0,0,0,1
sciml_rossler,sciml,6,surrogate_precedence,17,200,200,53,0.812531,0.812531,0.0,0.8078453,0.785211,0.792595,0.803648,0.812531,0.812531,0,0,0,1,1
sciml_rossler,sciml,6,surrogate_precedence,18,200,200,,0.803739,0.812531,0.008792,0.79349954,0.786659,0.786659,0.791298,0.791298,0.803739,0,0,0,0,0
sciml_rossler,sciml,6,surrogate_precedence,19,200,200,144,0.812531,0.812531,0.0,0.80428605,0.792932,0.792932,0.803648,0.803739,0.812531,0,0,0,0,1
sciml_rossler,sciml,6,surrogate_precedence,20,200,200,171,0.812531,0.812531,0.0,0.80973663,0.801387,0.801426,0.812035,0.812035,0.812531,0,0,0,0,1
sciml_rossler,sciml,6,surrogate_precedence,21,200,200,120,0.812531,0.812531,0.0,0.80022954,0.76057,0.791211,0.801387,0.80207,0.812531,0,0,0,0,1
sciml_rossler,sciml,6,surrogate_precedence,22,200,200,,0.803739,0.812531,0.008792,0.79470197,0.792595,0.792595,0.792595,0.792595,0.803739,0,0,0,0,0
sciml_rossler,sciml,6,surrogate_precedence,23,200,200,80,0.812531,0.812531,0.0,0.81222737,0.811979,0.811979,0.812476,0.812531,0.812531,0,0,0,1,1
sciml_rossler,sciml,6,surrogate_precedence,24,200,200,111,0.812531,0.812531,0.0,0.80087546,0.791261,0.791298,0.791298,0.791447,0.812531,0,0,0,0,1
sciml_rossler,sciml,6,surrogate_precedence,25,200,200,43,0.812531,0.812531,0.0,0.80599254,0.800945,0.812149,0.812531,0.812531,0.812531,0,0,1,1,1
sciml_rossler,sciml,6,surrogate_precedence,26,200,200,,0.803739,0.812531,0.008792,0.8010758,0.803648,0.803656,0.803656,0.803656,0.803739,0,0,0,0,0
sciml_rossler,sciml,6,surrogate_precedence,27,200,200,76,0.812531,0.812531,0.0,0.8061357,0.801858,0.812476,0.812476,0.812531,0.812531,0,0,0,1,1
sciml_rossler,sciml,6,surrogate_precedence,28,200,200,,0.803739,0.812531,0.008792,0.79953226,0.803437,0.803437,0.803437,0.803739,0.803739,0,0,0,0,0
sciml_rossler,sciml,6,surrogate_precedence,29,200,200,82,0.812531,0.812531,0.0,0.80542943,0.801958,0.801958,0.812476,0.812531,0.812531,0,0,0,1,1
sciml_rossler,sciml,6,surrogate_precedence,30,200,200,196,0.812531,0.812531,0.0,0.81091068,0.801858,0.812476,0.812476,0.812476,0.812531,0,0,0,0,1
sciml_rossler,sciml,6,surrogate_precedence,31,200,200,138,0.812531,0.812531,0.0,0.7995659,0.793595,0.793595,0.793595,0.793595,0.812531,0,0,0,0,1
sciml_rossler,sciml,6,surrogate_precedence,32,200,200,,0.812476,0.812531,5.5e-05,0.80987837,0.800486,0.800486,0.812476,0.812476,0.812476,0,0,0,0,0
sciml_rossler,sciml,6,surrogate_precedence,33,200,200,29,0.812531,0.812531,0.0,0.81100193,0.801958,0.812149,0.812531,0.812531,0.812531,0,0,1,1,1
sciml_rossler,sciml,6,surrogate_precedence,34,200,200,152,0.812531,0.812531,0.0,0.79982303,0.790174,0.790174,0.790174,0.800526,0.812531,0,0,0,0,1
sciml_rossler,sciml,6,surrogate_precedence,35,200,200,142,0.812531,0.812531,0.0,0.80264768,0.794099,0.794099,0.794138,0.812149,0.812531,0,0,0,0,1
sciml_rossler,sciml,6,surrogate_precedence,36,200,200,71,0.812531,0.812531,0.0,0.8081482,0.801906,0.801906,0.801906,0.812531,0.812531,0,0,0,1,1
sciml_rossler,sciml,6,surrogate_precedence,37,200,200,168,0.812531,0.812531,0.0,0.79835359,0.791261,0.793026,0.803739,0.803739,0.812531,0,0,0,0,1
sciml_rossler,sciml,6,surrogate_precedence,38,200,200,21,0.812531,0.812531,0.0,0.81103874,0.801954,0.812531,0.812531,0.812531,0.812531,0,1,1,1,1
sciml_rossler,sciml,6,surrogate_precedence,39,200,200,88,0.812531,0.812531,0.0,0.79535817,0.779341,0.791255,0.791298,0.812531,0.812531,0,0,0,1,1
sciml_rossler,sciml,6,eda_precedence,0,200,200,,0.812476,0.812531,5.5e-05,0.8011529,0.791261,0.791261,0.803439,0.803656,0.812476,0,0,0,0,0
sciml_rossler,sciml,6,eda_precedence,1,200,200,45,0.812531,0.812531,0.0,0.8095958,0.801954,0.803494,0.812531,0.812531,0.812531,0,0,1,1,1
sciml_rossler,sciml,6,eda_precedence,2,200,200,162,0.812531,0.812531,0.0,0.80645237,0.794283,0.811979,0.812476,0.812476,0.812531,0,0,0,0,1
sciml_rossler,sciml,6,eda_precedence,3,200,200,63,0.812531,0.812531,0.0,0.81120696,0.812035,0.812035,0.812035,0.812531,0.812531,0,0,0,1,1
sciml_rossler,sciml,6,eda_precedence,4,200,200,183,0.812531,0.812531,0.0,0.80227804,0.791211,0.791425,0.801387,0.801387,0.812531,0,0,0,0,1
sciml_rossler,sciml,6,eda_precedence,5,200,200,190,0.812531,0.812531,0.0,0.80322109,0.789668,0.792595,0.802068,0.812149,0.812531,0,0,0,0,1
sciml_rossler,sciml,6,eda_precedence,6,200,200,110,0.812531,0.812531,0.0,0.80176993,0.791211,0.791298,0.791425,0.803494,0.812531,0,0,0,0,1
sciml_rossler,sciml,6,eda_precedence,7,200,200,74,0.812531,0.812531,0.0,0.80839542,0.802068,0.803656,0.803739,0.812531,0.812531,0,0,0,1,1
sciml_rossler,sciml,6,eda_precedence,8,200,200,14,0.812531,0.812531,0.0,0.80780148,0.812531,0.812531,0.812531,0.812531,0.812531,1,1,1,1,1
sciml_rossler,sciml,6,eda_precedence,9,200,200,132,0.812531,0.812531,0.0,0.80140504,0.800526,0.801387,0.801858,0.812476,0.812531,0,0,0,0,1
sciml_rossler,sciml,6,eda_precedence,10,200,200,,0.812476,0.812531,5.5e-05,0.79880441,0.801958,0.801958,0.801958,0.80207,0.812476,0,0,0,0,0
sciml_rossler,sciml,6,eda_precedence,11,200,200,,0.812476,0.812531,5.5e-05,0.80916509,0.801851,0.812476,0.812476,0.812476,0.812476,0,0,0,0,0
sciml_rossler,sciml,6,eda_precedence,12,200,200,,0.812476,0.812531,5.5e-05,0.80642865,0.801958,0.801958,0.801958,0.811979,0.812476,0,0,0,0,0
sciml_rossler,sciml,6,eda_precedence,13,200,200,49,0.812531,0.812531,0.0,0.81079689,0.801426,0.803494,0.812531,0.812531,0.812531,0,0,1,1,1
sciml_rossler,sciml,6,eda_precedence,14,200,200,,0.812476,0.812531,5.5e-05,0.80457649,0.789925,0.801851,0.803656,0.812476,0.812476,0,0,0,0,0
sciml_rossler,sciml,6,eda_precedence,15,200,200,,0.812476,0.812531,5.5e-05,0.80326027,0.792596,0.794103,0.803648,0.803739,0.812476,0,0,0,0,0
sciml_rossler,sciml,6,eda_precedence,16,200,200,57,0.812531,0.812531,0.0,0.80683947,0.791245,0.794284,0.812476,0.812531,0.812531,0,0,0,1,1
sciml_rossler,sciml,6,eda_precedence,17,200,200,73,0.812531,0.812531,0.0,0.80520991,0.791166,0.791416,0.794138,0.812531,0.812531,0,0,0,1,1
sciml_rossler,sciml,6,eda_precedence,18,200,200,,0.812476,0.812531,5.5e-05,0.80014655,0.786659,0.790904,0.794138,0.803656,0.812476,0,0,0,0,0
sciml_rossler,sciml,6,eda_precedence,19,200,200,152,0.812531,0.812531,0.0,0.80197171,0.792932,0.793458,0.794099,0.801387,0.812531,0,0,0,0,1
sciml_rossler,sciml,6,eda_precedence,20,200,200,129,0.812531,0.812531,0.0,0.80909212,0.803437,0.803437,0.812093,0.812093,0.812531,0,0,0,0,1
sciml_rossler,sciml,6,eda_precedence,21,200,200,,0.812476,0.812531,5.5e-05,0.79810374,0.793322,0.793322,0.801426,0.80207,0.812476,0,0,0,0,0
sciml_rossler,sciml,6,eda_precedence,22,200,200,,0.812476,0.812531,5.5e-05,0.80659052,0.792595,0.792595,0.793314,0.812035,0.812476,0,0,0,0,0
sciml_rossler,sciml,6,eda_precedence,23,200,200,,0.812476,0.812531,5.5e-05,0.81205437,0.811979,0.811979,0.811979,0.811979,0.812476,0,0,0,0,0
sciml_rossler,sciml,6,eda_precedence,24,200,200,59,0.812531,0.812531,0.0,0.81062831,0.803739,0.812476,0.812476,0.812531,0.812531,0,0,0,1,1
sciml_rossler,sciml,6,eda_precedence,25,200,200,72,0.812531,0.812531,0.0,0.80583695,0.800945,0.812093,0.812476,0.812531,0.812531,0,0,0,1,1
sciml_rossler,sciml,6,eda_precedence,26,200,200,172,0.812531,0.812531,0.0,0.80403237,0.792941,0.792941,0.792941,0.811979,0.812531,0,0,0,0,1
sciml_rossler,sciml,6,eda_precedence,27,200,200,33,0.812531,0.812531,0.0,0.80604429,0.803739,0.812476,0.812531,0.812531,0.812531,0,0,1,1,1
sciml_rossler,sciml,6,eda_precedence,28,200,200,,0.803739,0.812531,0.008792,0.79945308,0.803437,0.803437,0.803437,0.803437,0.803739,0,0,0,0,0
sciml_rossler,sciml,6,eda_precedence,29,200,200,,0.812476,0.812531,5.5e-05,0.80533543,0.801958,0.801958,0.812093,0.812476,0.812476,0,0,0,0,0
sciml_rossler,sciml,6,eda_precedence,30,200,200,35,0.812531,0.812531,0.0,0.81103516,0.80207,0.812149,0.812531,0.812531,0.812531,0,0,1,1,1
sciml_rossler,sciml,6,eda_precedence,31,200,200,80,0.812531,0.812531,0.0,0.81115914,0.812035,0.812035,0.812149,0.812531,0.812531,0,0,0,1,1
sciml_rossler,sciml,6,eda_precedence,32,200,200,19,0.812531,0.812531,0.0,0.81129265,0.803494,0.812531,0.812531,0.812531,0.812531,0,1,1,1,1
sciml_rossler,sciml,6,eda_precedence,33,200,200,15,0.812531,0.812531,0.0,0.81132568,0.812531,0.812531,0.812531,0.812531,0.812531,1,1,1,1,1
sciml_rossler,sciml,6,eda_precedence,34,200,200,158,0.812531,0.812531,0.0,0.80886873,0.791416,0.80207,0.811979,0.812093,0.812531,0,0,0,0,1
sciml_rossler,sciml,6,eda_precedence,35,200,200,21,0.812531,0.812531,0.0,0.80888227,0.794103,0.812531,0.812531,0.812531,0.812531,0,1,1,1,1
sciml_rossler,sciml,6,eda_precedence,36,200,200,,0.812476,0.812531,5.5e-05,0.81002379,0.801858,0.801858,0.812093,0.812476,0.812476,0,0,0,0,0
sciml_rossler,sciml,6,eda_precedence,37,200,200,82,0.812531,0.812531,0.0,0.80413928,0.803494,0.803494,0.803739,0.812531,0.812531,0,0,0,1,1
sciml_rossler,sciml,6,eda_precedence,38,200,200,53,0.812531,0.812531,0.0,0.81143697,0.812149,0.812149,0.812149,0.812531,0.812531,0,0,0,1,1
sciml_rossler,sciml,6,eda_precedence,39,200,200,196,0.812531,0.812531,0.0,0.79888301,0.791107,0.803656,0.803656,0.803656,0.812531,0,0,0,0,1
sciml_rossler,sciml,6,prism_protocol,0,200,200,138,0.812531,0.812531,0.0,0.8063284,0.800945,0.800945,0.800945,0.812476,0.812531,0,0,0,0,1
sciml_rossler,sciml,6,prism_protocol,1,200,200,138,0.812531,0.812531,0.0,0.80069773,0.793315,0.793315,0.803656,0.812093,0.812531,0,0,0,0,1
sciml_rossler,sciml,6,prism_protocol,2,200,200,,0.812476,0.812531,5.5e-05,0.80904886,0.801387,0.801387,0.801387,0.812476,0.812476,0,0,0,0,0
sciml_rossler,sciml,6,prism_protocol,3,200,200,151,0.812531,0.812531,0.0,0.80165035,0.80207,0.80207,0.803437,0.803437,0.812531,0,0,0,0,1
sciml_rossler,sciml,6,prism_protocol,4,200,200,181,0.812531,0.812531,0.0,0.80536993,0.811979,0.811979,0.811979,0.811979,0.812531,0,0,0,0,1
sciml_rossler,sciml,6,prism_protocol,5,200,200,105,0.812531,0.812531,0.0,0.80866667,0.803656,0.803656,0.803656,0.812476,0.812531,0,0,0,0,1
sciml_rossler,sciml,6,prism_protocol,6,200,200,163,0.812531,0.812531,0.0,0.80266316,0.794283,0.794283,0.794283,0.794283,0.812531,0,0,0,0,1
sciml_rossler,sciml,6,prism_protocol,7,200,200,76,0.812531,0.812531,0.0,0.80635354,0.793464,0.793464,0.793464,0.812531,0.812531,0,0,0,1,1
sciml_rossler,sciml,6,prism_protocol,8,200,200,111,0.812531,0.812531,0.0,0.8122901,0.812093,0.812093,0.812093,0.812093,0.812531,0,0,0,0,1
sciml_rossler,sciml,6,prism_protocol,9,200,200,131,0.812531,0.812531,0.0,0.81088695,0.812149,0.812149,0.812149,0.812149,0.812531,0,0,0,0,1
sciml_rossler,sciml,6,prism_protocol,10,200,200,,0.812149,0.812531,0.000382,0.79635761,0.803437,0.803437,0.803437,0.803656,0.812149,0,0,0,0,0
sciml_rossler,sciml,6,prism_protocol,11,200,200,18,0.812531,0.812531,0.0,0.81065235,0.791101,0.812531,0.812531,0.812531,0.812531,0,1,1,1,1
sciml_rossler,sciml,6,prism_protocol,12,200,200,119,0.812531,0.812531,0.0,0.81208061,0.812035,0.812035,0.812035,0.812149,0.812531,0,0,0,0,1
sciml_rossler,sciml,6,prism_protocol,13,200,200,95,0.812531,0.812531,0.0,0.80432864,0.803656,0.803739,0.803739,0.812531,0.812531,0,0,0,1,1
sciml_rossler,sciml,6,prism_protocol,14,200,200,,0.812149,0.812531,0.000382,0.80882733,0.803739,0.803739,0.803739,0.812093,0.812149,0,0,0,0,0
sciml_rossler,sciml,6,prism_protocol,15,200,200,169,0.812531,0.812531,0.0,0.80361576,0.787385,0.787385,0.801906,0.803439,0.812531,0,0,0,0,1
sciml_rossler,sciml,6,prism_protocol,16,200,200,111,0.812531,0.812531,0.0,0.8070868,0.803494,0.803494,0.803494,0.803494,0.812531,0,0,0,0,1
sciml_rossler,sciml,6,prism_protocol,17,200,200,147,0.812531,0.812531,0.0,0.8077763,0.791255,0.793595,0.801906,0.812149,0.812531,0,0,0,0,1
sciml_rossler,sciml,6,prism_protocol,18,200,200,108,0.812531,0.812531,0.0,0.80353151,0.786191,0.793314,0.812149,0.812149,0.812531,0,0,0,0,1
sciml_rossler,sciml,6,prism_protocol,19,200,200,120,0.812531,0.812531,0.0,0.80662099,0.794283,0.794283,0.794283,0.812476,0.812531,0,0,0,0,1
sciml_rossler,sciml,6,prism_protocol,20,200,200,133,0.812531,0.812531,0.0,0.80734564,0.80207,0.80207,0.80207,0.803656,0.812531,0,0,0,0,1
sciml_rossler,sciml,6,prism_protocol,21,200,200,,0.803437,0.812531,0.009094,0.79814763,0.790552,0.801906,0.801906,0.803437,0.803437,0,0,0,0,0
sciml_rossler,sciml,6,prism_protocol,22,200,200,,0.812149,0.812531,0.000382,0.80896695,0.786179,0.790676,0.812093,0.812093,0.812149,0,0,0,0,0
sciml_rossler,sciml,6,prism_protocol,23,200,200,108,0.812531,0.812531,0.0,0.80925698,0.803739,0.803739,0.803739,0.812149,0.812531,0,0,0,0,1
sciml_rossler,sciml,6,prism_protocol,24,200,200,105,0.812531,0.812531,0.0,0.80989373,0.791211,0.812093,0.812093,0.812149,0.812531,0,0,0,0,1
sciml_rossler,sciml,6,prism_protocol,25,200,200,92,0.812531,0.812531,0.0,0.7955567,0.791095,0.793464,0.793464,0.812531,0.812531,0,0,0,1,1
sciml_rossler,sciml,6,prism_protocol,26,200,200,80,0.812531,0.812531,0.0,0.80830787,0.803739,0.803739,0.811979,0.812531,0.812531,0,0,0,1,1
sciml_rossler,sciml,6,prism_protocol,27,200,200,126,0.812531,0.812531,0.0,0.80659572,0.801958,0.801958,0.801958,0.803648,0.812531,0,0,0,0,1
sciml_rossler,sciml,6,prism_protocol,28,200,200,28,0.812531,0.812531,0.0,0.79728015,0.790453,0.790453,0.812531,0.812531,0.812531,0,0,1,1,1
sciml_rossler,sciml,6,prism_protocol,29,200,200,79,0.812531,0.812531,0.0,0.80163249,0.791222,0.80207,0.812476,0.812531,0.812531,0,0,0,1,1
sciml_rossler,sciml,6,prism_protocol,30,200,200,100,0.812531,0.812531,0.0,0.8066978,0.794099,0.812149,0.812149,0.812531,0.812531,0,0,0,1,1
sciml_rossler,sciml,6,prism_protocol,31,200,200,108,0.812531,0.812531,0.0,0.80915395,0.792932,0.80207,0.812149,0.812476,0.812531,0,0,0,0,1
sciml_rossler,sciml,6,prism_protocol,32,200,200,125,0.812531,0.812531,0.0,0.81108216,0.801958,0.812093,0.812093,0.812093,0.812531,0,0,0,0,1
sciml_rossler,sciml,6,prism_protocol,33,200,200,135,0.812531,0.812531,0.0,0.80565964,0.792402,0.80207,0.80207,0.811979,0.812531,0,0,0,0,1
sciml_rossler,sciml,6,prism_protocol,34,200,200,93,0.812531,0.812531,0.0,0.79613788,0.781704,0.801954,0.80207,0.812531,0.812531,0,0,0,1,1
sciml_rossler,sciml,6,prism_protocol,35,200,200,154,0.812531,0.812531,0.0,0.80529103,0.803437,0.803494,0.812035,0.812035,0.812531,0,0,0,0,1
sciml_rossler,sciml,6,prism_protocol,36,200,200,145,0.812531,0.812531,0.0,0.80422634,0.794337,0.800526,0.803739,0.803739,0.812531,0,0,0,0,1
sciml_rossler,sciml,6,prism_protocol,37,200,200,119,0.812531,0.812531,0.0,0.80651244,0.790127,0.790127,0.803656,0.812149,0.812531,0,0,0,0,1
sciml_rossler,sciml,6,prism_protocol,38,200,200,,0.812476,0.812531,5.5e-05,0.80376922,0.794099,0.800526,0.80207,0.812476,0.812476,0,0,0,0,0
sciml_rossler,sciml,6,prism_protocol,39,200,200,122,0.812531,0.812531,0.0,0.80383262,0.794103,0.794103,0.794103,0.812476,0.812531,0,0,0,0,1
kendall_n7,synthetic,7,uniform,0,200,200,,0.85714286,1.0,0.14285714,0.815,0.66666667,0.66666667,0.85714286,0.85714286,0.85714286,0,0,0,0,0
kendall_n7,synthetic,7,uniform,1,200,200,,0.80952381,1.0,0.19047619,0.78452381,0.71428571,0.71428571,0.76190476,0.80952381,0.80952381,0,0,0,0,0
kendall_n7,synthetic,7,uniform,2,200,200,,0.85714286,1.0,0.14285714,0.8197619,0.80952381,0.80952381,0.80952381,0.80952381,0.85714286,0,0,0,0,0
kendall_n7,synthetic,7,uniform,3,200,200,,0.9047619,1.0,0.0952381,0.88642857,0.80952381,0.9047619,0.9047619,0.9047619,0.9047619,0,0,0,0,0
kendall_n7,synthetic,7,uniform,4,200,200,,0.85714286,1.0,0.14285714,0.815,0.71428571,0.71428571,0.71428571,0.85714286,0.85714286,0,0,0,0,0
kendall_n7,synthetic,7,uniform,5,200,200,,0.95238095,1.0,0.04761905,0.90547619,0.71428571,0.9047619,0.9047619,0.9047619,0.95238095,0,0,0,0,0
kendall_n7,synthetic,7,uniform,6,200,200,,0.9047619,1.0,0.0952381,0.85285714,0.80952381,0.80952381,0.80952381,0.80952381,0.9047619,0,0,0,0,0
kendall_n7,synthetic,7,uniform,7,200,200,,0.85714286,1.0,0.14285714,0.815,0.71428571,0.80952381,0.80952381,0.80952381,0.85714286,0,0,0,0,0
kendall_n7,synthetic,7,uniform,8,200,200,,0.9047619,1.0,0.0952381,0.845,0.80952381,0.80952381,0.80952381,0.85714286,0.9047619,0,0,0,0,0
kendall_n7,synthetic,7,uniform,9,200,200,,0.95238095,1.0,0.04761905,0.91309524,0.9047619,0.9047619,0.9047619,0.9047619,0.95238095,0,0,0,0,0
kendall_n7,synthetic,7,uniform,10,200,200,,0.85714286,1.0,0.14285714,0.83547619,0.71428571,0.85714286,0.85714286,0.85714286,0.85714286,0,0,0,0,0
kendall_n7,synthetic,7,uniform,11,200,200,,0.80952381,1.0,0.19047619,0.7897619,0.66666667,0.76190476,0.80952381,0.80952381,0.80952381,0,0,0,0,0
kendall_n7,synthetic,7,uniform,12,200,200,,0.9047619,1.0,0.0952381,0.83595238,0.66666667,0.66666667,0.80952381,0.9047619,0.9047619,0,0,0,0,0
kendall_n7,synthetic,7,uniform,13,200,200,,0.85714286,1.0,0.14285714,0.85428571,0.85714286,0.85714286,0.85714286,0.85714286,0.85714286,0,0,0,0,0
kendall_n7,synthetic,7,uniform,14,200,200,,0.9047619,1.0,0.0952381,0.84833333,0.80952381,0.80952381,0.80952381,0.85714286,0.9047619,0,0,0,0,0
kendall_n7,synthetic,7,uniform,15,200,200,,0.85714286,1.0,0.14285714,0.83833333,0.80952381,0.80952381,0.85714286,0.85714286,0.85714286,0,0,0,0,0
kendall_n7,synthetic,7,uniform,16,200,200,,0.9047619,1.0,0.0952381,0.87095238,0.71428571,0.71428571,0.9047619,0.9047619,0.9047619,0,0,0,0,0
kendall_n7,synthetic,7,uniform,17,200,200,,0.85714286,1.0,0.14285714,0.81714286,0.66666667,0.71428571,0.85714286,0.85714286,0.85714286,0,0,0,0,0
kendall_n7,synthetic,7,uniform,18,200,200,,0.95238095,1.0,0.04761905,0.8497619,0.80952381,0.80952381,0.80952381,0.80952381,0.95238095,0,0,0,0,0
kendall_n7,synthetic,7,uniform,19,200,200,,0.85714286,1.0,0.14285714,0.81904762,0.76190476,0.76190476,0.80952381,0.80952381,0.85714286,0,0,0,0,0
kendall_n7,synthetic,7,uniform,20,200,200,,0.9047619,1.0,0.0952381,0.86571429,0.66666667,0.80952381,0.9047619,0.9047619,0.9047619,0,0,0,0,0
kendall_n7,synthetic,7,uniform,21,200,200,,0.95238095,1.0,0.04761905,0.94428571,0.95238095,0.95238095,0.95238095,0.95238095,0.95238095,0,0,0,0,0
kendall_n7,synthetic,7,uniform,22,200,200,,0.85714286,1.0,0.14285714,0.83738095,0.80952381,0.80952381,0.80952381,0.85714286,0.85714286,0,0,0,0,0
kendall_n7,synthetic,7,uniform,23,200,200,,0.95238095,1.0,0.04761905,0.90666667,0.76190476,0.76190476,0.95238095,0.95238095,0.95238095,0,0,0,0,0
kendall_n7,synthetic,7,uniform,24,200,200,,0.9047619,1.0,0.0952381,0.855,0.80952381,0.80952381,0.80952381,0.80952381,0.9047619,0,0,0,0,0
kendall_n7,synthetic,7,uniform,25,200,200,,0.9047619,1.0,0.0952381,0.83071429,0.57142857,0.71428571,0.85714286,0.85714286,0.9047619,0,0,0,0,0
kendall_n7,synthetic,7,uniform,26,200,200,,0.9047619,1.0,0.0952381,0.86928571,0.85714286,0.85714286,0.85714286,0.85714286,0.9047619,0,0,0,0,0
kendall_n7,synthetic,7,uniform,27,200,200,,0.95238095,1.0,0.04761905,0.82285714,0.76190476,0.76190476,0.80952381,0.85714286,0.95238095,0,0,0,0,0
kendall_n7,synthetic,7,uniform,28,200,200,,0.80952381,1.0,0.19047619,0.80119048,0.80952381,0.80952381,0.80952381,0.80952381,0.80952381,0,0,0,0,0
kendall_n7,synthetic,7,uniform,29,200,200,,0.9047619,1.0,0.0952381,0.83761905,0.71428571,0.71428571,0.71428571,0.9047619,0.9047619,0,0,0,0,0
kendall_n7,synthetic,7,uniform,30,200,200,,0.85714286,1.0,0.14285714,0.84,0.80952381,0.80952381,0.85714286,0.85714286,0.85714286,0,0,0,0,0
kendall_n7,synthetic,7,uniform,31,200,200,,0.85714286,1.0,0.14285714,0.81880952,0.71428571,0.80952381,0.80952381,0.85714286,0.85714286,0,0,0,0,0
kendall_n7,synthetic,7,uniform,32,200,200,,0.9047619,1.0,0.0952381,0.88904762,0.80952381,0.80952381,0.9047619,0.9047619,0.9047619,0,0,0,0,0
kendall_n7,synthetic,7,uniform,33,200,200,,0.85714286,1.0,0.14285714,0.84404762,0.85714286,0.85714286,0.85714286,0.85714286,0.85714286,0,0,0,0,0
kendall_n7,synthetic,7,uniform,34,200,200,,0.95238095,1.0,0.04761905,0.92714286,0.80952381,0.95238095,0.95238095,0.95238095,0.95238095,0,0,0,0,0
kendall_n7,synthetic,7,uniform,35,200,200,139,1.0,1.0,0.0,0.93095238,0.80952381,0.80952381,0.95238095,0.95238095,1.0,0,0,0,0,1
kendall_n7,synthetic,7,uniform,36,200,200,,0.95238095,1.0,0.04761905,0.93357143,0.9047619,0.9047619,0.9047619,0.95238095,0.95238095,0,0,0,0,0
kendall_n7,synthetic,7,uniform,37,200,200,,0.95238095,1.0,0.04761905,0.88571429,0.76190476,0.76190476,0.80952381,0.9047619,0.95238095,0,0,0,0,0
kendall_n7,synthetic,7,uniform,38,200,200,,0.9047619,1.0,0.0952381,0.86857143,0.71428571,0.71428571,0.9047619,0.9047619,0.9047619,0,0,0,0,0
kendall_n7,synthetic,7,uniform,39,200,200,,0.80952381,1.0,0.19047619,0.80380952,0.80952381,0.80952381,0.80952381,0.80952381,0.80952381,0,0,0,0,0
kendall_n7,synthetic,7,ls_swap,0,200,200,114,1.0,1.0,0.0,0.87928571,0.57142857,0.61904762,0.85714286,0.95238095,1.0,0,0,0,0,1
kendall_n7,synthetic,7,ls_swap,1,200,200,115,1.0,1.0,0.0,0.91428571,0.76190476,0.80952381,0.85714286,0.95238095,1.0,0,0,0,0,1
kendall_n7,synthetic,7,ls_swap,2,200,200,32,1.0,1.0,0.0,0.92690476,0.57142857,0.57142857,1.0,1.0,1.0,0,0,1,1,1
kendall_n7,synthetic,7,ls_swap,3,200,200,79,1.0,1.0,0.0,0.91142857,0.66666667,0.66666667,0.80952381,1.0,1.0,0,0,0,1,1
kendall_n7,synthetic,7,ls_swap,4,200,200,48,1.0,1.0,0.0,0.9747619,0.80952381,0.95238095,1.0,1.0,1.0,0,0,1,1,1
kendall_n7,synthetic,7,ls_swap,5,200,200,43,1.0,1.0,0.0,0.95380952,0.80952381,0.85714286,1.0,1.0,1.0,0,0,1,1,1
kendall_n7,synthetic,7,ls_swap,6,200,200,49,1.0,1.0,0.0,0.95190476,0.71428571,0.85714286,1.0,1.0,1.0,0,0,1,1,1
kendall_n7,synthetic,7,ls_swap,7,200,200,53,1.0,1.0,0.0,0.9352381,0.71428571,0.71428571,0.95238095,1.0,1.0,0,0,0,1,1
kendall_n7,synthetic,7,ls_swap,8,200,200,114,1.0,1.0,0.0,0.85785714,0.66666667,0.71428571,0.76190476,0.85714286,1.0,0,0,0,0,1
kendall_n7,synthetic,7,ls_swap,9,200,200,116,1.0,1.0,0.0,0.87857143,0.57142857,0.61904762,0.85714286,0.95238095,1.0,0,0,0,0,1
kendall_n7,synthetic,7,ls_swap,10,200,200,92,1.0,1.0,0.0,0.91904762,0.71428571,0.71428571,0.9047619,1.0,1.0,0,0,0,1,1
kendall_n7,synthetic,7,ls_swap,11,200,200,57,1.0,1.0,0.0,0.94738095,0.80952381,0.80952381,0.85714286,1.0,1.0,0,0,0,1,1
kendall_n7,synthetic,7,ls_swap,12,200,200,98,1.0,1.0,0.0,0.92595238,0.80952381,0.85714286,0.85714286,1.0,1.0,0,0,0,1,1
kendall_n7,synthetic,7,ls_swap,13,200,200,98,1.0,1.0,0.0,0.92309524,0.71428571,0.76190476,0.9047619,1.0,1.0,0,0,0,1,1
kendall_n7,synthetic,7,ls_swap,14,200,200,132,1.0,1.0,0.0,0.88452381,0.71428571,0.76190476,0.80952381,0.9047619,1.0,0,0,0,0,1
kendall_n7,synthetic,7,ls_swap,15,200,200,68,1.0,1.0,0.0,0.91904762,0.66666667,0.66666667,0.85714286,1.0,1.0,0,0,0,1,1
kendall_n7,synthetic,7,ls_swap,16,200,200,115,1.0,1.0,0.0,0.91047619,0.76190476,0.80952381,0.80952381,0.95238095,1.0,0,0,0,0,1
kendall_n7,synthetic,7,ls_swap,17,200,200,75,1.0,1.0,0.0,0.955,0.76190476,0.9047619,0.9047619,1.0,1.0,0,0,0,1,1
kendall_n7,synthetic,7,ls_swap,18,200,200,116,1.0,1.0,0.0,0.90904762,0.76190476,0.80952381,0.85714286,0.95238095,1.0,0,0,0,0,1
kendall_n7,synthetic,7,ls_swap,19,200,200,78,1.0,1.0,0.0,0.95928571,0.85714286,0.85714286,0.9047619,1.0,1.0,0,0,0,1,1
kendall_n7,synthetic,7,ls_swap,20,200,200,115,1.0,1.0,0.0,0.87,0.66666667,0.71428571,0.76190476,0.95238095,1.0,0,0,0,0,1
kendall_n7,synthetic,7,ls_swap,21,200,200,97,1.0,1.0,0.0,0.93238095,0.80952381,0.80952381,0.85714286,1.0,1.0,0,0,0,1,1
kendall_n7,synthetic,7,ls_swap,22,200,200,99,1.0,1.0,0.0,0.91547619,0.71428571,0.76190476,0.9047619,1.0,1.0,0,0,0,1,1
kendall_n7,synthetic,7,ls_swap,23,200,200,135,1.0,1.0,0.0,0.86595238,0.61904762,0.66666667,0.80952381,0.9047619,1.0,0,0,0,0,1
kendall_n7,synthetic,7,ls_swap,24,200,200,59,1.0,1.0,0.0,0.94142857,0.71428571,0.71428571,0.95238095,1.0,1.0,0,0,0,1,1
kendall_n7,synthetic,7,ls_swap,25,200,200,79,1.0,1.0,0.0,0.92119048,0.76190476,0.76190476,0.80952381,1.0,1.0,0,0,0,1,1
kendall_n7,synthetic,7,ls_swap,26,200,200,61,1.0,1.0,0.0,0.9602381,0.9047619,0.9047619,0.95238095,1.0,1.0,0,0,0,1,1
kendall_n7,synthetic,7,ls_swap,27,200,200,79,1.0,1.0,0.0,0.95880952,0.85714286,0.85714286,0.9047619,1.0,1.0,0,0,0,1,1
kendall_n7,synthetic,7,ls_swap,28,200,200,79,1.0,1.0,0.0,0.95071429,0.85714286,0.85714286,0.9047619,1.0,1.0,0,0,0,1,1
kendall_n7,synthetic,7,ls_swap,29,200,200,115,1.0,1.0,0.0,0.90785714,0.76190476,0.80952381,0.80952381,0.95238095,1.0,0,0,0,0,1
kendall_n7,synthetic,7,ls_swap,30,200,200,115,1.0,1.0,0.0,0.89,0.66666667,0.71428571,0.85714286,0.95238095,1.0,0,0,0,0,1
kendall_n7,synthetic,7,ls_swap,31,200,200,78,1.0,1.0,0.0,0.95619048,0.85714286,0.85714286,0.9047619,1.0,1.0,0,0,0,1,1
kendall_n7,synthetic,7,ls_swap,32,200,200,78,1.0,1.0,0.0,0.91880952,0.76190476,0.76190476,0.80952381,1.0,1.0,0,0,0,1,1
kendall_n7,synthetic,7,ls_swap,33,200,200,74,1.0,1.0,0.0,0.94428571,0.66666667,0.9047619,0.9047619,1.0,1.0,0,0,0,1,1
kendall_n7,synthetic,7,ls_swap,34,200,200,116,1.0,1.0,0.0,0.89809524,0.66666667,0.66666667,0.85714286,0.95238095,1.0,0,0,0,0,1
kendall_n7,synthetic,7,ls_swap,35,200,200,115,1.0,1.0,0.0,0.90619048,0.76190476,0.76190476,0.80952381,0.95238095,1.0,0,0,0,0,1
kendall_n7,synthetic,7,ls_swap,36,200,200,38,1.0,1.0,0.0,0.97071429,0.85714286,0.85714286,1.0,1.0,1.0,0,0,1,1,1
kendall_n7,synthetic,7,ls_swap,37,200,200,58,1.0,1.0,0.0,0.96285714,0.9047619,0.9047619,0.95238095,1.0,1.0,0,0,0,1,1
kendall_n7,synthetic,7,ls_swap,38,200,200,23,1.0,1.0,0.0,0.98738095,0.95238095,1.0,1.0,1.0,1.0,0,1,1,1,1
kendall_n7,synthetic,7,ls_swap,39,200,200,98,1.0,1.0,0.0,0.93642857,0.80952381,0.80952381,0.85714286,1.0,1.0,0,0,0,1,1
kendall_n7,synthetic,7,ls_insert,0,200,200,115,1.0,1.0,0.0,0.86190476,0.47619048,0.57142857,0.71428571,0.95238095,1.0,0,0,0,0,1
kendall_n7,synthetic,7,ls_insert,1,200,200,85,1.0,1.0,0.0,0.93190476,0.80952381,0.80952381,0.85714286,1.0,1.0,0,0,0,1,1
kendall_n7,synthetic,7,ls_insert,2,200,200,113,1.0,1.0,0.0,0.81119048,0.47619048,0.47619048,0.71428571,0.85714286,1.0,0,0,0,0,1
kendall_n7,synthetic,7,ls_insert,3,200,200,132,1.0,1.0,0.0,0.82166667,0.47619048,0.47619048,0.71428571,0.9047619,1.0,0,0,0,0,1
kendall_n7,synthetic,7,ls_insert,4,200,200,84,1.0,1.0,0.0,0.95261905,0.85714286,0.85714286,0.95238095,1.0,1.0,0,0,0,1,1
kendall_n7,synthetic,7,ls_insert,5,200,200,90,1.0,1.0,0.0,0.92404762,0.66666667,0.66666667,0.95238095,1.0,1.0,0,0,0,1,1
kendall_n7,synthetic,7,ls_insert,6,200,200,85,1.0,1.0,0.0,0.93642857,0.76190476,0.76190476,0.95238095,1.0,1.0,0,0,0,1,1
kendall_n7,synthetic,7,ls_insert,7,200,200,103,1.0,1.0,0.0,0.88452381,0.61904762,0.66666667,0.85714286,0.95238095,1.0,0,0,0,0,1
kendall_n7,synthetic,7,ls_insert,8,200,200,70,1.0,1.0,0.0,0.91,0.61904762,0.71428571,0.80952381,1.0,1.0,0,0,0,1,1
kendall_n7,synthetic,7,ls_insert,9,200,200,131,1.0,1.0,0.0,0.78809524,0.47619048,0.47619048,0.66666667,0.85714286,1.0,0,0,0,0,1
kendall_n7,synthetic,7,ls_insert,10,200,200,116,1.0,1.0,0.0,0.8852381,0.57142857,0.57142857,0.85714286,0.95238095,1.0,0,0,0,0,1
kendall_n7,synthetic,7,ls_insert,11,200,200,78,1.0,1.0,0.0,0.91761905,0.61904762,0.66666667,0.85714286,1.0,1.0,0,0,0,1,1
kendall_n7,synthetic,7,ls_insert,12,200,200,108,1.0,1.0,0.0,0.88380952,0.61904762,0.61904762,0.85714286,0.95238095,1.0,0,0,0,0,1
kendall_n7,synthetic,7,ls_insert,13,200,200,112,1.0,1.0,0.0,0.89309524,0.66666667,0.71428571,0.80952381,0.95238095,1.0,0,0,0,0,1
kendall_n7,synthetic,7,ls_insert,14,200,200,76,1.0,1.0,0.0,0.92380952,0.76190476,0.76190476,0.85714286,1.0,1.0,0,0,0,1,1
kendall_n7,synthetic,7,ls_insert,15,200,200,115,1.0,1.0,0.0,0.89380952,0.57142857,0.66666667,0.76190476,0.95238095,1.0,0,0,0,0,1
kendall_n7,synthetic,7,ls_insert,16,200,200,84,1.0,1.0,0.0,0.9,0.71428571,0.71428571,0.76190476,1.0,1.0,0,0,0,1,1
kendall_n7,synthetic,7,ls_insert,17,200,200,107,1.0,1.0,0.0,0.91952381,0.76190476,0.76190476,0.85714286,0.9047619,1.0,0,0,0,0,1
kendall_n7,synthetic,7,ls_insert,18,200,200,100,1.0,1.0,0.0,0.89166667,0.71428571,0.71428571,0.76190476,1.0,1.0,0,0,0,1,1
kendall_n7,synthetic,7,ls_insert,19,200,200,96,1.0,1.0,0.0,0.92119048,0.76190476,0.76190476,0.85714286,1.0,1.0,0,0,0,1,1
kendall_n7,synthetic,7,ls_insert,20,200,200,109,1.0,1.0,0.0,0.87190476,0.61904762,0.61904762,0.71428571,0.95238095,1.0,0,0,0,0,1
kendall_n7,synthetic,7,ls_insert,21,200,200,89,1.0,1.0,0.0,0.92047619,0.71428571,0.71428571,0.9047619,1.0,1.0,0,0,0,1,1
kendall_n7,synthetic,7,ls_insert,22,200,200,108,1.0,1.0,0.0,0.89214286,0.71428571,0.71428571,0.76190476,0.95238095,1.0,0,0,0,0,1
kendall_n7,synthetic,7,ls_insert,23,200,200,120,1.0,1.0,0.0,0.86547619,0.61904762,0.66666667,0.76190476,0.9047619,1.0,0,0,0,0,1
kendall_n7,synthetic,7,ls_insert,24,200,200,108,1.0,1.0,0.0,0.82095238,0.47619048,0.47619048,0.71428571,0.9047619,1.0,0,0,0,0,1
kendall_n7,synthetic,7,ls_insert,25,200,200,102,1.0,1.0,0.0,0.89857143,0.61904762,0.61904762,0.85714286,0.95238095,1.0,0,0,0,0,1
kendall_n7,synthetic,7,ls_insert,26,200,200,86,1.0,1.0,0.0,0.92857143,0.80952381,0.80952381,0.80952381,1.0,1.0,0,0,0,1,1
kendall_n7,synthetic,7,ls_insert,27,200,200,38,1.0,1.0,0.0,0.98119048,0.85714286,0.95238095,1.0,1.0,1.0,0,0,1,1,1
kendall_n7,synthetic,7,ls_insert,28,200,200,90,1.0,1.0,0.0,0.90452381,0.61904762,0.61904762,0.9047619,1.0,1.0,0,0,0,1,1
kendall_n7,synthetic,7,ls_insert,29,200,200,103,1.0,1.0,0.0,0.8647619,0.61904762,0.61904762,0.66666667,0.95238095,1.0,0,0,0,0,1
kendall_n7,synthetic,7,ls_insert,30,200,200,109,1.0,1.0,0.0,0.86714286,0.61904762,0.61904762,0.76190476,0.95238095,1.0,0,0,0,0,1
kendall_n7,synthetic,7,ls_insert,31,200,200,102,1.0,1.0,0.0,0.9052381,0.66666667,0.66666667,0.85714286,0.95238095,1.0,0,0,0,0,1
kendall_n7,synthetic,7,ls_insert,32,200,200,79,1.0,1.0,0.0,0.91666667,0.71428571,0.71428571,0.9047619,1.0,1.0,0,0,0,1,1
kendall_n7,synthetic,7,ls_insert,33,200,200,97,1.0,1.0,0.0,0.88619048,0.61904762,0.66666667,0.80952381,1.0,1.0,0,0,0,1,1
kendall_n7,synthetic,7,ls_insert,34,200,200,80,1.0,1.0,0.0,0.9397619,0.80952381,0.80952381,0.9047619,1.0,1.0,0,0,0,1,1
kendall_n7,synthetic,7,ls_insert,35,200,200,102,1.0,1.0,0.0,0.86785714,0.61904762,0.61904762,0.71428571,0.9047619,1.0,0,0,0,0,1
kendall_n7,synthetic,7,ls_insert,36,200,200,51,1.0,1.0,0.0,0.96809524,0.80952381,0.9047619,0.95238095,1.0,1.0,0,0,0,1,1
kendall_n7,synthetic,7,ls_insert,37,200,200,86,1.0,1.0,0.0,0.92714286,0.80952381,0.80952381,0.80952381,1.0,1.0,0,0,0,1,1
kendall_n7,synthetic,7,ls_insert,38,200,200,60,1.0,1.0,0.0,0.95547619,0.85714286,0.85714286,0.85714286,1.0,1.0,0,0,0,1,1
kendall_n7,synthetic,7,ls_insert,39,200,200,68,1.0,1.0,0.0,0.96119048,0.85714286,0.85714286,0.95238095,1.0,1.0,0,0,0,1,1
kendall_n7,synthetic,7,ls_inversion,0,200,200,99,1.0,1.0,0.0,0.90571429,0.66666667,0.80952381,0.80952381,1.0,1.0,0,0,0,1,1
kendall_n7,synthetic,7,ls_inversion,1,200,200,135,1.0,1.0,0.0,0.87785714,0.66666667,0.66666667,0.80952381,0.9047619,1.0,0,0,0,0,1
kendall_n7,synthetic,7,ls_inversion,2,200,200,80,1.0,1.0,0.0,0.93738095,0.76190476,0.80952381,0.95238095,1.0,1.0,0,0,0,1,1
kendall_n7,synthetic,7,ls_inversion,3,200,200,97,1.0,1.0,0.0,0.92238095,0.76190476,0.76190476,0.9047619,1.0,1.0,0,0,0,1,1
kendall_n7,synthetic,7,ls_inversion,4,200,200,48,1.0,1.0,0.0,0.9747619,0.80952381,0.95238095,1.0,1.0,1.0,0,0,1,1,1
kendall_n7,synthetic,7,ls_inversion,5,200,200,73,1.0,1.0,0.0,0.93595238,0.61904762,0.71428571,0.95238095,1.0,1.0,0,0,0,1,1
kendall_n7,synthetic,7,ls_inversion,6,200,200,72,1.0,1.0,0.0,0.95333333,0.71428571,0.9047619,0.95238095,1.0,1.0,0,0,0,1,1
kendall_n7,synthetic,7,ls_inversion,7,200,200,99,1.0,1.0,0.0,0.92428571,0.80952381,0.80952381,0.85714286,1.0,1.0,0,0,0,1,1
kendall_n7,synthetic,7,ls_inversion,8,200,200,117,1.0,1.0,0.0,0.90285714,0.71428571,0.80952381,0.85714286,0.95238095,1.0,0,0,0,0,1
kendall_n7,synthetic,7,ls_inversion,9,200,200,119,1.0,1.0,0.0,0.90047619,0.76190476,0.80952381,0.80952381,0.95238095,1.0,0,0,0,0,1
kendall_n7,synthetic,7,ls_inversion,10,200,200,76,1.0,1.0,0.0,0.93,0.57142857,0.71428571,0.95238095,1.0,1.0,0,0,0,1,1
kendall_n7,synthetic,7,ls_inversion,11,200,200,80,1.0,1.0,0.0,0.94666667,0.76190476,0.9047619,0.9047619,1.0,1.0,0,0,0,1,1
kendall_n7,synthetic,7,ls_inversion,12,200,200,118,1.0,1.0,0.0,0.89857143,0.71428571,0.76190476,0.85714286,0.95238095,1.0,0,0,0,0,1
kendall_n7,synthetic,7,ls_inversion,13,200,200,95,1.0,1.0,0.0,0.92071429,0.66666667,0.80952381,0.9047619,1.0,1.0,0,0,0,1,1
kendall_n7,synthetic,7,ls_inversion,14,200,200,113,1.0,1.0,0.0,0.9097619,0.71428571,0.80952381,0.85714286,0.95238095,1.0,0,0,0,0,1
kendall_n7,synthetic,7,ls_inversion,15,200,200,95,1.0,1.0,0.0,0.92214286,0.61904762,0.76190476,0.9047619,1.0,1.0,0,0,0,1,1
kendall_n7,synthetic,7,ls_inversion,16,200,200,138,1.0,1.0,0.0,0.8702381,0.61904762,0.71428571,0.80952381,0.9047619,1.0,0,0,0,0,1
kendall_n7,synthetic,7,ls_inversion,17,200,200,75,1.0,1.0,0.0,0.955,0.76190476,0.9047619,0.9047619,1.0,1.0,0,0,0,1,1
kendall_n7,synthetic,7,ls_inversion,18,200,200,118,1.0,1.0,0.0,0.90880952,0.76190476,0.80952381,0.85714286,0.95238095,1.0,0,0,0,0,1
kendall_n7,synthetic,7,ls_inversion,19,200,200,60,1.0,1.0,0.0,0.97380952,0.9047619,0.9047619,0.95238095,1.0,1.0,0,0,0,1,1
kendall_n7,synthetic,7,ls_inversion,20,200,200,120,1.0,1.0,0.0,0.88309524,0.57142857,0.66666667,0.85714286,0.95238095,1.0,0,0,0,0,1
kendall_n7,synthetic,7,ls_inversion,21,200,200,117,1.0,1.0,0.0,0.90690476,0.71428571,0.76190476,0.80952381,0.95238095,1.0,0,0,0,0,1
kendall_n7,synthetic,7,ls_inversion,22,200,200,117,1.0,1.0,0.0,0.89714286,0.71428571,0.71428571,0.80952381,0.95238095,1.0,0,0,0,0,1
kendall_n7,synthetic,7,ls_inversion,23,200,200,98,1.0,1.0,0.0,0.90928571,0.66666667,0.80952381,0.80952381,1.0,1.0,0,0,0,1,1
kendall_n7,synthetic,7,ls_inversion,24,200,200,71,1.0,1.0,0.0,0.94571429,0.80952381,0.80952381,0.95238095,1.0,1.0,0,0,0,1,1
kendall_n7,synthetic,7,ls_inversion,25,200,200,136,1.0,1.0,0.0,0.87404762,0.66666667,0.66666667,0.76190476,0.9047619,1.0,0,0,0,0,1
kendall_n7,synthetic,7,ls_inversion,26,200,200,81,1.0,1.0,0.0,0.9347619,0.76190476,0.76190476,0.9047619,1.0,1.0,0,0,0,1,1
kendall_n7,synthetic,7,ls_inversion,27,200,200,79,1.0,1.0,0.0,0.95880952,0.85714286,0.85714286,0.9047619,1.0,1.0,0,0,0,1,1
kendall_n7,synthetic,7,ls_inversion,28,200,200,98,1.0,1.0,0.0,0.90261905,0.57142857,0.57142857,0.85714286,1.0,1.0,0,0,0,1,1
kendall_n7,synthetic,7,ls_inversion,29,200,200,154,1.0,1.0,0.0,0.83404762,0.57142857,0.66666667,0.76190476,0.85714286,1.0,0,0,0,0,1
kendall_n7,synthetic,7,ls_inversion,30,200,200,63,1.0,1.0,0.0,0.91452381,0.61904762,0.66666667,0.85714286,1.0,1.0,0,0,0,1,1
kendall_n7,synthetic,7,ls_inversion,31,200,200,95,1.0,1.0,0.0,0.93166667,0.76190476,0.76190476,0.9047619,1.0,1.0,0,0,0,1,1
kendall_n7,synthetic,7,ls_inversion,32,200,200,118,1.0,1.0,0.0,0.89071429,0.71428571,0.71428571,0.76190476,0.95238095,1.0,0,0,0,0,1
kendall_n7,synthetic,7,ls_inversion,33,200,200,99,1.0,1.0,0.0,0.92452381,0.66666667,0.85714286,0.85714286,1.0,1.0,0,0,0,1,1
kendall_n7,synthetic,7,ls_inversion,34,200,200,77,1.0,1.0,0.0,0.93809524,0.71428571,0.76190476,0.95238095,1.0,1.0,0,0,0,1,1
kendall_n7,synthetic,7,ls_inversion,35,200,200,117,1.0,1.0,0.0,0.90547619,0.76190476,0.76190476,0.80952381,0.95238095,1.0,0,0,0,0,1
kendall_n7,synthetic,7,ls_inversion,36,200,200,59,1.0,1.0,0.0,0.97190476,0.9047619,0.9047619,0.95238095,1.0,1.0,0,0,0,1,1
kendall_n7,synthetic,7,ls_inversion,37,200,200,79,1.0,1.0,0.0,0.93214286,0.71428571,0.71428571,0.95238095,1.0,1.0,0,0,0,1,1
kendall_n7,synthetic,7,ls_inversion,38,200,200,54,1.0,1.0,0.0,0.93428571,0.66666667,0.66666667,0.85714286,1.0,1.0,0,0,0,1,1
kendall_n7,synthetic,7,ls_inversion,39,200,200,80,1.0,1.0,0.0,0.9552381,0.85714286,0.85714286,0.9047619,1.0,1.0,0,0,0,1,1
kendall_n7,synthetic,7,simulated_annealing,0,200,200,,0.95238095,1.0,0.04761905,0.90309524,0.76190476,0.9047619,0.9047619,0.95238095,0.95238095,0,0,0,0,0
kendall_n7,synthetic,7,simulated_annealing,1,200,200,,0.95238095,1.0,0.04761905,0.84666667,0.71428571,0.85714286,0.85714286,0.85714286,0.95238095,0,0,0,0,0
kendall_n7,synthetic,7,simulated_annealing,2,200,200,,0.95238095,1.0,0.04761905,0.86261905,0.71428571,0.71428571,0.9047619,0.9047619,0.95238095,0,0,0,0,0
kendall_n7,synthetic,7,simulated_annealing,3,200,200,109,1.0,1.0,0.0,0.94952381,0.9047619,0.95238095,0.95238095,0.95238095,1.0,0,0,0,0,1
kendall_n7,synthetic,7,simulated_annealing,4,200,200,191,1.0,1.0,0.0,0.89928571,0.85714286,0.85714286,0.9047619,0.9047619,1.0,0,0,0,0,1
kendall_n7,synthetic,7,simulated_annealing,5,200,200,,0.95238095,1.0,0.04761905,0.8947619,0.76190476,0.76190476,0.9047619,0.9047619,0.95238095,0,0,0,0,0
kendall_n7,synthetic,7,simulated_annealing,6,200,200,193,1.0,1.0,0.0,0.93642857,0.76190476,0.95238095,0.95238095,0.95238095,1.0,0,0,0,0,1
kendall_n7,synthetic,7,simulated_annealing,7,200,200,131,1.0,1.0,0.0,0.91761905,0.71428571,0.76190476,0.95238095,0.95238095,1.0,0,0,0,0,1
kendall_n7,synthetic,7,simulated_annealing,8,200,200,167,1.0,1.0,0.0,0.925,0.85714286,0.85714286,0.85714286,0.95238095,1.0,0,0,0,0,1
kendall_n7,synthetic,7,simulated_annealing,9,200,200,12,1.0,1.0,0.0,0.97690476,1.0,1.0,1.0,1.0,1.0,1,1,1,1,1
kendall_n7,synthetic,7,simulated_annealing,10,200,200,189,1.0,1.0,0.0,0.87714286,0.76190476,0.76190476,0.85714286,0.9047619,1.0,0,0,0,0,1
kendall_n7,synthetic,7,simulated_annealing,11,200,200,68,1.0,1.0,0.0,0.91619048,0.61904762,0.76190476,0.76190476,1.0,1.0,0,0,0,1,1
kendall_n7,synthetic,7,simulated_annealing,12,200,200,,0.95238095,1.0,0.04761905,0.86666667,0.71428571,0.80952381,0.85714286,0.9047619,0.95238095,0,0,0,0,0
kendall_n7,synthetic,7,simulated_annealing,13,200,200,152,1.0,1.0,0.0,0.88047619,0.80952381,0.80952381,0.80952381,0.9047619,1.0,0,0,0,0,1
kendall_n7,synthetic,7,simulated_annealing,14,200,200,128,1.0,1.0,0.0,0.91714286,0.85714286,0.85714286,0.9047619,0.95238095,1.0,0,0,0,0,1
kendall_n7,synthetic,7,simulated_annealing,15,200,200,199,1.0,1.0,0.0,0.89809524,0.9047619,0.9047619,0.9047619,0.9047619,1.0,0,0,0,0,1
kendall_n7,synthetic,7,simulated_annealing,16,200,200,179,1.0,1.0,0.0,0.86428571,0.57142857,0.71428571,0.76190476,0.9047619,1.0,0,0,0,0,1
kendall_n7,synthetic,7,simulated_annealing,17,200,200,,0.95238095,1.0,0.04761905,0.84547619,0.71428571,0.71428571,0.76190476,0.85714286,0.95238095,0,0,0,0,0
kendall_n7,synthetic,7,simulated_annealing,18,200,200,35,1.0,1.0,0.0,0.9647619,0.80952381,0.80952381,1.0,1.0,1.0,0,0,1,1,1
kendall_n7,synthetic,7,simulated_annealing,19,200,200,186,1.0,1.0,0.0,0.94785714,0.95238095,0.95238095,0.95238095,0.95238095,1.0,0,0,0,0,1
kendall_n7,synthetic,7,simulated_annealing,20,200,200,,0.95238095,1.0,0.04761905,0.88261905,0.80952381,0.80952381,0.9047619,0.9047619,0.95238095,0,0,0,0,0
kendall_n7,synthetic,7,simulated_annealing,21,200,200,54,1.0,1.0,0.0,0.94666667,0.80952381,0.80952381,0.85714286,1.0,1.0,0,0,0,1,1
kendall_n7,synthetic,7,simulated_annealing,22,200,200,,0.95238095,1.0,0.04761905,0.88666667,0.76190476,0.76190476,0.9047619,0.9047619,0.95238095,0,0,0,0,0
kendall_n7,synthetic,7,simulated_annealing,23,200,200,,0.95238095,1.0,0.04761905,0.90880952,0.76190476,0.76190476,0.95238095,0.95238095,0.95238095,0,0,0,0,0
kendall_n7,synthetic,7,simulated_annealing,24,200,200,52,1.0,1.0,0.0,0.91547619,0.42857143,0.71428571,0.9047619,1.0,1.0,0,0,0,1,1
kendall_n7,synthetic,7,simulated_annealing,25,200,200,133,1.0,1.0,0.0,0.93452381,0.66666667,0.85714286,0.95238095,0.95238095,1.0,0,0,0,0,1
kendall_n7,synthetic,7,simulated_annealing,26,200,200,,0.9047619,1.0,0.0952381,0.83547619,0.61904762,0.66666667,0.80952381,0.9047619,0.9047619,0,0,0,0,0
kendall_n7,synthetic,7,simulated_annealing,27,200,200,,0.95238095,1.0,0.04761905,0.8497619,0.80952381,0.80952381,0.80952381,0.85714286,0.95238095,0,0,0,0,0
kendall_n7,synthetic,7,simulated_annealing,28,200,200,98,1.0,1.0,0.0,0.92952381,0.85714286,0.85714286,0.85714286,1.0,1.0,0,0,0,1,1
kendall_n7,synthetic,7,simulated_annealing,29,200,200,140,1.0,1.0,0.0,0.91738095,0.85714286,0.85714286,0.9047619,0.9047619,1.0,0,0,0,0,1
kendall_n7,synthetic,7,simulated_annealing,30,200,200,,0.95238095,1.0,0.04761905,0.83690476,0.80952381,0.80952381,0.80952381,0.80952381,0.95238095,0,0,0,0,0
kendall_n7,synthetic,7,simulated_annealing,31,200,200,78,1.0,1.0,0.0,0.9197619,0.71428571,0.76190476,0.85714286,1.0,1.0,0,0,0,1,1
kendall_n7,synthetic,7,simulated_annealing,32,200,200,32,1.0,1.0,0.0,0.96214286,0.85714286,0.85714286,1.0,1.0,1.0,0,0,1,1,1
kendall_n7,synthetic,7,simulated_annealing,33,200,200,100,1.0,1.0,0.0,0.86738095,0.66666667,0.66666667,0.76190476,1.0,1.0,0,0,0,1,1
kendall_n7,synthetic,7,simulated_annealing,34,200,200,180,1.0,1.0,0.0,0.90428571,0.71428571,0.80952381,0.80952381,0.95238095,1.0,0,0,0,0,1
kendall_n7,synthetic,7,simulated_annealing,35,200,200,69,1.0,1.0,0.0,0.93166667,0.66666667,0.71428571,0.9047619,1.0,1.0,0,0,0,1,1
kendall_n7,synthetic,7,simulated_annealing,36,200,200,127,1.0,1.0,0.0,0.93571429,0.85714286,0.9047619,0.9047619,0.9047619,1.0,0,0,0,0,1
kendall_n7,synthetic,7,simulated_annealing,37,200,200,91,1.0,1.0,0.0,0.93357143,0.80952381,0.85714286,0.85714286,1.0,1.0,0,0,0,1,1
kendall_n7,synthetic,7,simulated_annealing,38,200,200,92,1.0,1.0,0.0,0.95904762,0.80952381,0.95238095,0.95238095,1.0,1.0,0,0,0,1,1
kendall_n7,synthetic,7,simulated_annealing,39,200,200,170,1.0,1.0,0.0,0.9052381,0.61904762,0.9047619,0.9047619,0.9047619,1.0,0,0,0,0,1
kendall_n7,synthetic,7,iterated_local_search,0,200,200,115,1.0,1.0,0.0,0.86190476,0.47619048,0.57142857,0.71428571,0.95238095,1.0,0,0,0,0,1
kendall_n7,synthetic,7,iterated_local_search,1,200,200,85,1.0,1.0,0.0,0.93190476,0.80952381,0.80952381,0.85714286,1.0,1.0,0,0,0,1,1
kendall_n7,synthetic,7,iterated_local_search,2,200,200,113,1.0,1.0,0.0,0.81119048,0.47619048,0.47619048,0.71428571,0.85714286,1.0,0,0,0,0,1
kendall_n7,synthetic,7,iterated_local_search,3,200,200,132,1.0,1.0,0.0,0.82166667,0.47619048,0.47619048,0.71428571,0.9047619,1.0,0,0,0,0,1
kendall_n7,synthetic,7,iterated_local_search,4,200,200,84,1.0,1.0,0.0,0.95261905,0.85714286,0.85714286,0.95238095,1.0,1.0,0,0,0,1,1
kendall_n7,synthetic,7,iterated_local_search,5,200,200,90,1.0,1.0,0.0,0.92404762,0.66666667,0.66666667,0.95238095,1.0,1.0,0,0,0,1,1
kendall_n7,synthetic,7,iterated_local_search,6,200,200,85,1.0,1.0,0.0,0.93642857,0.76190476,0.76190476,0.95238095,1.0,1.0,0,0,0,1,1
kendall_n7,synthetic,7,iterated_local_search,7,200,200,103,1.0,1.0,0.0,0.88452381,0.61904762,0.66666667,0.85714286,0.95238095,1.0,0,0,0,0,1
kendall_n7,synthetic,7,iterated_local_search,8,200,200,70,1.0,1.0,0.0,0.91,0.61904762,0.71428571,0.80952381,1.0,1.0,0,0,0,1,1
kendall_n7,synthetic,7,iterated_local_search,9,200,200,131,1.0,1.0,0.0,0.78809524,0.47619048,0.47619048,0.66666667,0.85714286,1.0,0,0,0,0,1
kendall_n7,synthetic,7,iterated_local_search,10,200,200,116,1.0,1.0,0.0,0.8852381,0.57142857,0.57142857,0.85714286,0.95238095,1.0,0,0,0,0,1
kendall_n7,synthetic,7,iterated_local_search,11,200,200,78,1.0,1.0,0.0,0.91761905,0.61904762,0.66666667,0.85714286,1.0,1.0,0,0,0,1,1
kendall_n7,synthetic,7,iterated_local_search,12,200,200,108,1.0,1.0,0.0,0.88380952,0.61904762,0.61904762,0.85714286,0.95238095,1.0,0,0,0,0,1
kendall_n7,synthetic,7,iterated_local_search,13,200,200,112,1.0,1.0,0.0,0.89309524,0.66666667,0.71428571,0.80952381,0.95238095,1.0,0,0,0,0,1
kendall_n7,synthetic,7,iterated_local_search,14,200,200,76,1.0,1.0,0.0,0.92380952,0.76190476,0.76190476,0.85714286,1.0,1.0,0,0,0,1,1
kendall_n7,synthetic,7,iterated_local_search,15,200,200,115,1.0,1.0,0.0,0.89380952,0.57142857,0.66666667,0.76190476,0.95238095,1.0,0,0,0,0,1
kendall_n7,synthetic,7,iterated_local_search,16,200,200,84,1.0,1.0,0.0,0.9,0.71428571,0.71428571,0.76190476,1.0,1.0,0,0,0,1,1
kendall_n7,synthetic,7,iterated_local_search,17,200,200,107,1.0,1.0,0.0,0.91952381,0.76190476,0.76190476,0.85714286,0.9047619,1.0,0,0,0,0,1
kendall_n7,synthetic,7,iterated_local_search,18,200,200,100,1.0,1.0,0.0,0.89166667,0.71428571,0.71428571,0.76190476,1.0,1.0,0,0,0,1,1
kendall_n7,synthetic,7,iterated_local_search,19,200,200,96,1.0,1.0,0.0,0.92119048,0.76190476,0.76190476,0.85714286,1.0,1.0,0,0,0,1,1
kendall_n7,synthetic,7,iterated_local_search,20,200,200,109,1.0,1.0,0.0,0.87190476,0.61904762,0.61904762,0.71428571,0.95238095,1.0,0,0,0,0,1
kendall_n7,synthetic,7,iterated_local_search,21,200,200,89,1.0,1.0,0.0,0.92047619,0.71428571,0.71428571,0.9047619,1.0,1.0,0,0,0,1,1
kendall_n7,synthetic,7,iterated_local_search,22,200,200,108,1.0,1.0,0.0,0.89214286,0.71428571,0.71428571,0.76190476,0.95238095,1.0,0,0,0,0,1
kendall_n7,synthetic,7,iterated_local_search,23,200,200,120,1.0,1.0,0.0,0.86547619,0.61904762,0.66666667,0.76190476,0.9047619,1.0,0,0,0,0,1
kendall_n7,synthetic,7,iterated_local_search,24,200,200,108,1.0,1.0,0.0,0.82095238,0.47619048,0.47619048,0.71428571,0.9047619,1.0,0,0,0,0,1
kendall_n7,synthetic,7,iterated_local_search,25,200,200,102,1.0,1.0,0.0,0.89857143,0.61904762,0.61904762,0.85714286,0.95238095,1.0,0,0,0,0,1
kendall_n7,synthetic,7,iterated_local_search,26,200,200,86,1.0,1.0,0.0,0.92857143,0.80952381,0.80952381,0.80952381,1.0,1.0,0,0,0,1,1
kendall_n7,synthetic,7,iterated_local_search,27,200,200,38,1.0,1.0,0.0,0.98119048,0.85714286,0.95238095,1.0,1.0,1.0,0,0,1,1,1
kendall_n7,synthetic,7,iterated_local_search,28,200,200,90,1.0,1.0,0.0,0.90452381,0.61904762,0.61904762,0.9047619,1.0,1.0,0,0,0,1,1
kendall_n7,synthetic,7,iterated_local_search,29,200,200,103,1.0,1.0,0.0,0.8647619,0.61904762,0.61904762,0.66666667,0.95238095,1.0,0,0,0,0,1
kendall_n7,synthetic,7,iterated_local_search,30,200,200,109,1.0,1.0,0.0,0.86714286,0.61904762,0.61904762,0.76190476,0.95238095,1.0,0,0,0,0,1
kendall_n7,synthetic,7,iterated_local_search,31,200,200,102,1.0,1.0,0.0,0.9052381,0.66666667,0.66666667,0.85714286,0.95238095,1.0,0,0,0,0,1
kendall_n7,synthetic,7,iterated_local_search,32,200,200,79,1.0,1.0,0.0,0.91666667,0.71428571,0.71428571,0.9047619,1.0,1.0,0,0,0,1,1
kendall_n7,synthetic,7,iterated_local_search,33,200,200,97,1.0,1.0,0.0,0.88619048,0.61904762,0.66666667,0.80952381,1.0,1.0,0,0,0,1,1
kendall_n7,synthetic,7,iterated_local_search,34,200,200,80,1.0,1.0,0.0,0.9397619,0.80952381,0.80952381,0.9047619,1.0,1.0,0,0,0,1,1
kendall_n7,synthetic,7,iterated_local_search,35,200,200,102,1.0,1.0,0.0,0.86785714,0.61904762,0.61904762,0.71428571,0.9047619,1.0,0,0,0,0,1
kendall_n7,synthetic,7,iterated_local_search,36,200,200,51,1.0,1.0,0.0,0.96809524,0.80952381,0.9047619,0.95238095,1.0,1.0,0,0,0,1,1
kendall_n7,synthetic,7,iterated_local_search,37,200,200,86,1.0,1.0,0.0,0.92714286,0.80952381,0.80952381,0.80952381,1.0,1.0,0,0,0,1,1
kendall_n7,synthetic,7,iterated_local_search,38,200,200,60,1.0,1.0,0.0,0.95547619,0.85714286,0.85714286,0.85714286,1.0,1.0,0,0,0,1,1
kendall_n7,synthetic,7,iterated_local_search,39,200,200,68,1.0,1.0,0.0,0.96119048,0.85714286,0.85714286,0.95238095,1.0,1.0,0,0,0,1,1
kendall_n7,synthetic,7,ea_elitist,0,200,200,58,1.0,1.0,0.0,0.95761905,0.85714286,0.85714286,0.9047619,1.0,1.0,0,0,0,1,1
kendall_n7,synthetic,7,ea_elitist,1,200,200,101,1.0,1.0,0.0,0.94357143,0.85714286,0.85714286,0.9047619,0.95238095,1.0,0,0,0,0,1
kendall_n7,synthetic,7,ea_elitist,2,200,200,163,1.0,1.0,0.0,0.89119048,0.76190476,0.76190476,0.76190476,0.95238095,1.0,0,0,0,0,1
kendall_n7,synthetic,7,ea_elitist,3,200,200,186,1.0,1.0,0.0,0.90571429,0.71428571,0.85714286,0.9047619,0.95238095,1.0,0,0,0,0,1
kendall_n7,synthetic,7,ea_elitist,4,200,200,101,1.0,1.0,0.0,0.94404762,0.80952381,0.85714286,0.9047619,0.95238095,1.0,0,0,0,0,1
kendall_n7,synthetic,7,ea_elitist,5,200,200,119,1.0,1.0,0.0,0.95238095,0.9047619,0.9047619,0.9047619,0.95238095,1.0,0,0,0,0,1
kendall_n7,synthetic,7,ea_elitist,6,200,200,117,1.0,1.0,0.0,0.91357143,0.71428571,0.80952381,0.85714286,0.95238095,1.0,0,0,0,0,1
kendall_n7,synthetic,7,ea_elitist,7,200,200,74,1.0,1.0,0.0,0.95928571,0.9047619,0.9047619,0.9047619,1.0,1.0,0,0,0,1,1
kendall_n7,synthetic,7,ea_elitist,8,200,200,80,1.0,1.0,0.0,0.91166667,0.61904762,0.66666667,0.9047619,1.0,1.0,0,0,0,1,1
kendall_n7,synthetic,7,ea_elitist,9,200,200,122,1.0,1.0,0.0,0.93071429,0.85714286,0.85714286,0.85714286,0.95238095,1.0,0,0,0,0,1
kendall_n7,synthetic,7,ea_elitist,10,200,200,94,1.0,1.0,0.0,0.9197619,0.61904762,0.85714286,0.85714286,1.0,1.0,0,0,0,1,1
kendall_n7,synthetic,7,ea_elitist,11,200,200,139,1.0,1.0,0.0,0.90880952,0.71428571,0.76190476,0.85714286,0.95238095,1.0,0,0,0,0,1
kendall_n7,synthetic,7,ea_elitist,12,200,200,137,1.0,1.0,0.0,0.92595238,0.85714286,0.85714286,0.85714286,0.95238095,1.0,0,0,0,0,1
kendall_n7,synthetic,7,ea_elitist,13,200,200,108,1.0,1.0,0.0,0.93285714,0.66666667,0.76190476,0.95238095,0.95238095,1.0,0,0,0,0,1
kendall_n7,synthetic,7,ea_elitist,14,200,200,65,1.0,1.0,0.0,0.9597619,0.80952381,0.9047619,0.95238095,1.0,1.0,0,0,0,1,1
kendall_n7,synthetic,7,ea_elitist,15,200,200,83,1.0,1.0,0.0,0.9202381,0.71428571,0.71428571,0.85714286,1.0,1.0,0,0,0,1,1
kendall_n7,synthetic,7,ea_elitist,16,200,200,37,1.0,1.0,0.0,0.94285714,0.66666667,0.66666667,1.0,1.0,1.0,0,0,1,1,1
kendall_n7,synthetic,7,ea_elitist,17,200,200,82,1.0,1.0,0.0,0.94190476,0.76190476,0.85714286,0.85714286,1.0,1.0,0,0,0,1,1
kendall_n7,synthetic,7,ea_elitist,18,200,200,101,1.0,1.0,0.0,0.94452381,0.85714286,0.85714286,0.95238095,0.95238095,1.0,0,0,0,0,1
kendall_n7,synthetic,7,ea_elitist,19,200,200,94,1.0,1.0,0.0,0.92857143,0.71428571,0.80952381,0.9047619,1.0,1.0,0,0,0,1,1
kendall_n7,synthetic,7,ea_elitist,20,200,200,101,1.0,1.0,0.0,0.91714286,0.71428571,0.71428571,0.85714286,0.95238095,1.0,0,0,0,0,1
kendall_n7,synthetic,7,ea_elitist,21,200,200,58,1.0,1.0,0.0,0.95857143,0.85714286,0.85714286,0.9047619,1.0,1.0,0,0,0,1,1
kendall_n7,synthetic,7,ea_elitist,22,200,200,134,1.0,1.0,0.0,0.89928571,0.61904762,0.71428571,0.80952381,0.95238095,1.0,0,0,0,0,1
kendall_n7,synthetic,7,ea_elitist,23,200,200,152,1.0,1.0,0.0,0.89857143,0.66666667,0.80952381,0.85714286,0.9047619,1.0,0,0,0,0,1
kendall_n7,synthetic,7,ea_elitist,24,200,200,130,1.0,1.0,0.0,0.93880952,0.9047619,0.9047619,0.9047619,0.95238095,1.0,0,0,0,0,1
kendall_n7,synthetic,7,ea_elitist,25,200,200,65,1.0,1.0,0.0,0.94666667,0.71428571,0.85714286,0.9047619,1.0,1.0,0,0,0,1,1
kendall_n7,synthetic,7,ea_elitist,26,200,200,128,1.0,1.0,0.0,0.90095238,0.71428571,0.76190476,0.80952381,0.95238095,1.0,0,0,0,0,1
kendall_n7,synthetic,7,ea_elitist,27,200,200,79,1.0,1.0,0.0,0.94904762,0.80952381,0.85714286,0.85714286,1.0,1.0,0,0,0,1,1
kendall_n7,synthetic,7,ea_elitist,28,200,200,114,1.0,1.0,0.0,0.94095238,0.66666667,0.9047619,0.9047619,0.95238095,1.0,0,0,0,0,1
kendall_n7,synthetic,7,ea_elitist,29,200,200,57,1.0,1.0,0.0,0.94904762,0.85714286,0.85714286,0.9047619,1.0,1.0,0,0,0,1,1
kendall_n7,synthetic,7,ea_elitist,30,200,200,69,1.0,1.0,0.0,0.9097619,0.61904762,0.66666667,0.85714286,1.0,1.0,0,0,0,1,1
kendall_n7,synthetic,7,ea_elitist,31,200,200,149,1.0,1.0,0.0,0.88404762,0.66666667,0.71428571,0.80952381,0.9047619,1.0,0,0,0,0,1
kendall_n7,synthetic,7,ea_elitist,32,200,200,148,1.0,1.0,0.0,0.85738095,0.57142857,0.61904762,0.76190476,0.95238095,1.0,0,0,0,0,1
kendall_n7,synthetic,7,ea_elitist,33,200,200,124,1.0,1.0,0.0,0.93285714,0.85714286,0.85714286,0.9047619,0.95238095,1.0,0,0,0,0,1
kendall_n7,synthetic,7,ea_elitist,34,200,200,172,1.0,1.0,0.0,0.88,0.66666667,0.71428571,0.80952381,0.9047619,1.0,0,0,0,0,1
kendall_n7,synthetic,7,ea_elitist,35,200,200,131,1.0,1.0,0.0,0.95,0.85714286,0.9047619,0.95238095,0.95238095,1.0,0,0,0,0,1
kendall_n7,synthetic,7,ea_elitist,36,200,200,99,1.0,1.0,0.0,0.94857143,0.80952381,0.85714286,0.9047619,1.0,1.0,0,0,0,1,1
kendall_n7,synthetic,7,ea_elitist,37,200,200,112,1.0,1.0,0.0,0.93642857,0.80952381,0.80952381,0.9047619,0.95238095,1.0,0,0,0,0,1
kendall_n7,synthetic,7,ea_elitist,38,200,200,49,1.0,1.0,0.0,0.95166667,0.76190476,0.76190476,1.0,1.0,1.0,0,0,1,1,1
kendall_n7,synthetic,7,ea_elitist,39,200,200,135,1.0,1.0,0.0,0.88785714,0.61904762,0.61904762,0.80952381,0.95238095,1.0,0,0,0,0,1
kendall_n7,synthetic,7,ea_aging,0,200,200,79,1.0,1.0,0.0,0.94119048,0.85714286,0.85714286,0.85714286,1.0,1.0,0,0,0,1,1
kendall_n7,synthetic,7,ea_aging,1,200,200,75,1.0,1.0,0.0,0.96047619,0.85714286,0.85714286,0.95238095,1.0,1.0,0,0,0,1,1
kendall_n7,synthetic,7,ea_aging,2,200,200,155,1.0,1.0,0.0,0.88928571,0.76190476,0.76190476,0.80952381,0.9047619,1.0,0,0,0,0,1
kendall_n7,synthetic,7,ea_aging,3,200,200,,0.9047619,1.0,0.0952381,0.84571429,0.71428571,0.80952381,0.80952381,0.9047619,0.9047619,0,0,0,0,0
kendall_n7,synthetic,7,ea_aging,4,200,200,196,1.0,1.0,0.0,0.90928571,0.80952381,0.85714286,0.85714286,0.9047619,1.0,0,0,0,0,1
kendall_n7,synthetic,7,ea_aging,5,200,200,115,1.0,1.0,0.0,0.96190476,0.9047619,0.95238095,0.95238095,0.95238095,1.0,0,0,0,0,1
kendall_n7,synthetic,7,ea_aging,6,200,200,,0.95238095,1.0,0.04761905,0.85357143,0.71428571,0.71428571,0.80952381,0.85714286,0.95238095,0,0,0,0,0
kendall_n7,synthetic,7,ea_aging,7,200,200,91,1.0,1.0,0.0,0.95357143,0.9047619,0.9047619,0.9047619,1.0,1.0,0,0,0,1,1
kendall_n7,synthetic,7,ea_aging,8,200,200,124,1.0,1.0,0.0,0.86738095,0.61904762,0.66666667,0.76190476,0.9047619,1.0,0,0,0,0,1
kendall_n7,synthetic,7,ea_aging,9,200,200,172,1.0,1.0,0.0,0.93547619,0.85714286,0.85714286,0.95238095,0.95238095,1.0,0,0,0,0,1
kendall_n7,synthetic,7,ea_aging,10,200,200,,0.9047619,1.0,0.0952381,0.84642857,0.61904762,0.80952381,0.80952381,0.9047619,0.9047619,0,0,0,0,0
kendall_n7,synthetic,7,ea_aging,11,200,200,,0.95238095,1.0,0.04761905,0.88595238,0.71428571,0.71428571,0.80952381,0.95238095,0.95238095,0,0,0,0,0
kendall_n7,synthetic,7,ea_aging,12,200,200,121,1.0,1.0,0.0,0.9102381,0.85714286,0.85714286,0.85714286,0.9047619,1.0,0,0,0,0,1
kendall_n7,synthetic,7,ea_aging,13,200,200,,0.95238095,1.0,0.04761905,0.86952381,0.66666667,0.71428571,0.76190476,0.9047619,0.95238095,0,0,0,0,0
kendall_n7,synthetic,7,ea_aging,14,200,200,,0.9047619,1.0,0.0952381,0.87666667,0.80952381,0.80952381,0.85714286,0.9047619,0.9047619,0,0,0,0,0
kendall_n7,synthetic,7,ea_aging,15,200,200,,0.95238095,1.0,0.04761905,0.90880952,0.71428571,0.85714286,0.85714286,0.95238095,0.95238095,0,0,0,0,0
kendall_n7,synthetic,7,ea_aging,16,200,200,,0.95238095,1.0,0.04761905,0.88,0.66666667,0.71428571,0.85714286,0.95238095,0.95238095,0,0,0,0,0
kendall_n7,synthetic,7,ea_aging,17,200,200,,0.95238095,1.0,0.04761905,0.91095238,0.76190476,0.85714286,0.9047619,0.95238095,0.95238095,0,0,0,0,0
kendall_n7,synthetic,7,ea_aging,18,200,200,102,1.0,1.0,0.0,0.95119048,0.85714286,0.85714286,0.95238095,0.95238095,1.0,0,0,0,0,1
kendall_n7,synthetic,7,ea_aging,19,200,200,,0.95238095,1.0,0.04761905,0.88880952,0.71428571,0.9047619,0.9047619,0.9047619,0.95238095,0,0,0,0,0
kendall_n7,synthetic,7,ea_aging,20,200,200,182,1.0,1.0,0.0,0.89428571,0.71428571,0.71428571,0.80952381,0.95238095,1.0,0,0,0,0,1
kendall_n7,synthetic,7,ea_aging,21,200,200,,0.95238095,1.0,0.04761905,0.90785714,0.85714286,0.85714286,0.85714286,0.95238095,0.95238095,0,0,0,0,0
kendall_n7,synthetic,7,ea_aging,22,200,200,112,1.0,1.0,0.0,0.885,0.61904762,0.71428571,0.85714286,0.9047619,1.0,0,0,0,0,1
kendall_n7,synthetic,7,ea_aging,23,200,200,,0.95238095,1.0,0.04761905,0.85452381,0.66666667,0.80952381,0.80952381,0.9047619,0.95238095,0,0,0,0,0
kendall_n7,synthetic,7,ea_aging,24,200,200,44,1.0,1.0,0.0,0.96619048,0.9047619,0.9047619,1.0,1.0,1.0,0,0,1,1,1
kendall_n7,synthetic,7,ea_aging,25,200,200,50,1.0,1.0,0.0,0.955,0.71428571,0.85714286,1.0,1.0,1.0,0,0,1,1,1
kendall_n7,synthetic,7,ea_aging,26,200,200,115,1.0,1.0,0.0,0.90904762,0.71428571,0.85714286,0.85714286,0.9047619,1.0,0,0,0,0,1
kendall_n7,synthetic,7,ea_aging,27,200,200,105,1.0,1.0,0.0,0.92190476,0.80952381,0.80952381,0.80952381,0.9047619,1.0,0,0,0,0,1
kendall_n7,synthetic,7,ea_aging,28,200,200,,0.95238095,1.0,0.04761905,0.91928571,0.66666667,0.9047619,0.9047619,0.95238095,0.95238095,0,0,0,0,0
kendall_n7,synthetic,7,ea_aging,29,200,200,37,1.0,1.0,0.0,0.9597619,0.85714286,0.85714286,1.0,1.0,1.0,0,0,1,1,1
kendall_n7,synthetic,7,ea_aging,30,200,200,,0.95238095,1.0,0.04761905,0.87333333,0.61904762,0.85714286,0.85714286,0.9047619,0.95238095,0,0,0,0,0
kendall_n7,synthetic,7,ea_aging,31,200,200,84,1.0,1.0,0.0,0.90595238,0.66666667,0.76190476,0.80952381,1.0,1.0,0,0,0,1,1
kendall_n7,synthetic,7,ea_aging,32,200,200,165,1.0,1.0,0.0,0.82547619,0.57142857,0.66666667,0.76190476,0.85714286,1.0,0,0,0,0,1
kendall_n7,synthetic,7,ea_aging,33,200,200,,0.95238095,1.0,0.04761905,0.92904762,0.85714286,0.9047619,0.95238095,0.95238095,0.95238095,0,0,0,0,0
kendall_n7,synthetic,7,ea_aging,34,200,200,,0.95238095,1.0,0.04761905,0.89642857,0.66666667,0.71428571,0.9047619,0.95238095,0.95238095,0,0,0,0,0
kendall_n7,synthetic,7,ea_aging,35,200,200,50,1.0,1.0,0.0,0.97214286,0.85714286,0.9047619,1.0,1.0,1.0,0,0,1,1,1
kendall_n7,synthetic,7,ea_aging,36,200,200,137,1.0,1.0,0.0,0.93166667,0.80952381,0.80952381,0.85714286,0.95238095,1.0,0,0,0,0,1
kendall_n7,synthetic,7,ea_aging,37,200,200,192,1.0,1.0,0.0,0.90380952,0.80952381,0.80952381,0.85714286,0.95238095,1.0,0,0,0,0,1
kendall_n7,synthetic,7,ea_aging,38,200,200,166,1.0,1.0,0.0,0.93809524,0.76190476,0.9047619,0.95238095,0.95238095,1.0,0,0,0,0,1
kendall_n7,synthetic,7,ea_aging,39,200,200,,0.95238095,1.0,0.04761905,0.86642857,0.61904762,0.61904762,0.76190476,0.95238095,0.95238095,0,0,0,0,0
kendall_n7,synthetic,7,ea_portfolio,0,200,200,91,1.0,1.0,0.0,0.94833333,0.85714286,0.85714286,0.9047619,1.0,1.0,0,0,0,1,1
kendall_n7,synthetic,7,ea_portfolio,1,200,200,107,1.0,1.0,0.0,0.94928571,0.85714286,0.9047619,0.9047619,0.95238095,1.0,0,0,0,0,1
kendall_n7,synthetic,7,ea_portfolio,2,200,200,130,1.0,1.0,0.0,0.90880952,0.76190476,0.76190476,0.85714286,0.95238095,1.0,0,0,0,0,1
kendall_n7,synthetic,7,ea_portfolio,3,200,200,141,1.0,1.0,0.0,0.89833333,0.71428571,0.80952381,0.80952381,0.9047619,1.0,0,0,0,0,1
kendall_n7,synthetic,7,ea_portfolio,4,200,200,89,1.0,1.0,0.0,0.95261905,0.80952381,0.85714286,0.9047619,1.0,1.0,0,0,0,1,1
kendall_n7,synthetic,7,ea_portfolio,5,200,200,150,1.0,1.0,0.0,0.93904762,0.9047619,0.9047619,0.9047619,0.95238095,1.0,0,0,0,0,1
kendall_n7,synthetic,7,ea_portfolio,6,200,200,125,1.0,1.0,0.0,0.90904762,0.71428571,0.71428571,0.9047619,0.95238095,1.0,0,0,0,0,1
kendall_n7,synthetic,7,ea_portfolio,7,200,200,163,1.0,1.0,0.0,0.93785714,0.9047619,0.9047619,0.9047619,0.95238095,1.0,0,0,0,0,1
kendall_n7,synthetic,7,ea_portfolio,8,200,200,85,1.0,1.0,0.0,0.89309524,0.61904762,0.66666667,0.80952381,1.0,1.0,0,0,0,1,1
kendall_n7,synthetic,7,ea_portfolio,9,200,200,61,1.0,1.0,0.0,0.96595238,0.85714286,0.85714286,0.95238095,1.0,1.0,0,0,0,1,1
kendall_n7,synthetic,7,ea_portfolio,10,200,200,134,1.0,1.0,0.0,0.89261905,0.61904762,0.80952381,0.80952381,0.95238095,1.0,0,0,0,0,1
kendall_n7,synthetic,7,ea_portfolio,11,200,200,82,1.0,1.0,0.0,0.93357143,0.71428571,0.76190476,0.9047619,1.0,1.0,0,0,0,1,1
kendall_n7,synthetic,7,ea_portfolio,12,200,200,105,1.0,1.0,0.0,0.93785714,0.85714286,0.85714286,0.9047619,0.95238095,1.0,0,0,0,0,1
kendall_n7,synthetic,7,ea_portfolio,13,200,200,86,1.0,1.0,0.0,0.91642857,0.66666667,0.71428571,0.85714286,1.0,1.0,0,0,0,1,1
kendall_n7,synthetic,7,ea_portfolio,14,200,200,76,1.0,1.0,0.0,0.95047619,0.80952381,0.80952381,0.95238095,1.0,1.0,0,0,0,1,1
kendall_n7,synthetic,7,ea_portfolio,15,200,200,127,1.0,1.0,0.0,0.92904762,0.71428571,0.85714286,0.85714286,0.95238095,1.0,0,0,0,0,1
kendall_n7,synthetic,7,ea_portfolio,16,200,200,106,1.0,1.0,0.0,0.87571429,0.66666667,0.66666667,0.76190476,0.95238095,1.0,0,0,0,0,1
kendall_n7,synthetic,7,ea_portfolio,17,200,200,95,1.0,1.0,0.0,0.94619048,0.76190476,0.85714286,0.95238095,1.0,1.0,0,0,0,1,1
kendall_n7,synthetic,7,ea_portfolio,18,200,200,125,1.0,1.0,0.0,0.9252381,0.85714286,0.85714286,0.85714286,0.95238095,1.0,0,0,0,0,1
kendall_n7,synthetic,7,ea_portfolio,19,200,200,38,1.0,1.0,0.0,0.95904762,0.71428571,0.9047619,1.0,1.0,1.0,0,0,1,1,1
kendall_n7,synthetic,7,ea_portfolio,20,200,200,126,1.0,1.0,0.0,0.89833333,0.71428571,0.71428571,0.80952381,0.95238095,1.0,0,0,0,0,1
kendall_n7,synthetic,7,ea_portfolio,21,200,200,117,1.0,1.0,0.0,0.93666667,0.85714286,0.85714286,0.85714286,0.95238095,1.0,0,0,0,0,1
kendall_n7,synthetic,7,ea_portfolio,22,200,200,112,1.0,1.0,0.0,0.89404762,0.61904762,0.61904762,0.85714286,0.95238095,1.0,0,0,0,0,1
kendall_n7,synthetic,7,ea_portfolio,23,200,200,174,1.0,1.0,0.0,0.88619048,0.66666667,0.80952381,0.85714286,0.9047619,1.0,0,0,0,0,1
kendall_n7,synthetic,7,ea_portfolio,24,200,200,80,1.0,1.0,0.0,0.95428571,0.9047619,0.9047619,0.9047619,1.0,1.0,0,0,0,1,1
kendall_n7,synthetic,7,ea_portfolio,25,200,200,139,1.0,1.0,0.0,0.91904762,0.71428571,0.85714286,0.9047619,0.95238095,1.0,0,0,0,0,1
kendall_n7,synthetic,7,ea_portfolio,26,200,200,108,1.0,1.0,0.0,0.9252381,0.71428571,0.85714286,0.9047619,0.95238095,1.0,0,0,0,0,1
kendall_n7,synthetic,7,ea_portfolio,27,200,200,106,1.0,1.0,0.0,0.93857143,0.80952381,0.80952381,0.9047619,0.95238095,1.0,0,0,0,0,1
kendall_n7,synthetic,7,ea_portfolio,28,200,200,85,1.0,1.0,0.0,0.9502381,0.66666667,0.9047619,0.95238095,1.0,1.0,0,0,0,1,1
kendall_n7,synthetic,7,ea_portfolio,29,200,200,107,1.0,1.0,0.0,0.92571429,0.85714286,0.85714286,0.85714286,0.95238095,1.0,0,0,0,0,1
kendall_n7,synthetic,7,ea_portfolio,30,200,200,141,1.0,1.0,0.0,0.89452381,0.61904762,0.71428571,0.85714286,0.95238095,1.0,0,0,0,0,1
kendall_n7,synthetic,7,ea_portfolio,31,200,200,157,1.0,1.0,0.0,0.88309524,0.66666667,0.71428571,0.9047619,0.9047619,1.0,0,0,0,0,1
kendall_n7,synthetic,7,ea_portfolio,32,200,200,112,1.0,1.0,0.0,0.87285714,0.57142857,0.66666667,0.71428571,0.95238095,1.0,0,0,0,0,1
kendall_n7,synthetic,7,ea_portfolio,33,200,200,88,1.0,1.0,0.0,0.95071429,0.85714286,0.85714286,0.9047619,1.0,1.0,0,0,0,1,1
kendall_n7,synthetic,7,ea_portfolio,34,200,200,132,1.0,1.0,0.0,0.905,0.66666667,0.80952381,0.85714286,0.95238095,1.0,0,0,0,0,1
kendall_n7,synthetic,7,ea_portfolio,35,200,200,102,1.0,1.0,0.0,0.95928571,0.85714286,0.9047619,0.95238095,0.95238095,1.0,0,0,0,0,1
kendall_n7,synthetic,7,ea_portfolio,36,200,200,87,1.0,1.0,0.0,0.94452381,0.80952381,0.80952381,0.9047619,1.0,1.0,0,0,0,1,1
kendall_n7,synthetic,7,ea_portfolio,37,200,200,72,1.0,1.0,0.0,0.94428571,0.80952381,0.80952381,0.95238095,1.0,1.0,0,0,0,1,1
kendall_n7,synthetic,7,ea_portfolio,38,200,200,108,1.0,1.0,0.0,0.94809524,0.76190476,0.9047619,0.95238095,0.95238095,1.0,0,0,0,0,1
kendall_n7,synthetic,7,ea_portfolio,39,200,200,132,1.0,1.0,0.0,0.90071429,0.61904762,0.61904762,0.9047619,0.95238095,1.0,0,0,0,0,1
kendall_n7,synthetic,7,surrogate_positional,0,200,200,,0.95238095,1.0,0.04761905,0.93,0.85714286,0.85714286,0.95238095,0.95238095,0.95238095,0,0,0,0,0
kendall_n7,synthetic,7,surrogate_positional,1,200,200,,0.95238095,1.0,0.04761905,0.94309524,0.95238095,0.95238095,0.95238095,0.95238095,0.95238095,0,0,0,0,0
kendall_n7,synthetic,7,surrogate_positional,2,200,200,,0.95238095,1.0,0.04761905,0.90285714,0.80952381,0.85714286,0.9047619,0.9047619,0.95238095,0,0,0,0,0
kendall_n7,synthetic,7,surrogate_positional,3,200,200,,0.95238095,1.0,0.04761905,0.89595238,0.71428571,0.80952381,0.85714286,0.95238095,0.95238095,0,0,0,0,0
kendall_n7,synthetic,7,surrogate_positional,4,200,200,13,1.0,1.0,0.0,0.98880952,1.0,1.0,1.0,1.0,1.0,1,1,1,1,1
kendall_n7,synthetic,7,surrogate_positional,5,200,200,17,1.0,1.0,0.0,0.98761905,0.95238095,1.0,1.0,1.0,1.0,0,1,1,1,1
kendall_n7,synthetic,7,surrogate_positional,6,200,200,95,1.0,1.0,0.0,0.95428571,0.76190476,0.9047619,0.95238095,1.0,1.0,0,0,0,1,1
kendall_n7,synthetic,7,surrogate_positional,7,200,200,23,1.0,1.0,0.0,0.98119048,0.9047619,1.0,1.0,1.0,1.0,0,1,1,1,1
kendall_n7,synthetic,7,surrogate_positional,8,200,200,,0.9047619,1.0,0.0952381,0.85190476,0.57142857,0.80952381,0.80952381,0.9047619,0.9047619,0,0,0,0,0
kendall_n7,synthetic,7,surrogate_positional,9,200,200,46,1.0,1.0,0.0,0.9702381,0.9047619,0.9047619,1.0,1.0,1.0,0,0,1,1,1
kendall_n7,synthetic,7,surrogate_positional,10,200,200,,0.95238095,1.0,0.04761905,0.86714286,0.71428571,0.76190476,0.9047619,0.9047619,0.95238095,0,0,0,0,0
kendall_n7,synthetic,7,surrogate_positional,11,200,200,91,1.0,1.0,0.0,0.95404762,0.80952381,0.95238095,0.95238095,1.0,1.0,0,0,0,1,1
kendall_n7,synthetic,7,surrogate_positional,12,200,200,33,1.0,1.0,0.0,0.96666667,0.85714286,0.85714286,1.0,1.0,1.0,0,0,1,1,1
kendall_n7,synthetic,7,surrogate_positional,13,200,200,,0.95238095,1.0,0.04761905,0.92428571,0.85714286,0.85714286,0.95238095,0.95238095,0.95238095,0,0,0,0,0
kendall_n7,synthetic,7,surrogate_positional,14,200,200,110,1.0,1.0,0.0,0.95547619,0.80952381,0.95238095,0.95238095,0.95238095,1.0,0,0,0,0,1
kendall_n7,synthetic,7,surrogate_positional,15,200,200,,0.95238095,1.0,0.04761905,0.91666667,0.80952381,0.85714286,0.9047619,0.95238095,0.95238095,0,0,0,0,0
kendall_n7,synthetic,7,surrogate_positional,16,200,200,33,1.0,1.0,0.0,0.94714286,0.66666667,0.80952381,1.0,1.0,1.0,0,0,1,1,1
kendall_n7,synthetic,7,surrogate_positional,17,200,200,,0.95238095,1.0,0.04761905,0.92714286,0.9047619,0.9047619,0.9047619,0.95238095,0.95238095,0,0,0,0,0
kendall_n7,synthetic,7,surrogate_positional,18,200,200,,0.95238095,1.0,0.04761905,0.9052381,0.76190476,0.76190476,0.9047619,0.95238095,0.95238095,0,0,0,0,0
kendall_n7,synthetic,7,surrogate_positional,19,200,200,106,1.0,1.0,0.0,0.93714286,0.80952381,0.85714286,0.9047619,0.95238095,1.0,0,0,0,0,1
kendall_n7,synthetic,7,surrogate_positional,20,200,200,117,1.0,1.0,0.0,0.94285714,0.71428571,0.9047619,0.95238095,0.95238095,1.0,0,0,0,0,1
kendall_n7,synthetic,7,surrogate_positional,21,200,200,40,1.0,1.0,0.0,0.97642857,0.9047619,0.95238095,1.0,1.0,1.0,0,0,1,1,1
kendall_n7,synthetic,7,surrogate_positional,22,200,200,,0.95238095,1.0,0.04761905,0.88119048,0.61904762,0.71428571,0.85714286,0.95238095,0.95238095,0,0,0,0,0
kendall_n7,synthetic,7,surrogate_positional,23,200,200,,0.95238095,1.0,0.04761905,0.895,0.76190476,0.80952381,0.9047619,0.9047619,0.95238095,0,0,0,0,0
kendall_n7,synthetic,7,surrogate_positional,24,200,200,196,1.0,1.0,0.0,0.93190476,0.76190476,0.95238095,0.95238095,0.95238095,1.0,0,0,0,0,1
kendall_n7,synthetic,7,surrogate_positional,25,200,200,94,1.0,1.0,0.0,0.96,0.9047619,0.95238095,0.95238095,1.0,1.0,0,0,0,1,1
kendall_n7,synthetic,7,surrogate_positional,26,200,200,,0.95238095,1.0,0.04761905,0.87642857,0.66666667,0.85714286,0.85714286,0.9047619,0.95238095,0,0,0,0,0
kendall_n7,synthetic,7,surrogate_positional,27,200,200,62,1.0,1.0,0.0,0.96880952,0.85714286,0.9047619,0.95238095,1.0,1.0,0,0,0,1,1
kendall_n7,synthetic,7,surrogate_positional,28,200,200,,0.95238095,1.0,0.04761905,0.9302381,0.80952381,0.95238095,0.95238095,0.95238095,0.95238095,0,0,0,0,0
kendall_n7,synthetic,7,surrogate_positional,29,200,200,,0.95238095,1.0,0.04761905,0.89595238,0.76190476,0.80952381,0.85714286,0.9047619,0.95238095,0,0,0,0,0
kendall_n7,synthetic,7,surrogate_positional,30,200,200,,0.95238095,1.0,0.04761905,0.92190476,0.71428571,0.95238095,0.95238095,0.95238095,0.95238095,0,0,0,0,0
kendall_n7,synthetic,7,surrogate_positional,31,200,200,59,1.0,1.0,0.0,0.9597619,0.85714286,0.9047619,0.95238095,1.0,1.0,0,0,0,1,1
kendall_n7,synthetic,7,surrogate_positional,32,200,200,,0.9047619,1.0,0.0952381,0.82380952,0.61904762,0.76190476,0.80952381,0.85714286,0.9047619,0,0,0,0,0
kendall_n7,synthetic,7,surrogate_positional,33,200,200,20,1.0,1.0,0.0,0.98238095,0.95238095,1.0,1.0,1.0,1.0,0,1,1,1,1
kendall_n7,synthetic,7,surrogate_positional,34,200,200,43,1.0,1.0,0.0,0.96857143,0.9047619,0.95238095,1.0,1.0,1.0,0,0,1,1,1
kendall_n7,synthetic,7,surrogate_positional,35,200,200,27,1.0,1.0,0.0,0.98547619,0.95238095,0.95238095,1.0,1.0,1.0,0,0,1,1,1
kendall_n7,synthetic,7,surrogate_positional,36,200,200,26,1.0,1.0,0.0,0.98309524,0.9047619,0.95238095,1.0,1.0,1.0,0,0,1,1,1
kendall_n7,synthetic,7,surrogate_positional,37,200,200,29,1.0,1.0,0.0,0.97309524,0.76190476,0.95238095,1.0,1.0,1.0,0,0,1,1,1
kendall_n7,synthetic,7,surrogate_positional,38,200,200,23,1.0,1.0,0.0,0.97714286,0.80952381,1.0,1.0,1.0,1.0,0,1,1,1,1
kendall_n7,synthetic,7,surrogate_positional,39,200,200,,0.9047619,1.0,0.0952381,0.84714286,0.66666667,0.76190476,0.85714286,0.85714286,0.9047619,0,0,0,0,0
kendall_n7,synthetic,7,surrogate_precedence,0,200,200,12,1.0,1.0,0.0,0.98357143,1.0,1.0,1.0,1.0,1.0,1,1,1,1,1
kendall_n7,synthetic,7,surrogate_precedence,1,200,200,14,1.0,1.0,0.0,0.98809524,1.0,1.0,1.0,1.0,1.0,1,1,1,1,1
kendall_n7,synthetic,7,surrogate_precedence,2,200,200,16,1.0,1.0,0.0,0.9797619,0.95238095,1.0,1.0,1.0,1.0,0,1,1,1,1
kendall_n7,synthetic,7,surrogate_precedence,3,200,200,14,1.0,1.0,0.0,0.97738095,1.0,1.0,1.0,1.0,1.0,1,1,1,1,1
kendall_n7,synthetic,7,surrogate_precedence,4,200,200,15,1.0,1.0,0.0,0.98809524,1.0,1.0,1.0,1.0,1.0,1,1,1,1,1
kendall_n7,synthetic,7,surrogate_precedence,5,200,200,12,1.0,1.0,0.0,0.98952381,1.0,1.0,1.0,1.0,1.0,1,1,1,1,1
kendall_n7,synthetic,7,surrogate_precedence,6,200,200,16,1.0,1.0,0.0,0.98071429,0.95238095,1.0,1.0,1.0,1.0,0,1,1,1,1
kendall_n7,synthetic,7,surrogate_precedence,7,200,200,12,1.0,1.0,0.0,0.98571429,1.0,1.0,1.0,1.0,1.0,1,1,1,1,1
kendall_n7,synthetic,7,surrogate_precedence,8,200,200,13,1.0,1.0,0.0,0.97642857,1.0,1.0,1.0,1.0,1.0,1,1,1,1,1
kendall_n7,synthetic,7,surrogate_precedence,9,200,200,12,1.0,1.0,0.0,0.98642857,1.0,1.0,1.0,1.0,1.0,1,1,1,1,1
kendall_n7,synthetic,7,surrogate_precedence,10,200,200,15,1.0,1.0,0.0,0.9752381,1.0,1.0,1.0,1.0,1.0,1,1,1,1,1
kendall_n7,synthetic,7,surrogate_precedence,11,200,200,13,1.0,1.0,0.0,0.98190476,1.0,1.0,1.0,1.0,1.0,1,1,1,1,1
kendall_n7,synthetic,7,surrogate_precedence,12,200,200,14,1.0,1.0,0.0,0.98047619,1.0,1.0,1.0,1.0,1.0,1,1,1,1,1
kendall_n7,synthetic,7,surrogate_precedence,13,200,200,17,1.0,1.0,0.0,0.98071429,0.95238095,1.0,1.0,1.0,1.0,0,1,1,1,1
kendall_n7,synthetic,7,surrogate_precedence,14,200,200,12,1.0,1.0,0.0,0.98666667,1.0,1.0,1.0,1.0,1.0,1,1,1,1,1
kendall_n7,synthetic,7,surrogate_precedence,15,200,200,15,1.0,1.0,0.0,0.98214286,1.0,1.0,1.0,1.0,1.0,1,1,1,1,1
kendall_n7,synthetic,7,surrogate_precedence,16,200,200,19,1.0,1.0,0.0,0.97095238,0.9047619,1.0,1.0,1.0,1.0,0,1,1,1,1
kendall_n7,synthetic,7,surrogate_precedence,17,200,200,15,1.0,1.0,0.0,0.98595238,1.0,1.0,1.0,1.0,1.0,1,1,1,1,1
kendall_n7,synthetic,7,surrogate_precedence,18,200,200,15,1.0,1.0,0.0,0.98285714,1.0,1.0,1.0,1.0,1.0,1,1,1,1,1
kendall_n7,synthetic,7,surrogate_precedence,19,200,200,18,1.0,1.0,0.0,0.97666667,0.95238095,1.0,1.0,1.0,1.0,0,1,1,1,1
kendall_n7,synthetic,7,surrogate_precedence,20,200,200,15,1.0,1.0,0.0,0.97785714,1.0,1.0,1.0,1.0,1.0,1,1,1,1,1
kendall_n7,synthetic,7,surrogate_precedence,21,200,200,15,1.0,1.0,0.0,0.9852381,1.0,1.0,1.0,1.0,1.0,1,1,1,1,1
kendall_n7,synthetic,7,surrogate_precedence,22,200,200,18,1.0,1.0,0.0,0.97119048,0.9047619,1.0,1.0,1.0,1.0,0,1,1,1,1
kendall_n7,synthetic,7,surrogate_precedence,23,200,200,19,1.0,1.0,0.0,0.9752381,0.9047619,1.0,1.0,1.0,1.0,0,1,1,1,1
kendall_n7,synthetic,7,surrogate_precedence,24,200,200,18,1.0,1.0,0.0,0.97857143,0.9047619,1.0,1.0,1.0,1.0,0,1,1,1,1
kendall_n7,synthetic,7,surrogate_precedence,25,200,200,12,1.0,1.0,0.0,0.98333333,1.0,1.0,1.0,1.0,1.0,1,1,1,1,1
kendall_n7,synthetic,7,surrogate_precedence,26,200,200,13,1.0,1.0,0.0,0.97785714,1.0,1.0,1.0,1.0,1.0,1,1,1,1,1
kendall_n7,synthetic,7,surrogate_precedence,27,200,200,15,1.0,1.0,0.0,0.98880952,1.0,1.0,1.0,1.0,1.0,1,1,1,1,1
kendall_n7,synthetic,7,surrogate_precedence,28,200,200,15,1.0,1.0,0.0,0.9797619,1.0,1.0,1.0,1.0,1.0,1,1,1,1,1
kendall_n7,synthetic,7,surrogate_precedence,29,200,200,15,1.0,1.0,0.0,0.97809524,1.0,1.0,1.0,1.0,1.0,1,1,1,1,1
kendall_n7,synthetic,7,surrogate_precedence,30,200,200,14,1.0,1.0,0.0,0.97404762,1.0,1.0,1.0,1.0,1.0,1,1,1,1,1
kendall_n7,synthetic,7,surrogate_precedence,31,200,200,17,1.0,1.0,0.0,0.9752381,0.9047619,1.0,1.0,1.0,1.0,0,1,1,1,1
kendall_n7,synthetic,7,surrogate_precedence,32,200,200,20,1.0,1.0,0.0,0.96404762,0.76190476,1.0,1.0,1.0,1.0,0,1,1,1,1
kendall_n7,synthetic,7,surrogate_precedence,33,200,200,15,1.0,1.0,0.0,0.98357143,1.0,1.0,1.0,1.0,1.0,1,1,1,1,1
kendall_n7,synthetic,7,surrogate_precedence,34,200,200,13,1.0,1.0,0.0,0.97880952,1.0,1.0,1.0,1.0,1.0,1,1,1,1,1
kendall_n7,synthetic,7,surrogate_precedence,35,200,200,13,1.0,1.0,0.0,0.9897619,1.0,1.0,1.0,1.0,1.0,1,1,1,1,1
kendall_n7,synthetic,7,surrogate_precedence,36,200,200,15,1.0,1.0,0.0,0.98857143,1.0,1.0,1.0,1.0,1.0,1,1,1,1,1
kendall_n7,synthetic,7,surrogate_precedence,37,200,200,15,1.0,1.0,0.0,0.985,1.0,1.0,1.0,1.0,1.0,1,1,1,1,1
kendall_n7,synthetic,7,surrogate_precedence,38,200,200,15,1.0,1.0,0.0,0.985,1.0,1.0,1.0,1.0,1.0,1,1,1,1,1
kendall_n7,synthetic,7,surrogate_precedence,39,200,200,14,1.0,1.0,0.0,0.97642857,1.0,1.0,1.0,1.0,1.0,1,1,1,1,1
kendall_n7,synthetic,7,eda_precedence,0,200,200,181,1.0,1.0,0.0,0.93761905,0.85714286,0.95238095,0.95238095,0.95238095,1.0,0,0,0,0,1
kendall_n7,synthetic,7,eda_precedence,1,200,200,26,1.0,1.0,0.0,0.98,0.85714286,0.9047619,1.0,1.0,1.0,0,0,1,1,1
kendall_n7,synthetic,7,eda_precedence,2,200,200,53,1.0,1.0,0.0,0.96571429,0.80952381,0.9047619,0.95238095,1.0,1.0,0,0,0,1,1
kendall_n7,synthetic,7,eda_precedence,3,200,200,,0.95238095,1.0,0.04761905,0.85380952,0.71428571,0.85714286,0.85714286,0.85714286,0.95238095,0,0,0,0,0
kendall_n7,synthetic,7,eda_precedence,4,200,200,46,1.0,1.0,0.0,0.97571429,0.85714286,0.9047619,1.0,1.0,1.0,0,0,1,1,1
kendall_n7,synthetic,7,eda_precedence,5,200,200,15,1.0,1.0,0.0,0.98833333,1.0,1.0,1.0,1.0,1.0,1,1,1,1,1
kendall_n7,synthetic,7,eda_precedence,6,200,200,69,1.0,1.0,0.0,0.95333333,0.76190476,0.80952381,0.95238095,1.0,1.0,0,0,0,1,1
kendall_n7,synthetic,7,eda_precedence,7,200,200,53,1.0,1.0,0.0,0.97190476,0.9047619,0.9047619,0.95238095,1.0,1.0,0,0,0,1,1
kendall_n7,synthetic,7,eda_precedence,8,200,200,,0.9047619,1.0,0.0952381,0.84857143,0.71428571,0.71428571,0.9047619,0.9047619,0.9047619,0,0,0,0,0
kendall_n7,synthetic,7,eda_precedence,9,200,200,35,1.0,1.0,0.0,0.97690476,0.85714286,0.95238095,1.0,1.0,1.0,0,0,1,1,1
kendall_n7,synthetic,7,eda_precedence,10,200,200,174,1.0,1.0,0.0,0.88904762,0.76190476,0.85714286,0.85714286,0.95238095,1.0,0,0,0,0,1
kendall_n7,synthetic,7,eda_precedence,11,200,200,,0.95238095,1.0,0.04761905,0.88928571,0.71428571,0.71428571,0.85714286,0.95238095,0.95238095,0,0,0,0,0
kendall_n7,synthetic,7,eda_precedence,12,200,200,25,1.0,1.0,0.0,0.97333333,0.85714286,1.0,1.0,1.0,1.0,0,1,1,1,1
kendall_n7,synthetic,7,eda_precedence,13,200,200,67,1.0,1.0,0.0,0.94238095,0.76190476,0.80952381,0.9047619,1.0,1.0,0,0,0,1,1
kendall_n7,synthetic,7,eda_precedence,14,200,200,85,1.0,1.0,0.0,0.95333333,0.80952381,0.85714286,0.9047619,1.0,1.0,0,0,0,1,1
kendall_n7,synthetic,7,eda_precedence,15,200,200,,0.95238095,1.0,0.04761905,0.92238095,0.76190476,0.9047619,0.95238095,0.95238095,0.95238095,0,0,0,0,0
kendall_n7,synthetic,7,eda_precedence,16,200,200,168,1.0,1.0,0.0,0.87238095,0.71428571,0.71428571,0.85714286,0.85714286,1.0,0,0,0,0,1
kendall_n7,synthetic,7,eda_precedence,17,200,200,81,1.0,1.0,0.0,0.96666667,0.80952381,0.95238095,0.95238095,1.0,1.0,0,0,0,1,1
kendall_n7,synthetic,7,eda_precedence,18,200,200,66,1.0,1.0,0.0,0.9547619,0.76190476,0.9047619,0.9047619,1.0,1.0,0,0,0,1,1
kendall_n7,synthetic,7,eda_precedence,19,200,200,,0.95238095,1.0,0.04761905,0.89738095,0.61904762,0.9047619,0.9047619,0.95238095,0.95238095,0,0,0,0,0
kendall_n7,synthetic,7,eda_precedence,20,200,200,175,1.0,1.0,0.0,0.92642857,0.80952381,0.85714286,0.95238095,0.95238095,1.0,0,0,0,0,1
kendall_n7,synthetic,7,eda_precedence,21,200,200,43,1.0,1.0,0.0,0.97047619,0.85714286,0.9047619,1.0,1.0,1.0,0,0,1,1,1
kendall_n7,synthetic,7,eda_precedence,22,200,200,,0.95238095,1.0,0.04761905,0.83047619,0.61904762,0.71428571,0.76190476,0.85714286,0.95238095,0,0,0,0,0
kendall_n7,synthetic,7,eda_precedence,23,200,200,,0.95238095,1.0,0.04761905,0.91785714,0.76190476,0.80952381,0.95238095,0.95238095,0.95238095,0,0,0,0,0
kendall_n7,synthetic,7,eda_precedence,24,200,200,,0.95238095,1.0,0.04761905,0.87857143,0.71428571,0.71428571,0.76190476,0.9047619,0.95238095,0,0,0,0,0
kendall_n7,synthetic,7,eda_precedence,25,200,200,116,1.0,1.0,0.0,0.93880952,0.71428571,0.9047619,0.9047619,0.95238095,1.0,0,0,0,0,1
kendall_n7,synthetic,7,eda_precedence,26,200,200,,0.95238095,1.0,0.04761905,0.92190476,0.57142857,0.95238095,0.95238095,0.95238095,0.95238095,0,0,0,0,0
kendall_n7,synthetic,7,eda_precedence,27,200,200,,0.95238095,1.0,0.04761905,0.92119048,0.80952381,0.85714286,0.9047619,0.95238095,0.95238095,0,0,0,0,0
kendall_n7,synthetic,7,eda_precedence,28,200,200,51,1.0,1.0,0.0,0.96571429,0.9047619,0.9047619,0.95238095,1.0,1.0,0,0,0,1,1
kendall_n7,synthetic,7,eda_precedence,29,200,200,189,1.0,1.0,0.0,0.91333333,0.76190476,0.85714286,0.85714286,0.95238095,1.0,0,0,0,0,1
kendall_n7,synthetic,7,eda_precedence,30,200,200,194,1.0,1.0,0.0,0.89619048,0.71428571,0.80952381,0.85714286,0.95238095,1.0,0,0,0,0,1
kendall_n7,synthetic,7,eda_precedence,31,200,200,31,1.0,1.0,0.0,0.9602381,0.80952381,0.85714286,1.0,1.0,1.0,0,0,1,1,1
kendall_n7,synthetic,7,eda_precedence,32,200,200,,0.95238095,1.0,0.04761905,0.85309524,0.57142857,0.66666667,0.71428571,0.95238095,0.95238095,0,0,0,0,0
kendall_n7,synthetic,7,eda_precedence,33,200,200,43,1.0,1.0,0.0,0.9702381,0.85714286,0.9047619,1.0,1.0,1.0,0,0,1,1,1
kendall_n7,synthetic,7,eda_precedence,34,200,200,59,1.0,1.0,0.0,0.95214286,0.71428571,0.85714286,0.95238095,1.0,1.0,0,0,0,1,1
kendall_n7,synthetic,7,eda_precedence,35,200,200,,0.95238095,1.0,0.04761905,0.92214286,0.85714286,0.85714286,0.9047619,0.95238095,0.95238095,0,0,0,0,0
kendall_n7,synthetic,7,eda_precedence,36,200,200,57,1.0,1.0,0.0,0.95666667,0.85714286,0.85714286,0.85714286,1.0,1.0,0,0,0,1,1
kendall_n7,synthetic,7,eda_precedence,37,200,200,,0.95238095,1.0,0.04761905,0.92428571,0.76190476,0.9047619,0.95238095,0.95238095,0.95238095,0,0,0,0,0
kendall_n7,synthetic,7,eda_precedence,38,200,200,33,1.0,1.0,0.0,0.97547619,0.9047619,0.9047619,1.0,1.0,1.0,0,0,1,1,1
kendall_n7,synthetic,7,eda_precedence,39,200,200,,0.95238095,1.0,0.04761905,0.91309524,0.76190476,0.85714286,0.9047619,0.95238095,0.95238095,0,0,0,0,0
kendall_n7,synthetic,7,prism_protocol,0,200,200,138,1.0,1.0,0.0,0.91404762,0.80952381,0.80952381,0.85714286,0.95238095,1.0,0,0,0,0,1
kendall_n7,synthetic,7,prism_protocol,1,200,200,151,1.0,1.0,0.0,0.8747619,0.71428571,0.71428571,0.80952381,0.85714286,1.0,0,0,0,0,1
kendall_n7,synthetic,7,prism_protocol,2,200,200,,0.95238095,1.0,0.04761905,0.84142857,0.71428571,0.71428571,0.80952381,0.80952381,0.95238095,0,0,0,0,0
kendall_n7,synthetic,7,prism_protocol,3,200,200,182,1.0,1.0,0.0,0.87928571,0.71428571,0.71428571,0.85714286,0.9047619,1.0,0,0,0,0,1
kendall_n7,synthetic,7,prism_protocol,4,200,200,100,1.0,1.0,0.0,0.89380952,0.71428571,0.71428571,0.76190476,1.0,1.0,0,0,0,1,1
kendall_n7,synthetic,7,prism_protocol,5,200,200,146,1.0,1.0,0.0,0.89952381,0.80952381,0.80952381,0.80952381,0.95238095,1.0,0,0,0,0,1
kendall_n7,synthetic,7,prism_protocol,6,200,200,171,1.0,1.0,0.0,0.85833333,0.76190476,0.76190476,0.76190476,0.85714286,1.0,0,0,0,0,1
kendall_n7,synthetic,7,prism_protocol,7,200,200,110,1.0,1.0,0.0,0.93238095,0.85714286,0.85714286,0.85714286,0.95238095,1.0,0,0,0,0,1
kendall_n7,synthetic,7,prism_protocol,8,200,200,174,1.0,1.0,0.0,0.93642857,0.71428571,0.95238095,0.95238095,0.95238095,1.0,0,0,0,0,1
kendall_n7,synthetic,7,prism_protocol,9,200,200,114,1.0,1.0,0.0,0.90404762,0.76190476,0.76190476,0.85714286,0.9047619,1.0,0,0,0,0,1
kendall_n7,synthetic,7,prism_protocol,10,200,200,188,1.0,1.0,0.0,0.93095238,0.9047619,0.9047619,0.9047619,0.9047619,1.0,0,0,0,0,1
kendall_n7,synthetic,7,prism_protocol,11,200,200,,0.95238095,1.0,0.04761905,0.86190476,0.61904762,0.61904762,0.9047619,0.9047619,0.95238095,0,0,0,0,0
kendall_n7,synthetic,7,prism_protocol,12,200,200,123,1.0,1.0,0.0,0.92928571,0.85714286,0.85714286,0.9047619,0.9047619,1.0,0,0,0,0,1
kendall_n7,synthetic,7,prism_protocol,13,200,200,168,1.0,1.0,0.0,0.86809524,0.76190476,0.76190476,0.76190476,0.95238095,1.0,0,0,0,0,1
kendall_n7,synthetic,7,prism_protocol,14,200,200,,0.9047619,1.0,0.0952381,0.80785714,0.76190476,0.76190476,0.76190476,0.80952381,0.9047619,0,0,0,0,0
kendall_n7,synthetic,7,prism_protocol,15,200,200,163,1.0,1.0,0.0,0.93714286,0.76190476,0.95238095,0.95238095,0.95238095,1.0,0,0,0,0,1
kendall_n7,synthetic,7,prism_protocol,16,200,200,188,1.0,1.0,0.0,0.88928571,0.85714286,0.85714286,0.85714286,0.85714286,1.0,0,0,0,0,1
kendall_n7,synthetic,7,prism_protocol,17,200,200,164,1.0,1.0,0.0,0.85142857,0.71428571,0.71428571,0.71428571,0.85714286,1.0,0,0,0,0,1
kendall_n7,synthetic,7,prism_protocol,18,200,200,181,1.0,1.0,0.0,0.89880952,0.76190476,0.85714286,0.85714286,0.95238095,1.0,0,0,0,0,1
kendall_n7,synthetic,7,prism_protocol,19,200,200,151,1.0,1.0,0.0,0.86904762,0.66666667,0.80952381,0.80952381,0.85714286,1.0,0,0,0,0,1
kendall_n7,synthetic,7,prism_protocol,20,200,200,,0.95238095,1.0,0.04761905,0.87880952,0.85714286,0.85714286,0.85714286,0.9047619,0.95238095,0,0,0,0,0
kendall_n7,synthetic,7,prism_protocol,21,200,200,86,1.0,1.0,0.0,0.89571429,0.66666667,0.66666667,0.80952381,1.0,1.0,0,0,0,1,1
kendall_n7,synthetic,7,prism_protocol,22,200,200,,0.95238095,1.0,0.04761905,0.84547619,0.71428571,0.71428571,0.85714286,0.85714286,0.95238095,0,0,0,0,0
kendall_n7,synthetic,7,prism_protocol,23,200,200,193,1.0,1.0,0.0,0.87214286,0.71428571,0.85714286,0.85714286,0.85714286,1.0,0,0,0,0,1
kendall_n7,synthetic,7,prism_protocol,24,200,200,,0.95238095,1.0,0.04761905,0.89,0.85714286,0.85714286,0.85714286,0.9047619,0.95238095,0,0,0,0,0
kendall_n7,synthetic,7,prism_protocol,25,200,200,119,1.0,1.0,0.0,0.89952381,0.80952381,0.80952381,0.80952381,0.9047619,1.0,0,0,0,0,1
kendall_n7,synthetic,7,prism_protocol,26,200,200,170,1.0,1.0,0.0,0.87047619,0.66666667,0.80952381,0.85714286,0.85714286,1.0,0,0,0,0,1
kendall_n7,synthetic,7,prism_protocol,27,200,200,115,1.0,1.0,0.0,0.90214286,0.66666667,0.66666667,0.85714286,0.95238095,1.0,0,0,0,0,1
kendall_n7,synthetic,7,prism_protocol,28,200,200,143,1.0,1.0,0.0,0.92452381,0.85714286,0.85714286,0.9047619,0.9047619,1.0,0,0,0,0,1
kendall_n7,synthetic,7,prism_protocol,29,200,200,86,1.0,1.0,0.0,0.92547619,0.76190476,0.80952381,0.85714286,1.0,1.0,0,0,0,1,1
kendall_n7,synthetic,7,prism_protocol,30,200,200,151,1.0,1.0,0.0,0.85833333,0.66666667,0.71428571,0.76190476,0.9047619,1.0,0,0,0,0,1
kendall_n7,synthetic,7,prism_protocol,31,200,200,198,1.0,1.0,0.0,0.8252381,0.61904762,0.66666667,0.80952381,0.80952381,1.0,0,0,0,0,1
kendall_n7,synthetic,7,prism_protocol,32,200,200,147,1.0,1.0,0.0,0.87285714,0.66666667,0.71428571,0.80952381,0.9047619,1.0,0,0,0,0,1
kendall_n7,synthetic,7,prism_protocol,33,200,200,,0.95238095,1.0,0.04761905,0.87309524,0.85714286,0.85714286,0.85714286,0.9047619,0.95238095,0,0,0,0,0
kendall_n7,synthetic,7,prism_protocol,34,200,200,128,1.0,1.0,0.0,0.92880952,0.85714286,0.9047619,0.9047619,0.9047619,1.0,0,0,0,0,1
kendall_n7,synthetic,7,prism_protocol,35,200,200,189,1.0,1.0,0.0,0.87452381,0.76190476,0.76190476,0.85714286,0.85714286,1.0,0,0,0,0,1
kendall_n7,synthetic,7,prism_protocol,36,200,200,182,1.0,1.0,0.0,0.84880952,0.71428571,0.71428571,0.80952381,0.85714286,1.0,0,0,0,0,1
kendall_n7,synthetic,7,prism_protocol,37,200,200,112,1.0,1.0,0.0,0.85857143,0.57142857,0.61904762,0.71428571,0.9047619,1.0,0,0,0,0,1
kendall_n7,synthetic,7,prism_protocol,38,200,200,125,1.0,1.0,0.0,0.885,0.80952381,0.80952381,0.80952381,0.9047619,1.0,0,0,0,0,1
kendall_n7,synthetic,7,prism_protocol,39,200,200,159,1.0,1.0,0.0,0.83595238,0.52380952,0.76190476,0.76190476,0.80952381,1.0,0,0,0,0,1
