landscape,family,n,method,seed,budget,evaluated,hit,best,optimum,regret,auc,best_at_15,best_at_25,best_at_50,best_at_100,best_at_200,hit_by_15,hit_by_25,hit_by_50,hit_by_100,hit_by_200
parity_n7,neural,7,uniform,0,200,200,,0.95833333,1.0,0.04166667,0.91666667,0.83333333,0.83333333,0.875,0.91666667,0.95833333,0,0,0,0,0
parity_n7,neural,7,uniform,1,200,200,175,1.0,1.0,0.0,0.95895833,0.91666667,0.95833333,0.95833333,0.95833333,1.0,0,0,0,0,1
parity_n7,neural,7,uniform,2,200,200,161,1.0,1.0,0.0,0.9475,0.83333333,0.91666667,0.95833333,0.95833333,1.0,0,0,0,0,1
parity_n7,neural,7,uniform,3,200,200,188,1.0,1.0,0.0,0.944375,0.875,0.875,0.95833333,0.95833333,1.0,0,0,0,0,1
parity_n7,neural,7,uniform,4,200,200,,0.95833333,1.0,0.04166667,0.955,0.95833333,0.95833333,0.95833333,0.95833333,0.95833333,0,0,0,0,0
parity_n7,neural,7,uniform,5,200,200,,0.95833333,1.0,0.04166667,0.91625,0.79166667,0.875,0.875,0.95833333,0.95833333,0,0,0,0,0
parity_n7,neural,7,uniform,6,200,200,72,1.0,1.0,0.0,0.97270833,0.91666667,0.91666667,0.95833333,1.0,1.0,0,0,0,1,1
parity_n7,neural,7,uniform,7,200,200,,0.95833333,1.0,0.04166667,0.951875,0.91666667,0.95833333,0.95833333,0.95833333,0.95833333,0,0,0,0,0
parity_n7,neural,7,uniform,8,200,200,111,1.0,1.0,0.0,0.948125,0.875,0.875,0.91666667,0.95833333,1.0,0,0,0,0,1
parity_n7,neural,7,uniform,9,200,200,,0.95833333,1.0,0.04166667,0.95270833,0.95833333,0.95833333,0.95833333,0.95833333,0.95833333,0,0,0,0,0
parity_n7,neural,7,uniform,10,200,200,152,1.0,1.0,0.0,0.94770833,0.79166667,0.875,0.95833333,0.95833333,1.0,0,0,0,0,1
parity_n7,neural,7,uniform,11,200,200,,0.95833333,1.0,0.04166667,0.92541667,0.91666667,0.91666667,0.91666667,0.91666667,0.95833333,0,0,0,0,0
parity_n7,neural,7,uniform,12,200,200,,0.95833333,1.0,0.04166667,0.950625,0.95833333,0.95833333,0.95833333,0.95833333,0.95833333,0,0,0,0,0
parity_n7,neural,7,uniform,13,200,200,,0.95833333,1.0,0.04166667,0.940625,0.875,0.91666667,0.91666667,0.95833333,0.95833333,0,0,0,0,0
parity_n7,neural,7,uniform,14,200,200,165,1.0,1.0,0.0,0.93791667,0.91666667,0.91666667,0.91666667,0.91666667,1.0,0,0,0,0,1
parity_n7,neural,7,uniform,15,200,200,,0.95833333,1.0,0.04166667,0.939375,0.91666667,0.91666667,0.91666667,0.95833333,0.95833333,0,0,0,0,0
parity_n7,neural,7,uniform,16,200,200,130,1.0,1.0,0.0,0.96083333,0.875,0.95833333,0.95833333,0.95833333,1.0,0,0,0,0,1
parity_n7,neural,7,uniform,17,200,200,,0.95833333,1.0,0.04166667,0.925,0.79166667,0.91666667,0.91666667,0.95833333,0.95833333,0,0,0,0,0
parity_n7,neural,7,uniform,18,200,200,,0.95833333,1.0,0.04166667,0.94145833,0.83333333,0.95833333,0.95833333,0.95833333,0.95833333,0,0,0,0,0
parity_n7,neural,7,uniform,19,200,200,,0.95833333,1.0,0.04166667,0.94145833,0.91666667,0.91666667,0.95833333,0.95833333,0.95833333,0,0,0,0,0
parity_n7,neural,7,uniform,20,200,200,,0.95833333,1.0,0.04166667,0.95395833,0.95833333,0.95833333,0.95833333,0.95833333,0.95833333,0,0,0,0,0
parity_n7,neural,7,uniform,21,200,200,41,1.0,1.0,0.0,0.99166667,0.95833333,0.95833333,1.0,1.0,1.0,0,0,1,1,1
parity_n7,neural,7,uniform,22,200,200,,0.95833333,1.0,0.04166667,0.92458333,0.91666667,0.91666667,0.91666667,0.91666667,0.95833333,0,0,0,0,0
parity_n7,neural,7,uniform,23,200,200,56,1.0,1.0,0.0,0.94166667,0.75,0.79166667,0.83333333,1.0,1.0,0,0,0,1,1
parity_n7,neural,7,uniform,24,200,200,,0.95833333,1.0,0.04166667,0.91979167,0.875,0.875,0.91666667,0.91666667,0.95833333,0,0,0,0,0
parity_n7,neural,7,uniform,25,200,200,,0.95833333,1.0,0.04166667,0.93604167,0.83333333,0.875,0.91666667,0.95833333,0.95833333,0,0,0,0,0
parity_n7,neural,7,uniform,26,200,200,110,1.0,1.0,0.0,0.95916667,0.83333333,0.83333333,0.95833333,0.95833333,1.0,0,0,0,0,1
parity_n7,neural,7,uniform,27,200,200,114,1.0,1.0,0.0,0.93791667,0.83333333,0.83333333,0.91666667,0.91666667,1.0,0,0,0,0,1
parity_n7,neural,7,uniform,28,200,200,,0.95833333,1.0,0.04166667,0.95395833,0.91666667,0.95833333,0.95833333,0.95833333,0.95833333,0,0,0,0,0
parity_n7,neural,7,uniform,29,200,200,,0.95833333,1.0,0.04166667,0.93833333,0.875,0.91666667,0.91666667,0.95833333,0.95833333,0,0,0,0,0
parity_n7,neural,7,uniform,30,200,200,115,1.0,1.0,0.0,0.92145833,0.83333333,0.875,0.875,0.875,1.0,0,0,0,0,1
parity_n7,neural,7,uniform,31,200,200,90,1.0,1.0,0.0,0.96729167,0.95833333,0.95833333,0.95833333,1.0,1.0,0,0,0,1,1
parity_n7,neural,7,uniform,32,200,200,,0.95833333,1.0,0.04166667,0.92604167,0.875,0.875,0.91666667,0.91666667,0.95833333,0,0,0,0,0
parity_n7,neural,7,uniform,33,200,200,168,1.0,1.0,0.0,0.93604167,0.875,0.875,0.875,0.95833333,1.0,0,0,0,0,1
parity_n7,neural,7,uniform,34,200,200,,0.95833333,1.0,0.04166667,0.94395833,0.875,0.875,0.95833333,0.95833333,0.95833333,0,0,0,0,0
parity_n7,neural,7,uniform,35,200,200,,0.95833333,1.0,0.04166667,0.95583333,0.95833333,0.95833333,0.95833333,0.95833333,0.95833333,0,0,0,0,0
parity_n7,neural,7,uniform,36,200,200,,0.95833333,1.0,0.04166667,0.94833333,0.95833333,0.95833333,0.95833333,0.95833333,0.95833333,0,0,0,0,0
parity_n7,neural,7,uniform,37,200,200,142,1.0,1.0,0.0,0.945625,0.91666667,0.91666667,0.91666667,0.95833333,1.0,0,0,0,0,1
parity_n7,neural,7,uniform,38,200,200,,0.95833333,1.0,0.04166667,0.92291667,0.79166667,0.79166667,0.91666667,0.95833333,0.95833333,0,0,0,0,0
parity_n7,neural,7,uniform,39,200,200,,0.95833333,1.0,0.04166667,0.94520833,0.95833333,0.95833333,0.95833333,0.95833333,0.95833333,0,0,0,0,0
parity_n7,neural,7,ls_swap,0,200,200,,0.95833333,1.0,0.04166667,0.94375,0.91666667,0.95833333,0.95833333,0.95833333,0.95833333,0,0,0,0,0
parity_n7,neural,7,ls_swap,1,200,200,95,1.0,1.0,0.0,0.97041667,0.83333333,0.95833333,0.95833333,1.0,1.0,0,0,0,1,1
parity_n7,neural,7,ls_swap,2,200,200,4,1.0,1.0,0.0,0.99479167,1.0,1.0,1.0,1.0,1.0,1,1,1,1,1
parity_n7,neural,7,ls_swap,3,200,200,103,1.0,1.0,0.0,0.96583333,0.91666667,0.91666667,0.91666667,0.95833333,1.0,0,0,0,0,1
parity_n7,neural,7,ls_swap,4,200,200,,0.95833333,1.0,0.04166667,0.91833333,0.91666667,0.91666667,0.91666667,0.91666667,0.95833333,0,0,0,0,0
parity_n7,neural,7,ls_swap,5,200,200,35,1.0,1.0,0.0,0.973125,0.83333333,0.875,1.0,1.0,1.0,0,0,1,1,1
parity_n7,neural,7,ls_swap,6,200,200,192,1.0,1.0,0.0,0.93666667,0.91666667,0.91666667,0.91666667,0.95833333,1.0,0,0,0,0,1
parity_n7,neural,7,ls_swap,7,200,200,,0.95833333,1.0,0.04166667,0.945,0.875,0.91666667,0.95833333,0.95833333,0.95833333,0,0,0,0,0
parity_n7,neural,7,ls_swap,8,200,200,134,1.0,1.0,0.0,0.96666667,0.95833333,0.95833333,0.95833333,0.95833333,1.0,0,0,0,0,1
parity_n7,neural,7,ls_swap,9,200,200,13,1.0,1.0,0.0,0.991875,1.0,1.0,1.0,1.0,1.0,1,1,1,1,1
parity_n7,neural,7,ls_swap,10,200,200,,0.95833333,1.0,0.04166667,0.91083333,0.83333333,0.83333333,0.83333333,0.95833333,0.95833333,0,0,0,0,0
parity_n7,neural,7,ls_swap,11,200,200,,0.95833333,1.0,0.04166667,0.95291667,0.91666667,0.95833333,0.95833333,0.95833333,0.95833333,0,0,0,0,0
parity_n7,neural,7,ls_swap,12,200,200,,0.95833333,1.0,0.04166667,0.93166667,0.875,0.875,0.91666667,0.95833333,0.95833333,0,0,0,0,0
parity_n7,neural,7,ls_swap,13,200,200,,0.95833333,1.0,0.04166667,0.93125,0.875,0.91666667,0.91666667,0.95833333,0.95833333,0,0,0,0,0
parity_n7,neural,7,ls_swap,14,200,200,164,1.0,1.0,0.0,0.964375,0.95833333,0.95833333,0.95833333,0.95833333,1.0,0,0,0,0,1
parity_n7,neural,7,ls_swap,15,200,200,,0.95833333,1.0,0.04166667,0.93645833,0.83333333,0.91666667,0.95833333,0.95833333,0.95833333,0,0,0,0,0
parity_n7,neural,7,ls_swap,16,200,200,,0.95833333,1.0,0.04166667,0.94791667,0.95833333,0.95833333,0.95833333,0.95833333,0.95833333,0,0,0,0,0
parity_n7,neural,7,ls_swap,17,200,200,,0.95833333,1.0,0.04166667,0.93520833,0.83333333,0.91666667,0.95833333,0.95833333,0.95833333,0,0,0,0,0
parity_n7,neural,7,ls_swap,18,200,200,,0.95833333,1.0,0.04166667,0.94770833,0.83333333,0.95833333,0.95833333,0.95833333,0.95833333,0,0,0,0,0
parity_n7,neural,7,ls_swap,19,200,200,54,1.0,1.0,0.0,0.970625,0.875,0.875,0.95833333,1.0,1.0,0,0,0,1,1
parity_n7,neural,7,ls_swap,20,200,200,,0.95833333,1.0,0.04166667,0.92979167,0.875,0.875,0.91666667,0.95833333,0.95833333,0,0,0,0,0
parity_n7,neural,7,ls_swap,21,200,200,,0.95833333,1.0,0.04166667,0.93979167,0.875,0.875,0.95833333,0.95833333,0.95833333,0,0,0,0,0
parity_n7,neural,7,ls_swap,22,200,200,,0.95833333,1.0,0.04166667,0.94208333,0.83333333,0.91666667,0.95833333,0.95833333,0.95833333,0,0,0,0,0
parity_n7,neural,7,ls_swap,23,200,200,,0.95833333,1.0,0.04166667,0.93895833,0.83333333,0.95833333,0.95833333,0.95833333,0.95833333,0,0,0,0,0
parity_n7,neural,7,ls_swap,24,200,200,198,1.0,1.0,0.0,0.94666667,0.875,0.95833333,0.95833333,0.95833333,1.0,0,0,0,0,1
parity_n7,neural,7,ls_swap,25,200,200,,0.95833333,1.0,0.04166667,0.939375,0.91666667,0.91666667,0.91666667,0.95833333,0.95833333,0,0,0,0,0
parity_n7,neural,7,ls_swap,26,200,200,13,1.0,1.0,0.0,0.98895833,1.0,1.0,1.0,1.0,1.0,1,1,1,1,1
parity_n7,neural,7,ls_swap,27,200,200,34,1.0,1.0,0.0,0.968125,0.83333333,0.83333333,1.0,1.0,1.0,0,0,1,1,1
parity_n7,neural,7,ls_swap,28,200,200,13,1.0,1.0,0.0,0.98895833,1.0,1.0,1.0,1.0,1.0,1,1,1,1,1
parity_n7,neural,7,ls_swap,29,200,200,93,1.0,1.0,0.0,0.97895833,0.95833333,0.95833333,0.95833333,1.0,1.0,0,0,0,1,1
parity_n7,neural,7,ls_swap,30,200,200,,0.95833333,1.0,0.04166667,0.901875,0.83333333,0.83333333,0.875,0.875,0.95833333,0,0,0,0,0
parity_n7,neural,7,ls_swap,31,200,200,13,1.0,1.0,0.0,0.984375,1.0,1.0,1.0,1.0,1.0,1,1,1,1,1
parity_n7,neural,7,ls_swap,32,200,200,,0.95833333,1.0,0.04166667,0.94854167,0.95833333,0.95833333,0.95833333,0.95833333,0.95833333,0,0,0,0,0
parity_n7,neural,7,ls_swap,33,200,200,54,1.0,1.0,0.0,0.96791667,0.79166667,0.83333333,0.95833333,1.0,1.0,0,0,0,1,1
parity_n7,neural,7,ls_swap,34,200,200,,0.95833333,1.0,0.04166667,0.94458333,0.91666667,0.91666667,0.95833333,0.95833333,0.95833333,0,0,0,0,0
parity_n7,neural,7,ls_swap,35,200,200,,0.95833333,1.0,0.04166667,0.91125,0.875,0.875,0.875,0.875,0.95833333,0,0,0,0,0
parity_n7,neural,7,ls_swap,36,200,200,141,1.0,1.0,0.0,0.94604167,0.875,0.875,0.91666667,0.95833333,1.0,0,0,0,0,1
parity_n7,neural,7,ls_swap,37,200,200,72,1.0,1.0,0.0,0.95145833,0.875,0.875,0.875,1.0,1.0,0,0,0,1,1
parity_n7,neural,7,ls_swap,38,200,200,51,1.0,1.0,0.0,0.96708333,0.875,0.875,0.875,1.0,1.0,0,0,0,1,1
parity_n7,neural,7,ls_swap,39,200,200,,0.95833333,1.0,0.04166667,0.95666667,0.95833333,0.95833333,0.95833333,0.95833333,0.95833333,0,0,0,0,0
parity_n7,neural,7,ls_insert,0,200,200,,0.95833333,1.0,0.04166667,0.93916667,0.83333333,0.875,0.95833333,0.95833333,0.95833333,0,0,0,0,0
parity_n7,neural,7,ls_insert,1,200,200,,0.95833333,1.0,0.04166667,0.946875,0.83333333,0.95833333,0.95833333,0.95833333,0.95833333,0,0,0,0,0
parity_n7,neural,7,ls_insert,2,200,200,158,1.0,1.0,0.0,0.900625,0.75,0.75,0.875,0.91666667,1.0,0,0,0,0,1
parity_n7,neural,7,ls_insert,3,200,200,,0.95833333,1.0,0.04166667,0.930625,0.83333333,0.83333333,0.95833333,0.95833333,0.95833333,0,0,0,0,0
parity_n7,neural,7,ls_insert,4,200,200,117,1.0,1.0,0.0,0.955625,0.91666667,0.91666667,0.91666667,0.95833333,1.0,0,0,0,0,1
parity_n7,neural,7,ls_insert,5,200,200,,0.95833333,1.0,0.04166667,0.90645833,0.79166667,0.79166667,0.83333333,0.95833333,0.95833333,0,0,0,0,0
parity_n7,neural,7,ls_insert,6,200,200,,0.95833333,1.0,0.04166667,0.94041667,0.875,0.875,0.95833333,0.95833333,0.95833333,0,0,0,0,0
parity_n7,neural,7,ls_insert,7,200,200,112,1.0,1.0,0.0,0.97,0.91666667,0.95833333,0.95833333,0.95833333,1.0,0,0,0,0,1
parity_n7,neural,7,ls_insert,8,200,200,,0.95833333,1.0,0.04166667,0.92854167,0.83333333,0.83333333,0.95833333,0.95833333,0.95833333,0,0,0,0,0
parity_n7,neural,7,ls_insert,9,200,200,14,1.0,1.0,0.0,0.99208333,1.0,1.0,1.0,1.0,1.0,1,1,1,1,1
parity_n7,neural,7,ls_insert,10,200,200,43,1.0,1.0,0.0,0.96979167,0.83333333,0.91666667,1.0,1.0,1.0,0,0,1,1,1
parity_n7,neural,7,ls_insert,11,200,200,,0.95833333,1.0,0.04166667,0.95708333,0.95833333,0.95833333,0.95833333,0.95833333,0.95833333,0,0,0,0,0
parity_n7,neural,7,ls_insert,12,200,200,43,1.0,1.0,0.0,0.980625,0.91666667,0.91666667,1.0,1.0,1.0,0,0,1,1,1
parity_n7,neural,7,ls_insert,13,200,200,43,1.0,1.0,0.0,0.98520833,0.91666667,0.95833333,1.0,1.0,1.0,0,0,1,1,1
parity_n7,neural,7,ls_insert,14,200,200,,0.95833333,1.0,0.04166667,0.95666667,0.95833333,0.95833333,0.95833333,0.95833333,0.95833333,0,0,0,0,0
parity_n7,neural,7,ls_insert,15,200,200,,0.91666667,1.0,0.08333333,0.91354167,0.91666667,0.91666667,0.91666667,0.91666667,0.91666667,0,0,0,0,0
parity_n7,neural,7,ls_insert,16,200,200,,0.95833333,1.0,0.04166667,0.95104167,0.95833333,0.95833333,0.95833333,0.95833333,0.95833333,0,0,0,0,0
parity_n7,neural,7,ls_insert,17,200,200,59,1.0,1.0,0.0,0.97645833,0.91666667,0.95833333,0.95833333,1.0,1.0,0,0,0,1,1
parity_n7,neural,7,ls_insert,18,200,200,,0.95833333,1.0,0.04166667,0.95666667,0.95833333,0.95833333,0.95833333,0.95833333,0.95833333,0,0,0,0,0
parity_n7,neural,7,ls_insert,19,200,200,89,1.0,1.0,0.0,0.95875,0.91666667,0.91666667,0.91666667,1.0,1.0,0,0,0,1,1
parity_n7,neural,7,ls_insert,20,200,200,,0.95833333,1.0,0.04166667,0.95145833,0.95833333,0.95833333,0.95833333,0.95833333,0.95833333,0,0,0,0,0
parity_n7,neural,7,ls_insert,21,200,200,,0.95833333,1.0,0.04166667,0.93791667,0.875,0.875,0.95833333,0.95833333,0.95833333,0,0,0,0,0
parity_n7,neural,7,ls_insert,22,200,200,,0.95833333,1.0,0.04166667,0.94020833,0.875,0.91666667,0.91666667,0.95833333,0.95833333,0,0,0,0,0
parity_n7,neural,7,ls_insert,23,200,200,,0.95833333,1.0,0.04166667,0.9475,0.875,0.95833333,0.95833333,0.95833333,0.95833333,0,0,0,0,0
parity_n7,neural,7,ls_insert,24,200,200,,0.95833333,1.0,0.04166667,0.94541667,0.95833333,0.95833333,0.95833333,0.95833333,0.95833333,0,0,0,0,0
parity_n7,neural,7,ls_insert,25,200,200,,0.95833333,1.0,0.04166667,0.91958333,0.83333333,0.83333333,0.91666667,0.91666667,0.95833333,0,0,0,0,0
parity_n7,neural,7,ls_insert,26,200,200,14,1.0,1.0,0.0,0.99083333,1.0,1.0,1.0,1.0,1.0,1,1,1,1,1
parity_n7,neural,7,ls_insert,27,200,200,17,1.0,1.0,0.0,0.98791667,0.95833333,1.0,1.0,1.0,1.0,0,1,1,1,1
parity_n7,neural,7,ls_insert,28,200,200,14,1.0,1.0,0.0,0.97833333,1.0,1.0,1.0,1.0,1.0,1,1,1,1,1
parity_n7,neural,7,ls_insert,29,200,200,,0.95833333,1.0,0.04166667,0.95645833,0.95833333,0.95833333,0.95833333,0.95833333,0.95833333,0,0,0,0,0
parity_n7,neural,7,ls_insert,30,200,200,,0.95833333,1.0,0.04166667,0.93395833,0.83333333,0.83333333,0.95833333,0.95833333,0.95833333,0,0,0,0,0
parity_n7,neural,7,ls_insert,31,200,200,14,1.0,1.0,0.0,0.99208333,1.0,1.0,1.0,1.0,1.0,1,1,1,1,1
parity_n7,neural,7,ls_insert,32,200,200,,0.95833333,1.0,0.04166667,0.9525,0.95833333,0.95833333,0.95833333,0.95833333,0.95833333,0,0,0,0,0
parity_n7,neural,7,ls_insert,33,200,200,5,1.0,1.0,0.0,0.99583333,1.0,1.0,1.0,1.0,1.0,1,1,1,1,1
parity_n7,neural,7,ls_insert,34,200,200,130,1.0,1.0,0.0,0.92145833,0.875,0.875,0.875,0.91666667,1.0,0,0,0,0,1
parity_n7,neural,7,ls_insert,35,200,200,,0.95833333,1.0,0.04166667,0.93770833,0.875,0.91666667,0.91666667,0.95833333,0.95833333,0,0,0,0,0
parity_n7,neural,7,ls_insert,36,200,200,,0.95833333,1.0,0.04166667,0.935,0.875,0.875,0.95833333,0.95833333,0.95833333,0,0,0,0,0
parity_n7,neural,7,ls_insert,37,200,200,,0.95833333,1.0,0.04166667,0.94854167,0.91666667,0.95833333,0.95833333,0.95833333,0.95833333,0,0,0,0,0
parity_n7,neural,7,ls_insert,38,200,200,92,1.0,1.0,0.0,0.958125,0.79166667,0.79166667,0.95833333,1.0,1.0,0,0,0,1,1
parity_n7,neural,7,ls_insert,39,200,200,,0.95833333,1.0,0.04166667,0.94354167,0.83333333,0.875,0.95833333,0.95833333,0.95833333,0,0,0,0,0
parity_n7,neural,7,ls_inversion,0,200,200,,0.95833333,1.0,0.04166667,0.94208333,0.83333333,0.95833333,0.95833333,0.95833333,0.95833333,0,0,0,0,0
parity_n7,neural,7,ls_inversion,1,200,200,,0.95833333,1.0,0.04166667,0.94875,0.875,0.95833333,0.95833333,0.95833333,0.95833333,0,0,0,0,0
parity_n7,neural,7,ls_inversion,2,200,200,,0.95833333,1.0,0.04166667,0.90645833,0.875,0.875,0.875,0.91666667,0.95833333,0,0,0,0,0
parity_n7,neural,7,ls_inversion,3,200,200,,0.95833333,1.0,0.04166667,0.94666667,0.91666667,0.91666667,0.91666667,0.95833333,0.95833333,0,0,0,0,0
parity_n7,neural,7,ls_inversion,4,200,200,,0.95833333,1.0,0.04166667,0.94083333,0.91666667,0.91666667,0.91666667,0.95833333,0.95833333,0,0,0,0,0
parity_n7,neural,7,ls_inversion,5,200,200,153,1.0,1.0,0.0,0.91333333,0.83333333,0.83333333,0.83333333,0.91666667,1.0,0,0,0,0,1
parity_n7,neural,7,ls_inversion,6,200,200,,0.95833333,1.0,0.04166667,0.92416667,0.83333333,0.875,0.91666667,0.95833333,0.95833333,0,0,0,0,0
parity_n7,neural,7,ls_inversion,7,200,200,,0.95833333,1.0,0.04166667,0.955625,0.95833333,0.95833333,0.95833333,0.95833333,0.95833333,0,0,0,0,0
parity_n7,neural,7,ls_inversion,8,200,200,,0.95833333,1.0,0.04166667,0.90604167,0.91666667,0.91666667,0.91666667,0.91666667,0.95833333,0,0,0,0,0
parity_n7,neural,7,ls_inversion,9,200,200,13,1.0,1.0,0.0,0.99,1.0,1.0,1.0,1.0,1.0,1,1,1,1,1
parity_n7,neural,7,ls_inversion,10,200,200,137,1.0,1.0,0.0,0.910625,0.875,0.875,0.875,0.875,1.0,0,0,0,0,1
parity_n7,neural,7,ls_inversion,11,200,200,45,1.0,1.0,0.0,0.96333333,0.83333333,0.83333333,1.0,1.0,1.0,0,0,1,1,1
parity_n7,neural,7,ls_inversion,12,200,200,,0.95833333,1.0,0.04166667,0.954375,0.95833333,0.95833333,0.95833333,0.95833333,0.95833333,0,0,0,0,0
parity_n7,neural,7,ls_inversion,13,200,200,,0.95833333,1.0,0.04166667,0.933125,0.91666667,0.91666667,0.91666667,0.95833333,0.95833333,0,0,0,0,0
parity_n7,neural,7,ls_inversion,14,200,200,,0.95833333,1.0,0.04166667,0.95666667,0.95833333,0.95833333,0.95833333,0.95833333,0.95833333,0,0,0,0,0
parity_n7,neural,7,ls_inversion,15,200,200,,0.91666667,1.0,0.08333333,0.91125,0.91666667,0.91666667,0.91666667,0.91666667,0.91666667,0,0,0,0,0
parity_n7,neural,7,ls_inversion,16,200,200,,0.95833333,1.0,0.04166667,0.948125,0.95833333,0.95833333,0.95833333,0.95833333,0.95833333,0,0,0,0,0
parity_n7,neural,7,ls_inversion,17,200,200,,0.95833333,1.0,0.04166667,0.93645833,0.83333333,0.91666667,0.95833333,0.95833333,0.95833333,0,0,0,0,0
parity_n7,neural,7,ls_inversion,18,200,200,,0.95833333,1.0,0.04166667,0.94791667,0.875,0.95833333,0.95833333,0.95833333,0.95833333,0,0,0,0,0
parity_n7,neural,7,ls_inversion,19,200,200,171,1.0,1.0,0.0,0.93729167,0.83333333,0.83333333,0.95833333,0.95833333,1.0,0,0,0,0,1
parity_n7,neural,7,ls_inversion,20,200,200,,0.95833333,1.0,0.04166667,0.9475,0.91666667,0.91666667,0.95833333,0.95833333,0.95833333,0,0,0,0,0
parity_n7,neural,7,ls_inversion,21,200,200,,0.95833333,1.0,0.04166667,0.93645833,0.83333333,0.91666667,0.91666667,0.95833333,0.95833333,0,0,0,0,0
parity_n7,neural,7,ls_inversion,22,200,200,,0.95833333,1.0,0.04166667,0.94208333,0.83333333,0.91666667,0.95833333,0.95833333,0.95833333,0,0,0,0,0
parity_n7,neural,7,ls_inversion,23,200,200,,0.95833333,1.0,0.04166667,0.94833333,0.91666667,0.91666667,0.95833333,0.95833333,0.95833333,0,0,0,0,0
parity_n7,neural,7,ls_inversion,24,200,200,39,1.0,1.0,0.0,0.98416667,0.91666667,0.95833333,1.0,1.0,1.0,0,0,1,1,1
parity_n7,neural,7,ls_inversion,25,200,200,138,1.0,1.0,0.0,0.94541667,0.83333333,0.83333333,0.91666667,0.95833333,1.0,0,0,0,0,1
parity_n7,neural,7,ls_inversion,26,200,200,13,1.0,1.0,0.0,0.98895833,1.0,1.0,1.0,1.0,1.0,1,1,1,1,1
parity_n7,neural,7,ls_inversion,27,200,200,36,1.0,1.0,0.0,0.97020833,0.83333333,0.875,1.0,1.0,1.0,0,0,1,1,1
parity_n7,neural,7,ls_inversion,28,200,200,13,1.0,1.0,0.0,0.985625,1.0,1.0,1.0,1.0,1.0,1,1,1,1,1
parity_n7,neural,7,ls_inversion,29,200,200,,0.95833333,1.0,0.04166667,0.95645833,0.95833333,0.95833333,0.95833333,0.95833333,0.95833333,0,0,0,0,0
parity_n7,neural,7,ls_inversion,30,200,200,177,1.0,1.0,0.0,0.92583333,0.83333333,0.83333333,0.875,0.95833333,1.0,0,0,0,0,1
parity_n7,neural,7,ls_inversion,31,200,200,13,1.0,1.0,0.0,0.98395833,1.0,1.0,1.0,1.0,1.0,1,1,1,1,1
parity_n7,neural,7,ls_inversion,32,200,200,167,1.0,1.0,0.0,0.95645833,0.95833333,0.95833333,0.95833333,0.95833333,1.0,0,0,0,0,1
parity_n7,neural,7,ls_inversion,33,200,200,56,1.0,1.0,0.0,0.95666667,0.79166667,0.83333333,0.95833333,1.0,1.0,0,0,0,1,1
parity_n7,neural,7,ls_inversion,34,200,200,,0.95833333,1.0,0.04166667,0.91979167,0.91666667,0.91666667,0.91666667,0.91666667,0.95833333,0,0,0,0,0
parity_n7,neural,7,ls_inversion,35,200,200,,0.95833333,1.0,0.04166667,0.9525,0.95833333,0.95833333,0.95833333,0.95833333,0.95833333,0,0,0,0,0
parity_n7,neural,7,ls_inversion,36,200,200,150,1.0,1.0,0.0,0.944375,0.875,0.875,0.91666667,0.95833333,1.0,0,0,0,0,1
parity_n7,neural,7,ls_inversion,37,200,200,91,1.0,1.0,0.0,0.950625,0.875,0.875,0.91666667,1.0,1.0,0,0,0,1,1
parity_n7,neural,7,ls_inversion,38,200,200,51,1.0,1.0,0.0,0.98166667,0.875,0.95833333,0.95833333,1.0,1.0,0,0,0,1,1
parity_n7,neural,7,ls_inversion,39,200,200,142,1.0,1.0,0.0,0.96895833,0.95833333,0.95833333,0.95833333,0.95833333,1.0,0,0,0,0,1
parity_n7,neural,7,simulated_annealing,0,200,200,26,1.0,1.0,0.0,0.97520833,0.83333333,0.83333333,1.0,1.0,1.0,0,0,1,1,1
parity_n7,neural,7,simulated_annealing,1,200,200,,0.95833333,1.0,0.04166667,0.93895833,0.83333333,0.91666667,0.95833333,0.95833333,0.95833333,0,0,0,0,0
parity_n7,neural,7,simulated_annealing,2,200,200,5,1.0,1.0,0.0,0.99291667,1.0,1.0,1.0,1.0,1.0,1,1,1,1,1
parity_n7,neural,7,simulated_annealing,3,200,200,134,1.0,1.0,0.0,0.95395833,0.83333333,0.91666667,0.95833333,0.95833333,1.0,0,0,0,0,1
parity_n7,neural,7,simulated_annealing,4,200,200,,0.95833333,1.0,0.04166667,0.92541667,0.83333333,0.91666667,0.91666667,0.91666667,0.95833333,0,0,0,0,0
parity_n7,neural,7,simulated_annealing,5,200,200,44,1.0,1.0,0.0,0.98208333,0.95833333,0.95833333,1.0,1.0,1.0,0,0,1,1,1
parity_n7,neural,7,simulated_annealing,6,200,200,118,1.0,1.0,0.0,0.95729167,0.875,0.95833333,0.95833333,0.95833333,1.0,0,0,0,0,1
parity_n7,neural,7,simulated_annealing,7,200,200,,0.95833333,1.0,0.04166667,0.93833333,0.83333333,0.95833333,0.95833333,0.95833333,0.95833333,0,0,0,0,0
parity_n7,neural,7,simulated_annealing,8,200,200,44,1.0,1.0,0.0,0.97604167,0.91666667,0.91666667,1.0,1.0,1.0,0,0,1,1,1
parity_n7,neural,7,simulated_annealing,9,200,200,,0.91666667,1.0,0.08333333,0.91333333,0.91666667,0.91666667,0.91666667,0.91666667,0.91666667,0,0,0,0,0
parity_n7,neural,7,simulated_annealing,10,200,200,,0.95833333,1.0,0.04166667,0.94791667,0.91666667,0.95833333,0.95833333,0.95833333,0.95833333,0,0,0,0,0
parity_n7,neural,7,simulated_annealing,11,200,200,,0.95833333,1.0,0.04166667,0.92020833,0.875,0.875,0.875,0.95833333,0.95833333,0,0,0,0,0
parity_n7,neural,7,simulated_annealing,12,200,200,176,1.0,1.0,0.0,0.95583333,0.91666667,0.95833333,0.95833333,0.95833333,1.0,0,0,0,0,1
parity_n7,neural,7,simulated_annealing,13,200,200,,0.95833333,1.0,0.04166667,0.94375,0.91666667,0.91666667,0.95833333,0.95833333,0.95833333,0,0,0,0,0
parity_n7,neural,7,simulated_annealing,14,200,200,93,1.0,1.0,0.0,0.93416667,0.83333333,0.83333333,0.875,1.0,1.0,0,0,0,1,1
parity_n7,neural,7,simulated_annealing,15,200,200,,0.95833333,1.0,0.04166667,0.94708333,0.95833333,0.95833333,0.95833333,0.95833333,0.95833333,0,0,0,0,0
parity_n7,neural,7,simulated_annealing,16,200,200,,0.95833333,1.0,0.04166667,0.94333333,0.91666667,0.91666667,0.95833333,0.95833333,0.95833333,0,0,0,0,0
parity_n7,neural,7,simulated_annealing,17,200,200,,0.91666667,1.0,0.08333333,0.90583333,0.875,0.875,0.91666667,0.91666667,0.91666667,0,0,0,0,0
parity_n7,neural,7,simulated_annealing,18,200,200,,0.95833333,1.0,0.04166667,0.95666667,0.95833333,0.95833333,0.95833333,0.95833333,0.95833333,0,0,0,0,0
parity_n7,neural,7,simulated_annealing,19,200,200,156,1.0,1.0,0.0,0.92583333,0.875,0.875,0.875,0.91666667,1.0,0,0,0,0,1
parity_n7,neural,7,simulated_annealing,20,200,200,23,1.0,1.0,0.0,0.98520833,0.875,1.0,1.0,1.0,1.0,0,1,1,1,1
parity_n7,neural,7,simulated_annealing,21,200,200,,0.95833333,1.0,0.04166667,0.95395833,0.95833333,0.95833333,0.95833333,0.95833333,0.95833333,0,0,0,0,0
parity_n7,neural,7,simulated_annealing,22,200,200,166,1.0,1.0,0.0,0.95479167,0.875,0.95833333,0.95833333,0.95833333,1.0,0,0,0,0,1
parity_n7,neural,7,simulated_annealing,23,200,200,79,1.0,1.0,0.0,0.971875,0.875,0.95833333,0.95833333,1.0,1.0,0,0,0,1,1
parity_n7,neural,7,simulated_annealing,24,200,200,,0.95833333,1.0,0.04166667,0.95083333,0.95833333,0.95833333,0.95833333,0.95833333,0.95833333,0,0,0,0,0
parity_n7,neural,7,simulated_annealing,25,200,200,,0.95833333,1.0,0.04166667,0.95208333,0.95833333,0.95833333,0.95833333,0.95833333,0.95833333,0,0,0,0,0
parity_n7,neural,7,simulated_annealing,26,200,200,21,1.0,1.0,0.0,0.98854167,0.95833333,1.0,1.0,1.0,1.0,0,1,1,1,1
parity_n7,neural,7,simulated_annealing,27,200,200,,0.95833333,1.0,0.04166667,0.949375,0.95833333,0.95833333,0.95833333,0.95833333,0.95833333,0,0,0,0,0
parity_n7,neural,7,simulated_annealing,28,200,200,,0.91666667,1.0,0.08333333,0.89395833,0.75,0.875,0.91666667,0.91666667,0.91666667,0,0,0,0,0
parity_n7,neural,7,simulated_annealing,29,200,200,149,1.0,1.0,0.0,0.91854167,0.83333333,0.875,0.875,0.91666667,1.0,0,0,0,0,1
parity_n7,neural,7,simulated_annealing,30,200,200,114,1.0,1.0,0.0,0.94479167,0.83333333,0.875,0.91666667,0.95833333,1.0,0,0,0,0,1
parity_n7,neural,7,simulated_annealing,31,200,200,186,1.0,1.0,0.0,0.95270833,0.95833333,0.95833333,0.95833333,0.95833333,1.0,0,0,0,0,1
parity_n7,neural,7,simulated_annealing,32,200,200,,0.95833333,1.0,0.04166667,0.93,0.83333333,0.83333333,0.91666667,0.95833333,0.95833333,0,0,0,0,0
parity_n7,neural,7,simulated_annealing,33,200,200,77,1.0,1.0,0.0,0.971875,0.91666667,0.91666667,0.95833333,1.0,1.0,0,0,0,1,1
parity_n7,neural,7,simulated_annealing,34,200,200,,0.95833333,1.0,0.04166667,0.92666667,0.875,0.875,0.875,0.95833333,0.95833333,0,0,0,0,0
parity_n7,neural,7,simulated_annealing,35,200,200,,0.95833333,1.0,0.04166667,0.92270833,0.91666667,0.91666667,0.91666667,0.91666667,0.95833333,0,0,0,0,0
parity_n7,neural,7,simulated_annealing,36,200,200,5,1.0,1.0,0.0,0.99416667,1.0,1.0,1.0,1.0,1.0,1,1,1,1,1
parity_n7,neural,7,simulated_annealing,37,200,200,108,1.0,1.0,0.0,0.96833333,0.91666667,0.91666667,0.95833333,0.95833333,1.0,0,0,0,0,1
parity_n7,neural,7,simulated_annealing,38,200,200,71,1.0,1.0,0.0,0.961875,0.875,0.875,0.91666667,1.0,1.0,0,0,0,1,1
parity_n7,neural,7,simulated_annealing,39,200,200,,0.95833333,1.0,0.04166667,0.89395833,0.875,0.875,0.875,0.875,0.95833333,0,0,0,0,0
parity_n7,neural,7,iterated_local_search,0,200,200,,0.95833333,1.0,0.04166667,0.93916667,0.83333333,0.875,0.95833333,0.95833333,0.95833333,0,0,0,0,0
parity_n7,neural,7,iterated_local_search,1,200,200,,0.95833333,1.0,0.04166667,0.946875,0.83333333,0.95833333,0.95833333,0.95833333,0.95833333,0,0,0,0,0
parity_n7,neural,7,iterated_local_search,2,200,200,,0.91666667,1.0,0.08333333,0.88270833,0.75,0.75,0.875,0.91666667,0.91666667,0,0,0,0,0
parity_n7,neural,7,iterated_local_search,3,200,200,,0.95833333,1.0,0.04166667,0.930625,0.83333333,0.83333333,0.95833333,0.95833333,0.95833333,0,0,0,0,0
parity_n7,neural,7,iterated_local_search,4,200,200,,0.95833333,1.0,0.04166667,0.94,0.91666667,0.91666667,0.91666667,0.95833333,0.95833333,0,0,0,0,0
parity_n7,neural,7,iterated_local_search,5,200,200,,0.95833333,1.0,0.04166667,0.90645833,0.79166667,0.79166667,0.83333333,0.95833333,0.95833333,0,0,0,0,0
parity_n7,neural,7,iterated_local_search,6,200,200,113,1.0,1.0,0.0,0.95875,0.875,0.875,0.95833333,0.95833333,1.0,0,0,0,0,1
parity_n7,neural,7,iterated_local_search,7,200,200,,0.95833333,1.0,0.04166667,0.95145833,0.91666667,0.95833333,0.95833333,0.95833333,0.95833333,0,0,0,0,0
parity_n7,neural,7,iterated_local_search,8,200,200,,0.95833333,1.0,0.04166667,0.92854167,0.83333333,0.83333333,0.95833333,0.95833333,0.95833333,0,0,0,0,0
parity_n7,neural,7,iterated_local_search,9,200,200,14,1.0,1.0,0.0,0.99208333,1.0,1.0,1.0,1.0,1.0,1,1,1,1,1
parity_n7,neural,7,iterated_local_search,10,200,200,43,1.0,1.0,0.0,0.96979167,0.83333333,0.91666667,1.0,1.0,1.0,0,0,1,1,1
parity_n7,neural,7,iterated_local_search,11,200,200,,0.95833333,1.0,0.04166667,0.95708333,0.95833333,0.95833333,0.95833333,0.95833333,0.95833333,0,0,0,0,0
parity_n7,neural,7,iterated_local_search,12,200,200,43,1.0,1.0,0.0,0.980625,0.91666667,0.91666667,1.0,1.0,1.0,0,0,1,1,1
parity_n7,neural,7,iterated_local_search,13,200,200,43,1.0,1.0,0.0,0.98520833,0.91666667,0.95833333,1.0,1.0,1.0,0,0,1,1,1
parity_n7,neural,7,iterated_local_search,14,200,200,123,1.0,1.0,0.0,0.97291667,0.95833333,0.95833333,0.95833333,0.95833333,1.0,0,0,0,0,1
parity_n7,neural,7,iterated_local_search,15,200,200,,0.95833333,1.0,0.04166667,0.9375,0.91666667,0.91666667,0.91666667,0.95833333,0.95833333,0,0,0,0,0
parity_n7,neural,7,iterated_local_search,16,200,200,,0.95833333,1.0,0.04166667,0.95104167,0.95833333,0.95833333,0.95833333,0.95833333,0.95833333,0,0,0,0,0
parity_n7,neural,7,iterated_local_search,17,200,200,59,1.0,1.0,0.0,0.97645833,0.91666667,0.95833333,0.95833333,1.0,1.0,0,0,0,1,1
parity_n7,neural,7,iterated_local_search,18,200,200,,0.95833333,1.0,0.04166667,0.95666667,0.95833333,0.95833333,0.95833333,0.95833333,0.95833333,0,0,0,0,0
parity_n7,neural,7,iterated_local_search,19,200,200,,0.95833333,1.0,0.04166667,0.92416667,0.91666667,0.91666667,0.91666667,0.91666667,0.95833333,0,0,0,0,0
parity_n7,neural,7,iterated_local_search,20,200,200,,0.95833333,1.0,0.04166667,0.95145833,0.95833333,0.95833333,0.95833333,0.95833333,0.95833333,0,0,0,0,0
parity_n7,neural,7,iterated_local_search,21,200,200,137,1.0,1.0,0.0,0.95125,0.875,0.875,0.95833333,0.95833333,1.0,0,0,0,0,1
parity_n7,neural,7,iterated_local_search,22,200,200,68,1.0,1.0,0.0,0.96708333,0.875,0.91666667,0.91666667,1.0,1.0,0,0,0,1,1
parity_n7,neural,7,iterated_local_search,23,200,200,,0.95833333,1.0,0.04166667,0.9475,0.875,0.95833333,0.95833333,0.95833333,0.95833333,0,0,0,0,0
parity_n7,neural,7,iterated_local_search,24,200,200,,0.95833333,1.0,0.04166667,0.94541667,0.95833333,0.95833333,0.95833333,0.95833333,0.95833333,0,0,0,0,0
parity_n7,neural,7,iterated_local_search,25,200,200,108,1.0,1.0,0.0,0.95270833,0.83333333,0.83333333,0.91666667,0.95833333,1.0,0,0,0,0,1
parity_n7,neural,7,iterated_local_search,26,200,200,14,1.0,1.0,0.0,0.99083333,1.0,1.0,1.0,1.0,1.0,1,1,1,1,1
parity_n7,neural,7,iterated_local_search,27,200,200,17,1.0,1.0,0.0,0.98791667,0.95833333,1.0,1.0,1.0,1.0,0,1,1,1,1
parity_n7,neural,7,iterated_local_search,28,200,200,14,1.0,1.0,0.0,0.97833333,1.0,1.0,1.0,1.0,1.0,1,1,1,1,1
parity_n7,neural,7,iterated_local_search,29,200,200,,0.95833333,1.0,0.04166667,0.95645833,0.95833333,0.95833333,0.95833333,0.95833333,0.95833333,0,0,0,0,0
parity_n7,neural,7,iterated_local_search,30,200,200,,0.95833333,1.0,0.04166667,0.93395833,0.83333333,0.83333333,0.95833333,0.95833333,0.95833333,0,0,0,0,0
parity_n7,neural,7,iterated_local_search,31,200,200,14,1.0,1.0,0.0,0.99208333,1.0,1.0,1.0,1.0,1.0,1,1,1,1,1
parity_n7,neural,7,iterated_local_search,32,200,200,178,1.0,1.0,0.0,0.95729167,0.95833333,0.95833333,0.95833333,0.95833333,1.0,0,0,0,0,1
parity_n7,neural,7,iterated_local_search,33,200,200,5,1.0,1.0,0.0,0.99583333,1.0,1.0,1.0,1.0,1.0,1,1,1,1,1
parity_n7,neural,7,iterated_local_search,34,200,200,,0.95833333,1.0,0.04166667,0.91291667,0.875,0.875,0.875,0.91666667,0.95833333,0,0,0,0,0
parity_n7,neural,7,iterated_local_search,35,200,200,128,1.0,1.0,0.0,0.94395833,0.875,0.91666667,0.91666667,0.91666667,1.0,0,0,0,0,1
parity_n7,neural,7,iterated_local_search,36,200,200,152,1.0,1.0,0.0,0.94520833,0.875,0.875,0.95833333,0.95833333,1.0,0,0,0,0,1
parity_n7,neural,7,iterated_local_search,37,200,200,,0.95833333,1.0,0.04166667,0.94854167,0.91666667,0.95833333,0.95833333,0.95833333,0.95833333,0,0,0,0,0
parity_n7,neural,7,iterated_local_search,38,200,200,170,1.0,1.0,0.0,0.941875,0.79166667,0.79166667,0.95833333,0.95833333,1.0,0,0,0,0,1
parity_n7,neural,7,iterated_local_search,39,200,200,133,1.0,1.0,0.0,0.95770833,0.83333333,0.875,0.95833333,0.95833333,1.0,0,0,0,0,1
parity_n7,neural,7,ea_elitist,0,200,200,,0.95833333,1.0,0.04166667,0.91520833,0.83333333,0.83333333,0.875,0.95833333,0.95833333,0,0,0,0,0
parity_n7,neural,7,ea_elitist,1,200,200,71,1.0,1.0,0.0,0.96270833,0.875,0.875,0.91666667,1.0,1.0,0,0,0,1,1
parity_n7,neural,7,ea_elitist,2,200,200,88,1.0,1.0,0.0,0.97729167,0.95833333,0.95833333,0.95833333,1.0,1.0,0,0,0,1,1
parity_n7,neural,7,ea_elitist,3,200,200,,0.91666667,1.0,0.08333333,0.90604167,0.875,0.875,0.91666667,0.91666667,0.91666667,0,0,0,0,0
parity_n7,neural,7,ea_elitist,4,200,200,,0.95833333,1.0,0.04166667,0.91729167,0.875,0.875,0.875,0.95833333,0.95833333,0,0,0,0,0
parity_n7,neural,7,ea_elitist,5,200,200,197,1.0,1.0,0.0,0.94583333,0.91666667,0.95833333,0.95833333,0.95833333,1.0,0,0,0,0,1
parity_n7,neural,7,ea_elitist,6,200,200,23,1.0,1.0,0.0,0.97625,0.875,1.0,1.0,1.0,1.0,0,1,1,1,1
parity_n7,neural,7,ea_elitist,7,200,200,,0.95833333,1.0,0.04166667,0.92354167,0.875,0.875,0.875,0.91666667,0.95833333,0,0,0,0,0
parity_n7,neural,7,ea_elitist,8,200,200,,0.95833333,1.0,0.04166667,0.94458333,0.79166667,0.95833333,0.95833333,0.95833333,0.95833333,0,0,0,0,0
parity_n7,neural,7,ea_elitist,9,200,200,,0.95833333,1.0,0.04166667,0.91416667,0.875,0.875,0.875,0.875,0.95833333,0,0,0,0,0
parity_n7,neural,7,ea_elitist,10,200,200,,0.95833333,1.0,0.04166667,0.93770833,0.91666667,0.91666667,0.91666667,0.95833333,0.95833333,0,0,0,0,0
parity_n7,neural,7,ea_elitist,11,200,200,54,1.0,1.0,0.0,0.97958333,0.83333333,0.95833333,0.95833333,1.0,1.0,0,0,0,1,1
parity_n7,neural,7,ea_elitist,12,200,200,162,1.0,1.0,0.0,0.94979167,0.83333333,0.91666667,0.95833333,0.95833333,1.0,0,0,0,0,1
parity_n7,neural,7,ea_elitist,13,200,200,73,1.0,1.0,0.0,0.9625,0.875,0.875,0.95833333,1.0,1.0,0,0,0,1,1
parity_n7,neural,7,ea_elitist,14,200,200,66,1.0,1.0,0.0,0.97,0.875,0.91666667,0.95833333,1.0,1.0,0,0,0,1,1
parity_n7,neural,7,ea_elitist,15,200,200,,0.95833333,1.0,0.04166667,0.92416667,0.875,0.875,0.875,0.95833333,0.95833333,0,0,0,0,0
parity_n7,neural,7,ea_elitist,16,200,200,195,1.0,1.0,0.0,0.940625,0.83333333,0.91666667,0.95833333,0.95833333,1.0,0,0,0,0,1
parity_n7,neural,7,ea_elitist,17,200,200,200,1.0,1.0,0.0,0.93604167,0.83333333,0.91666667,0.91666667,0.95833333,1.0,0,0,0,0,1
parity_n7,neural,7,ea_elitist,18,200,200,,0.95833333,1.0,0.04166667,0.91375,0.83333333,0.83333333,0.91666667,0.91666667,0.95833333,0,0,0,0,0
parity_n7,neural,7,ea_elitist,19,200,200,,0.95833333,1.0,0.04166667,0.91916667,0.79166667,0.79166667,0.875,0.95833333,0.95833333,0,0,0,0,0
parity_n7,neural,7,ea_elitist,20,200,200,,0.95833333,1.0,0.04166667,0.93458333,0.83333333,0.91666667,0.91666667,0.95833333,0.95833333,0,0,0,0,0
parity_n7,neural,7,ea_elitist,21,200,200,95,1.0,1.0,0.0,0.92291667,0.83333333,0.83333333,0.83333333,1.0,1.0,0,0,0,1,1
parity_n7,neural,7,ea_elitist,22,200,200,,0.95833333,1.0,0.04166667,0.94375,0.91666667,0.91666667,0.95833333,0.95833333,0.95833333,0,0,0,0,0
parity_n7,neural,7,ea_elitist,23,200,200,91,1.0,1.0,0.0,0.97375,0.95833333,0.95833333,0.95833333,1.0,1.0,0,0,0,1,1
parity_n7,neural,7,ea_elitist,24,200,200,,0.95833333,1.0,0.04166667,0.94375,0.95833333,0.95833333,0.95833333,0.95833333,0.95833333,0,0,0,0,0
parity_n7,neural,7,ea_elitist,25,200,200,16,1.0,1.0,0.0,0.9875,0.83333333,1.0,1.0,1.0,1.0,0,1,1,1,1
parity_n7,neural,7,ea_elitist,26,200,200,42,1.0,1.0,0.0,0.98458333,0.95833333,0.95833333,1.0,1.0,1.0,0,0,1,1,1
parity_n7,neural,7,ea_elitist,27,200,200,,0.95833333,1.0,0.04166667,0.94791667,0.91666667,0.91666667,0.95833333,0.95833333,0.95833333,0,0,0,0,0
parity_n7,neural,7,ea_elitist,28,200,200,37,1.0,1.0,0.0,0.96625,0.83333333,0.83333333,1.0,1.0,1.0,0,0,1,1,1
parity_n7,neural,7,ea_elitist,29,200,200,,0.95833333,1.0,0.04166667,0.92104167,0.83333333,0.91666667,0.91666667,0.95833333,0.95833333,0,0,0,0,0
parity_n7,neural,7,ea_elitist,30,200,200,26,1.0,1.0,0.0,0.98229167,0.875,0.875,1.0,1.0,1.0,0,0,1,1,1
parity_n7,neural,7,ea_elitist,31,200,200,56,1.0,1.0,0.0,0.95583333,0.83333333,0.875,0.875,1.0,1.0,0,0,0,1,1
parity_n7,neural,7,ea_elitist,32,200,200,,0.95833333,1.0,0.04166667,0.91604167,0.83333333,0.91666667,0.91666667,0.91666667,0.95833333,0,0,0,0,0
parity_n7,neural,7,ea_elitist,33,200,200,,0.95833333,1.0,0.04166667,0.95416667,0.95833333,0.95833333,0.95833333,0.95833333,0.95833333,0,0,0,0,0
parity_n7,neural,7,ea_elitist,34,200,200,165,1.0,1.0,0.0,0.92395833,0.91666667,0.91666667,0.91666667,0.91666667,1.0,0,0,0,0,1
parity_n7,neural,7,ea_elitist,35,200,200,,0.95833333,1.0,0.04166667,0.94916667,0.875,0.95833333,0.95833333,0.95833333,0.95833333,0,0,0,0,0
parity_n7,neural,7,ea_elitist,36,200,200,,0.95833333,1.0,0.04166667,0.903125,0.875,0.875,0.875,0.91666667,0.95833333,0,0,0,0,0
parity_n7,neural,7,ea_elitist,37,200,200,171,1.0,1.0,0.0,0.95416667,0.875,0.95833333,0.95833333,0.95833333,1.0,0,0,0,0,1
parity_n7,neural,7,ea_elitist,38,200,200,,0.95833333,1.0,0.04166667,0.91583333,0.83333333,0.875,0.91666667,0.91666667,0.95833333,0,0,0,0,0
parity_n7,neural,7,ea_elitist,39,200,200,,0.95833333,1.0,0.04166667,0.95,0.95833333,0.95833333,0.95833333,0.95833333,0.95833333,0,0,0,0,0
parity_n7,neural,7,ea_aging,0,200,200,,0.95833333,1.0,0.04166667,0.93333333,0.83333333,0.83333333,0.95833333,0.95833333,0.95833333,0,0,0,0,0
parity_n7,neural,7,ea_aging,1,200,200,172,1.0,1.0,0.0,0.90833333,0.875,0.875,0.875,0.875,1.0,0,0,0,0,1
parity_n7,neural,7,ea_aging,2,200,200,,0.95833333,1.0,0.04166667,0.95375,0.95833333,0.95833333,0.95833333,0.95833333,0.95833333,0,0,0,0,0
parity_n7,neural,7,ea_aging,3,200,200,58,1.0,1.0,0.0,0.97020833,0.875,0.875,0.95833333,1.0,1.0,0,0,0,1,1
parity_n7,neural,7,ea_aging,4,200,200,159,1.0,1.0,0.0,0.90708333,0.875,0.875,0.875,0.875,1.0,0,0,0,0,1
parity_n7,neural,7,ea_aging,5,200,200,38,1.0,1.0,0.0,0.97895833,0.91666667,0.95833333,1.0,1.0,1.0,0,0,1,1,1
parity_n7,neural,7,ea_aging,6,200,200,52,1.0,1.0,0.0,0.960625,0.875,0.875,0.95833333,1.0,1.0,0,0,0,1,1
parity_n7,neural,7,ea_aging,7,200,200,,0.95833333,1.0,0.04166667,0.93979167,0.875,0.875,0.95833333,0.95833333,0.95833333,0,0,0,0,0
parity_n7,neural,7,ea_aging,8,200,200,,0.95833333,1.0,0.04166667,0.94458333,0.79166667,0.95833333,0.95833333,0.95833333,0.95833333,0,0,0,0,0
parity_n7,neural,7,ea_aging,9,200,200,86,1.0,1.0,0.0,0.95270833,0.875,0.875,0.875,1.0,1.0,0,0,0,1,1
parity_n7,neural,7,ea_aging,10,200,200,26,1.0,1.0,0.0,0.98395833,0.91666667,0.91666667,1.0,1.0,1.0,0,0,1,1,1
parity_n7,neural,7,ea_aging,11,200,200,,0.95833333,1.0,0.04166667,0.94895833,0.83333333,0.95833333,0.95833333,0.95833333,0.95833333,0,0,0,0,0
parity_n7,neural,7,ea_aging,12,200,200,,0.95833333,1.0,0.04166667,0.92708333,0.83333333,0.91666667,0.91666667,0.95833333,0.95833333,0,0,0,0,0
parity_n7,neural,7,ea_aging,13,200,200,138,1.0,1.0,0.0,0.94416667,0.875,0.875,0.91666667,0.95833333,1.0,0,0,0,0,1
parity_n7,neural,7,ea_aging,14,200,200,,0.95833333,1.0,0.04166667,0.941875,0.875,0.875,0.95833333,0.95833333,0.95833333,0,0,0,0,0
parity_n7,neural,7,ea_aging,15,200,200,,0.95833333,1.0,0.04166667,0.911875,0.875,0.875,0.875,0.91666667,0.95833333,0,0,0,0,0
parity_n7,neural,7,ea_aging,16,200,200,67,1.0,1.0,0.0,0.95520833,0.83333333,0.875,0.875,1.0,1.0,0,0,0,1,1
parity_n7,neural,7,ea_aging,17,200,200,,0.95833333,1.0,0.04166667,0.93708333,0.83333333,0.83333333,0.95833333,0.95833333,0.95833333,0,0,0,0,0
parity_n7,neural,7,ea_aging,18,200,200,,0.95833333,1.0,0.04166667,0.87354167,0.83333333,0.83333333,0.83333333,0.83333333,0.95833333,0,0,0,0,0
parity_n7,neural,7,ea_aging,19,200,200,,0.95833333,1.0,0.04166667,0.92583333,0.79166667,0.91666667,0.91666667,0.95833333,0.95833333,0,0,0,0,0
parity_n7,neural,7,ea_aging,20,200,200,,0.95833333,1.0,0.04166667,0.92770833,0.83333333,0.83333333,0.95833333,0.95833333,0.95833333,0,0,0,0,0
parity_n7,neural,7,ea_aging,21,200,200,,0.95833333,1.0,0.04166667,0.92145833,0.83333333,0.83333333,0.91666667,0.91666667,0.95833333,0,0,0,0,0
parity_n7,neural,7,ea_aging,22,200,200,,0.95833333,1.0,0.04166667,0.93979167,0.91666667,0.91666667,0.91666667,0.95833333,0.95833333,0,0,0,0,0
parity_n7,neural,7,ea_aging,23,200,200,,0.95833333,1.0,0.04166667,0.95083333,0.95833333,0.95833333,0.95833333,0.95833333,0.95833333,0,0,0,0,0
parity_n7,neural,7,ea_aging,24,200,200,,0.95833333,1.0,0.04166667,0.94375,0.95833333,0.95833333,0.95833333,0.95833333,0.95833333,0,0,0,0,0
parity_n7,neural,7,ea_aging,25,200,200,16,1.0,1.0,0.0,0.9875,0.83333333,1.0,1.0,1.0,1.0,0,1,1,1,1
parity_n7,neural,7,ea_aging,26,200,200,162,1.0,1.0,0.0,0.95958333,0.95833333,0.95833333,0.95833333,0.95833333,1.0,0,0,0,0,1
parity_n7,neural,7,ea_aging,27,200,200,,0.95833333,1.0,0.04166667,0.926875,0.91666667,0.91666667,0.91666667,0.91666667,0.95833333,0,0,0,0,0
parity_n7,neural,7,ea_aging,28,200,200,,0.95833333,1.0,0.04166667,0.90958333,0.83333333,0.83333333,0.875,0.95833333,0.95833333,0,0,0,0,0
parity_n7,neural,7,ea_aging,29,200,200,,0.95833333,1.0,0.04166667,0.9175,0.83333333,0.91666667,0.91666667,0.95833333,0.95833333,0,0,0,0,0
parity_n7,neural,7,ea_aging,30,200,200,,0.95833333,1.0,0.04166667,0.94770833,0.875,0.95833333,0.95833333,0.95833333,0.95833333,0,0,0,0,0
parity_n7,neural,7,ea_aging,31,200,200,,0.95833333,1.0,0.04166667,0.90625,0.83333333,0.83333333,0.91666667,0.91666667,0.95833333,0,0,0,0,0
parity_n7,neural,7,ea_aging,32,200,200,136,1.0,1.0,0.0,0.946875,0.83333333,0.83333333,0.95833333,0.95833333,1.0,0,0,0,0,1
parity_n7,neural,7,ea_aging,33,200,200,,0.95833333,1.0,0.04166667,0.95416667,0.95833333,0.95833333,0.95833333,0.95833333,0.95833333,0,0,0,0,0
parity_n7,neural,7,ea_aging,34,200,200,89,1.0,1.0,0.0,0.95770833,0.91666667,0.91666667,0.91666667,1.0,1.0,0,0,0,1,1
parity_n7,neural,7,ea_aging,35,200,200,49,1.0,1.0,0.0,0.97333333,0.875,0.875,1.0,1.0,1.0,0,0,1,1,1
parity_n7,neural,7,ea_aging,36,200,200,,0.95833333,1.0,0.04166667,0.9125,0.875,0.875,0.875,0.91666667,0.95833333,0,0,0,0,0
parity_n7,neural,7,ea_aging,37,200,200,,0.95833333,1.0,0.04166667,0.94708333,0.875,0.875,0.95833333,0.95833333,0.95833333,0,0,0,0,0
parity_n7,neural,7,ea_aging,38,200,200,,0.95833333,1.0,0.04166667,0.91583333,0.83333333,0.83333333,0.91666667,0.91666667,0.95833333,0,0,0,0,0
parity_n7,neural,7,ea_aging,39,200,200,,0.95833333,1.0,0.04166667,0.95,0.95833333,0.95833333,0.95833333,0.95833333,0.95833333,0,0,0,0,0
parity_n7,neural,7,ea_portfolio,0,200,200,104,1.0,1.0,0.0,0.91958333,0.83333333,0.83333333,0.83333333,0.875,1.0,0,0,0,0,1
parity_n7,neural,7,ea_portfolio,1,200,200,,0.95833333,1.0,0.04166667,0.896875,0.875,0.875,0.875,0.875,0.95833333,0,0,0,0,0
parity_n7,neural,7,ea_portfolio,2,200,200,,0.95833333,1.0,0.04166667,0.95375,0.95833333,0.95833333,0.95833333,0.95833333,0.95833333,0,0,0,0,0
parity_n7,neural,7,ea_portfolio,3,200,200,,0.95833333,1.0,0.04166667,0.91291667,0.875,0.875,0.875,0.91666667,0.95833333,0,0,0,0,0
parity_n7,neural,7,ea_portfolio,4,200,200,,0.95833333,1.0,0.04166667,0.93791667,0.875,0.875,0.91666667,0.95833333,0.95833333,0,0,0,0,0
parity_n7,neural,7,ea_portfolio,5,200,200,,0.95833333,1.0,0.04166667,0.945,0.91666667,0.95833333,0.95833333,0.95833333,0.95833333,0,0,0,0,0
parity_n7,neural,7,ea_portfolio,6,200,200,145,1.0,1.0,0.0,0.92895833,0.875,0.875,0.875,0.95833333,1.0,0,0,0,0,1
parity_n7,neural,7,ea_portfolio,7,200,200,,0.95833333,1.0,0.04166667,0.94020833,0.875,0.91666667,0.91666667,0.95833333,0.95833333,0,0,0,0,0
parity_n7,neural,7,ea_portfolio,8,200,200,102,1.0,1.0,0.0,0.96520833,0.79166667,0.95833333,0.95833333,0.95833333,1.0,0,0,0,0,1
parity_n7,neural,7,ea_portfolio,9,200,200,,0.91666667,1.0,0.08333333,0.90104167,0.875,0.875,0.875,0.91666667,0.91666667,0,0,0,0,0
parity_n7,neural,7,ea_portfolio,10,200,200,,0.95833333,1.0,0.04166667,0.93208333,0.91666667,0.91666667,0.91666667,0.95833333,0.95833333,0,0,0,0,0
parity_n7,neural,7,ea_portfolio,11,200,200,,0.95833333,1.0,0.04166667,0.94895833,0.83333333,0.95833333,0.95833333,0.95833333,0.95833333,0,0,0,0,0
parity_n7,neural,7,ea_portfolio,12,200,200,,0.95833333,1.0,0.04166667,0.93895833,0.83333333,0.91666667,0.95833333,0.95833333,0.95833333,0,0,0,0,0
parity_n7,neural,7,ea_portfolio,13,200,200,46,1.0,1.0,0.0,0.97020833,0.875,0.875,1.0,1.0,1.0,0,0,1,1,1
parity_n7,neural,7,ea_portfolio,14,200,200,168,1.0,1.0,0.0,0.94229167,0.875,0.875,0.91666667,0.95833333,1.0,0,0,0,0,1
parity_n7,neural,7,ea_portfolio,15,200,200,40,1.0,1.0,0.0,0.97229167,0.875,0.875,1.0,1.0,1.0,0,0,1,1,1
parity_n7,neural,7,ea_portfolio,16,200,200,79,1.0,1.0,0.0,0.94645833,0.83333333,0.875,0.875,1.0,1.0,0,0,0,1,1
parity_n7,neural,7,ea_portfolio,17,200,200,171,1.0,1.0,0.0,0.945,0.83333333,0.83333333,0.95833333,0.95833333,1.0,0,0,0,0,1
parity_n7,neural,7,ea_portfolio,18,200,200,99,1.0,1.0,0.0,0.95791667,0.83333333,0.83333333,0.95833333,1.0,1.0,0,0,0,1,1
parity_n7,neural,7,ea_portfolio,19,200,200,146,1.0,1.0,0.0,0.92583333,0.79166667,0.79166667,0.91666667,0.95833333,1.0,0,0,0,0,1
parity_n7,neural,7,ea_portfolio,20,200,200,,0.95833333,1.0,0.04166667,0.94458333,0.83333333,0.95833333,0.95833333,0.95833333,0.95833333,0,0,0,0,0
parity_n7,neural,7,ea_portfolio,21,200,200,,0.95833333,1.0,0.04166667,0.93604167,0.83333333,0.83333333,0.95833333,0.95833333,0.95833333,0,0,0,0,0
parity_n7,neural,7,ea_portfolio,22,200,200,37,1.0,1.0,0.0,0.978125,0.91666667,0.91666667,1.0,1.0,1.0,0,0,1,1,1
parity_n7,neural,7,ea_portfolio,23,200,200,,0.95833333,1.0,0.04166667,0.95083333,0.95833333,0.95833333,0.95833333,0.95833333,0.95833333,0,0,0,0,0
parity_n7,neural,7,ea_portfolio,24,200,200,,0.95833333,1.0,0.04166667,0.94375,0.95833333,0.95833333,0.95833333,0.95833333,0.95833333,0,0,0,0,0
parity_n7,neural,7,ea_portfolio,25,200,200,16,1.0,1.0,0.0,0.9875,0.83333333,1.0,1.0,1.0,1.0,0,1,1,1,1
parity_n7,neural,7,ea_portfolio,26,200,200,,0.95833333,1.0,0.04166667,0.95145833,0.95833333,0.95833333,0.95833333,0.95833333,0.95833333,0,0,0,0,0
parity_n7,neural,7,ea_portfolio,27,200,200,,0.95833333,1.0,0.04166667,0.934375,0.91666667,0.91666667,0.91666667,0.95833333,0.95833333,0,0,0,0,0
parity_n7,neural,7,ea_portfolio,28,200,200,,0.91666667,1.0,0.08333333,0.90270833,0.83333333,0.91666667,0.91666667,0.91666667,0.91666667,0,0,0,0,0
parity_n7,neural,7,ea_portfolio,29,200,200,115,1.0,1.0,0.0,0.94875,0.83333333,0.91666667,0.95833333,0.95833333,1.0,0,0,0,0,1
parity_n7,neural,7,ea_portfolio,30,200,200,23,1.0,1.0,0.0,0.98479167,0.875,1.0,1.0,1.0,1.0,0,1,1,1,1
parity_n7,neural,7,ea_portfolio,31,200,200,,0.95833333,1.0,0.04166667,0.88479167,0.83333333,0.83333333,0.83333333,0.91666667,0.95833333,0,0,0,0,0
parity_n7,neural,7,ea_portfolio,32,200,200,34,1.0,1.0,0.0,0.96833333,0.83333333,0.83333333,1.0,1.0,1.0,0,0,1,1,1
parity_n7,neural,7,ea_portfolio,33,200,200,,0.95833333,1.0,0.04166667,0.95416667,0.95833333,0.95833333,0.95833333,0.95833333,0.95833333,0,0,0,0,0
parity_n7,neural,7,ea_portfolio,34,200,200,,0.95833333,1.0,0.04166667,0.94416667,0.91666667,0.91666667,0.95833333,0.95833333,0.95833333,0,0,0,0,0
parity_n7,neural,7,ea_portfolio,35,200,200,47,1.0,1.0,0.0,0.97333333,0.875,0.875,1.0,1.0,1.0,0,0,1,1,1
parity_n7,neural,7,ea_portfolio,36,200,200,,0.95833333,1.0,0.04166667,0.91020833,0.875,0.875,0.875,0.91666667,0.95833333,0,0,0,0,0
parity_n7,neural,7,ea_portfolio,37,200,200,100,1.0,1.0,0.0,0.959375,0.875,0.875,0.95833333,1.0,1.0,0,0,0,1,1
parity_n7,neural,7,ea_portfolio,38,200,200,84,1.0,1.0,0.0,0.94520833,0.83333333,0.875,0.875,1.0,1.0,0,0,0,1,1
parity_n7,neural,7,ea_portfolio,39,200,200,,0.95833333,1.0,0.04166667,0.95,0.95833333,0.95833333,0.95833333,0.95833333,0.95833333,0,0,0,0,0
parity_n7,neural,7,surrogate_positional,0,200,200,197,1.0,1.0,0.0,0.92979167,0.83333333,0.91666667,0.91666667,0.95833333,1.0,0,0,0,0,1
parity_n7,neural,7,surrogate_positional,1,200,200,,0.95833333,1.0,0.04166667,0.95208333,0.95833333,0.95833333,0.95833333,0.95833333,0.95833333,0,0,0,0,0
parity_n7,neural,7,surrogate_positional,2,200,200,87,1.0,1.0,0.0,0.9775,0.95833333,0.95833333,0.95833333,1.0,1.0,0,0,0,1,1
parity_n7,neural,7,surrogate_positional,3,200,200,,0.95833333,1.0,0.04166667,0.92708333,0.875,0.875,0.91666667,0.91666667,0.95833333,0,0,0,0,0
parity_n7,neural,7,surrogate_positional,4,200,200,,0.91666667,1.0,0.08333333,0.90833333,0.875,0.875,0.91666667,0.91666667,0.91666667,0,0,0,0,0
parity_n7,neural,7,surrogate_positional,5,200,200,,0.95833333,1.0,0.04166667,0.92229167,0.79166667,0.875,0.91666667,0.95833333,0.95833333,0,0,0,0,0
parity_n7,neural,7,surrogate_positional,6,200,200,,0.95833333,1.0,0.04166667,0.93416667,0.83333333,0.875,0.95833333,0.95833333,0.95833333,0,0,0,0,0
parity_n7,neural,7,surrogate_positional,7,200,200,,0.95833333,1.0,0.04166667,0.93916667,0.875,0.91666667,0.91666667,0.95833333,0.95833333,0,0,0,0,0
parity_n7,neural,7,surrogate_positional,8,200,200,,0.95833333,1.0,0.04166667,0.93333333,0.875,0.875,0.91666667,0.95833333,0.95833333,0,0,0,0,0
parity_n7,neural,7,surrogate_positional,9,200,200,,0.95833333,1.0,0.04166667,0.94270833,0.875,0.875,0.95833333,0.95833333,0.95833333,0,0,0,0,0
parity_n7,neural,7,surrogate_positional,10,200,200,,0.95833333,1.0,0.04166667,0.94270833,0.91666667,0.91666667,0.95833333,0.95833333,0.95833333,0,0,0,0,0
parity_n7,neural,7,surrogate_positional,11,200,200,108,1.0,1.0,0.0,0.96479167,0.91666667,0.91666667,0.95833333,0.95833333,1.0,0,0,0,0,1
parity_n7,neural,7,surrogate_positional,12,200,200,24,1.0,1.0,0.0,0.97895833,0.83333333,1.0,1.0,1.0,1.0,0,1,1,1,1
parity_n7,neural,7,surrogate_positional,13,200,200,15,1.0,1.0,0.0,0.98583333,1.0,1.0,1.0,1.0,1.0,1,1,1,1,1
parity_n7,neural,7,surrogate_positional,14,200,200,,0.95833333,1.0,0.04166667,0.93458333,0.875,0.875,0.95833333,0.95833333,0.95833333,0,0,0,0,0
parity_n7,neural,7,surrogate_positional,15,200,200,134,1.0,1.0,0.0,0.921875,0.875,0.875,0.875,0.875,1.0,0,0,0,0,1
parity_n7,neural,7,surrogate_positional,16,200,200,,0.95833333,1.0,0.04166667,0.93354167,0.79166667,0.79166667,0.95833333,0.95833333,0.95833333,0,0,0,0,0
parity_n7,neural,7,surrogate_positional,17,200,200,,0.95833333,1.0,0.04166667,0.934375,0.91666667,0.91666667,0.91666667,0.95833333,0.95833333,0,0,0,0,0
parity_n7,neural,7,surrogate_positional,18,200,200,93,1.0,1.0,0.0,0.965,0.79166667,0.95833333,0.95833333,1.0,1.0,0,0,0,1,1
parity_n7,neural,7,surrogate_positional,19,200,200,112,1.0,1.0,0.0,0.959375,0.95833333,0.95833333,0.95833333,0.95833333,1.0,0,0,0,0,1
parity_n7,neural,7,surrogate_positional,20,200,200,169,1.0,1.0,0.0,0.94208333,0.83333333,0.875,0.95833333,0.95833333,1.0,0,0,0,0,1
parity_n7,neural,7,surrogate_positional,21,200,200,67,1.0,1.0,0.0,0.97375,0.91666667,0.95833333,0.95833333,1.0,1.0,0,0,0,1,1
parity_n7,neural,7,surrogate_positional,22,200,200,112,1.0,1.0,0.0,0.96791667,0.95833333,0.95833333,0.95833333,0.95833333,1.0,0,0,0,0,1
parity_n7,neural,7,surrogate_positional,23,200,200,,0.95833333,1.0,0.04166667,0.95083333,0.95833333,0.95833333,0.95833333,0.95833333,0.95833333,0,0,0,0,0
parity_n7,neural,7,surrogate_positional,24,200,200,,0.95833333,1.0,0.04166667,0.92583333,0.83333333,0.91666667,0.91666667,0.95833333,0.95833333,0,0,0,0,0
parity_n7,neural,7,surrogate_positional,25,200,200,192,1.0,1.0,0.0,0.934375,0.83333333,0.83333333,0.95833333,0.95833333,1.0,0,0,0,0,1
parity_n7,neural,7,surrogate_positional,26,200,200,43,1.0,1.0,0.0,0.984375,0.95833333,0.95833333,1.0,1.0,1.0,0,0,1,1,1
parity_n7,neural,7,surrogate_positional,27,200,200,,0.95833333,1.0,0.04166667,0.9175,0.875,0.875,0.875,0.91666667,0.95833333,0,0,0,0,0
parity_n7,neural,7,surrogate_positional,28,200,200,102,1.0,1.0,0.0,0.96770833,0.95833333,0.95833333,0.95833333,0.95833333,1.0,0,0,0,0,1
parity_n7,neural,7,surrogate_positional,29,200,200,,0.95833333,1.0,0.04166667,0.898125,0.75,0.79166667,0.875,0.95833333,0.95833333,0,0,0,0,0
parity_n7,neural,7,surrogate_positional,30,200,200,,0.91666667,1.0,0.08333333,0.89479167,0.83333333,0.83333333,0.875,0.91666667,0.91666667,0,0,0,0,0
parity_n7,neural,7,surrogate_positional,31,200,200,,0.95833333,1.0,0.04166667,0.94666667,0.95833333,0.95833333,0.95833333,0.95833333,0.95833333,0,0,0,0,0
parity_n7,neural,7,surrogate_positional,32,200,200,,0.95833333,1.0,0.04166667,0.94041667,0.83333333,0.95833333,0.95833333,0.95833333,0.95833333,0,0,0,0,0
parity_n7,neural,7,surrogate_positional,33,200,200,,0.95833333,1.0,0.04166667,0.95416667,0.95833333,0.95833333,0.95833333,0.95833333,0.95833333,0,0,0,0,0
parity_n7,neural,7,surrogate_positional,34,200,200,,0.95833333,1.0,0.04166667,0.94458333,0.91666667,0.91666667,0.95833333,0.95833333,0.95833333,0,0,0,0,0
parity_n7,neural,7,surrogate_positional,35,200,200,,0.95833333,1.0,0.04166667,0.936875,0.875,0.875,0.91666667,0.95833333,0.95833333,0,0,0,0,0
parity_n7,neural,7,surrogate_positional,36,200,200,,0.95833333,1.0,0.04166667,0.89395833,0.70833333,0.75,0.91666667,0.91666667,0.95833333,0,0,0,0,0
parity_n7,neural,7,surrogate_positional,37,200,200,178,1.0,1.0,0.0,0.935,0.875,0.875,0.875,0.95833333,1.0,0,0,0,0,1
parity_n7,neural,7,surrogate_positional,38,200,200,,0.95833333,1.0,0.04166667,0.94166667,0.83333333,0.95833333,0.95833333,0.95833333,0.95833333,0,0,0,0,0
parity_n7,neural,7,surrogate_positional,39,200,200,,0.95833333,1.0,0.04166667,0.938125,0.83333333,0.83333333,0.95833333,0.95833333,0.95833333,0,0,0,0,0
parity_n7,neural,7,surrogate_precedence,0,200,200,35,1.0,1.0,0.0,0.97229167,0.79166667,0.95833333,1.0,1.0,1.0,0,0,1,1,1
parity_n7,neural,7,surrogate_precedence,1,200,200,,0.95833333,1.0,0.04166667,0.91041667,0.83333333,0.875,0.875,0.875,0.95833333,0,0,0,0,0
parity_n7,neural,7,surrogate_precedence,2,200,200,,0.95833333,1.0,0.04166667,0.95375,0.95833333,0.95833333,0.95833333,0.95833333,0.95833333,0,0,0,0,0
parity_n7,neural,7,surrogate_precedence,3,200,200,,0.91666667,1.0,0.08333333,0.90770833,0.875,0.875,0.91666667,0.91666667,0.91666667,0,0,0,0,0
parity_n7,neural,7,surrogate_precedence,4,200,200,198,1.0,1.0,0.0,0.95083333,0.95833333,0.95833333,0.95833333,0.95833333,1.0,0,0,0,0,1
parity_n7,neural,7,surrogate_precedence,5,200,200,169,1.0,1.0,0.0,0.953125,0.95833333,0.95833333,0.95833333,0.95833333,1.0,0,0,0,0,1
parity_n7,neural,7,surrogate_precedence,6,200,200,139,1.0,1.0,0.0,0.946875,0.875,0.875,0.95833333,0.95833333,1.0,0,0,0,0,1
parity_n7,neural,7,surrogate_precedence,7,200,200,,0.95833333,1.0,0.04166667,0.93770833,0.875,0.875,0.95833333,0.95833333,0.95833333,0,0,0,0,0
parity_n7,neural,7,surrogate_precedence,8,200,200,,0.95833333,1.0,0.04166667,0.920625,0.83333333,0.83333333,0.875,0.95833333,0.95833333,0,0,0,0,0
parity_n7,neural,7,surrogate_precedence,9,200,200,,0.95833333,1.0,0.04166667,0.91229167,0.875,0.875,0.875,0.91666667,0.95833333,0,0,0,0,0
parity_n7,neural,7,surrogate_precedence,10,200,200,,0.95833333,1.0,0.04166667,0.94041667,0.91666667,0.91666667,0.91666667,0.95833333,0.95833333,0,0,0,0,0
parity_n7,neural,7,surrogate_precedence,11,200,200,,0.95833333,1.0,0.04166667,0.94208333,0.83333333,0.875,0.95833333,0.95833333,0.95833333,0,0,0,0,0
parity_n7,neural,7,surrogate_precedence,12,200,200,109,1.0,1.0,0.0,0.94770833,0.79166667,0.79166667,0.95833333,0.95833333,1.0,0,0,0,0,1
parity_n7,neural,7,surrogate_precedence,13,200,200,132,1.0,1.0,0.0,0.955625,0.91666667,0.91666667,0.95833333,0.95833333,1.0,0,0,0,0,1
parity_n7,neural,7,surrogate_precedence,14,200,200,,0.95833333,1.0,0.04166667,0.92666667,0.83333333,0.83333333,0.875,0.95833333,0.95833333,0,0,0,0,0
parity_n7,neural,7,surrogate_precedence,15,200,200,,0.95833333,1.0,0.04166667,0.94541667,0.875,0.95833333,0.95833333,0.95833333,0.95833333,0,0,0,0,0
parity_n7,neural,7,surrogate_precedence,16,200,200,,0.95833333,1.0,0.04166667,0.94166667,0.91666667,0.91666667,0.95833333,0.95833333,0.95833333,0,0,0,0,0
parity_n7,neural,7,surrogate_precedence,17,200,200,,0.95833333,1.0,0.04166667,0.92916667,0.83333333,0.875,0.91666667,0.95833333,0.95833333,0,0,0,0,0
parity_n7,neural,7,surrogate_precedence,18,200,200,,0.95833333,1.0,0.04166667,0.94166667,0.79166667,0.95833333,0.95833333,0.95833333,0.95833333,0,0,0,0,0
parity_n7,neural,7,surrogate_precedence,19,200,200,31,1.0,1.0,0.0,0.97604167,0.91666667,0.95833333,1.0,1.0,1.0,0,0,1,1,1
parity_n7,neural,7,surrogate_precedence,20,200,200,,0.95833333,1.0,0.04166667,0.95083333,0.95833333,0.95833333,0.95833333,0.95833333,0.95833333,0,0,0,0,0
parity_n7,neural,7,surrogate_precedence,21,200,200,,0.91666667,1.0,0.08333333,0.89833333,0.83333333,0.83333333,0.91666667,0.91666667,0.91666667,0,0,0,0,0
parity_n7,neural,7,surrogate_precedence,22,200,200,,0.95833333,1.0,0.04166667,0.94458333,0.91666667,0.91666667,0.95833333,0.95833333,0.95833333,0,0,0,0,0
parity_n7,neural,7,surrogate_precedence,23,200,200,182,1.0,1.0,0.0,0.95479167,0.95833333,0.95833333,0.95833333,0.95833333,1.0,0,0,0,0,1
parity_n7,neural,7,surrogate_precedence,24,200,200,124,1.0,1.0,0.0,0.925625,0.83333333,0.83333333,0.91666667,0.91666667,1.0,0,0,0,0,1
parity_n7,neural,7,surrogate_precedence,25,200,200,,0.95833333,1.0,0.04166667,0.95208333,0.95833333,0.95833333,0.95833333,0.95833333,0.95833333,0,0,0,0,0
parity_n7,neural,7,surrogate_precedence,26,200,200,,0.95833333,1.0,0.04166667,0.95145833,0.95833333,0.95833333,0.95833333,0.95833333,0.95833333,0,0,0,0,0
parity_n7,neural,7,surrogate_precedence,27,200,200,36,1.0,1.0,0.0,0.97895833,0.875,0.91666667,1.0,1.0,1.0,0,0,1,1,1
parity_n7,neural,7,surrogate_precedence,28,200,200,13,1.0,1.0,0.0,0.985625,1.0,1.0,1.0,1.0,1.0,1,1,1,1,1
parity_n7,neural,7,surrogate_precedence,29,200,200,,0.95833333,1.0,0.04166667,0.93541667,0.79166667,0.95833333,0.95833333,0.95833333,0.95833333,0,0,0,0,0
parity_n7,neural,7,surrogate_precedence,30,200,200,11,1.0,1.0,0.0,0.99166667,1.0,1.0,1.0,1.0,1.0,1,1,1,1,1
parity_n7,neural,7,surrogate_precedence,31,200,200,,0.95833333,1.0,0.04166667,0.90395833,0.83333333,0.875,0.875,0.875,0.95833333,0,0,0,0,0
parity_n7,neural,7,surrogate_precedence,32,200,200,103,1.0,1.0,0.0,0.94895833,0.83333333,0.83333333,0.91666667,0.95833333,1.0,0,0,0,0,1
parity_n7,neural,7,surrogate_precedence,33,200,200,144,1.0,1.0,0.0,0.96604167,0.95833333,0.95833333,0.95833333,0.95833333,1.0,0,0,0,0,1
parity_n7,neural,7,surrogate_precedence,34,200,200,47,1.0,1.0,0.0,0.96583333,0.875,0.875,1.0,1.0,1.0,0,0,1,1,1
parity_n7,neural,7,surrogate_precedence,35,200,200,,0.95833333,1.0,0.04166667,0.94333333,0.875,0.875,0.95833333,0.95833333,0.95833333,0,0,0,0,0
parity_n7,neural,7,surrogate_precedence,36,200,200,,0.95833333,1.0,0.04166667,0.941875,0.95833333,0.95833333,0.95833333,0.95833333,0.95833333,0,0,0,0,0
parity_n7,neural,7,surrogate_precedence,37,200,200,,0.91666667,1.0,0.08333333,0.90520833,0.875,0.875,0.875,0.91666667,0.91666667,0,0,0,0,0
parity_n7,neural,7,surrogate_precedence,38,200,200,28,1.0,1.0,0.0,0.97520833,0.83333333,0.95833333,1.0,1.0,1.0,0,0,1,1,1
parity_n7,neural,7,surrogate_precedence,39,200,200,152,1.0,1.0,0.0,0.93041667,0.79166667,0.83333333,0.875,0.95833333,1.0,0,0,0,0,1
parity_n7,neural,7,eda_precedence,0,200,200,172,1.0,1.0,0.0,0.90375,0.83333333,0.83333333,0.875,0.91666667,1.0,0,0,0,0,1
parity_n7,neural,7,eda_precedence,1,200,200,136,1.0,1.0,0.0,0.94229167,0.83333333,0.875,0.875,0.95833333,1.0,0,0,0,0,1
parity_n7,neural,7,eda_precedence,2,200,200,,0.95833333,1.0,0.04166667,0.95375,0.95833333,0.95833333,0.95833333,0.95833333,0.95833333,0,0,0,0,0
parity_n7,neural,7,eda_precedence,3,200,200,,0.91666667,1.0,0.08333333,0.90520833,0.875,0.875,0.91666667,0.91666667,0.91666667,0,0,0,0,0
parity_n7,neural,7,eda_precedence,4,200,200,,0.91666667,1.0,0.08333333,0.91145833,0.91666667,0.91666667,0.91666667,0.91666667,0.91666667,0,0,0,0,0
parity_n7,neural,7,eda_precedence,5,200,200,,0.95833333,1.0,0.04166667,0.938125,0.79166667,0.95833333,0.95833333,0.95833333,0.95833333,0,0,0,0,0
parity_n7,neural,7,eda_precedence,6,200,200,,0.95833333,1.0,0.04166667,0.94166667,0.83333333,0.95833333,0.95833333,0.95833333,0.95833333,0,0,0,0,0
parity_n7,neural,7,eda_precedence,7,200,200,,0.95833333,1.0,0.04166667,0.92458333,0.875,0.875,0.91666667,0.91666667,0.95833333,0,0,0,0,0
parity_n7,neural,7,eda_precedence,8,200,200,123,1.0,1.0,0.0,0.915,0.79166667,0.875,0.875,0.875,1.0,0,0,0,0,1
parity_n7,neural,7,eda_precedence,9,200,200,,0.95833333,1.0,0.04166667,0.95291667,0.95833333,0.95833333,0.95833333,0.95833333,0.95833333,0,0,0,0,0
parity_n7,neural,7,eda_precedence,10,200,200,14,1.0,1.0,0.0,0.98895833,1.0,1.0,1.0,1.0,1.0,1,1,1,1,1
parity_n7,neural,7,eda_precedence,11,200,200,,0.95833333,1.0,0.04166667,0.94270833,0.83333333,0.91666667,0.95833333,0.95833333,0.95833333,0,0,0,0,0
parity_n7,neural,7,eda_precedence,12,200,200,,0.95833333,1.0,0.04166667,0.93645833,0.79166667,0.875,0.95833333,0.95833333,0.95833333,0,0,0,0,0
parity_n7,neural,7,eda_precedence,13,200,200,34,1.0,1.0,0.0,0.983125,0.95833333,0.95833333,1.0,1.0,1.0,0,0,1,1,1
parity_n7,neural,7,eda_precedence,14,200,200,,0.95833333,1.0,0.04166667,0.948125,0.95833333,0.95833333,0.95833333,0.95833333,0.95833333,0,0,0,0,0
parity_n7,neural,7,eda_precedence,15,200,200,,0.95833333,1.0,0.04166667,0.93083333,0.875,0.875,0.875,0.95833333,0.95833333,0,0,0,0,0
parity_n7,neural,7,eda_precedence,16,200,200,35,1.0,1.0,0.0,0.97208333,0.875,0.875,1.0,1.0,1.0,0,0,1,1,1
parity_n7,neural,7,eda_precedence,17,200,200,108,1.0,1.0,0.0,0.95375,0.83333333,0.875,0.91666667,0.95833333,1.0,0,0,0,0,1
parity_n7,neural,7,eda_precedence,18,200,200,184,1.0,1.0,0.0,0.94708333,0.91666667,0.91666667,0.95833333,0.95833333,1.0,0,0,0,0,1
parity_n7,neural,7,eda_precedence,19,200,200,71,1.0,1.0,0.0,0.94375,0.75,0.75,0.91666667,1.0,1.0,0,0,0,1,1
parity_n7,neural,7,eda_precedence,20,200,200,,0.95833333,1.0,0.04166667,0.921875,0.83333333,0.83333333,0.875,0.95833333,0.95833333,0,0,0,0,0
parity_n7,neural,7,eda_precedence,21,200,200,67,1.0,1.0,0.0,0.95875,0.83333333,0.83333333,0.91666667,1.0,1.0,0,0,0,1,1
parity_n7,neural,7,eda_precedence,22,200,200,,0.95833333,1.0,0.04166667,0.94145833,0.91666667,0.91666667,0.95833333,0.95833333,0.95833333,0,0,0,0,0
parity_n7,neural,7,eda_precedence,23,200,200,,0.95833333,1.0,0.04166667,0.95083333,0.95833333,0.95833333,0.95833333,0.95833333,0.95833333,0,0,0,0,0
parity_n7,neural,7,eda_precedence,24,200,200,155,1.0,1.0,0.0,0.908125,0.79166667,0.79166667,0.91666667,0.91666667,1.0,0,0,0,0,1
parity_n7,neural,7,eda_precedence,25,200,200,39,1.0,1.0,0.0,0.97395833,0.875,0.875,1.0,1.0,1.0,0,0,1,1,1
parity_n7,neural,7,eda_precedence,26,200,200,,0.95833333,1.0,0.04166667,0.95145833,0.95833333,0.95833333,0.95833333,0.95833333,0.95833333,0,0,0,0,0
parity_n7,neural,7,eda_precedence,27,200,200,,0.95833333,1.0,0.04166667,0.950625,0.95833333,0.95833333,0.95833333,0.95833333,0.95833333,0,0,0,0,0
parity_n7,neural,7,eda_precedence,28,200,200,62,1.0,1.0,0.0,0.95354167,0.83333333,0.875,0.875,1.0,1.0,0,0,0,1,1
parity_n7,neural,7,eda_precedence,29,200,200,,0.95833333,1.0,0.04166667,0.93229167,0.91666667,0.91666667,0.95833333,0.95833333,0.95833333,0,0,0,0,0
parity_n7,neural,7,eda_precedence,30,200,200,87,1.0,1.0,0.0,0.97583333,0.95833333,0.95833333,0.95833333,1.0,1.0,0,0,0,1,1
parity_n7,neural,7,eda_precedence,31,200,200,,0.95833333,1.0,0.04166667,0.94229167,0.83333333,0.95833333,0.95833333,0.95833333,0.95833333,0,0,0,0,0
parity_n7,neural,7,eda_precedence,32,200,200,178,1.0,1.0,0.0,0.94020833,0.83333333,0.875,0.95833333,0.95833333,1.0,0,0,0,0,1
parity_n7,neural,7,eda_precedence,33,200,200,,0.95833333,1.0,0.04166667,0.95416667,0.95833333,0.95833333,0.95833333,0.95833333,0.95833333,0,0,0,0,0
parity_n7,neural,7,eda_precedence,34,200,200,,0.95833333,1.0,0.04166667,0.92145833,0.875,0.875,0.91666667,0.91666667,0.95833333,0,0,0,0,0
parity_n7,neural,7,eda_precedence,35,200,200,,0.95833333,1.0,0.04166667,0.95333333,0.95833333,0.95833333,0.95833333,0.95833333,0.95833333,0,0,0,0,0
parity_n7,neural,7,eda_precedence,36,200,200,44,1.0,1.0,0.0,0.95604167,0.83333333,0.83333333,1.0,1.0,1.0,0,0,1,1,1
parity_n7,neural,7,eda_precedence,37,200,200,26,1.0,1.0,0.0,0.98583333,0.91666667,0.91666667,1.0,1.0,1.0,0,0,1,1,1
parity_n7,neural,7,eda_precedence,38,200,200,103,1.0,1.0,0.0,0.92458333,0.83333333,0.83333333,0.875,0.875,1.0,0,0,0,0,1
parity_n7,neural,7,eda_precedence,39,200,200,,0.95833333,1.0,0.04166667,0.93104167,0.79166667,0.91666667,0.91666667,0.95833333,0.95833333,0,0,0,0,0
parity_n7,neural,7,prism_protocol,0,200,200,69,1.0,1.0,0.0,0.973125,0.875,0.875,0.95833333,1.0,1.0,0,0,0,1,1
parity_n7,neural,7,prism_protocol,1,200,200,47,1.0,1.0,0.0,0.97541667,0.91666667,0.91666667,1.0,1.0,1.0,0,0,1,1,1
parity_n7,neural,7,prism_protocol,2,200,200,96,1.0,1.0,0.0,0.96708333,0.875,0.95833333,0.95833333,1.0,1.0,0,0,0,1,1
parity_n7,neural,7,prism_protocol,3,200,200,189,1.0,1.0,0.0,0.92479167,0.91666667,0.91666667,0.91666667,0.91666667,1.0,0,0,0,0,1
parity_n7,neural,7,prism_protocol,4,200,200,91,1.0,1.0,0.0,0.96479167,0.875,0.875,0.91666667,1.0,1.0,0,0,0,1,1
parity_n7,neural,7,prism_protocol,5,200,200,,0.95833333,1.0,0.04166667,0.94791667,0.91666667,0.91666667,0.95833333,0.95833333,0.95833333,0,0,0,0,0
parity_n7,neural,7,prism_protocol,6,200,200,18,1.0,1.0,0.0,0.97708333,0.75,1.0,1.0,1.0,1.0,0,1,1,1,1
parity_n7,neural,7,prism_protocol,7,200,200,,0.95833333,1.0,0.04166667,0.935625,0.91666667,0.91666667,0.91666667,0.95833333,0.95833333,0,0,0,0,0
parity_n7,neural,7,prism_protocol,8,200,200,140,1.0,1.0,0.0,0.965,0.91666667,0.95833333,0.95833333,0.95833333,1.0,0,0,0,0,1
parity_n7,neural,7,prism_protocol,9,200,200,,0.95833333,1.0,0.04166667,0.91625,0.875,0.875,0.875,0.91666667,0.95833333,0,0,0,0,0
parity_n7,neural,7,prism_protocol,10,200,200,14,1.0,1.0,0.0,0.99270833,1.0,1.0,1.0,1.0,1.0,1,1,1,1,1
parity_n7,neural,7,prism_protocol,11,200,200,115,1.0,1.0,0.0,0.97625,0.95833333,0.95833333,0.95833333,0.95833333,1.0,0,0,0,0,1
parity_n7,neural,7,prism_protocol,12,200,200,178,1.0,1.0,0.0,0.948125,0.83333333,0.95833333,0.95833333,0.95833333,1.0,0,0,0,0,1
parity_n7,neural,7,prism_protocol,13,200,200,168,1.0,1.0,0.0,0.934375,0.91666667,0.91666667,0.91666667,0.91666667,1.0,0,0,0,0,1
parity_n7,neural,7,prism_protocol,14,200,200,,0.91666667,1.0,0.08333333,0.89333333,0.83333333,0.83333333,0.875,0.91666667,0.91666667,0,0,0,0,0
parity_n7,neural,7,prism_protocol,15,200,200,,0.95833333,1.0,0.04166667,0.95,0.95833333,0.95833333,0.95833333,0.95833333,0.95833333,0,0,0,0,0
parity_n7,neural,7,prism_protocol,16,200,200,,0.95833333,1.0,0.04166667,0.92916667,0.83333333,0.91666667,0.91666667,0.91666667,0.95833333,0,0,0,0,0
parity_n7,neural,7,prism_protocol,17,200,200,,0.95833333,1.0,0.04166667,0.953125,0.95833333,0.95833333,0.95833333,0.95833333,0.95833333,0,0,0,0,0
parity_n7,neural,7,prism_protocol,18,200,200,,0.95833333,1.0,0.04166667,0.908125,0.83333333,0.875,0.875,0.95833333,0.95833333,0,0,0,0,0
parity_n7,neural,7,prism_protocol,19,200,200,,0.95833333,1.0,0.04166667,0.939375,0.79166667,0.95833333,0.95833333,0.95833333,0.95833333,0,0,0,0,0
parity_n7,neural,7,prism_protocol,20,200,200,,0.95833333,1.0,0.04166667,0.924375,0.91666667,0.91666667,0.91666667,0.91666667,0.95833333,0,0,0,0,0
parity_n7,neural,7,prism_protocol,21,200,200,,0.95833333,1.0,0.04166667,0.94729167,0.875,0.91666667,0.95833333,0.95833333,0.95833333,0,0,0,0,0
parity_n7,neural,7,prism_protocol,22,200,200,9,1.0,1.0,0.0,0.99020833,1.0,1.0,1.0,1.0,1.0,1,1,1,1,1
parity_n7,neural,7,prism_protocol,23,200,200,,0.95833333,1.0,0.04166667,0.94395833,0.875,0.91666667,0.95833333,0.95833333,0.95833333,0,0,0,0,0
parity_n7,neural,7,prism_protocol,24,200,200,,0.95833333,1.0,0.04166667,0.94270833,0.91666667,0.91666667,0.91666667,0.95833333,0.95833333,0,0,0,0,0
parity_n7,neural,7,prism_protocol,25,200,200,65,1.0,1.0,0.0,0.968125,0.91666667,0.91666667,0.91666667,1.0,1.0,0,0,0,1,1
parity_n7,neural,7,prism_protocol,26,200,200,,0.95833333,1.0,0.04166667,0.93541667,0.875,0.875,0.875,0.95833333,0.95833333,0,0,0,0,0
parity_n7,neural,7,prism_protocol,27,200,200,170,1.0,1.0,0.0,0.95916667,0.95833333,0.95833333,0.95833333,0.95833333,1.0,0,0,0,0,1
parity_n7,neural,7,prism_protocol,28,200,200,87,1.0,1.0,0.0,0.94145833,0.83333333,0.875,0.875,1.0,1.0,0,0,0,1,1
parity_n7,neural,7,prism_protocol,29,200,200,16,1.0,1.0,0.0,0.98541667,0.83333333,1.0,1.0,1.0,1.0,0,1,1,1,1
parity_n7,neural,7,prism_protocol,30,200,200,196,1.0,1.0,0.0,0.92125,0.91666667,0.91666667,0.91666667,0.91666667,1.0,0,0,0,0,1
parity_n7,neural,7,prism_protocol,31,200,200,81,1.0,1.0,0.0,0.96041667,0.83333333,0.91666667,0.91666667,1.0,1.0,0,0,0,1,1
parity_n7,neural,7,prism_protocol,32,200,200,,0.95833333,1.0,0.04166667,0.92416667,0.875,0.875,0.91666667,0.91666667,0.95833333,0,0,0,0,0
parity_n7,neural,7,prism_protocol,33,200,200,,0.95833333,1.0,0.04166667,0.93166667,0.91666667,0.91666667,0.91666667,0.95833333,0.95833333,0,0,0,0,0
parity_n7,neural,7,prism_protocol,34,200,200,43,1.0,1.0,0.0,0.963125,0.83333333,0.875,1.0,1.0,1.0,0,0,1,1,1
parity_n7,neural,7,prism_protocol,35,200,200,,0.95833333,1.0,0.04166667,0.94541667,0.875,0.875,0.95833333,0.95833333,0.95833333,0,0,0,0,0
parity_n7,neural,7,prism_protocol,36,200,200,20,1.0,1.0,0.0,0.988125,0.875,1.0,1.0,1.0,1.0,0,1,1,1,1
parity_n7,neural,7,prism_protocol,37,200,200,,0.95833333,1.0,0.04166667,0.94208333,0.83333333,0.95833333,0.95833333,0.95833333,0.95833333,0,0,0,0,0
parity_n7,neural,7,prism_protocol,38,200,200,,0.95833333,1.0,0.04166667,0.90208333,0.83333333,0.83333333,0.83333333,0.95833333,0.95833333,0,0,0,0,0
parity_n7,neural,7,prism_protocol,39,200,200,,0.95833333,1.0,0.04166667,0.93479167,0.875,0.91666667,0.91666667,0.95833333,0.95833333,0,0,0,0,0
xor_n6,neural,6,uniform,0,200,200,28,1.0,1.0,0.0,0.9875,0.91666667,0.91666667,1.0,1.0,1.0,0,0,1,1,1
xor_n6,neural,6,uniform,1,200,200,25,1.0,1.0,0.0,0.98833333,0.91666667,1.0,1.0,1.0,1.0,0,1,1,1,1
xor_n6,neural,6,uniform,2,200,200,14,1.0,1.0,0.0,0.99333333,1.0,1.0,1.0,1.0,1.0,1,1,1,1,1
xor_n6,neural,6,uniform,3,200,200,5,1.0,1.0,0.0,0.99833333,1.0,1.0,1.0,1.0,1.0,1,1,1,1,1
xor_n6,neural,6,uniform,4,200,200,33,1.0,1.0,0.0,0.98666667,0.91666667,0.91666667,1.0,1.0,1.0,0,0,1,1,1
xor_n6,neural,6,uniform,5,200,200,6,1.0,1.0,0.0,0.99791667,1.0,1.0,1.0,1.0,1.0,1,1,1,1,1
xor_n6,neural,6,uniform,6,200,200,3,1.0,1.0,0.0,0.99791667,1.0,1.0,1.0,1.0,1.0,1,1,1,1,1
xor_n6,neural,6,uniform,7,200,200,112,1.0,1.0,0.0,0.95208333,0.91666667,0.91666667,0.91666667,0.91666667,1.0,0,0,0,0,1
xor_n6,neural,6,uniform,8,200,200,33,1.0,1.0,0.0,0.98666667,0.91666667,0.91666667,1.0,1.0,1.0,0,0,1,1,1
xor_n6,neural,6,uniform,9,200,200,108,1.0,1.0,0.0,0.9525,0.91666667,0.91666667,0.91666667,0.91666667,1.0,0,0,0,0,1
xor_n6,neural,6,uniform,10,200,200,16,1.0,1.0,0.0,0.99333333,0.91666667,1.0,1.0,1.0,1.0,0,1,1,1,1
xor_n6,neural,6,uniform,11,200,200,4,1.0,1.0,0.0,0.99583333,1.0,1.0,1.0,1.0,1.0,1,1,1,1,1
xor_n6,neural,6,uniform,12,200,200,20,1.0,1.0,0.0,0.98708333,0.91666667,1.0,1.0,1.0,1.0,0,1,1,1,1
xor_n6,neural,6,uniform,13,200,200,32,1.0,1.0,0.0,0.98375,0.91666667,0.91666667,1.0,1.0,1.0,0,0,1,1,1
xor_n6,neural,6,uniform,14,200,200,11,1.0,1.0,0.0,0.99333333,1.0,1.0,1.0,1.0,1.0,1,1,1,1,1
xor_n6,neural,6,uniform,15,200,200,17,1.0,1.0,0.0,0.99291667,0.91666667,1.0,1.0,1.0,1.0,0,1,1,1,1
xor_n6,neural,6,uniform,16,200,200,13,1.0,1.0,0.0,0.99416667,1.0,1.0,1.0,1.0,1.0,1,1,1,1,1
xor_n6,neural,6,uniform,17,200,200,32,1.0,1.0,0.0,0.98708333,0.91666667,0.91666667,1.0,1.0,1.0,0,0,1,1,1
xor_n6,neural,6,uniform,18,200,200,2,1.0,1.0,0.0,0.99916667,1.0,1.0,1.0,1.0,1.0,1,1,1,1,1
xor_n6,neural,6,uniform,19,200,200,3,1.0,1.0,0.0,0.99916667,1.0,1.0,1.0,1.0,1.0,1,1,1,1,1
xor_n6,neural,6,uniform,20,200,200,7,1.0,1.0,0.0,0.9975,1.0,1.0,1.0,1.0,1.0,1,1,1,1,1
xor_n6,neural,6,uniform,21,200,200,27,1.0,1.0,0.0,0.98625,0.91666667,0.91666667,1.0,1.0,1.0,0,0,1,1,1
xor_n6,neural,6,uniform,22,200,200,11,1.0,1.0,0.0,0.99416667,1.0,1.0,1.0,1.0,1.0,1,1,1,1,1
xor_n6,neural,6,uniform,23,200,200,17,1.0,1.0,0.0,0.99083333,0.91666667,1.0,1.0,1.0,1.0,0,1,1,1,1
xor_n6,neural,6,uniform,24,200,200,7,1.0,1.0,0.0,0.99375,1.0,1.0,1.0,1.0,1.0,1,1,1,1,1
xor_n6,neural,6,uniform,25,200,200,16,1.0,1.0,0.0,0.99208333,0.91666667,1.0,1.0,1.0,1.0,0,1,1,1,1
xor_n6,neural,6,uniform,26,200,200,26,1.0,1.0,0.0,0.98875,0.91666667,0.91666667,1.0,1.0,1.0,0,0,1,1,1
xor_n6,neural,6,uniform,27,200,200,18,1.0,1.0,0.0,0.99,0.91666667,1.0,1.0,1.0,1.0,0,1,1,1,1
xor_n6,neural,6,uniform,28,200,200,1,1.0,1.0,0.0,1.0,1.0,1.0,1.0,1.0,1.0,1,1,1,1,1
xor_n6,neural,6,uniform,29,200,200,11,1.0,1.0,0.0,0.99125,1.0,1.0,1.0,1.0,1.0,1,1,1,1,1
xor_n6,neural,6,uniform,30,200,200,24,1.0,1.0,0.0,0.98583333,0.91666667,1.0,1.0,1.0,1.0,0,1,1,1,1
xor_n6,neural,6,uniform,31,200,200,37,1.0,1.0,0.0,0.98375,0.91666667,0.91666667,1.0,1.0,1.0,0,0,1,1,1
xor_n6,neural,6,uniform,32,200,200,3,1.0,1.0,0.0,0.99833333,1.0,1.0,1.0,1.0,1.0,1,1,1,1,1
xor_n6,neural,6,uniform,33,200,200,2,1.0,1.0,0.0,0.99916667,1.0,1.0,1.0,1.0,1.0,1,1,1,1,1
xor_n6,neural,6,uniform,34,200,200,15,1.0,1.0,0.0,0.99041667,1.0,1.0,1.0,1.0,1.0,1,1,1,1,1
xor_n6,neural,6,uniform,35,200,200,11,1.0,1.0,0.0,0.99166667,1.0,1.0,1.0,1.0,1.0,1,1,1,1,1
xor_n6,neural,6,uniform,36,200,200,24,1.0,1.0,0.0,0.98541667,0.91666667,1.0,1.0,1.0,1.0,0,1,1,1,1
xor_n6,neural,6,uniform,37,200,200,7,1.0,1.0,0.0,0.9975,1.0,1.0,1.0,1.0,1.0,1,1,1,1,1
xor_n6,neural,6,uniform,38,200,200,4,1.0,1.0,0.0,0.9975,1.0,1.0,1.0,1.0,1.0,1,1,1,1,1
xor_n6,neural,6,uniform,39,200,200,26,1.0,1.0,0.0,0.98708333,0.91666667,0.91666667,1.0,1.0,1.0,0,0,1,1,1
xor_n6,neural,6,ls_swap,0,200,200,46,1.0,1.0,0.0,0.97958333,0.91666667,0.91666667,1.0,1.0,1.0,0,0,1,1,1
xor_n6,neural,6,ls_swap,1,200,200,10,1.0,1.0,0.0,0.99541667,1.0,1.0,1.0,1.0,1.0,1,1,1,1,1
xor_n6,neural,6,ls_swap,2,200,200,18,1.0,1.0,0.0,0.9925,0.91666667,1.0,1.0,1.0,1.0,0,1,1,1,1
xor_n6,neural,6,ls_swap,3,200,200,13,1.0,1.0,0.0,0.98833333,1.0,1.0,1.0,1.0,1.0,1,1,1,1,1
xor_n6,neural,6,ls_swap,4,200,200,2,1.0,1.0,0.0,0.99833333,1.0,1.0,1.0,1.0,1.0,1,1,1,1,1
xor_n6,neural,6,ls_swap,5,200,200,3,1.0,1.0,0.0,0.99708333,1.0,1.0,1.0,1.0,1.0,1,1,1,1,1
xor_n6,neural,6,ls_swap,6,200,200,10,1.0,1.0,0.0,0.99458333,1.0,1.0,1.0,1.0,1.0,1,1,1,1,1
xor_n6,neural,6,ls_swap,7,200,200,17,1.0,1.0,0.0,0.99333333,0.91666667,1.0,1.0,1.0,1.0,0,1,1,1,1
xor_n6,neural,6,ls_swap,8,200,200,1,1.0,1.0,0.0,1.0,1.0,1.0,1.0,1.0,1.0,1,1,1,1,1
xor_n6,neural,6,ls_swap,9,200,200,18,1.0,1.0,0.0,0.9925,0.91666667,1.0,1.0,1.0,1.0,0,1,1,1,1
xor_n6,neural,6,ls_swap,10,200,200,4,1.0,1.0,0.0,0.9975,1.0,1.0,1.0,1.0,1.0,1,1,1,1,1
xor_n6,neural,6,ls_swap,11,200,200,1,1.0,1.0,0.0,1.0,1.0,1.0,1.0,1.0,1.0,1,1,1,1,1
xor_n6,neural,6,ls_swap,12,200,200,41,1.0,1.0,0.0,0.98333333,0.91666667,0.91666667,1.0,1.0,1.0,0,0,1,1,1
xor_n6,neural,6,ls_swap,13,200,200,77,1.0,1.0,0.0,0.96833333,0.91666667,0.91666667,0.91666667,1.0,1.0,0,0,0,1,1
xor_n6,neural,6,ls_swap,14,200,200,59,1.0,1.0,0.0,0.97375,0.91666667,0.91666667,0.91666667,1.0,1.0,0,0,0,1,1
xor_n6,neural,6,ls_swap,15,200,200,16,1.0,1.0,0.0,0.99333333,0.91666667,1.0,1.0,1.0,1.0,0,1,1,1,1
xor_n6,neural,6,ls_swap,16,200,200,17,1.0,1.0,0.0,0.99083333,0.91666667,1.0,1.0,1.0,1.0,0,1,1,1,1
xor_n6,neural,6,ls_swap,17,200,200,10,1.0,1.0,0.0,0.99625,1.0,1.0,1.0,1.0,1.0,1,1,1,1,1
xor_n6,neural,6,ls_swap,18,200,200,42,1.0,1.0,0.0,0.98125,0.91666667,0.91666667,1.0,1.0,1.0,0,0,1,1,1
xor_n6,neural,6,ls_swap,19,200,200,29,1.0,1.0,0.0,0.98666667,0.91666667,0.91666667,1.0,1.0,1.0,0,0,1,1,1
xor_n6,neural,6,ls_swap,20,200,200,1,1.0,1.0,0.0,1.0,1.0,1.0,1.0,1.0,1.0,1,1,1,1,1
xor_n6,neural,6,ls_swap,21,200,200,18,1.0,1.0,0.0,0.99208333,0.91666667,1.0,1.0,1.0,1.0,0,1,1,1,1
xor_n6,neural,6,ls_swap,22,200,200,61,1.0,1.0,0.0,0.975,0.91666667,0.91666667,0.91666667,1.0,1.0,0,0,0,1,1
xor_n6,neural,6,ls_swap,23,200,200,7,1.0,1.0,0.0,0.9975,1.0,1.0,1.0,1.0,1.0,1,1,1,1,1
xor_n6,neural,6,ls_swap,24,200,200,14,1.0,1.0,0.0,0.99333333,1.0,1.0,1.0,1.0,1.0,1,1,1,1,1
xor_n6,neural,6,ls_swap,25,200,200,50,1.0,1.0,0.0,0.97833333,0.91666667,0.91666667,1.0,1.0,1.0,0,0,1,1,1
xor_n6,neural,6,ls_swap,26,200,200,6,1.0,1.0,0.0,0.99583333,1.0,1.0,1.0,1.0,1.0,1,1,1,1,1
xor_n6,neural,6,ls_swap,27,200,200,29,1.0,1.0,0.0,0.98666667,0.91666667,0.91666667,1.0,1.0,1.0,0,0,1,1,1
xor_n6,neural,6,ls_swap,28,200,200,7,1.0,1.0,0.0,0.99458333,1.0,1.0,1.0,1.0,1.0,1,1,1,1,1
xor_n6,neural,6,ls_swap,29,200,200,12,1.0,1.0,0.0,0.99458333,1.0,1.0,1.0,1.0,1.0,1,1,1,1,1
xor_n6,neural,6,ls_swap,30,200,200,1,1.0,1.0,0.0,1.0,1.0,1.0,1.0,1.0,1.0,1,1,1,1,1
xor_n6,neural,6,ls_swap,31,200,200,4,1.0,1.0,0.0,0.99791667,1.0,1.0,1.0,1.0,1.0,1,1,1,1,1
xor_n6,neural,6,ls_swap,32,200,200,2,1.0,1.0,0.0,0.99875,1.0,1.0,1.0,1.0,1.0,1,1,1,1,1
xor_n6,neural,6,ls_swap,33,200,200,17,1.0,1.0,0.0,0.99208333,0.91666667,1.0,1.0,1.0,1.0,0,1,1,1,1
xor_n6,neural,6,ls_swap,34,200,200,21,1.0,1.0,0.0,0.99125,0.91666667,1.0,1.0,1.0,1.0,0,1,1,1,1
xor_n6,neural,6,ls_swap,35,200,200,40,1.0,1.0,0.0,0.98291667,0.91666667,0.91666667,1.0,1.0,1.0,0,0,1,1,1
xor_n6,neural,6,ls_swap,36,200,200,6,1.0,1.0,0.0,0.9975,1.0,1.0,1.0,1.0,1.0,1,1,1,1,1
xor_n6,neural,6,ls_swap,37,200,200,12,1.0,1.0,0.0,0.99083333,1.0,1.0,1.0,1.0,1.0,1,1,1,1,1
xor_n6,neural,6,ls_swap,38,200,200,11,1.0,1.0,0.0,0.99583333,1.0,1.0,1.0,1.0,1.0,1,1,1,1,1
xor_n6,neural,6,ls_swap,39,200,200,8,1.0,1.0,0.0,0.99708333,1.0,1.0,1.0,1.0,1.0,1,1,1,1,1
xor_n6,neural,6,ls_insert,0,200,200,10,1.0,1.0,0.0,0.99458333,1.0,1.0,1.0,1.0,1.0,1,1,1,1,1
xor_n6,neural,6,ls_insert,1,200,200,13,1.0,1.0,0.0,0.99291667,1.0,1.0,1.0,1.0,1.0,1,1,1,1,1
xor_n6,neural,6,ls_insert,2,200,200,10,1.0,1.0,0.0,0.99583333,1.0,1.0,1.0,1.0,1.0,1,1,1,1,1
xor_n6,neural,6,ls_insert,3,200,200,9,1.0,1.0,0.0,0.99125,1.0,1.0,1.0,1.0,1.0,1,1,1,1,1
xor_n6,neural,6,ls_insert,4,200,200,2,1.0,1.0,0.0,0.99833333,1.0,1.0,1.0,1.0,1.0,1,1,1,1,1
xor_n6,neural,6,ls_insert,5,200,200,16,1.0,1.0,0.0,0.98833333,0.91666667,1.0,1.0,1.0,1.0,0,1,1,1,1
xor_n6,neural,6,ls_insert,6,200,200,58,1.0,1.0,0.0,0.97125,0.91666667,0.91666667,0.91666667,1.0,1.0,0,0,0,1,1
xor_n6,neural,6,ls_insert,7,200,200,10,1.0,1.0,0.0,0.99625,1.0,1.0,1.0,1.0,1.0,1,1,1,1,1
xor_n6,neural,6,ls_insert,8,200,200,1,1.0,1.0,0.0,1.0,1.0,1.0,1.0,1.0,1.0,1,1,1,1,1
xor_n6,neural,6,ls_insert,9,200,200,10,1.0,1.0,0.0,0.99583333,1.0,1.0,1.0,1.0,1.0,1,1,1,1,1
xor_n6,neural,6,ls_insert,10,200,200,11,1.0,1.0,0.0,0.99166667,1.0,1.0,1.0,1.0,1.0,1,1,1,1,1
xor_n6,neural,6,ls_insert,11,200,200,1,1.0,1.0,0.0,1.0,1.0,1.0,1.0,1.0,1.0,1,1,1,1,1
xor_n6,neural,6,ls_insert,12,200,200,21,1.0,1.0,0.0,0.99166667,0.91666667,1.0,1.0,1.0,1.0,0,1,1,1,1
xor_n6,neural,6,ls_insert,13,200,200,20,1.0,1.0,0.0,0.99208333,0.91666667,1.0,1.0,1.0,1.0,0,1,1,1,1
xor_n6,neural,6,ls_insert,14,200,200,39,1.0,1.0,0.0,0.98,0.91666667,0.91666667,1.0,1.0,1.0,0,0,1,1,1
xor_n6,neural,6,ls_insert,15,200,200,22,1.0,1.0,0.0,0.99083333,0.91666667,1.0,1.0,1.0,1.0,0,1,1,1,1
xor_n6,neural,6,ls_insert,16,200,200,3,1.0,1.0,0.0,0.99666667,1.0,1.0,1.0,1.0,1.0,1,1,1,1,1
xor_n6,neural,6,ls_insert,17,200,200,106,1.0,1.0,0.0,0.95625,0.91666667,0.91666667,0.91666667,0.91666667,1.0,0,0,0,0,1
xor_n6,neural,6,ls_insert,18,200,200,37,1.0,1.0,0.0,0.9825,0.91666667,0.91666667,1.0,1.0,1.0,0,0,1,1,1
xor_n6,neural,6,ls_insert,19,200,200,5,1.0,1.0,0.0,0.99666667,1.0,1.0,1.0,1.0,1.0,1,1,1,1,1
xor_n6,neural,6,ls_insert,20,200,200,1,1.0,1.0,0.0,1.0,1.0,1.0,1.0,1.0,1.0,1,1,1,1,1
xor_n6,neural,6,ls_insert,21,200,200,58,1.0,1.0,0.0,0.975,0.91666667,0.91666667,0.91666667,1.0,1.0,0,0,0,1,1
xor_n6,neural,6,ls_insert,22,200,200,15,1.0,1.0,0.0,0.99416667,1.0,1.0,1.0,1.0,1.0,1,1,1,1,1
xor_n6,neural,6,ls_insert,23,200,200,6,1.0,1.0,0.0,0.99791667,1.0,1.0,1.0,1.0,1.0,1,1,1,1,1
xor_n6,neural,6,ls_insert,24,200,200,17,1.0,1.0,0.0,0.98666667,0.83333333,1.0,1.0,1.0,1.0,0,1,1,1,1
xor_n6,neural,6,ls_insert,25,200,200,8,1.0,1.0,0.0,0.99625,1.0,1.0,1.0,1.0,1.0,1,1,1,1,1
xor_n6,neural,6,ls_insert,26,200,200,17,1.0,1.0,0.0,0.9925,0.91666667,1.0,1.0,1.0,1.0,0,1,1,1,1
xor_n6,neural,6,ls_insert,27,200,200,16,1.0,1.0,0.0,0.99208333,0.91666667,1.0,1.0,1.0,1.0,0,1,1,1,1
xor_n6,neural,6,ls_insert,28,200,200,4,1.0,1.0,0.0,0.99625,1.0,1.0,1.0,1.0,1.0,1,1,1,1,1
xor_n6,neural,6,ls_insert,29,200,200,11,1.0,1.0,0.0,0.995,1.0,1.0,1.0,1.0,1.0,1,1,1,1,1
xor_n6,neural,6,ls_insert,30,200,200,1,1.0,1.0,0.0,1.0,1.0,1.0,1.0,1.0,1.0,1,1,1,1,1
xor_n6,neural,6,ls_insert,31,200,200,12,1.0,1.0,0.0,0.99458333,1.0,1.0,1.0,1.0,1.0,1,1,1,1,1
xor_n6,neural,6,ls_insert,32,200,200,2,1.0,1.0,0.0,0.99875,1.0,1.0,1.0,1.0,1.0,1,1,1,1,1
xor_n6,neural,6,ls_insert,33,200,200,11,1.0,1.0,0.0,0.99458333,1.0,1.0,1.0,1.0,1.0,1,1,1,1,1
xor_n6,neural,6,ls_insert,34,200,200,3,1.0,1.0,0.0,0.99875,1.0,1.0,1.0,1.0,1.0,1,1,1,1,1
xor_n6,neural,6,ls_insert,35,200,200,4,1.0,1.0,0.0,0.99791667,1.0,1.0,1.0,1.0,1.0,1,1,1,1,1
xor_n6,neural,6,ls_insert,36,200,200,11,1.0,1.0,0.0,0.99541667,1.0,1.0,1.0,1.0,1.0,1,1,1,1,1
xor_n6,neural,6,ls_insert,37,200,200,9,1.0,1.0,0.0,0.99583333,1.0,1.0,1.0,1.0,1.0,1,1,1,1,1
xor_n6,neural,6,ls_insert,38,200,200,12,1.0,1.0,0.0,0.99541667,1.0,1.0,1.0,1.0,1.0,1,1,1,1,1
xor_n6,neural,6,ls_insert,39,200,200,64,1.0,1.0,0.0,0.97375,0.91666667,0.91666667,0.91666667,1.0,1.0,0,0,0,1,1
xor_n6,neural,6,ls_inversion,0,200,200,9,1.0,1.0,0.0,0.99458333,1.0,1.0,1.0,1.0,1.0,1,1,1,1,1
xor_n6,neural,6,ls_inversion,1,200,200,24,1.0,1.0,0.0,0.98958333,0.91666667,1.0,1.0,1.0,1.0,0,1,1,1,1
xor_n6,neural,6,ls_inversion,2,200,200,64,1.0,1.0,0.0,0.97333333,0.91666667,0.91666667,0.91666667,1.0,1.0,0,0,0,1,1
xor_n6,neural,6,ls_inversion,3,200,200,5,1.0,1.0,0.0,0.99541667,1.0,1.0,1.0,1.0,1.0,1,1,1,1,1
xor_n6,neural,6,ls_inversion,4,200,200,2,1.0,1.0,0.0,0.99833333,1.0,1.0,1.0,1.0,1.0,1,1,1,1,1
xor_n6,neural,6,ls_inversion,5,200,200,3,1.0,1.0,0.0,0.99708333,1.0,1.0,1.0,1.0,1.0,1,1,1,1,1
xor_n6,neural,6,ls_inversion,6,200,200,4,1.0,1.0,0.0,0.99708333,1.0,1.0,1.0,1.0,1.0,1,1,1,1,1
xor_n6,neural,6,ls_inversion,7,200,200,17,1.0,1.0,0.0,0.99333333,0.91666667,1.0,1.0,1.0,1.0,0,1,1,1,1
xor_n6,neural,6,ls_inversion,8,200,200,1,1.0,1.0,0.0,1.0,1.0,1.0,1.0,1.0,1.0,1,1,1,1,1
xor_n6,neural,6,ls_inversion,9,200,200,38,1.0,1.0,0.0,0.98416667,0.91666667,0.91666667,1.0,1.0,1.0,0,0,1,1,1
xor_n6,neural,6,ls_inversion,10,200,200,5,1.0,1.0,0.0,0.99708333,1.0,1.0,1.0,1.0,1.0,1,1,1,1,1
xor_n6,neural,6,ls_inversion,11,200,200,1,1.0,1.0,0.0,1.0,1.0,1.0,1.0,1.0,1.0,1,1,1,1,1
xor_n6,neural,6,ls_inversion,12,200,200,41,1.0,1.0,0.0,0.98333333,0.91666667,0.91666667,1.0,1.0,1.0,0,0,1,1,1
xor_n6,neural,6,ls_inversion,13,200,200,66,1.0,1.0,0.0,0.97291667,0.91666667,0.91666667,0.91666667,1.0,1.0,0,0,0,1,1
xor_n6,neural,6,ls_inversion,14,200,200,18,1.0,1.0,0.0,0.98708333,0.91666667,1.0,1.0,1.0,1.0,0,1,1,1,1
xor_n6,neural,6,ls_inversion,15,200,200,16,1.0,1.0,0.0,0.99333333,0.91666667,1.0,1.0,1.0,1.0,0,1,1,1,1
xor_n6,neural,6,ls_inversion,16,200,200,17,1.0,1.0,0.0,0.99083333,0.91666667,1.0,1.0,1.0,1.0,0,1,1,1,1
xor_n6,neural,6,ls_inversion,17,200,200,29,1.0,1.0,0.0,0.98833333,0.91666667,0.91666667,1.0,1.0,1.0,0,0,1,1,1
xor_n6,neural,6,ls_inversion,18,200,200,40,1.0,1.0,0.0,0.98208333,0.91666667,0.91666667,1.0,1.0,1.0,0,0,1,1,1
xor_n6,neural,6,ls_inversion,19,200,200,10,1.0,1.0,0.0,0.99458333,1.0,1.0,1.0,1.0,1.0,1,1,1,1,1
xor_n6,neural,6,ls_inversion,20,200,200,1,1.0,1.0,0.0,1.0,1.0,1.0,1.0,1.0,1.0,1,1,1,1,1
xor_n6,neural,6,ls_inversion,21,200,200,13,1.0,1.0,0.0,0.99416667,1.0,1.0,1.0,1.0,1.0,1,1,1,1,1
xor_n6,neural,6,ls_inversion,22,200,200,61,1.0,1.0,0.0,0.975,0.91666667,0.91666667,0.91666667,1.0,1.0,0,0,0,1,1
xor_n6,neural,6,ls_inversion,23,200,200,7,1.0,1.0,0.0,0.9975,1.0,1.0,1.0,1.0,1.0,1,1,1,1,1
xor_n6,neural,6,ls_inversion,24,200,200,14,1.0,1.0,0.0,0.98916667,1.0,1.0,1.0,1.0,1.0,1,1,1,1,1
xor_n6,neural,6,ls_inversion,25,200,200,21,1.0,1.0,0.0,0.99,0.91666667,1.0,1.0,1.0,1.0,0,1,1,1,1
xor_n6,neural,6,ls_inversion,26,200,200,9,1.0,1.0,0.0,0.99416667,1.0,1.0,1.0,1.0,1.0,1,1,1,1,1
xor_n6,neural,6,ls_inversion,27,200,200,29,1.0,1.0,0.0,0.98666667,0.91666667,0.91666667,1.0,1.0,1.0,0,0,1,1,1
xor_n6,neural,6,ls_inversion,28,200,200,7,1.0,1.0,0.0,0.99416667,1.0,1.0,1.0,1.0,1.0,1,1,1,1,1
xor_n6,neural,6,ls_inversion,29,200,200,12,1.0,1.0,0.0,0.99458333,1.0,1.0,1.0,1.0,1.0,1,1,1,1,1
xor_n6,neural,6,ls_inversion,30,200,200,1,1.0,1.0,0.0,1.0,1.0,1.0,1.0,1.0,1.0,1,1,1,1,1
xor_n6,neural,6,ls_inversion,31,200,200,6,1.0,1.0,0.0,0.99708333,1.0,1.0,1.0,1.0,1.0,1,1,1,1,1
xor_n6,neural,6,ls_inversion,32,200,200,2,1.0,1.0,0.0,0.99875,1.0,1.0,1.0,1.0,1.0,1,1,1,1,1
xor_n6,neural,6,ls_inversion,33,200,200,9,1.0,1.0,0.0,0.99541667,1.0,1.0,1.0,1.0,1.0,1,1,1,1,1
xor_n6,neural,6,ls_inversion,34,200,200,9,1.0,1.0,0.0,0.99625,1.0,1.0,1.0,1.0,1.0,1,1,1,1,1
xor_n6,neural,6,ls_inversion,35,200,200,41,1.0,1.0,0.0,0.9825,0.91666667,0.91666667,1.0,1.0,1.0,0,0,1,1,1
xor_n6,neural,6,ls_inversion,36,200,200,12,1.0,1.0,0.0,0.995,1.0,1.0,1.0,1.0,1.0,1,1,1,1,1
xor_n6,neural,6,ls_inversion,37,200,200,10,1.0,1.0,0.0,0.9925,1.0,1.0,1.0,1.0,1.0,1,1,1,1,1
xor_n6,neural,6,ls_inversion,38,200,200,11,1.0,1.0,0.0,0.99583333,1.0,1.0,1.0,1.0,1.0,1,1,1,1,1
xor_n6,neural,6,ls_inversion,39,200,200,8,1.0,1.0,0.0,0.99708333,1.0,1.0,1.0,1.0,1.0,1,1,1,1,1
xor_n6,neural,6,simulated_annealing,0,200,200,4,1.0,1.0,0.0,0.9975,1.0,1.0,1.0,1.0,1.0,1,1,1,1,1
xor_n6,neural,6,simulated_annealing,1,200,200,19,1.0,1.0,0.0,0.99208333,0.91666667,1.0,1.0,1.0,1.0,0,1,1,1,1
xor_n6,neural,6,simulated_annealing,2,200,200,32,1.0,1.0,0.0,0.985,0.91666667,0.91666667,1.0,1.0,1.0,0,0,1,1,1
xor_n6,neural,6,simulated_annealing,3,200,200,14,1.0,1.0,0.0,0.99,1.0,1.0,1.0,1.0,1.0,1,1,1,1,1
xor_n6,neural,6,simulated_annealing,4,200,200,3,1.0,1.0,0.0,0.99791667,1.0,1.0,1.0,1.0,1.0,1,1,1,1,1
xor_n6,neural,6,simulated_annealing,5,200,200,41,1.0,1.0,0.0,0.98,0.91666667,0.91666667,1.0,1.0,1.0,0,0,1,1,1
xor_n6,neural,6,simulated_annealing,6,200,200,12,1.0,1.0,0.0,0.99416667,1.0,1.0,1.0,1.0,1.0,1,1,1,1,1
xor_n6,neural,6,simulated_annealing,7,200,200,10,1.0,1.0,0.0,0.99625,1.0,1.0,1.0,1.0,1.0,1,1,1,1,1
xor_n6,neural,6,simulated_annealing,8,200,200,1,1.0,1.0,0.0,1.0,1.0,1.0,1.0,1.0,1.0,1,1,1,1,1
xor_n6,neural,6,simulated_annealing,9,200,200,11,1.0,1.0,0.0,0.99541667,1.0,1.0,1.0,1.0,1.0,1,1,1,1,1
xor_n6,neural,6,simulated_annealing,10,200,200,2,1.0,1.0,0.0,0.99916667,1.0,1.0,1.0,1.0,1.0,1,1,1,1,1
xor_n6,neural,6,simulated_annealing,11,200,200,1,1.0,1.0,0.0,1.0,1.0,1.0,1.0,1.0,1.0,1,1,1,1,1
xor_n6,neural,6,simulated_annealing,12,200,200,28,1.0,1.0,0.0,0.98875,0.91666667,0.91666667,1.0,1.0,1.0,0,0,1,1,1
xor_n6,neural,6,simulated_annealing,13,200,200,9,1.0,1.0,0.0,0.99666667,1.0,1.0,1.0,1.0,1.0,1,1,1,1,1
xor_n6,neural,6,simulated_annealing,14,200,200,36,1.0,1.0,0.0,0.98291667,0.91666667,0.91666667,1.0,1.0,1.0,0,0,1,1,1
xor_n6,neural,6,simulated_annealing,15,200,200,19,1.0,1.0,0.0,0.99208333,0.91666667,1.0,1.0,1.0,1.0,0,1,1,1,1
xor_n6,neural,6,simulated_annealing,16,200,200,20,1.0,1.0,0.0,0.98875,0.91666667,1.0,1.0,1.0,1.0,0,1,1,1,1
xor_n6,neural,6,simulated_annealing,17,200,200,6,1.0,1.0,0.0,0.99791667,1.0,1.0,1.0,1.0,1.0,1,1,1,1,1
xor_n6,neural,6,simulated_annealing,18,200,200,42,1.0,1.0,0.0,0.98,0.91666667,0.91666667,1.0,1.0,1.0,0,0,1,1,1
xor_n6,neural,6,simulated_annealing,19,200,200,17,1.0,1.0,0.0,0.99166667,0.91666667,1.0,1.0,1.0,1.0,0,1,1,1,1
xor_n6,neural,6,simulated_annealing,20,200,200,1,1.0,1.0,0.0,1.0,1.0,1.0,1.0,1.0,1.0,1,1,1,1,1
xor_n6,neural,6,simulated_annealing,21,200,200,14,1.0,1.0,0.0,0.98916667,1.0,1.0,1.0,1.0,1.0,1,1,1,1,1
xor_n6,neural,6,simulated_annealing,22,200,200,19,1.0,1.0,0.0,0.9925,0.91666667,1.0,1.0,1.0,1.0,0,1,1,1,1
xor_n6,neural,6,simulated_annealing,23,200,200,29,1.0,1.0,0.0,0.98833333,0.91666667,0.91666667,1.0,1.0,1.0,0,0,1,1,1
xor_n6,neural,6,simulated_annealing,24,200,200,38,1.0,1.0,0.0,0.97583333,0.83333333,0.91666667,1.0,1.0,1.0,0,0,1,1,1
xor_n6,neural,6,simulated_annealing,25,200,200,50,1.0,1.0,0.0,0.97875,0.91666667,0.91666667,1.0,1.0,1.0,0,0,1,1,1
xor_n6,neural,6,simulated_annealing,26,200,200,17,1.0,1.0,0.0,0.99291667,0.91666667,1.0,1.0,1.0,1.0,0,1,1,1,1
xor_n6,neural,6,simulated_annealing,27,200,200,33,1.0,1.0,0.0,0.98458333,0.91666667,0.91666667,1.0,1.0,1.0,0,0,1,1,1
xor_n6,neural,6,simulated_annealing,28,200,200,13,1.0,1.0,0.0,0.99291667,1.0,1.0,1.0,1.0,1.0,1,1,1,1,1
xor_n6,neural,6,simulated_annealing,29,200,200,12,1.0,1.0,0.0,0.995,1.0,1.0,1.0,1.0,1.0,1,1,1,1,1
xor_n6,neural,6,simulated_annealing,30,200,200,1,1.0,1.0,0.0,1.0,1.0,1.0,1.0,1.0,1.0,1,1,1,1,1
xor_n6,neural,6,simulated_annealing,31,200,200,53,1.0,1.0,0.0,0.97583333,0.91666667,0.91666667,0.91666667,1.0,1.0,0,0,0,1,1
xor_n6,neural,6,simulated_annealing,32,200,200,7,1.0,1.0,0.0,0.99625,1.0,1.0,1.0,1.0,1.0,1,1,1,1,1
xor_n6,neural,6,simulated_annealing,33,200,200,111,1.0,1.0,0.0,0.94916667,0.91666667,0.91666667,0.91666667,0.91666667,1.0,0,0,0,0,1
xor_n6,neural,6,simulated_annealing,34,200,200,44,1.0,1.0,0.0,0.97916667,0.91666667,0.91666667,1.0,1.0,1.0,0,0,1,1,1
xor_n6,neural,6,simulated_annealing,35,200,200,29,1.0,1.0,0.0,0.98625,0.91666667,0.91666667,1.0,1.0,1.0,0,0,1,1,1
xor_n6,neural,6,simulated_annealing,36,200,200,38,1.0,1.0,0.0,0.98125,0.91666667,0.91666667,1.0,1.0,1.0,0,0,1,1,1
xor_n6,neural,6,simulated_annealing,37,200,200,105,1.0,1.0,0.0,0.95541667,0.91666667,0.91666667,0.91666667,0.91666667,1.0,0,0,0,0,1
xor_n6,neural,6,simulated_annealing,38,200,200,10,1.0,1.0,0.0,0.99625,1.0,1.0,1.0,1.0,1.0,1,1,1,1,1
xor_n6,neural,6,simulated_annealing,39,200,200,34,1.0,1.0,0.0,0.98625,0.91666667,0.91666667,1.0,1.0,1.0,0,0,1,1,1
xor_n6,neural,6,iterated_local_search,0,200,200,10,1.0,1.0,0.0,0.99458333,1.0,1.0,1.0,1.0,1.0,1,1,1,1,1
xor_n6,neural,6,iterated_local_search,1,200,200,13,1.0,1.0,0.0,0.99291667,1.0,1.0,1.0,1.0,1.0,1,1,1,1,1
xor_n6,neural,6,iterated_local_search,2,200,200,10,1.0,1.0,0.0,0.99583333,1.0,1.0,1.0,1.0,1.0,1,1,1,1,1
xor_n6,neural,6,iterated_local_search,3,200,200,9,1.0,1.0,0.0,0.99125,1.0,1.0,1.0,1.0,1.0,1,1,1,1,1
xor_n6,neural,6,iterated_local_search,4,200,200,2,1.0,1.0,0.0,0.99833333,1.0,1.0,1.0,1.0,1.0,1,1,1,1,1
xor_n6,neural,6,iterated_local_search,5,200,200,16,1.0,1.0,0.0,0.98833333,0.91666667,1.0,1.0,1.0,1.0,0,1,1,1,1
xor_n6,neural,6,iterated_local_search,6,200,200,72,1.0,1.0,0.0,0.96541667,0.91666667,0.91666667,0.91666667,1.0,1.0,0,0,0,1,1
xor_n6,neural,6,iterated_local_search,7,200,200,10,1.0,1.0,0.0,0.99625,1.0,1.0,1.0,1.0,1.0,1,1,1,1,1
xor_n6,neural,6,iterated_local_search,8,200,200,1,1.0,1.0,0.0,1.0,1.0,1.0,1.0,1.0,1.0,1,1,1,1,1
xor_n6,neural,6,iterated_local_search,9,200,200,10,1.0,1.0,0.0,0.99583333,1.0,1.0,1.0,1.0,1.0,1,1,1,1,1
xor_n6,neural,6,iterated_local_search,10,200,200,11,1.0,1.0,0.0,0.99166667,1.0,1.0,1.0,1.0,1.0,1,1,1,1,1
xor_n6,neural,6,iterated_local_search,11,200,200,1,1.0,1.0,0.0,1.0,1.0,1.0,1.0,1.0,1.0,1,1,1,1,1
xor_n6,neural,6,iterated_local_search,12,200,200,21,1.0,1.0,0.0,0.99166667,0.91666667,1.0,1.0,1.0,1.0,0,1,1,1,1
xor_n6,neural,6,iterated_local_search,13,200,200,20,1.0,1.0,0.0,0.99208333,0.91666667,1.0,1.0,1.0,1.0,0,1,1,1,1
xor_n6,neural,6,iterated_local_search,14,200,200,39,1.0,1.0,0.0,0.98,0.91666667,0.91666667,1.0,1.0,1.0,0,0,1,1,1
xor_n6,neural,6,iterated_local_search,15,200,200,22,1.0,1.0,0.0,0.99083333,0.91666667,1.0,1.0,1.0,1.0,0,1,1,1,1
xor_n6,neural,6,iterated_local_search,16,200,200,3,1.0,1.0,0.0,0.99666667,1.0,1.0,1.0,1.0,1.0,1,1,1,1,1
xor_n6,neural,6,iterated_local_search,17,200,200,46,1.0,1.0,0.0,0.98125,0.91666667,0.91666667,1.0,1.0,1.0,0,0,1,1,1
xor_n6,neural,6,iterated_local_search,18,200,200,37,1.0,1.0,0.0,0.9825,0.91666667,0.91666667,1.0,1.0,1.0,0,0,1,1,1
xor_n6,neural,6,iterated_local_search,19,200,200,5,1.0,1.0,0.0,0.99666667,1.0,1.0,1.0,1.0,1.0,1,1,1,1,1
xor_n6,neural,6,iterated_local_search,20,200,200,1,1.0,1.0,0.0,1.0,1.0,1.0,1.0,1.0,1.0,1,1,1,1,1
xor_n6,neural,6,iterated_local_search,21,200,200,53,1.0,1.0,0.0,0.97708333,0.91666667,0.91666667,0.91666667,1.0,1.0,0,0,0,1,1
xor_n6,neural,6,iterated_local_search,22,200,200,15,1.0,1.0,0.0,0.99416667,1.0,1.0,1.0,1.0,1.0,1,1,1,1,1
xor_n6,neural,6,iterated_local_search,23,200,200,6,1.0,1.0,0.0,0.99791667,1.0,1.0,1.0,1.0,1.0,1,1,1,1,1
xor_n6,neural,6,iterated_local_search,24,200,200,17,1.0,1.0,0.0,0.98666667,0.83333333,1.0,1.0,1.0,1.0,0,1,1,1,1
xor_n6,neural,6,iterated_local_search,25,200,200,8,1.0,1.0,0.0,0.99625,1.0,1.0,1.0,1.0,1.0,1,1,1,1,1
xor_n6,neural,6,iterated_local_search,26,200,200,17,1.0,1.0,0.0,0.9925,0.91666667,1.0,1.0,1.0,1.0,0,1,1,1,1
xor_n6,neural,6,iterated_local_search,27,200,200,16,1.0,1.0,0.0,0.99208333,0.91666667,1.0,1.0,1.0,1.0,0,1,1,1,1
xor_n6,neural,6,iterated_local_search,28,200,200,4,1.0,1.0,0.0,0.99625,1.0,1.0,1.0,1.0,1.0,1,1,1,1,1
xor_n6,neural,6,iterated_local_search,29,200,200,11,1.0,1.0,0.0,0.995,1.0,1.0,1.0,1.0,1.0,1,1,1,1,1
xor_n6,neural,6,iterated_local_search,30,200,200,1,1.0,1.0,0.0,1.0,1.0,1.0,1.0,1.0,1.0,1,1,1,1,1
xor_n6,neural,6,iterated_local_search,31,200,200,12,1.0,1.0,0.0,0.99458333,1.0,1.0,1.0,1.0,1.0,1,1,1,1,1
xor_n6,neural,6,iterated_local_search,32,200,200,2,1.0,1.0,0.0,0.99875,1.0,1.0,1.0,1.0,1.0,1,1,1,1,1
xor_n6,neural,6,iterated_local_search,33,200,200,11,1.0,1.0,0.0,0.99458333,1.0,1.0,1.0,1.0,1.0,1,1,1,1,1
xor_n6,neural,6,iterated_local_search,34,200,200,3,1.0,1.0,0.0,0.99875,1.0,1.0,1.0,1.0,1.0,1,1,1,1,1
xor_n6,neural,6,iterated_local_search,35,200,200,4,1.0,1.0,0.0,0.99791667,1.0,1.0,1.0,1.0,1.0,1,1,1,1,1
xor_n6,neural,6,iterated_local_search,36,200,200,11,1.0,1.0,0.0,0.99541667,1.0,1.0,1.0,1.0,1.0,1,1,1,1,1
xor_n6,neural,6,iterated_local_search,37,200,200,9,1.0,1.0,0.0,0.99583333,1.0,1.0,1.0,1.0,1.0,1,1,1,1,1
xor_n6,neural,6,iterated_local_search,38,200,200,12,1.0,1.0,0.0,0.99541667,1.0,1.0,1.0,1.0,1.0,1,1,1,1,1
xor_n6,neural,6,iterated_local_search,39,200,200,54,1.0,1.0,0.0,0.97791667,0.91666667,0.91666667,0.91666667,1.0,1.0,0,0,0,1,1
xor_n6,neural,6,ea_elitist,0,200,200,17,1.0,1.0,0.0,0.99,0.91666667,1.0,1.0,1.0,1.0,0,1,1,1,1
xor_n6,neural,6,ea_elitist,1,200,200,13,1.0,1.0,0.0,0.99375,1.0,1.0,1.0,1.0,1.0,1,1,1,1,1
xor_n6,neural,6,ea_elitist,2,200,200,5,1.0,1.0,0.0,0.99791667,1.0,1.0,1.0,1.0,1.0,1,1,1,1,1
xor_n6,neural,6,ea_elitist,3,200,200,82,1.0,1.0,0.0,0.965,0.91666667,0.91666667,0.91666667,1.0,1.0,0,0,0,1,1
xor_n6,neural,6,ea_elitist,4,200,200,40,1.0,1.0,0.0,0.9825,0.91666667,0.91666667,1.0,1.0,1.0,0,0,1,1,1
xor_n6,neural,6,ea_elitist,5,200,200,54,1.0,1.0,0.0,0.97458333,0.91666667,0.91666667,0.91666667,1.0,1.0,0,0,0,1,1
xor_n6,neural,6,ea_elitist,6,200,200,16,1.0,1.0,0.0,0.98958333,0.91666667,1.0,1.0,1.0,1.0,0,1,1,1,1
xor_n6,neural,6,ea_elitist,7,200,200,2,1.0,1.0,0.0,0.99958333,1.0,1.0,1.0,1.0,1.0,1,1,1,1,1
xor_n6,neural,6,ea_elitist,8,200,200,1,1.0,1.0,0.0,1.0,1.0,1.0,1.0,1.0,1.0,1,1,1,1,1
xor_n6,neural,6,ea_elitist,9,200,200,46,1.0,1.0,0.0,0.97791667,0.91666667,0.91666667,1.0,1.0,1.0,0,0,1,1,1
xor_n6,neural,6,ea_elitist,10,200,200,6,1.0,1.0,0.0,0.99583333,1.0,1.0,1.0,1.0,1.0,1,1,1,1,1
xor_n6,neural,6,ea_elitist,11,200,200,1,1.0,1.0,0.0,1.0,1.0,1.0,1.0,1.0,1.0,1,1,1,1,1
xor_n6,neural,6,ea_elitist,12,200,200,4,1.0,1.0,0.0,0.99875,1.0,1.0,1.0,1.0,1.0,1,1,1,1,1
xor_n6,neural,6,ea_elitist,13,200,200,41,1.0,1.0,0.0,0.98333333,0.91666667,0.91666667,1.0,1.0,1.0,0,0,1,1,1
xor_n6,neural,6,ea_elitist,14,200,200,3,1.0,1.0,0.0,0.99833333,1.0,1.0,1.0,1.0,1.0,1,1,1,1,1
xor_n6,neural,6,ea_elitist,15,200,200,28,1.0,1.0,0.0,0.98666667,0.91666667,0.91666667,1.0,1.0,1.0,0,0,1,1,1
xor_n6,neural,6,ea_elitist,16,200,200,3,1.0,1.0,0.0,0.9975,1.0,1.0,1.0,1.0,1.0,1,1,1,1,1
xor_n6,neural,6,ea_elitist,17,200,200,40,1.0,1.0,0.0,0.98375,0.91666667,0.91666667,1.0,1.0,1.0,0,0,1,1,1
xor_n6,neural,6,ea_elitist,18,200,200,6,1.0,1.0,0.0,0.99625,1.0,1.0,1.0,1.0,1.0,1,1,1,1,1
xor_n6,neural,6,ea_elitist,19,200,200,25,1.0,1.0,0.0,0.98625,0.91666667,1.0,1.0,1.0,1.0,0,1,1,1,1
xor_n6,neural,6,ea_elitist,20,200,200,1,1.0,1.0,0.0,1.0,1.0,1.0,1.0,1.0,1.0,1,1,1,1,1
xor_n6,neural,6,ea_elitist,21,200,200,5,1.0,1.0,0.0,0.99666667,1.0,1.0,1.0,1.0,1.0,1,1,1,1,1
xor_n6,neural,6,ea_elitist,22,200,200,29,1.0,1.0,0.0,0.98833333,0.91666667,0.91666667,1.0,1.0,1.0,0,0,1,1,1
xor_n6,neural,6,ea_elitist,23,200,200,2,1.0,1.0,0.0,0.99958333,1.0,1.0,1.0,1.0,1.0,1,1,1,1,1
xor_n6,neural,6,ea_elitist,24,200,200,58,1.0,1.0,0.0,0.97541667,0.91666667,0.91666667,0.91666667,1.0,1.0,0,0,0,1,1
xor_n6,neural,6,ea_elitist,25,200,200,18,1.0,1.0,0.0,0.99166667,0.91666667,1.0,1.0,1.0,1.0,0,1,1,1,1
xor_n6,neural,6,ea_elitist,26,200,200,26,1.0,1.0,0.0,0.98208333,0.83333333,0.91666667,1.0,1.0,1.0,0,0,1,1,1
xor_n6,neural,6,ea_elitist,27,200,200,38,1.0,1.0,0.0,0.97916667,0.91666667,0.91666667,1.0,1.0,1.0,0,0,1,1,1
xor_n6,neural,6,ea_elitist,28,200,200,5,1.0,1.0,0.0,0.99708333,1.0,1.0,1.0,1.0,1.0,1,1,1,1,1
xor_n6,neural,6,ea_elitist,29,200,200,2,1.0,1.0,0.0,0.99916667,1.0,1.0,1.0,1.0,1.0,1,1,1,1,1
xor_n6,neural,6,ea_elitist,30,200,200,1,1.0,1.0,0.0,1.0,1.0,1.0,1.0,1.0,1.0,1,1,1,1,1
xor_n6,neural,6,ea_elitist,31,200,200,18,1.0,1.0,0.0,0.99208333,0.91666667,1.0,1.0,1.0,1.0,0,1,1,1,1
xor_n6,neural,6,ea_elitist,32,200,200,21,1.0,1.0,0.0,0.99041667,0.91666667,1.0,1.0,1.0,1.0,0,1,1,1,1
xor_n6,neural,6,ea_elitist,33,200,200,15,1.0,1.0,0.0,0.99083333,1.0,1.0,1.0,1.0,1.0,1,1,1,1,1
xor_n6,neural,6,ea_elitist,34,200,200,25,1.0,1.0,0.0,0.98708333,0.91666667,1.0,1.0,1.0,1.0,0,1,1,1,1
xor_n6,neural,6,ea_elitist,35,200,200,23,1.0,1.0,0.0,0.98958333,0.91666667,1.0,1.0,1.0,1.0,0,1,1,1,1
xor_n6,neural,6,ea_elitist,36,200,200,4,1.0,1.0,0.0,0.9975,1.0,1.0,1.0,1.0,1.0,1,1,1,1,1
xor_n6,neural,6,ea_elitist,37,200,200,27,1.0,1.0,0.0,0.98583333,0.91666667,0.91666667,1.0,1.0,1.0,0,0,1,1,1
xor_n6,neural,6,ea_elitist,38,200,200,7,1.0,1.0,0.0,0.9975,1.0,1.0,1.0,1.0,1.0,1,1,1,1,1
xor_n6,neural,6,ea_elitist,39,200,200,23,1.0,1.0,0.0,0.99083333,0.91666667,1.0,1.0,1.0,1.0,0,1,1,1,1
xor_n6,neural,6,ea_aging,0,200,200,17,1.0,1.0,0.0,0.99,0.91666667,1.0,1.0,1.0,1.0,0,1,1,1,1
xor_n6,neural,6,ea_aging,1,200,200,13,1.0,1.0,0.0,0.99375,1.0,1.0,1.0,1.0,1.0,1,1,1,1,1
xor_n6,neural,6,ea_aging,2,200,200,5,1.0,1.0,0.0,0.99791667,1.0,1.0,1.0,1.0,1.0,1,1,1,1,1
xor_n6,neural,6,ea_aging,3,200,200,91,1.0,1.0,0.0,0.96125,0.91666667,0.91666667,0.91666667,1.0,1.0,0,0,0,1,1
xor_n6,neural,6,ea_aging,4,200,200,23,1.0,1.0,0.0,0.98958333,0.91666667,1.0,1.0,1.0,1.0,0,1,1,1,1
xor_n6,neural,6,ea_aging,5,200,200,38,1.0,1.0,0.0,0.98125,0.91666667,0.91666667,1.0,1.0,1.0,0,0,1,1,1
xor_n6,neural,6,ea_aging,6,200,200,16,1.0,1.0,0.0,0.98958333,0.91666667,1.0,1.0,1.0,1.0,0,1,1,1,1
xor_n6,neural,6,ea_aging,7,200,200,2,1.0,1.0,0.0,0.99958333,1.0,1.0,1.0,1.0,1.0,1,1,1,1,1
xor_n6,neural,6,ea_aging,8,200,200,1,1.0,1.0,0.0,1.0,1.0,1.0,1.0,1.0,1.0,1,1,1,1,1
xor_n6,neural,6,ea_aging,9,200,200,25,1.0,1.0,0.0,0.98666667,0.91666667,1.0,1.0,1.0,1.0,0,1,1,1,1
xor_n6,neural,6,ea_aging,10,200,200,6,1.0,1.0,0.0,0.99583333,1.0,1.0,1.0,1.0,1.0,1,1,1,1,1
xor_n6,neural,6,ea_aging,11,200,200,1,1.0,1.0,0.0,1.0,1.0,1.0,1.0,1.0,1.0,1,1,1,1,1
xor_n6,neural,6,ea_aging,12,200,200,4,1.0,1.0,0.0,0.99875,1.0,1.0,1.0,1.0,1.0,1,1,1,1,1
xor_n6,neural,6,ea_aging,13,200,200,48,1.0,1.0,0.0,0.98041667,0.91666667,0.91666667,1.0,1.0,1.0,0,0,1,1,1
xor_n6,neural,6,ea_aging,14,200,200,3,1.0,1.0,0.0,0.99833333,1.0,1.0,1.0,1.0,1.0,1,1,1,1,1
xor_n6,neural,6,ea_aging,15,200,200,29,1.0,1.0,0.0,0.98625,0.91666667,0.91666667,1.0,1.0,1.0,0,0,1,1,1
xor_n6,neural,6,ea_aging,16,200,200,3,1.0,1.0,0.0,0.9975,1.0,1.0,1.0,1.0,1.0,1,1,1,1,1
xor_n6,neural,6,ea_aging,17,200,200,22,1.0,1.0,0.0,0.99125,0.91666667,1.0,1.0,1.0,1.0,0,1,1,1,1
xor_n6,neural,6,ea_aging,18,200,200,6,1.0,1.0,0.0,0.99625,1.0,1.0,1.0,1.0,1.0,1,1,1,1,1
xor_n6,neural,6,ea_aging,19,200,200,53,1.0,1.0,0.0,0.97458333,0.91666667,0.91666667,0.91666667,1.0,1.0,0,0,0,1,1
xor_n6,neural,6,ea_aging,20,200,200,1,1.0,1.0,0.0,1.0,1.0,1.0,1.0,1.0,1.0,1,1,1,1,1
xor_n6,neural,6,ea_aging,21,200,200,5,1.0,1.0,0.0,0.99666667,1.0,1.0,1.0,1.0,1.0,1,1,1,1,1
xor_n6,neural,6,ea_aging,22,200,200,26,1.0,1.0,0.0,0.98958333,0.91666667,0.91666667,1.0,1.0,1.0,0,0,1,1,1
xor_n6,neural,6,ea_aging,23,200,200,2,1.0,1.0,0.0,0.99958333,1.0,1.0,1.0,1.0,1.0,1,1,1,1,1
xor_n6,neural,6,ea_aging,24,200,200,47,1.0,1.0,0.0,0.98,0.91666667,0.91666667,1.0,1.0,1.0,0,0,1,1,1
xor_n6,neural,6,ea_aging,25,200,200,18,1.0,1.0,0.0,0.99166667,0.91666667,1.0,1.0,1.0,1.0,0,1,1,1,1
xor_n6,neural,6,ea_aging,26,200,200,30,1.0,1.0,0.0,0.98041667,0.83333333,0.91666667,1.0,1.0,1.0,0,0,1,1,1
xor_n6,neural,6,ea_aging,27,200,200,46,1.0,1.0,0.0,0.97583333,0.91666667,0.91666667,1.0,1.0,1.0,0,0,1,1,1
xor_n6,neural,6,ea_aging,28,200,200,5,1.0,1.0,0.0,0.99708333,1.0,1.0,1.0,1.0,1.0,1,1,1,1,1
xor_n6,neural,6,ea_aging,29,200,200,2,1.0,1.0,0.0,0.99916667,1.0,1.0,1.0,1.0,1.0,1,1,1,1,1
xor_n6,neural,6,ea_aging,30,200,200,1,1.0,1.0,0.0,1.0,1.0,1.0,1.0,1.0,1.0,1,1,1,1,1
xor_n6,neural,6,ea_aging,31,200,200,18,1.0,1.0,0.0,0.99208333,0.91666667,1.0,1.0,1.0,1.0,0,1,1,1,1
xor_n6,neural,6,ea_aging,32,200,200,21,1.0,1.0,0.0,0.99041667,0.91666667,1.0,1.0,1.0,1.0,0,1,1,1,1
xor_n6,neural,6,ea_aging,33,200,200,15,1.0,1.0,0.0,0.99083333,1.0,1.0,1.0,1.0,1.0,1,1,1,1,1
xor_n6,neural,6,ea_aging,34,200,200,63,1.0,1.0,0.0,0.97125,0.91666667,0.91666667,0.91666667,1.0,1.0,0,0,0,1,1
xor_n6,neural,6,ea_aging,35,200,200,22,1.0,1.0,0.0,0.99,0.91666667,1.0,1.0,1.0,1.0,0,1,1,1,1
xor_n6,neural,6,ea_aging,36,200,200,4,1.0,1.0,0.0,0.9975,1.0,1.0,1.0,1.0,1.0,1,1,1,1,1
xor_n6,neural,6,ea_aging,37,200,200,30,1.0,1.0,0.0,0.98458333,0.91666667,0.91666667,1.0,1.0,1.0,0,0,1,1,1
xor_n6,neural,6,ea_aging,38,200,200,7,1.0,1.0,0.0,0.9975,1.0,1.0,1.0,1.0,1.0,1,1,1,1,1
xor_n6,neural,6,ea_aging,39,200,200,39,1.0,1.0,0.0,0.98416667,0.91666667,0.91666667,1.0,1.0,1.0,0,0,1,1,1
xor_n6,neural,6,ea_portfolio,0,200,200,17,1.0,1.0,0.0,0.99,0.91666667,1.0,1.0,1.0,1.0,0,1,1,1,1
xor_n6,neural,6,ea_portfolio,1,200,200,13,1.0,1.0,0.0,0.99375,1.0,1.0,1.0,1.0,1.0,1,1,1,1,1
xor_n6,neural,6,ea_portfolio,2,200,200,5,1.0,1.0,0.0,0.99791667,1.0,1.0,1.0,1.0,1.0,1,1,1,1,1
xor_n6,neural,6,ea_portfolio,3,200,200,44,1.0,1.0,0.0,0.98083333,0.91666667,0.91666667,1.0,1.0,1.0,0,0,1,1,1
xor_n6,neural,6,ea_portfolio,4,200,200,23,1.0,1.0,0.0,0.98958333,0.91666667,1.0,1.0,1.0,1.0,0,1,1,1,1
xor_n6,neural,6,ea_portfolio,5,200,200,29,1.0,1.0,0.0,0.985,0.91666667,0.91666667,1.0,1.0,1.0,0,0,1,1,1
xor_n6,neural,6,ea_portfolio,6,200,200,16,1.0,1.0,0.0,0.98958333,0.91666667,1.0,1.0,1.0,1.0,0,1,1,1,1
xor_n6,neural,6,ea_portfolio,7,200,200,2,1.0,1.0,0.0,0.99958333,1.0,1.0,1.0,1.0,1.0,1,1,1,1,1
xor_n6,neural,6,ea_portfolio,8,200,200,1,1.0,1.0,0.0,1.0,1.0,1.0,1.0,1.0,1.0,1,1,1,1,1
xor_n6,neural,6,ea_portfolio,9,200,200,34,1.0,1.0,0.0,0.98291667,0.91666667,0.91666667,1.0,1.0,1.0,0,0,1,1,1
xor_n6,neural,6,ea_portfolio,10,200,200,6,1.0,1.0,0.0,0.99583333,1.0,1.0,1.0,1.0,1.0,1,1,1,1,1
xor_n6,neural,6,ea_portfolio,11,200,200,1,1.0,1.0,0.0,1.0,1.0,1.0,1.0,1.0,1.0,1,1,1,1,1
xor_n6,neural,6,ea_portfolio,12,200,200,4,1.0,1.0,0.0,0.99875,1.0,1.0,1.0,1.0,1.0,1,1,1,1,1
xor_n6,neural,6,ea_portfolio,13,200,200,86,1.0,1.0,0.0,0.96458333,0.91666667,0.91666667,0.91666667,1.0,1.0,0,0,0,1,1
xor_n6,neural,6,ea_portfolio,14,200,200,3,1.0,1.0,0.0,0.99833333,1.0,1.0,1.0,1.0,1.0,1,1,1,1,1
xor_n6,neural,6,ea_portfolio,15,200,200,28,1.0,1.0,0.0,0.98666667,0.91666667,0.91666667,1.0,1.0,1.0,0,0,1,1,1
xor_n6,neural,6,ea_portfolio,16,200,200,3,1.0,1.0,0.0,0.9975,1.0,1.0,1.0,1.0,1.0,1,1,1,1,1
xor_n6,neural,6,ea_portfolio,17,200,200,22,1.0,1.0,0.0,0.99125,0.91666667,1.0,1.0,1.0,1.0,0,1,1,1,1
xor_n6,neural,6,ea_portfolio,18,200,200,6,1.0,1.0,0.0,0.99625,1.0,1.0,1.0,1.0,1.0,1,1,1,1,1
xor_n6,neural,6,ea_portfolio,19,200,200,33,1.0,1.0,0.0,0.98291667,0.91666667,0.91666667,1.0,1.0,1.0,0,0,1,1,1
xor_n6,neural,6,ea_portfolio,20,200,200,1,1.0,1.0,0.0,1.0,1.0,1.0,1.0,1.0,1.0,1,1,1,1,1
xor_n6,neural,6,ea_portfolio,21,200,200,5,1.0,1.0,0.0,0.99666667,1.0,1.0,1.0,1.0,1.0,1,1,1,1,1
xor_n6,neural,6,ea_portfolio,22,200,200,28,1.0,1.0,0.0,0.98875,0.91666667,0.91666667,1.0,1.0,1.0,0,0,1,1,1
xor_n6,neural,6,ea_portfolio,23,200,200,2,1.0,1.0,0.0,0.99958333,1.0,1.0,1.0,1.0,1.0,1,1,1,1,1
xor_n6,neural,6,ea_portfolio,24,200,200,35,1.0,1.0,0.0,0.985,0.91666667,0.91666667,1.0,1.0,1.0,0,0,1,1,1
xor_n6,neural,6,ea_portfolio,25,200,200,18,1.0,1.0,0.0,0.99166667,0.91666667,1.0,1.0,1.0,1.0,0,1,1,1,1
xor_n6,neural,6,ea_portfolio,26,200,200,45,1.0,1.0,0.0,0.97416667,0.83333333,0.91666667,1.0,1.0,1.0,0,0,1,1,1
xor_n6,neural,6,ea_portfolio,27,200,200,26,1.0,1.0,0.0,0.98416667,0.91666667,0.91666667,1.0,1.0,1.0,0,0,1,1,1
xor_n6,neural,6,ea_portfolio,28,200,200,5,1.0,1.0,0.0,0.99708333,1.0,1.0,1.0,1.0,1.0,1,1,1,1,1
xor_n6,neural,6,ea_portfolio,29,200,200,2,1.0,1.0,0.0,0.99916667,1.0,1.0,1.0,1.0,1.0,1,1,1,1,1
xor_n6,neural,6,ea_portfolio,30,200,200,1,1.0,1.0,0.0,1.0,1.0,1.0,1.0,1.0,1.0,1,1,1,1,1
xor_n6,neural,6,ea_portfolio,31,200,200,18,1.0,1.0,0.0,0.99208333,0.91666667,1.0,1.0,1.0,1.0,0,1,1,1,1
xor_n6,neural,6,ea_portfolio,32,200,200,21,1.0,1.0,0.0,0.99041667,0.91666667,1.0,1.0,1.0,1.0,0,1,1,1,1
xor_n6,neural,6,ea_portfolio,33,200,200,15,1.0,1.0,0.0,0.99083333,1.0,1.0,1.0,1.0,1.0,1,1,1,1,1
xor_n6,neural,6,ea_portfolio,34,200,200,75,1.0,1.0,0.0,0.96625,0.91666667,0.91666667,0.91666667,1.0,1.0,0,0,0,1,1
xor_n6,neural,6,ea_portfolio,35,200,200,40,1.0,1.0,0.0,0.9825,0.91666667,0.91666667,1.0,1.0,1.0,0,0,1,1,1
xor_n6,neural,6,ea_portfolio,36,200,200,4,1.0,1.0,0.0,0.9975,1.0,1.0,1.0,1.0,1.0,1,1,1,1,1
xor_n6,neural,6,ea_portfolio,37,200,200,39,1.0,1.0,0.0,0.98083333,0.91666667,0.91666667,1.0,1.0,1.0,0,0,1,1,1
xor_n6,neural,6,ea_portfolio,38,200,200,7,1.0,1.0,0.0,0.9975,1.0,1.0,1.0,1.0,1.0,1,1,1,1,1
xor_n6,neural,6,ea_portfolio,39,200,200,32,1.0,1.0,0.0,0.98708333,0.91666667,0.91666667,1.0,1.0,1.0,0,0,1,1,1
xor_n6,neural,6,surrogate_positional,0,200,200,39,1.0,1.0,0.0,0.98083333,0.91666667,0.91666667,1.0,1.0,1.0,0,0,1,1,1
xor_n6,neural,6,surrogate_positional,1,200,200,21,1.0,1.0,0.0,0.99041667,0.91666667,1.0,1.0,1.0,1.0,0,1,1,1,1
xor_n6,neural,6,surrogate_positional,2,200,200,5,1.0,1.0,0.0,0.99791667,1.0,1.0,1.0,1.0,1.0,1,1,1,1,1
xor_n6,neural,6,surrogate_positional,3,200,200,34,1.0,1.0,0.0,0.985,0.91666667,0.91666667,1.0,1.0,1.0,0,0,1,1,1
xor_n6,neural,6,surrogate_positional,4,200,200,12,1.0,1.0,0.0,0.99416667,1.0,1.0,1.0,1.0,1.0,1,1,1,1,1
xor_n6,neural,6,surrogate_positional,5,200,200,16,1.0,1.0,0.0,0.99041667,0.91666667,1.0,1.0,1.0,1.0,0,1,1,1,1
xor_n6,neural,6,surrogate_positional,6,200,200,26,1.0,1.0,0.0,0.98541667,0.91666667,0.91666667,1.0,1.0,1.0,0,0,1,1,1
xor_n6,neural,6,surrogate_positional,7,200,200,2,1.0,1.0,0.0,0.99958333,1.0,1.0,1.0,1.0,1.0,1,1,1,1,1
xor_n6,neural,6,surrogate_positional,8,200,200,1,1.0,1.0,0.0,1.0,1.0,1.0,1.0,1.0,1.0,1,1,1,1,1
xor_n6,neural,6,surrogate_positional,9,200,200,83,1.0,1.0,0.0,0.9625,0.91666667,0.91666667,0.91666667,1.0,1.0,0,0,0,1,1
xor_n6,neural,6,surrogate_positional,10,200,200,6,1.0,1.0,0.0,0.99583333,1.0,1.0,1.0,1.0,1.0,1,1,1,1,1
xor_n6,neural,6,surrogate_positional,11,200,200,1,1.0,1.0,0.0,1.0,1.0,1.0,1.0,1.0,1.0,1,1,1,1,1
xor_n6,neural,6,surrogate_positional,12,200,200,4,1.0,1.0,0.0,0.99875,1.0,1.0,1.0,1.0,1.0,1,1,1,1,1
xor_n6,neural,6,surrogate_positional,13,200,200,50,1.0,1.0,0.0,0.97958333,0.91666667,0.91666667,1.0,1.0,1.0,0,0,1,1,1
xor_n6,neural,6,surrogate_positional,14,200,200,3,1.0,1.0,0.0,0.99833333,1.0,1.0,1.0,1.0,1.0,1,1,1,1,1
xor_n6,neural,6,surrogate_positional,15,200,200,22,1.0,1.0,0.0,0.98916667,0.91666667,1.0,1.0,1.0,1.0,0,1,1,1,1
xor_n6,neural,6,surrogate_positional,16,200,200,3,1.0,1.0,0.0,0.9975,1.0,1.0,1.0,1.0,1.0,1,1,1,1,1
xor_n6,neural,6,surrogate_positional,17,200,200,17,1.0,1.0,0.0,0.99333333,0.91666667,1.0,1.0,1.0,1.0,0,1,1,1,1
xor_n6,neural,6,surrogate_positional,18,200,200,6,1.0,1.0,0.0,0.99625,1.0,1.0,1.0,1.0,1.0,1,1,1,1,1
xor_n6,neural,6,surrogate_positional,19,200,200,13,1.0,1.0,0.0,0.99125,1.0,1.0,1.0,1.0,1.0,1,1,1,1,1
xor_n6,neural,6,surrogate_positional,20,200,200,1,1.0,1.0,0.0,1.0,1.0,1.0,1.0,1.0,1.0,1,1,1,1,1
xor_n6,neural,6,surrogate_positional,21,200,200,5,1.0,1.0,0.0,0.99666667,1.0,1.0,1.0,1.0,1.0,1,1,1,1,1
xor_n6,neural,6,surrogate_positional,22,200,200,34,1.0,1.0,0.0,0.98625,0.91666667,0.91666667,1.0,1.0,1.0,0,0,1,1,1
xor_n6,neural,6,surrogate_positional,23,200,200,2,1.0,1.0,0.0,0.99958333,1.0,1.0,1.0,1.0,1.0,1,1,1,1,1
xor_n6,neural,6,surrogate_positional,24,200,200,14,1.0,1.0,0.0,0.99375,1.0,1.0,1.0,1.0,1.0,1,1,1,1,1
xor_n6,neural,6,surrogate_positional,25,200,200,18,1.0,1.0,0.0,0.99166667,0.91666667,1.0,1.0,1.0,1.0,0,1,1,1,1
xor_n6,neural,6,surrogate_positional,26,200,200,29,1.0,1.0,0.0,0.98416667,0.91666667,0.91666667,1.0,1.0,1.0,0,0,1,1,1
xor_n6,neural,6,surrogate_positional,27,200,200,57,1.0,1.0,0.0,0.97125,0.91666667,0.91666667,0.91666667,1.0,1.0,0,0,0,1,1
xor_n6,neural,6,surrogate_positional,28,200,200,5,1.0,1.0,0.0,0.99708333,1.0,1.0,1.0,1.0,1.0,1,1,1,1,1
xor_n6,neural,6,surrogate_positional,29,200,200,2,1.0,1.0,0.0,0.99916667,1.0,1.0,1.0,1.0,1.0,1,1,1,1,1
xor_n6,neural,6,surrogate_positional,30,200,200,1,1.0,1.0,0.0,1.0,1.0,1.0,1.0,1.0,1.0,1,1,1,1,1
xor_n6,neural,6,surrogate_positional,31,200,200,32,1.0,1.0,0.0,0.98625,0.91666667,0.91666667,1.0,1.0,1.0,0,0,1,1,1
xor_n6,neural,6,surrogate_positional,32,200,200,12,1.0,1.0,0.0,0.99416667,1.0,1.0,1.0,1.0,1.0,1,1,1,1,1
xor_n6,neural,6,surrogate_positional,33,200,200,35,1.0,1.0,0.0,0.9825,0.91666667,0.91666667,1.0,1.0,1.0,0,0,1,1,1
xor_n6,neural,6,surrogate_positional,34,200,200,41,1.0,1.0,0.0,0.98041667,0.91666667,0.91666667,1.0,1.0,1.0,0,0,1,1,1
xor_n6,neural,6,surrogate_positional,35,200,200,38,1.0,1.0,0.0,0.98333333,0.91666667,0.91666667,1.0,1.0,1.0,0,0,1,1,1
xor_n6,neural,6,surrogate_positional,36,200,200,4,1.0,1.0,0.0,0.9975,1.0,1.0,1.0,1.0,1.0,1,1,1,1,1
xor_n6,neural,6,surrogate_positional,37,200,200,41,1.0,1.0,0.0,0.98,0.91666667,0.91666667,1.0,1.0,1.0,0,0,1,1,1
xor_n6,neural,6,surrogate_positional,38,200,200,7,1.0,1.0,0.0,0.9975,1.0,1.0,1.0,1.0,1.0,1,1,1,1,1
xor_n6,neural,6,surrogate_positional,39,200,200,34,1.0,1.0,0.0,0.98625,0.91666667,0.91666667,1.0,1.0,1.0,0,0,1,1,1
xor_n6,neural,6,surrogate_precedence,0,200,200,16,1.0,1.0,0.0,0.99041667,0.91666667,1.0,1.0,1.0,1.0,0,1,1,1,1
xor_n6,neural,6,surrogate_precedence,1,200,200,24,1.0,1.0,0.0,0.98916667,0.91666667,1.0,1.0,1.0,1.0,0,1,1,1,1
xor_n6,neural,6,surrogate_precedence,2,200,200,5,1.0,1.0,0.0,0.99791667,1.0,1.0,1.0,1.0,1.0,1,1,1,1,1
xor_n6,neural,6,surrogate_precedence,3,200,200,18,1.0,1.0,0.0,0.99166667,0.91666667,1.0,1.0,1.0,1.0,0,1,1,1,1
xor_n6,neural,6,surrogate_precedence,4,200,200,32,1.0,1.0,0.0,0.98583333,0.91666667,0.91666667,1.0,1.0,1.0,0,0,1,1,1
xor_n6,neural,6,surrogate_precedence,5,200,200,34,1.0,1.0,0.0,0.98291667,0.91666667,0.91666667,1.0,1.0,1.0,0,0,1,1,1
xor_n6,neural,6,surrogate_precedence,6,200,200,16,1.0,1.0,0.0,0.98958333,0.91666667,1.0,1.0,1.0,1.0,0,1,1,1,1
xor_n6,neural,6,surrogate_precedence,7,200,200,2,1.0,1.0,0.0,0.99958333,1.0,1.0,1.0,1.0,1.0,1,1,1,1,1
xor_n6,neural,6,surrogate_precedence,8,200,200,1,1.0,1.0,0.0,1.0,1.0,1.0,1.0,1.0,1.0,1,1,1,1,1
xor_n6,neural,6,surrogate_precedence,9,200,200,34,1.0,1.0,0.0,0.98291667,0.91666667,0.91666667,1.0,1.0,1.0,0,0,1,1,1
xor_n6,neural,6,surrogate_precedence,10,200,200,6,1.0,1.0,0.0,0.99583333,1.0,1.0,1.0,1.0,1.0,1,1,1,1,1
xor_n6,neural,6,surrogate_precedence,11,200,200,1,1.0,1.0,0.0,1.0,1.0,1.0,1.0,1.0,1.0,1,1,1,1,1
xor_n6,neural,6,surrogate_precedence,12,200,200,4,1.0,1.0,0.0,0.99875,1.0,1.0,1.0,1.0,1.0,1,1,1,1,1
xor_n6,neural,6,surrogate_precedence,13,200,200,14,1.0,1.0,0.0,0.99458333,1.0,1.0,1.0,1.0,1.0,1,1,1,1,1
xor_n6,neural,6,surrogate_precedence,14,200,200,3,1.0,1.0,0.0,0.99833333,1.0,1.0,1.0,1.0,1.0,1,1,1,1,1
xor_n6,neural,6,surrogate_precedence,15,200,200,20,1.0,1.0,0.0,0.99,0.91666667,1.0,1.0,1.0,1.0,0,1,1,1,1
xor_n6,neural,6,surrogate_precedence,16,200,200,3,1.0,1.0,0.0,0.9975,1.0,1.0,1.0,1.0,1.0,1,1,1,1,1
xor_n6,neural,6,surrogate_precedence,17,200,200,69,1.0,1.0,0.0,0.97166667,0.91666667,0.91666667,0.91666667,1.0,1.0,0,0,0,1,1
xor_n6,neural,6,surrogate_precedence,18,200,200,6,1.0,1.0,0.0,0.99625,1.0,1.0,1.0,1.0,1.0,1,1,1,1,1
xor_n6,neural,6,surrogate_precedence,19,200,200,33,1.0,1.0,0.0,0.98291667,0.91666667,0.91666667,1.0,1.0,1.0,0,0,1,1,1
xor_n6,neural,6,surrogate_precedence,20,200,200,1,1.0,1.0,0.0,1.0,1.0,1.0,1.0,1.0,1.0,1,1,1,1,1
xor_n6,neural,6,surrogate_precedence,21,200,200,5,1.0,1.0,0.0,0.99666667,1.0,1.0,1.0,1.0,1.0,1,1,1,1,1
xor_n6,neural,6,surrogate_precedence,22,200,200,44,1.0,1.0,0.0,0.98208333,0.91666667,0.91666667,1.0,1.0,1.0,0,0,1,1,1
xor_n6,neural,6,surrogate_precedence,23,200,200,2,1.0,1.0,0.0,0.99958333,1.0,1.0,1.0,1.0,1.0,1,1,1,1,1
xor_n6,neural,6,surrogate_precedence,24,200,200,39,1.0,1.0,0.0,0.98333333,0.91666667,0.91666667,1.0,1.0,1.0,0,0,1,1,1
xor_n6,neural,6,surrogate_precedence,25,200,200,20,1.0,1.0,0.0,0.99083333,0.91666667,1.0,1.0,1.0,1.0,0,1,1,1,1
xor_n6,neural,6,surrogate_precedence,26,200,200,11,1.0,1.0,0.0,0.99166667,1.0,1.0,1.0,1.0,1.0,1,1,1,1,1
xor_n6,neural,6,surrogate_precedence,27,200,200,54,1.0,1.0,0.0,0.9725,0.91666667,0.91666667,0.91666667,1.0,1.0,0,0,0,1,1
xor_n6,neural,6,surrogate_precedence,28,200,200,5,1.0,1.0,0.0,0.99708333,1.0,1.0,1.0,1.0,1.0,1,1,1,1,1
xor_n6,neural,6,surrogate_precedence,29,200,200,2,1.0,1.0,0.0,0.99916667,1.0,1.0,1.0,1.0,1.0,1,1,1,1,1
xor_n6,neural,6,surrogate_precedence,30,200,200,1,1.0,1.0,0.0,1.0,1.0,1.0,1.0,1.0,1.0,1,1,1,1,1
xor_n6,neural,6,surrogate_precedence,31,200,200,33,1.0,1.0,0.0,0.98583333,0.91666667,0.91666667,1.0,1.0,1.0,0,0,1,1,1
xor_n6,neural,6,surrogate_precedence,32,200,200,34,1.0,1.0,0.0,0.985,0.91666667,0.91666667,1.0,1.0,1.0,0,0,1,1,1
xor_n6,neural,6,surrogate_precedence,33,200,200,18,1.0,1.0,0.0,0.98958333,0.91666667,1.0,1.0,1.0,1.0,0,1,1,1,1
xor_n6,neural,6,surrogate_precedence,34,200,200,88,1.0,1.0,0.0,0.96083333,0.91666667,0.91666667,0.91666667,1.0,1.0,0,0,0,1,1
xor_n6,neural,6,surrogate_precedence,35,200,200,16,1.0,1.0,0.0,0.9925,0.91666667,1.0,1.0,1.0,1.0,0,1,1,1,1
xor_n6,neural,6,surrogate_precedence,36,200,200,4,1.0,1.0,0.0,0.9975,1.0,1.0,1.0,1.0,1.0,1,1,1,1,1
xor_n6,neural,6,surrogate_precedence,37,200,200,12,1.0,1.0,0.0,0.99208333,1.0,1.0,1.0,1.0,1.0,1,1,1,1,1
xor_n6,neural,6,surrogate_precedence,38,200,200,7,1.0,1.0,0.0,0.9975,1.0,1.0,1.0,1.0,1.0,1,1,1,1,1
xor_n6,neural,6,surrogate_precedence,39,200,200,11,1.0,1.0,0.0,0.99583333,1.0,1.0,1.0,1.0,1.0,1,1,1,1,1
xor_n6,neural,6,eda_precedence,0,200,200,23,1.0,1.0,0.0,0.9875,0.91666667,1.0,1.0,1.0,1.0,0,1,1,1,1
xor_n6,neural,6,eda_precedence,1,200,200,35,1.0,1.0,0.0,0.98458333,0.91666667,0.91666667,1.0,1.0,1.0,0,0,1,1,1
xor_n6,neural,6,eda_precedence,2,200,200,5,1.0,1.0,0.0,0.99791667,1.0,1.0,1.0,1.0,1.0,1,1,1,1,1
xor_n6,neural,6,eda_precedence,3,200,200,40,1.0,1.0,0.0,0.9825,0.91666667,0.91666667,1.0,1.0,1.0,0,0,1,1,1
xor_n6,neural,6,eda_precedence,4,200,200,105,1.0,1.0,0.0,0.95541667,0.91666667,0.91666667,0.91666667,0.91666667,1.0,0,0,0,0,1
xor_n6,neural,6,eda_precedence,5,200,200,48,1.0,1.0,0.0,0.97708333,0.91666667,0.91666667,1.0,1.0,1.0,0,0,1,1,1
xor_n6,neural,6,eda_precedence,6,200,200,43,1.0,1.0,0.0,0.97833333,0.91666667,0.91666667,1.0,1.0,1.0,0,0,1,1,1
xor_n6,neural,6,eda_precedence,7,200,200,2,1.0,1.0,0.0,0.99958333,1.0,1.0,1.0,1.0,1.0,1,1,1,1,1
xor_n6,neural,6,eda_precedence,8,200,200,1,1.0,1.0,0.0,1.0,1.0,1.0,1.0,1.0,1.0,1,1,1,1,1
xor_n6,neural,6,eda_precedence,9,200,200,15,1.0,1.0,0.0,0.99083333,1.0,1.0,1.0,1.0,1.0,1,1,1,1,1
xor_n6,neural,6,eda_precedence,10,200,200,6,1.0,1.0,0.0,0.99583333,1.0,1.0,1.0,1.0,1.0,1,1,1,1,1
xor_n6,neural,6,eda_precedence,11,200,200,1,1.0,1.0,0.0,1.0,1.0,1.0,1.0,1.0,1.0,1,1,1,1,1
xor_n6,neural,6,eda_precedence,12,200,200,4,1.0,1.0,0.0,0.99875,1.0,1.0,1.0,1.0,1.0,1,1,1,1,1
xor_n6,neural,6,eda_precedence,13,200,200,25,1.0,1.0,0.0,0.99,0.91666667,1.0,1.0,1.0,1.0,0,1,1,1,1
xor_n6,neural,6,eda_precedence,14,200,200,3,1.0,1.0,0.0,0.99833333,1.0,1.0,1.0,1.0,1.0,1,1,1,1,1
xor_n6,neural,6,eda_precedence,15,200,200,16,1.0,1.0,0.0,0.99166667,0.91666667,1.0,1.0,1.0,1.0,0,1,1,1,1
xor_n6,neural,6,eda_precedence,16,200,200,3,1.0,1.0,0.0,0.9975,1.0,1.0,1.0,1.0,1.0,1,1,1,1,1
xor_n6,neural,6,eda_precedence,17,200,200,58,1.0,1.0,0.0,0.97625,0.91666667,0.91666667,0.91666667,1.0,1.0,0,0,0,1,1
xor_n6,neural,6,eda_precedence,18,200,200,6,1.0,1.0,0.0,0.99625,1.0,1.0,1.0,1.0,1.0,1,1,1,1,1
xor_n6,neural,6,eda_precedence,19,200,200,33,1.0,1.0,0.0,0.98291667,0.91666667,0.91666667,1.0,1.0,1.0,0,0,1,1,1
xor_n6,neural,6,eda_precedence,20,200,200,1,1.0,1.0,0.0,1.0,1.0,1.0,1.0,1.0,1.0,1,1,1,1,1
xor_n6,neural,6,eda_precedence,21,200,200,5,1.0,1.0,0.0,0.99666667,1.0,1.0,1.0,1.0,1.0,1,1,1,1,1
xor_n6,neural,6,eda_precedence,22,200,200,50,1.0,1.0,0.0,0.97958333,0.91666667,0.91666667,1.0,1.0,1.0,0,0,1,1,1
xor_n6,neural,6,eda_precedence,23,200,200,2,1.0,1.0,0.0,0.99958333,1.0,1.0,1.0,1.0,1.0,1,1,1,1,1
xor_n6,neural,6,eda_precedence,24,200,200,11,1.0,1.0,0.0,0.995,1.0,1.0,1.0,1.0,1.0,1,1,1,1,1
xor_n6,neural,6,eda_precedence,25,200,200,22,1.0,1.0,0.0,0.99,0.91666667,1.0,1.0,1.0,1.0,0,1,1,1,1
xor_n6,neural,6,eda_precedence,26,200,200,11,1.0,1.0,0.0,0.99166667,1.0,1.0,1.0,1.0,1.0,1,1,1,1,1
xor_n6,neural,6,eda_precedence,27,200,200,17,1.0,1.0,0.0,0.98791667,0.91666667,1.0,1.0,1.0,1.0,0,1,1,1,1
xor_n6,neural,6,eda_precedence,28,200,200,5,1.0,1.0,0.0,0.99708333,1.0,1.0,1.0,1.0,1.0,1,1,1,1,1
xor_n6,neural,6,eda_precedence,29,200,200,2,1.0,1.0,0.0,0.99916667,1.0,1.0,1.0,1.0,1.0,1,1,1,1,1
xor_n6,neural,6,eda_precedence,30,200,200,1,1.0,1.0,0.0,1.0,1.0,1.0,1.0,1.0,1.0,1,1,1,1,1
xor_n6,neural,6,eda_precedence,31,200,200,24,1.0,1.0,0.0,0.98958333,0.91666667,1.0,1.0,1.0,1.0,0,1,1,1,1
xor_n6,neural,6,eda_precedence,32,200,200,12,1.0,1.0,0.0,0.99416667,1.0,1.0,1.0,1.0,1.0,1,1,1,1,1
xor_n6,neural,6,eda_precedence,33,200,200,23,1.0,1.0,0.0,0.9875,0.91666667,1.0,1.0,1.0,1.0,0,1,1,1,1
xor_n6,neural,6,eda_precedence,34,200,200,30,1.0,1.0,0.0,0.985,0.91666667,0.91666667,1.0,1.0,1.0,0,0,1,1,1
xor_n6,neural,6,eda_precedence,35,200,200,36,1.0,1.0,0.0,0.98416667,0.91666667,0.91666667,1.0,1.0,1.0,0,0,1,1,1
xor_n6,neural,6,eda_precedence,36,200,200,4,1.0,1.0,0.0,0.9975,1.0,1.0,1.0,1.0,1.0,1,1,1,1,1
xor_n6,neural,6,eda_precedence,37,200,200,45,1.0,1.0,0.0,0.97833333,0.91666667,0.91666667,1.0,1.0,1.0,0,0,1,1,1
xor_n6,neural,6,eda_precedence,38,200,200,7,1.0,1.0,0.0,0.9975,1.0,1.0,1.0,1.0,1.0,1,1,1,1,1
xor_n6,neural,6,eda_precedence,39,200,200,48,1.0,1.0,0.0,0.98041667,0.91666667,0.91666667,1.0,1.0,1.0,0,0,1,1,1
xor_n6,neural,6,prism_protocol,0,200,200,8,1.0,1.0,0.0,0.99708333,1.0,1.0,1.0,1.0,1.0,1,1,1,1,1
xor_n6,neural,6,prism_protocol,1,200,200,13,1.0,1.0,0.0,0.98625,1.0,1.0,1.0,1.0,1.0,1,1,1,1,1
xor_n6,neural,6,prism_protocol,2,200,200,14,1.0,1.0,0.0,0.99375,1.0,1.0,1.0,1.0,1.0,1,1,1,1,1
xor_n6,neural,6,prism_protocol,3,200,200,44,1.0,1.0,0.0,0.97666667,0.91666667,0.91666667,1.0,1.0,1.0,0,0,1,1,1
xor_n6,neural,6,prism_protocol,4,200,200,3,1.0,1.0,0.0,0.99791667,1.0,1.0,1.0,1.0,1.0,1,1,1,1,1
xor_n6,neural,6,prism_protocol,5,200,200,14,1.0,1.0,0.0,0.99333333,1.0,1.0,1.0,1.0,1.0,1,1,1,1,1
xor_n6,neural,6,prism_protocol,6,200,200,34,1.0,1.0,0.0,0.98,0.91666667,0.91666667,1.0,1.0,1.0,0,0,1,1,1
xor_n6,neural,6,prism_protocol,7,200,200,22,1.0,1.0,0.0,0.99,0.91666667,1.0,1.0,1.0,1.0,0,1,1,1,1
xor_n6,neural,6,prism_protocol,8,200,200,23,1.0,1.0,0.0,0.98916667,0.91666667,1.0,1.0,1.0,1.0,0,1,1,1,1
xor_n6,neural,6,prism_protocol,9,200,200,16,1.0,1.0,0.0,0.99375,0.91666667,1.0,1.0,1.0,1.0,0,1,1,1,1
xor_n6,neural,6,prism_protocol,10,200,200,4,1.0,1.0,0.0,0.99625,1.0,1.0,1.0,1.0,1.0,1,1,1,1,1
xor_n6,neural,6,prism_protocol,11,200,200,14,1.0,1.0,0.0,0.99458333,1.0,1.0,1.0,1.0,1.0,1,1,1,1,1
xor_n6,neural,6,prism_protocol,12,200,200,3,1.0,1.0,0.0,0.99833333,1.0,1.0,1.0,1.0,1.0,1,1,1,1,1
xor_n6,neural,6,prism_protocol,13,200,200,40,1.0,1.0,0.0,0.98375,0.91666667,0.91666667,1.0,1.0,1.0,0,0,1,1,1
xor_n6,neural,6,prism_protocol,14,200,200,36,1.0,1.0,0.0,0.98541667,0.91666667,0.91666667,1.0,1.0,1.0,0,0,1,1,1
xor_n6,neural,6,prism_protocol,15,200,200,1,1.0,1.0,0.0,1.0,1.0,1.0,1.0,1.0,1.0,1,1,1,1,1
xor_n6,neural,6,prism_protocol,16,200,200,33,1.0,1.0,0.0,0.98666667,0.91666667,0.91666667,1.0,1.0,1.0,0,0,1,1,1
xor_n6,neural,6,prism_protocol,17,200,200,6,1.0,1.0,0.0,0.9975,1.0,1.0,1.0,1.0,1.0,1,1,1,1,1
xor_n6,neural,6,prism_protocol,18,200,200,9,1.0,1.0,0.0,0.99,1.0,1.0,1.0,1.0,1.0,1,1,1,1,1
xor_n6,neural,6,prism_protocol,19,200,200,28,1.0,1.0,0.0,0.98583333,0.91666667,0.91666667,1.0,1.0,1.0,0,0,1,1,1
xor_n6,neural,6,prism_protocol,20,200,200,4,1.0,1.0,0.0,0.99833333,1.0,1.0,1.0,1.0,1.0,1,1,1,1,1
xor_n6,neural,6,prism_protocol,21,200,200,27,1.0,1.0,0.0,0.98458333,0.91666667,0.91666667,1.0,1.0,1.0,0,0,1,1,1
xor_n6,neural,6,prism_protocol,22,200,200,2,1.0,1.0,0.0,0.99875,1.0,1.0,1.0,1.0,1.0,1,1,1,1,1
xor_n6,neural,6,prism_protocol,23,200,200,12,1.0,1.0,0.0,0.99458333,1.0,1.0,1.0,1.0,1.0,1,1,1,1,1
xor_n6,neural,6,prism_protocol,24,200,200,28,1.0,1.0,0.0,0.98875,0.91666667,0.91666667,1.0,1.0,1.0,0,0,1,1,1
xor_n6,neural,6,prism_protocol,25,200,200,5,1.0,1.0,0.0,0.99625,1.0,1.0,1.0,1.0,1.0,1,1,1,1,1
xor_n6,neural,6,prism_protocol,26,200,200,7,1.0,1.0,0.0,0.99625,1.0,1.0,1.0,1.0,1.0,1,1,1,1,1
xor_n6,neural,6,prism_protocol,27,200,200,10,1.0,1.0,0.0,0.99291667,1.0,1.0,1.0,1.0,1.0,1,1,1,1,1
xor_n6,neural,6,prism_protocol,28,200,200,43,1.0,1.0,0.0,0.97458333,0.83333333,0.91666667,1.0,1.0,1.0,0,0,1,1,1
xor_n6,neural,6,prism_protocol,29,200,200,9,1.0,1.0,0.0,0.99541667,1.0,1.0,1.0,1.0,1.0,1,1,1,1,1
xor_n6,neural,6,prism_protocol,30,200,200,7,1.0,1.0,0.0,0.99666667,1.0,1.0,1.0,1.0,1.0,1,1,1,1,1
xor_n6,neural,6,prism_protocol,31,200,200,47,1.0,1.0,0.0,0.9775,0.91666667,0.91666667,1.0,1.0,1.0,0,0,1,1,1
xor_n6,neural,6,prism_protocol,32,200,200,16,1.0,1.0,0.0,0.99125,0.91666667,1.0,1.0,1.0,1.0,0,1,1,1,1
xor_n6,neural,6,prism_protocol,33,200,200,2,1.0,1.0,0.0,0.99916667,1.0,1.0,1.0,1.0,1.0,1,1,1,1,1
xor_n6,neural,6,prism_protocol,34,200,200,88,1.0,1.0,0.0,0.96333333,0.91666667,0.91666667,0.91666667,1.0,1.0,0,0,0,1,1
xor_n6,neural,6,prism_protocol,35,200,200,4,1.0,1.0,0.0,0.9975,1.0,1.0,1.0,1.0,1.0,1,1,1,1,1
xor_n6,neural,6,prism_protocol,36,200,200,34,1.0,1.0,0.0,0.97791667,0.91666667,0.91666667,1.0,1.0,1.0,0,0,1,1,1
xor_n6,neural,6,prism_protocol,37,200,200,3,1.0,1.0,0.0,0.99708333,1.0,1.0,1.0,1.0,1.0,1,1,1,1,1
xor_n6,neural,6,prism_protocol,38,200,200,11,1.0,1.0,0.0,0.99583333,1.0,1.0,1.0,1.0,1.0,1,1,1,1,1
xor_n6,neural,6,prism_protocol,39,200,200,9,1.0,1.0,0.0,0.99583333,1.0,1.0,1.0,1.0,1.0,1,1,1,1,1
sciml_lotka_volterra,sciml,6,uniform,0,200,200,,0.998928,0.998955,2.7e-05,0.99376028,0.998192,0.998335,0.998844,0.998844,0.998928,0,0,0,0,0
sciml_lotka_volterra,sciml,6,uniform,1,200,200,32,0.998955,0.998955,0.0,0.99881589,0.998185,0.998841,0.998955,0.998955,0.998955,0,0,1,1,1
sciml_lotka_volterra,sciml,6,uniform,2,200,200,114,0.998955,0.998955,0.0,0.99392386,0.998928,0.998928,0.998928,0.998928,0.998955,0,0,0,0,1
sciml_lotka_volterra,sciml,6,uniform,3,200,200,,0.998928,0.998955,2.7e-05,0.99382008,0.998474,0.998474,0.998844,0.998928,0.998928,0,0,0,0,0
sciml_lotka_volterra,sciml,6,uniform,4,200,200,171,0.998955,0.998955,0.0,0.99390596,0.998845,0.998845,0.998928,0.998928,0.998955,0,0,0,0,1
sciml_lotka_volterra,sciml,6,uniform,5,200,200,167,0.998955,0.998955,0.0,0.99892128,0.998841,0.998841,0.998928,0.998928,0.998955,0,0,0,0,1
sciml_lotka_volterra,sciml,6,uniform,6,200,200,135,0.998955,0.998955,0.0,0.99893394,0.998928,0.998928,0.998928,0.998928,0.998955,0,0,0,0,1
sciml_lotka_volterra,sciml,6,uniform,7,200,200,156,0.998955,0.998955,0.0,0.99893185,0.998928,0.998928,0.998928,0.998928,0.998955,0,0,0,0,1
sciml_lotka_volterra,sciml,6,uniform,8,200,200,193,0.998955,0.998955,0.0,0.99389472,0.998838,0.998841,0.998844,0.998928,0.998955,0,0,0,0,1
sciml_lotka_volterra,sciml,6,uniform,9,200,200,198,0.998955,0.998955,0.0,0.99862131,0.99831,0.998483,0.998928,0.998928,0.998955,0,0,0,0,1
sciml_lotka_volterra,sciml,6,uniform,10,200,200,9,0.998955,0.998955,0.0,0.99891126,0.998955,0.998955,0.998955,0.998955,0.998955,1,1,1,1,1
sciml_lotka_volterra,sciml,6,uniform,11,200,200,17,0.998955,0.998955,0.0,0.99883846,0.998841,0.998955,0.998955,0.998955,0.998955,0,1,1,1,1
sciml_lotka_volterra,sciml,6,uniform,12,200,200,38,0.998955,0.998955,0.0,0.99380375,0.998841,0.998841,0.998955,0.998955,0.998955,0,0,1,1,1
sciml_lotka_volterra,sciml,6,uniform,13,200,200,34,0.998955,0.998955,0.0,0.99885526,0.998838,0.998838,0.998955,0.998955,0.998955,0,0,1,1,1
sciml_lotka_volterra,sciml,6,uniform,14,200,200,7,0.998955,0.998955,0.0,0.99890612,0.998955,0.998955,0.998955,0.998955,0.998955,1,1,1,1,1
sciml_lotka_volterra,sciml,6,uniform,15,200,200,104,0.998955,0.998955,0.0,0.99892608,0.998928,0.998928,0.998928,0.998928,0.998955,0,0,0,0,1
sciml_lotka_volterra,sciml,6,uniform,16,200,200,38,0.998955,0.998955,0.0,0.99890509,0.998474,0.998845,0.998955,0.998955,0.998955,0,0,1,1,1
sciml_lotka_volterra,sciml,6,uniform,17,200,200,5,0.998955,0.998955,0.0,0.99890931,0.998955,0.998955,0.998955,0.998955,0.998955,1,1,1,1,1
sciml_lotka_volterra,sciml,6,uniform,18,200,200,128,0.998955,0.998955,0.0,0.99886321,0.998841,0.998841,0.998845,0.998845,0.998955,0,0,0,0,1
sciml_lotka_volterra,sciml,6,uniform,19,200,200,13,0.998955,0.998955,0.0,0.99891371,0.998955,0.998955,0.998955,0.998955,0.998955,1,1,1,1,1
sciml_lotka_volterra,sciml,6,uniform,20,200,200,110,0.998955,0.998955,0.0,0.99390916,0.998928,0.998928,0.998928,0.998928,0.998955,0,0,0,0,1
sciml_lotka_volterra,sciml,6,uniform,21,200,200,124,0.998955,0.998955,0.0,0.99878219,0.998838,0.998928,0.998928,0.998928,0.998955,0,0,0,0,1
sciml_lotka_volterra,sciml,6,uniform,22,200,200,171,0.998955,0.998955,0.0,0.99878517,0.998928,0.998928,0.998928,0.998928,0.998955,0,0,0,0,1
sciml_lotka_volterra,sciml,6,uniform,23,200,200,39,0.998955,0.998955,0.0,0.99892327,0.998928,0.998928,0.998955,0.998955,0.998955,0,0,1,1,1
sciml_lotka_volterra,sciml,6,uniform,24,200,200,13,0.998955,0.998955,0.0,0.99884968,0.998955,0.998955,0.998955,0.998955,0.998955,1,1,1,1,1
sciml_lotka_volterra,sciml,6,uniform,25,200,200,194,0.998955,0.998955,0.0,0.99890156,0.998928,0.998928,0.998928,0.998928,0.998955,0,0,0,0,1
sciml_lotka_volterra,sciml,6,uniform,26,200,200,105,0.998955,0.998955,0.0,0.99892372,0.998928,0.998928,0.998928,0.998928,0.998955,0,0,0,0,1
sciml_lotka_volterra,sciml,6,uniform,27,200,200,4,0.998955,0.998955,0.0,0.99894597,0.998955,0.998955,0.998955,0.998955,0.998955,1,1,1,1,1
sciml_lotka_volterra,sciml,6,uniform,28,200,200,40,0.998955,0.998955,0.0,0.99893277,0.998841,0.998841,0.998955,0.998955,0.998955,0,0,1,1,1
sciml_lotka_volterra,sciml,6,uniform,29,200,200,91,0.998955,0.998955,0.0,0.99372401,0.997928,0.998841,0.998845,0.998955,0.998955,0,0,0,1,1
sciml_lotka_volterra,sciml,6,uniform,30,200,200,25,0.998955,0.998955,0.0,0.99890286,0.998841,0.998955,0.998955,0.998955,0.998955,0,1,1,1,1
sciml_lotka_volterra,sciml,6,uniform,31,200,200,62,0.998955,0.998955,0.0,0.99890188,0.998841,0.998841,0.998841,0.998955,0.998955,0,0,0,1,1
sciml_lotka_volterra,sciml,6,uniform,32,200,200,99,0.998955,0.998955,0.0,0.99880227,0.998455,0.998455,0.998928,0.998955,0.998955,0,0,0,1,1
sciml_lotka_volterra,sciml,6,uniform,33,200,200,85,0.998955,0.998955,0.0,0.993881,0.998838,0.998928,0.998928,0.998955,0.998955,0,0,0,1,1
sciml_lotka_volterra,sciml,6,uniform,34,200,200,147,0.998955,0.998955,0.0,0.99886498,0.998844,0.998844,0.998844,0.998844,0.998955,0,0,0,0,1
sciml_lotka_volterra,sciml,6,uniform,35,200,200,200,0.998955,0.998955,0.0,0.99885569,0.998838,0.998838,0.998841,0.998844,0.998955,0,0,0,0,1
sciml_lotka_volterra,sciml,6,uniform,36,200,200,7,0.998955,0.998955,0.0,0.99886067,0.998955,0.998955,0.998955,0.998955,0.998955,1,1,1,1,1
sciml_lotka_volterra,sciml,6,uniform,37,200,200,71,0.998955,0.998955,0.0,0.9938745,0.998928,0.998928,0.998928,0.998955,0.998955,0,0,0,1,1
sciml_lotka_volterra,sciml,6,uniform,38,200,200,32,0.998955,0.998955,0.0,0.99888508,0.998335,0.998928,0.998955,0.998955,0.998955,0,0,1,1,1
sciml_lotka_volterra,sciml,6,uniform,39,200,200,125,0.998955,0.998955,0.0,0.99888688,0.998928,0.998928,0.998928,0.998928,0.998955,0,0,0,0,1
sciml_lotka_volterra,sciml,6,ls_swap,0,200,200,41,0.998955,0.998955,0.0,0.99877564,0.998841,0.998841,0.998955,0.998955,0.998955,0,0,1,1,1
sciml_lotka_volterra,sciml,6,ls_swap,1,200,200,27,0.998955,0.998955,0.0,0.98891586,0.998497,0.998844,0.998955,0.998955,0.998955,0,0,1,1,1
sciml_lotka_volterra,sciml,6,ls_swap,2,200,200,55,0.998955,0.998955,0.0,0.99875819,0.998347,0.998841,0.998928,0.998955,0.998955,0,0,0,1,1
sciml_lotka_volterra,sciml,6,ls_swap,3,200,200,122,0.998955,0.998955,0.0,0.99882397,0.998845,0.998928,0.998928,0.998928,0.998955,0,0,0,0,1
sciml_lotka_volterra,sciml,6,ls_swap,4,200,200,70,0.998955,0.998955,0.0,0.99889307,0.998455,0.998928,0.998928,0.998955,0.998955,0,0,0,1,1
sciml_lotka_volterra,sciml,6,ls_swap,5,200,200,24,0.998955,0.998955,0.0,0.99893294,0.998844,0.998955,0.998955,0.998955,0.998955,0,1,1,1,1
sciml_lotka_volterra,sciml,6,ls_swap,6,200,200,57,0.998955,0.998955,0.0,0.99875396,0.998928,0.998928,0.998928,0.998955,0.998955,0,0,0,1,1
sciml_lotka_volterra,sciml,6,ls_swap,7,200,200,55,0.998955,0.998955,0.0,0.99880422,0.998838,0.998838,0.998928,0.998955,0.998955,0,0,0,1,1
sciml_lotka_volterra,sciml,6,ls_swap,8,200,200,46,0.998955,0.998955,0.0,0.99863712,0.998443,0.998483,0.998955,0.998955,0.998955,0,0,1,1,1
sciml_lotka_volterra,sciml,6,ls_swap,9,200,200,55,0.998955,0.998955,0.0,0.99875819,0.998347,0.998841,0.998928,0.998955,0.998955,0,0,0,1,1
sciml_lotka_volterra,sciml,6,ls_swap,10,200,200,29,0.998955,0.998955,0.0,0.99892083,0.998845,0.998845,0.998955,0.998955,0.998955,0,0,1,1,1
sciml_lotka_volterra,sciml,6,ls_swap,11,200,200,81,0.998955,0.998955,0.0,0.9989156,0.998845,0.998928,0.998928,0.998955,0.998955,0,0,0,1,1
sciml_lotka_volterra,sciml,6,ls_swap,12,200,200,42,0.998955,0.998955,0.0,0.99894474,0.998928,0.998928,0.998955,0.998955,0.998955,0,0,1,1,1
sciml_lotka_volterra,sciml,6,ls_swap,13,200,200,38,0.998955,0.998955,0.0,0.99886978,0.998455,0.998928,0.998955,0.998955,0.998955,0,0,1,1,1
sciml_lotka_volterra,sciml,6,ls_swap,14,200,200,30,0.998955,0.998955,0.0,0.97896165,0.998841,0.998841,0.998955,0.998955,0.998955,0,0,1,1,1
sciml_lotka_volterra,sciml,6,ls_swap,15,200,200,13,0.998955,0.998955,0.0,0.9989163,0.998955,0.998955,0.998955,0.998955,0.998955,1,1,1,1,1
sciml_lotka_volterra,sciml,6,ls_swap,16,200,200,29,0.998955,0.998955,0.0,0.9989159,0.998845,0.998845,0.998955,0.998955,0.998955,0,0,1,1,1
sciml_lotka_volterra,sciml,6,ls_swap,17,200,200,27,0.998955,0.998955,0.0,0.98392337,0.998497,0.998844,0.998955,0.998955,0.998955,0,0,1,1,1
sciml_lotka_volterra,sciml,6,ls_swap,18,200,200,29,0.998955,0.998955,0.0,0.99891449,0.998845,0.998845,0.998955,0.998955,0.998955,0,0,1,1,1
sciml_lotka_volterra,sciml,6,ls_swap,19,200,200,6,0.998955,0.998955,0.0,0.9989407,0.998955,0.998955,0.998955,0.998955,0.998955,1,1,1,1,1
sciml_lotka_volterra,sciml,6,ls_swap,20,200,200,56,0.998955,0.998955,0.0,0.99877417,0.998844,0.998928,0.998928,0.998955,0.998955,0,0,0,1,1
sciml_lotka_volterra,sciml,6,ls_swap,21,200,200,27,0.998955,0.998955,0.0,0.99891731,0.998845,0.998845,0.998955,0.998955,0.998955,0,0,1,1,1
sciml_lotka_volterra,sciml,6,ls_swap,22,200,200,48,0.998955,0.998955,0.0,0.99889406,0.998455,0.998928,0.998955,0.998955,0.998955,0,0,1,1,1
sciml_lotka_volterra,sciml,6,ls_swap,23,200,200,17,0.998955,0.998955,0.0,0.99887694,0.998474,0.998955,0.998955,0.998955,0.998955,0,1,1,1,1
sciml_lotka_volterra,sciml,6,ls_swap,24,200,200,51,0.998955,0.998955,0.0,0.99892102,0.998928,0.998928,0.998928,0.998955,0.998955,0,0,0,1,1
sciml_lotka_volterra,sciml,6,ls_swap,25,200,200,14,0.998955,0.998955,0.0,0.99895325,0.998955,0.998955,0.998955,0.998955,0.998955,1,1,1,1,1
sciml_lotka_volterra,sciml,6,ls_swap,26,200,200,67,0.998955,0.998955,0.0,0.99880731,0.998455,0.998455,0.998838,0.998955,0.998955,0,0,0,1,1
sciml_lotka_volterra,sciml,6,ls_swap,27,200,200,30,0.998955,0.998955,0.0,0.98895006,0.998841,0.998841,0.998955,0.998955,0.998955,0,0,1,1,1
sciml_lotka_volterra,sciml,6,ls_swap,28,200,200,24,0.998955,0.998955,0.0,0.99892828,0.998844,0.998955,0.998955,0.998955,0.998955,0,1,1,1,1
sciml_lotka_volterra,sciml,6,ls_swap,29,200,200,46,0.998955,0.998955,0.0,0.99869876,0.998455,0.998455,0.998955,0.998955,0.998955,0,0,1,1,1
sciml_lotka_volterra,sciml,6,ls_swap,30,200,200,48,0.998955,0.998955,0.0,0.99877525,0.998844,0.998928,0.998955,0.998955,0.998955,0,0,1,1,1
sciml_lotka_volterra,sciml,6,ls_swap,31,200,200,137,0.998955,0.998955,0.0,0.9989303,0.998928,0.998928,0.998928,0.998928,0.998955,0,0,0,0,1
sciml_lotka_volterra,sciml,6,ls_swap,32,200,200,5,0.998955,0.998955,0.0,0.99891298,0.998955,0.998955,0.998955,0.998955,0.998955,1,1,1,1,1
sciml_lotka_volterra,sciml,6,ls_swap,33,200,200,28,0.998955,0.998955,0.0,0.99874603,0.998192,0.998483,0.998955,0.998955,0.998955,0,0,1,1,1
sciml_lotka_volterra,sciml,6,ls_swap,34,200,200,14,0.998955,0.998955,0.0,0.99892672,0.998955,0.998955,0.998955,0.998955,0.998955,1,1,1,1,1
sciml_lotka_volterra,sciml,6,ls_swap,35,200,200,26,0.998955,0.998955,0.0,0.99894453,0.998928,0.998928,0.998955,0.998955,0.998955,0,0,1,1,1
sciml_lotka_volterra,sciml,6,ls_swap,36,200,200,41,0.998955,0.998955,0.0,0.99888373,0.998518,0.998518,0.998955,0.998955,0.998955,0,0,1,1,1
sciml_lotka_volterra,sciml,6,ls_swap,37,200,200,30,0.998955,0.998955,0.0,0.99860526,0.998841,0.998841,0.998955,0.998955,0.998955,0,0,1,1,1
sciml_lotka_volterra,sciml,6,ls_swap,38,200,200,52,0.998955,0.998955,0.0,0.99850127,0.996762,0.998313,0.998928,0.998955,0.998955,0,0,0,1,1
sciml_lotka_volterra,sciml,6,ls_swap,39,200,200,16,0.998955,0.998955,0.0,0.99894776,0.998928,0.998955,0.998955,0.998955,0.998955,0,1,1,1,1
sciml_lotka_volterra,sciml,6,ls_insert,0,200,200,45,0.998955,0.998955,0.0,0.99863592,0.998838,0.998928,0.998955,0.998955,0.998955,0,0,1,1,1
sciml_lotka_volterra,sciml,6,ls_insert,1,200,200,114,0.998955,0.998955,0.0,0.98883236,0.998497,0.998497,0.998845,0.998928,0.998955,0,0,0,0,1
sciml_lotka_volterra,sciml,6,ls_insert,2,200,200,39,0.998955,0.998955,0.0,0.99867081,0.998838,0.998838,0.998955,0.998955,0.998955,0,0,1,1,1
sciml_lotka_volterra,sciml,6,ls_insert,3,200,200,98,0.998955,0.998955,0.0,0.99881671,0.998844,0.998928,0.998928,0.998955,0.998955,0,0,0,1,1
sciml_lotka_volterra,sciml,6,ls_insert,4,200,200,27,0.998955,0.998955,0.0,0.99887493,0.998455,0.998474,0.998955,0.998955,0.998955,0,0,1,1,1
sciml_lotka_volterra,sciml,6,ls_insert,5,200,200,61,0.998955,0.998955,0.0,0.99889725,0.998845,0.998845,0.998928,0.998955,0.998955,0,0,0,1,1
sciml_lotka_volterra,sciml,6,ls_insert,6,200,200,24,0.998955,0.998955,0.0,0.99866668,0.996784,0.998955,0.998955,0.998955,0.998955,0,1,1,1,1
sciml_lotka_volterra,sciml,6,ls_insert,7,200,200,39,0.998955,0.998955,0.0,0.99881852,0.998838,0.998838,0.998955,0.998955,0.998955,0,0,1,1,1
sciml_lotka_volterra,sciml,6,ls_insert,8,200,200,39,0.998955,0.998955,0.0,0.99812501,0.998483,0.998483,0.998955,0.998955,0.998955,0,0,1,1,1
sciml_lotka_volterra,sciml,6,ls_insert,9,200,200,39,0.998955,0.998955,0.0,0.99867081,0.998838,0.998838,0.998955,0.998955,0.998955,0,0,1,1,1
sciml_lotka_volterra,sciml,6,ls_insert,10,200,200,62,0.998955,0.998955,0.0,0.99887108,0.998844,0.998844,0.998928,0.998955,0.998955,0,0,0,1,1
sciml_lotka_volterra,sciml,6,ls_insert,11,200,200,58,0.998955,0.998955,0.0,0.99886475,0.998455,0.998845,0.998928,0.998955,0.998955,0,0,0,1,1
sciml_lotka_volterra,sciml,6,ls_insert,12,200,200,44,0.998955,0.998955,0.0,0.99894447,0.998928,0.998928,0.998955,0.998955,0.998955,0,0,1,1,1
sciml_lotka_volterra,sciml,6,ls_insert,13,200,200,67,0.998955,0.998955,0.0,0.99866762,0.996788,0.998303,0.998928,0.998955,0.998955,0,0,0,1,1
sciml_lotka_volterra,sciml,6,ls_insert,14,200,200,30,0.998955,0.998955,0.0,0.95891237,0.997395,0.998838,0.998955,0.998955,0.998955,0,0,1,1,1
sciml_lotka_volterra,sciml,6,ls_insert,15,200,200,38,0.998955,0.998955,0.0,0.99887863,0.99831,0.998841,0.998955,0.998955,0.998955,0,0,1,1,1
sciml_lotka_volterra,sciml,6,ls_insert,16,200,200,42,0.998955,0.998955,0.0,0.99883547,0.997913,0.998841,0.998955,0.998955,0.998955,0,0,1,1,1
sciml_lotka_volterra,sciml,6,ls_insert,17,200,200,150,0.998955,0.998955,0.0,0.96389238,0.998513,0.998513,0.998845,0.998928,0.998955,0,0,0,0,1
sciml_lotka_volterra,sciml,6,ls_insert,18,200,200,123,0.998955,0.998955,0.0,0.99889808,0.998845,0.998845,0.998928,0.998928,0.998955,0,0,0,0,1
sciml_lotka_volterra,sciml,6,ls_insert,19,200,200,125,0.998955,0.998955,0.0,0.9988531,0.998513,0.998513,0.998845,0.998928,0.998955,0,0,0,0,1
sciml_lotka_volterra,sciml,6,ls_insert,20,200,200,114,0.998955,0.998955,0.0,0.99830417,0.993296,0.998497,0.998845,0.998928,0.998955,0,0,0,0,1
sciml_lotka_volterra,sciml,6,ls_insert,21,200,200,38,0.998955,0.998955,0.0,0.99884318,0.998173,0.998841,0.998955,0.998955,0.998955,0,0,1,1,1
sciml_lotka_volterra,sciml,6,ls_insert,22,200,200,99,0.998955,0.998955,0.0,0.99886126,0.998347,0.998455,0.998928,0.998955,0.998955,0,0,0,1,1
sciml_lotka_volterra,sciml,6,ls_insert,23,200,200,5,0.998955,0.998955,0.0,0.9989058,0.998955,0.998955,0.998955,0.998955,0.998955,1,1,1,1,1
sciml_lotka_volterra,sciml,6,ls_insert,24,200,200,98,0.998955,0.998955,0.0,0.99891704,0.998928,0.998928,0.998928,0.998955,0.998955,0,0,0,1,1
sciml_lotka_volterra,sciml,6,ls_insert,25,200,200,17,0.998955,0.998955,0.0,0.99895284,0.998928,0.998955,0.998955,0.998955,0.998955,0,1,1,1,1
sciml_lotka_volterra,sciml,6,ls_insert,26,200,200,39,0.998955,0.998955,0.0,0.99871277,0.996788,0.998483,0.998955,0.998955,0.998955,0,0,1,1,1
sciml_lotka_volterra,sciml,6,ls_insert,27,200,200,41,0.998955,0.998955,0.0,0.96895728,0.998841,0.998841,0.998955,0.998955,0.998955,0,0,1,1,1
sciml_lotka_volterra,sciml,6,ls_insert,28,200,200,62,0.998955,0.998955,0.0,0.9988867,0.998845,0.998845,0.998928,0.998955,0.998955,0,0,0,1,1
sciml_lotka_volterra,sciml,6,ls_insert,29,200,200,39,0.998955,0.998955,0.0,0.99827509,0.991742,0.998483,0.998955,0.998955,0.998955,0,0,1,1,1
sciml_lotka_volterra,sciml,6,ls_insert,30,200,200,121,0.998955,0.998955,0.0,0.99830323,0.993296,0.998497,0.998845,0.998928,0.998955,0,0,0,0,1
sciml_lotka_volterra,sciml,6,ls_insert,31,200,200,103,0.998955,0.998955,0.0,0.99893532,0.998928,0.998928,0.998928,0.998928,0.998955,0,0,0,0,1
sciml_lotka_volterra,sciml,6,ls_insert,32,200,200,5,0.998955,0.998955,0.0,0.99891429,0.998955,0.998955,0.998955,0.998955,0.998955,1,1,1,1,1
sciml_lotka_volterra,sciml,6,ls_insert,33,200,200,137,0.998955,0.998955,0.0,0.99836921,0.993296,0.998497,0.998845,0.998928,0.998955,0,0,0,0,1
sciml_lotka_volterra,sciml,6,ls_insert,34,200,200,17,0.998955,0.998955,0.0,0.99892676,0.998928,0.998955,0.998955,0.998955,0.998955,0,1,1,1,1
sciml_lotka_volterra,sciml,6,ls_insert,35,200,200,37,0.998955,0.998955,0.0,0.99891722,0.998928,0.998928,0.998955,0.998955,0.998955,0,0,1,1,1
sciml_lotka_volterra,sciml,6,ls_insert,36,200,200,130,0.998955,0.998955,0.0,0.99881218,0.997913,0.998513,0.998845,0.998928,0.998955,0,0,0,0,1
sciml_lotka_volterra,sciml,6,ls_insert,37,200,200,62,0.998955,0.998955,0.0,0.99835095,0.997905,0.997905,0.998841,0.998955,0.998955,0,0,0,1,1
sciml_lotka_volterra,sciml,6,ls_insert,38,200,200,75,0.998955,0.998955,0.0,0.99822055,0.994236,0.99792,0.998443,0.998955,0.998955,0,0,0,1,1
sciml_lotka_volterra,sciml,6,ls_insert,39,200,200,22,0.998955,0.998955,0.0,0.99894319,0.998845,0.998955,0.998955,0.998955,0.998955,0,1,1,1,1
sciml_lotka_volterra,sciml,6,ls_inversion,0,200,200,30,0.998955,0.998955,0.0,0.9987775,0.998841,0.998841,0.998955,0.998955,0.998955,0,0,1,1,1
sciml_lotka_volterra,sciml,6,ls_inversion,1,200,200,64,0.998955,0.998955,0.0,0.98888914,0.998497,0.998513,0.998841,0.998955,0.998955,0,0,0,1,1
sciml_lotka_volterra,sciml,6,ls_inversion,2,200,200,68,0.998955,0.998955,0.0,0.99860839,0.996839,0.998347,0.998841,0.998955,0.998955,0,0,0,1,1
sciml_lotka_volterra,sciml,6,ls_inversion,3,200,200,27,0.998955,0.998955,0.0,0.99883732,0.998845,0.998928,0.998955,0.998955,0.998955,0,0,1,1,1
sciml_lotka_volterra,sciml,6,ls_inversion,4,200,200,42,0.998955,0.998955,0.0,0.99888526,0.998353,0.998845,0.998955,0.998955,0.998955,0,0,1,1,1
sciml_lotka_volterra,sciml,6,ls_inversion,5,200,200,86,0.998955,0.998955,0.0,0.99891876,0.998844,0.998845,0.998928,0.998955,0.998955,0,0,0,1,1
sciml_lotka_volterra,sciml,6,ls_inversion,6,200,200,29,0.998955,0.998955,0.0,0.998661,0.998845,0.998845,0.998955,0.998955,0.998955,0,0,1,1,1
sciml_lotka_volterra,sciml,6,ls_inversion,7,200,200,56,0.998955,0.998955,0.0,0.99852467,0.996839,0.998347,0.998841,0.998955,0.998955,0,0,0,1,1
sciml_lotka_volterra,sciml,6,ls_inversion,8,200,200,26,0.998955,0.998955,0.0,0.99867152,0.998928,0.998928,0.998955,0.998955,0.998955,0,0,1,1,1
sciml_lotka_volterra,sciml,6,ls_inversion,9,200,200,68,0.998955,0.998955,0.0,0.99860839,0.996839,0.998347,0.998841,0.998955,0.998955,0,0,0,1,1
sciml_lotka_volterra,sciml,6,ls_inversion,10,200,200,122,0.998955,0.998955,0.0,0.99890913,0.998845,0.998845,0.998928,0.998928,0.998955,0,0,0,0,1
sciml_lotka_volterra,sciml,6,ls_inversion,11,200,200,56,0.998955,0.998955,0.0,0.99887756,0.998455,0.998928,0.998928,0.998955,0.998955,0,0,0,1,1
sciml_lotka_volterra,sciml,6,ls_inversion,12,200,200,42,0.998955,0.998955,0.0,0.99894474,0.998928,0.998928,0.998955,0.998955,0.998955,0,0,1,1,1
sciml_lotka_volterra,sciml,6,ls_inversion,13,200,200,57,0.998955,0.998955,0.0,0.99878208,0.998455,0.998455,0.998455,0.998955,0.998955,0,0,0,1,1
sciml_lotka_volterra,sciml,6,ls_inversion,14,200,200,30,0.998955,0.998955,0.0,0.97896209,0.998841,0.998841,0.998955,0.998955,0.998955,0,0,1,1,1
sciml_lotka_volterra,sciml,6,ls_inversion,15,200,200,28,0.998955,0.998955,0.0,0.99891428,0.998928,0.998928,0.998955,0.998955,0.998955,0,0,1,1,1
sciml_lotka_volterra,sciml,6,ls_inversion,16,200,200,85,0.998955,0.998955,0.0,0.99879856,0.997905,0.997927,0.998928,0.998955,0.998955,0,0,0,1,1
sciml_lotka_volterra,sciml,6,ls_inversion,17,200,200,118,0.998955,0.998955,0.0,0.98388937,0.998497,0.998513,0.998841,0.998928,0.998955,0,0,0,0,1
sciml_lotka_volterra,sciml,6,ls_inversion,18,200,200,29,0.998955,0.998955,0.0,0.99887589,0.998513,0.998513,0.998955,0.998955,0.998955,0,0,1,1,1
sciml_lotka_volterra,sciml,6,ls_inversion,19,200,200,116,0.998955,0.998955,0.0,0.99886693,0.998497,0.998513,0.998845,0.998928,0.998955,0,0,0,0,1
sciml_lotka_volterra,sciml,6,ls_inversion,20,200,200,69,0.998955,0.998955,0.0,0.99850824,0.997374,0.997905,0.998928,0.998955,0.998955,0,0,0,1,1
sciml_lotka_volterra,sciml,6,ls_inversion,21,200,200,60,0.998955,0.998955,0.0,0.99880408,0.998303,0.998303,0.998841,0.998955,0.998955,0,0,0,1,1
sciml_lotka_volterra,sciml,6,ls_inversion,22,200,200,48,0.998955,0.998955,0.0,0.99889406,0.998455,0.998928,0.998955,0.998955,0.998955,0,0,1,1,1
sciml_lotka_volterra,sciml,6,ls_inversion,23,200,200,183,0.998955,0.998955,0.0,0.99860453,0.996495,0.997928,0.998841,0.998928,0.998955,0,0,0,0,1
sciml_lotka_volterra,sciml,6,ls_inversion,24,200,200,70,0.998955,0.998955,0.0,0.99888771,0.998455,0.998928,0.998928,0.998955,0.998955,0,0,0,1,1
sciml_lotka_volterra,sciml,6,ls_inversion,25,200,200,14,0.998955,0.998955,0.0,0.99895325,0.998955,0.998955,0.998955,0.998955,0.998955,1,1,1,1,1
sciml_lotka_volterra,sciml,6,ls_inversion,26,200,200,39,0.998955,0.998955,0.0,0.99887869,0.998455,0.998928,0.998955,0.998955,0.998955,0,0,1,1,1
sciml_lotka_volterra,sciml,6,ls_inversion,27,200,200,30,0.998955,0.998955,0.0,0.98895006,0.998841,0.998841,0.998955,0.998955,0.998955,0,0,1,1,1
sciml_lotka_volterra,sciml,6,ls_inversion,28,200,200,147,0.998955,0.998955,0.0,0.99890545,0.998844,0.998845,0.998928,0.998928,0.998955,0,0,0,0,1
sciml_lotka_volterra,sciml,6,ls_inversion,29,200,200,52,0.998955,0.998955,0.0,0.99871791,0.997913,0.998844,0.998928,0.998955,0.998955,0,0,0,1,1
sciml_lotka_volterra,sciml,6,ls_inversion,30,200,200,69,0.998955,0.998955,0.0,0.99850824,0.997374,0.997905,0.998928,0.998955,0.998955,0,0,0,1,1
sciml_lotka_volterra,sciml,6,ls_inversion,31,200,200,39,0.998955,0.998955,0.0,0.99893017,0.998844,0.998845,0.998955,0.998955,0.998955,0,0,1,1,1
sciml_lotka_volterra,sciml,6,ls_inversion,32,200,200,121,0.998955,0.998955,0.0,0.99873402,0.998288,0.998455,0.998483,0.998928,0.998955,0,0,0,0,1
sciml_lotka_volterra,sciml,6,ls_inversion,33,200,200,58,0.998955,0.998955,0.0,0.99848952,0.9974,0.997867,0.998288,0.998955,0.998955,0,0,0,1,1
sciml_lotka_volterra,sciml,6,ls_inversion,34,200,200,14,0.998955,0.998955,0.0,0.99891166,0.998955,0.998955,0.998955,0.998955,0.998955,1,1,1,1,1
sciml_lotka_volterra,sciml,6,ls_inversion,35,200,200,111,0.998955,0.998955,0.0,0.99887023,0.998455,0.998838,0.998844,0.998928,0.998955,0,0,0,0,1
sciml_lotka_volterra,sciml,6,ls_inversion,36,200,200,73,0.998955,0.998955,0.0,0.99871288,0.998286,0.998286,0.99831,0.998955,0.998955,0,0,0,1,1
sciml_lotka_volterra,sciml,6,ls_inversion,37,200,200,43,0.998955,0.998955,0.0,0.99860555,0.998838,0.998838,0.998955,0.998955,0.998955,0,0,1,1,1
sciml_lotka_volterra,sciml,6,ls_inversion,38,200,200,155,0.998955,0.998955,0.0,0.99869065,0.997928,0.998838,0.998845,0.998928,0.998955,0,0,0,0,1
sciml_lotka_volterra,sciml,6,ls_inversion,39,200,200,16,0.998955,0.998955,0.0,0.99894776,0.998928,0.998955,0.998955,0.998955,0.998955,0,1,1,1,1
sciml_lotka_volterra,sciml,6,simulated_annealing,0,200,200,6,0.998955,0.998955,0.0,0.99884358,0.998955,0.998955,0.998955,0.998955,0.998955,1,1,1,1,1
sciml_lotka_volterra,sciml,6,simulated_annealing,1,200,200,9,0.998955,0.998955,0.0,0.99392344,0.998955,0.998955,0.998955,0.998955,0.998955,1,1,1,1,1
sciml_lotka_volterra,sciml,6,simulated_annealing,2,200,200,48,0.998955,0.998955,0.0,0.99868243,0.998455,0.998455,0.998955,0.998955,0.998955,0,0,1,1,1
sciml_lotka_volterra,sciml,6,simulated_annealing,3,200,200,130,0.998955,0.998955,0.0,0.99863712,0.998335,0.998335,0.998335,0.998845,0.998955,0,0,0,0,1
sciml_lotka_volterra,sciml,6,simulated_annealing,4,200,200,35,0.998955,0.998955,0.0,0.99892351,0.998845,0.998845,0.998955,0.998955,0.998955,0,0,1,1,1
sciml_lotka_volterra,sciml,6,simulated_annealing,5,200,200,,0.998928,0.998955,2.7e-05,0.99890771,0.998928,0.998928,0.998928,0.998928,0.998928,0,0,0,0,0
sciml_lotka_volterra,sciml,6,simulated_annealing,6,200,200,78,0.998955,0.998955,0.0,0.99883194,0.998455,0.998455,0.998928,0.998955,0.998955,0,0,0,1,1
sciml_lotka_volterra,sciml,6,simulated_annealing,7,200,200,147,0.998955,0.998955,0.0,0.99872652,0.998841,0.998841,0.998841,0.998841,0.998955,0,0,0,0,1
sciml_lotka_volterra,sciml,6,simulated_annealing,8,200,200,52,0.998955,0.998955,0.0,0.99850465,0.998838,0.998928,0.998928,0.998955,0.998955,0,0,0,1,1
sciml_lotka_volterra,sciml,6,simulated_annealing,9,200,200,178,0.998955,0.998955,0.0,0.99862025,0.997395,0.997928,0.998838,0.998928,0.998955,0,0,0,0,1
sciml_lotka_volterra,sciml,6,simulated_annealing,10,200,200,,0.998928,0.998955,2.7e-05,0.99856196,0.997913,0.997913,0.998455,0.998455,0.998928,0,0,0,0,0
sciml_lotka_volterra,sciml,6,simulated_annealing,11,200,200,20,0.998955,0.998955,0.0,0.99887371,0.998286,0.998955,0.998955,0.998955,0.998955,0,1,1,1,1
sciml_lotka_volterra,sciml,6,simulated_annealing,12,200,200,,0.998841,0.998955,0.000114,0.99882942,0.998841,0.998841,0.998841,0.998841,0.998841,0,0,0,0,0
sciml_lotka_volterra,sciml,6,simulated_annealing,13,200,200,53,0.998955,0.998955,0.0,0.99887539,0.998928,0.998928,0.998928,0.998955,0.998955,0,0,0,1,1
sciml_lotka_volterra,sciml,6,simulated_annealing,14,200,200,79,0.998955,0.998955,0.0,0.97892482,0.998928,0.998928,0.998928,0.998955,0.998955,0,0,0,1,1
sciml_lotka_volterra,sciml,6,simulated_annealing,15,200,200,12,0.998955,0.998955,0.0,0.99894358,0.998955,0.998955,0.998955,0.998955,0.998955,1,1,1,1,1
sciml_lotka_volterra,sciml,6,simulated_annealing,16,200,200,84,0.998955,0.998955,0.0,0.99884735,0.997917,0.998844,0.998928,0.998955,0.998955,0,0,0,1,1
sciml_lotka_volterra,sciml,6,simulated_annealing,17,200,200,76,0.998955,0.998955,0.0,0.99375676,0.998455,0.998455,0.998513,0.998955,0.998955,0,0,0,1,1
sciml_lotka_volterra,sciml,6,simulated_annealing,18,200,200,105,0.998955,0.998955,0.0,0.99878654,0.998455,0.998455,0.998928,0.998928,0.998955,0,0,0,0,1
sciml_lotka_volterra,sciml,6,simulated_annealing,19,200,200,,0.998928,0.998955,2.7e-05,0.99887684,0.998838,0.998838,0.998928,0.998928,0.998928,0,0,0,0,0
sciml_lotka_volterra,sciml,6,simulated_annealing,20,200,200,27,0.998955,0.998955,0.0,0.99865958,0.99808,0.998347,0.998955,0.998955,0.998955,0,0,1,1,1
sciml_lotka_volterra,sciml,6,simulated_annealing,21,200,200,121,0.998955,0.998955,0.0,0.99882914,0.998455,0.998455,0.998928,0.998928,0.998955,0,0,0,0,1
sciml_lotka_volterra,sciml,6,simulated_annealing,22,200,200,,0.998928,0.998955,2.7e-05,0.99888394,0.998928,0.998928,0.998928,0.998928,0.998928,0,0,0,0,0
sciml_lotka_volterra,sciml,6,simulated_annealing,23,200,200,,0.998928,0.998955,2.7e-05,0.99887132,0.998928,0.998928,0.998928,0.998928,0.998928,0,0,0,0,0
sciml_lotka_volterra,sciml,6,simulated_annealing,24,200,200,51,0.998955,0.998955,0.0,0.99892296,0.998928,0.998928,0.998928,0.998955,0.998955,0,0,0,1,1
sciml_lotka_volterra,sciml,6,simulated_annealing,25,200,200,95,0.998955,0.998955,0.0,0.99894231,0.998928,0.998928,0.998928,0.998955,0.998955,0,0,0,1,1
sciml_lotka_volterra,sciml,6,simulated_annealing,26,200,200,97,0.998955,0.998955,0.0,0.99886714,0.998928,0.998928,0.998928,0.998955,0.998955,0,0,0,1,1
sciml_lotka_volterra,sciml,6,simulated_annealing,27,200,200,19,0.998955,0.998955,0.0,0.99390827,0.998353,0.998955,0.998955,0.998955,0.998955,0,1,1,1,1
sciml_lotka_volterra,sciml,6,simulated_annealing,28,200,200,,0.998928,0.998955,2.7e-05,0.99881728,0.998503,0.998503,0.998841,0.998841,0.998928,0,0,0,0,0
sciml_lotka_volterra,sciml,6,simulated_annealing,29,200,200,,0.998928,0.998955,2.7e-05,0.99866359,0.998335,0.998335,0.998841,0.998841,0.998928,0,0,0,0,0
sciml_lotka_volterra,sciml,6,simulated_annealing,30,200,200,20,0.998955,0.998955,0.0,0.99884631,0.998928,0.998955,0.998955,0.998955,0.998955,0,1,1,1,1
sciml_lotka_volterra,sciml,6,simulated_annealing,31,200,200,83,0.998955,0.998955,0.0,0.99882197,0.998483,0.998483,0.998844,0.998955,0.998955,0,0,0,1,1
sciml_lotka_volterra,sciml,6,simulated_annealing,32,200,200,130,0.998955,0.998955,0.0,0.99877634,0.996839,0.998928,0.998928,0.998928,0.998955,0,0,0,0,1
sciml_lotka_volterra,sciml,6,simulated_annealing,33,200,200,154,0.998955,0.998955,0.0,0.99839141,0.998455,0.998455,0.998455,0.998483,0.998955,0,0,0,0,1
sciml_lotka_volterra,sciml,6,simulated_annealing,34,200,200,193,0.998955,0.998955,0.0,0.99877021,0.998192,0.998303,0.998845,0.998845,0.998955,0,0,0,0,1
sciml_lotka_volterra,sciml,6,simulated_annealing,35,200,200,37,0.998955,0.998955,0.0,0.99888237,0.998455,0.998455,0.998955,0.998955,0.998955,0,0,1,1,1
sciml_lotka_volterra,sciml,6,simulated_annealing,36,200,200,148,0.998955,0.998955,0.0,0.99883432,0.998303,0.998303,0.998928,0.998928,0.998955,0,0,0,0,1
sciml_lotka_volterra,sciml,6,simulated_annealing,37,200,200,93,0.998955,0.998955,0.0,0.99865871,0.997933,0.997937,0.998483,0.998955,0.998955,0,0,0,1,1
sciml_lotka_volterra,sciml,6,simulated_annealing,38,200,200,76,0.998955,0.998955,0.0,0.99848335,0.997905,0.998347,0.998483,0.998955,0.998955,0,0,0,1,1
sciml_lotka_volterra,sciml,6,simulated_annealing,39,200,200,141,0.998955,0.998955,0.0,0.99888811,0.998844,0.998844,0.998844,0.998844,0.998955,0,0,0,0,1
sciml_lotka_volterra,sciml,6,iterated_local_search,0,200,200,45,0.998955,0.998955,0.0,0.99863592,0.998838,0.998928,0.998955,0.998955,0.998955,0,0,1,1,1
sciml_lotka_volterra,sciml,6,iterated_local_search,1,200,200,113,0.998955,0.998955,0.0,0.9888325,0.998497,0.998497,0.998845,0.998928,0.998955,0,0,0,0,1
sciml_lotka_volterra,sciml,6,iterated_local_search,2,200,200,39,0.998955,0.998955,0.0,0.99867081,0.998838,0.998838,0.998955,0.998955,0.998955,0,0,1,1,1
sciml_lotka_volterra,sciml,6,iterated_local_search,3,200,200,63,0.998955,0.998955,0.0,0.99882143,0.998844,0.998928,0.998928,0.998955,0.998955,0,0,0,1,1
sciml_lotka_volterra,sciml,6,iterated_local_search,4,200,200,27,0.998955,0.998955,0.0,0.99887493,0.998455,0.998474,0.998955,0.998955,0.998955,0,0,1,1,1
sciml_lotka_volterra,sciml,6,iterated_local_search,5,200,200,61,0.998955,0.998955,0.0,0.99889725,0.998845,0.998845,0.998928,0.998955,0.998955,0,0,0,1,1
sciml_lotka_volterra,sciml,6,iterated_local_search,6,200,200,24,0.998955,0.998955,0.0,0.99866668,0.996784,0.998955,0.998955,0.998955,0.998955,0,1,1,1,1
sciml_lotka_volterra,sciml,6,iterated_local_search,7,200,200,39,0.998955,0.998955,0.0,0.99881852,0.998838,0.998838,0.998955,0.998955,0.998955,0,0,1,1,1
sciml_lotka_volterra,sciml,6,iterated_local_search,8,200,200,39,0.998955,0.998955,0.0,0.99812501,0.998483,0.998483,0.998955,0.998955,0.998955,0,0,1,1,1
sciml_lotka_volterra,sciml,6,iterated_local_search,9,200,200,39,0.998955,0.998955,0.0,0.99867081,0.998838,0.998838,0.998955,0.998955,0.998955,0,0,1,1,1
sciml_lotka_volterra,sciml,6,iterated_local_search,10,200,200,62,0.998955,0.998955,0.0,0.99887108,0.998844,0.998844,0.998928,0.998955,0.998955,0,0,0,1,1
sciml_lotka_volterra,sciml,6,iterated_local_search,11,200,200,58,0.998955,0.998955,0.0,0.99886475,0.998455,0.998845,0.998928,0.998955,0.998955,0,0,0,1,1
sciml_lotka_volterra,sciml,6,iterated_local_search,12,200,200,44,0.998955,0.998955,0.0,0.99894447,0.998928,0.998928,0.998955,0.998955,0.998955,0,0,1,1,1
sciml_lotka_volterra,sciml,6,iterated_local_search,13,200,200,67,0.998955,0.998955,0.0,0.99866762,0.996788,0.998303,0.998928,0.998955,0.998955,0,0,0,1,1
sciml_lotka_volterra,sciml,6,iterated_local_search,14,200,200,30,0.998955,0.998955,0.0,0.95891237,0.997395,0.998838,0.998955,0.998955,0.998955,0,0,1,1,1
sciml_lotka_volterra,sciml,6,iterated_local_search,15,200,200,38,0.998955,0.998955,0.0,0.99887863,0.99831,0.998841,0.998955,0.998955,0.998955,0,0,1,1,1
sciml_lotka_volterra,sciml,6,iterated_local_search,16,200,200,42,0.998955,0.998955,0.0,0.99883547,0.997913,0.998841,0.998955,0.998955,0.998955,0,0,1,1,1
sciml_lotka_volterra,sciml,6,iterated_local_search,17,200,200,152,0.998955,0.998955,0.0,0.96389211,0.998513,0.998513,0.998845,0.998928,0.998955,0,0,0,0,1
sciml_lotka_volterra,sciml,6,iterated_local_search,18,200,200,95,0.998955,0.998955,0.0,0.99890186,0.998845,0.998845,0.998928,0.998955,0.998955,0,0,0,1,1
sciml_lotka_volterra,sciml,6,iterated_local_search,19,200,200,103,0.998955,0.998955,0.0,0.99885607,0.998513,0.998513,0.998845,0.998928,0.998955,0,0,0,0,1
sciml_lotka_volterra,sciml,6,iterated_local_search,20,200,200,144,0.998955,0.998955,0.0,0.99830012,0.993296,0.998497,0.998845,0.998928,0.998955,0,0,0,0,1
sciml_lotka_volterra,sciml,6,iterated_local_search,21,200,200,38,0.998955,0.998955,0.0,0.99884318,0.998173,0.998841,0.998955,0.998955,0.998955,0,0,1,1,1
sciml_lotka_volterra,sciml,6,iterated_local_search,22,200,200,78,0.998955,0.998955,0.0,0.99886409,0.998347,0.998455,0.998928,0.998955,0.998955,0,0,0,1,1
sciml_lotka_volterra,sciml,6,iterated_local_search,23,200,200,5,0.998955,0.998955,0.0,0.9989058,0.998955,0.998955,0.998955,0.998955,0.998955,1,1,1,1,1
sciml_lotka_volterra,sciml,6,iterated_local_search,24,200,200,58,0.998955,0.998955,0.0,0.99892244,0.998928,0.998928,0.998928,0.998955,0.998955,0,0,0,1,1
sciml_lotka_volterra,sciml,6,iterated_local_search,25,200,200,17,0.998955,0.998955,0.0,0.99895284,0.998928,0.998955,0.998955,0.998955,0.998955,0,1,1,1,1
sciml_lotka_volterra,sciml,6,iterated_local_search,26,200,200,39,0.998955,0.998955,0.0,0.99871277,0.996788,0.998483,0.998955,0.998955,0.998955,0,0,1,1,1
sciml_lotka_volterra,sciml,6,iterated_local_search,27,200,200,41,0.998955,0.998955,0.0,0.96895728,0.998841,0.998841,0.998955,0.998955,0.998955,0,0,1,1,1
sciml_lotka_volterra,sciml,6,iterated_local_search,28,200,200,62,0.998955,0.998955,0.0,0.9988867,0.998845,0.998845,0.998928,0.998955,0.998955,0,0,0,1,1
sciml_lotka_volterra,sciml,6,iterated_local_search,29,200,200,39,0.998955,0.998955,0.0,0.99827509,0.991742,0.998483,0.998955,0.998955,0.998955,0,0,1,1,1
sciml_lotka_volterra,sciml,6,iterated_local_search,30,200,200,116,0.998955,0.998955,0.0,0.9983039,0.993296,0.998497,0.998845,0.998928,0.998955,0,0,0,0,1
sciml_lotka_volterra,sciml,6,iterated_local_search,31,200,200,77,0.998955,0.998955,0.0,0.99893883,0.998928,0.998928,0.998928,0.998955,0.998955,0,0,0,1,1
sciml_lotka_volterra,sciml,6,iterated_local_search,32,200,200,5,0.998955,0.998955,0.0,0.99891429,0.998955,0.998955,0.998955,0.998955,0.998955,1,1,1,1,1
sciml_lotka_volterra,sciml,6,iterated_local_search,33,200,200,189,0.998955,0.998955,0.0,0.9983622,0.993296,0.998497,0.998845,0.998928,0.998955,0,0,0,0,1
sciml_lotka_volterra,sciml,6,iterated_local_search,34,200,200,17,0.998955,0.998955,0.0,0.99892676,0.998928,0.998955,0.998955,0.998955,0.998955,0,1,1,1,1
sciml_lotka_volterra,sciml,6,iterated_local_search,35,200,200,37,0.998955,0.998955,0.0,0.99891722,0.998928,0.998928,0.998955,0.998955,0.998955,0,0,1,1,1
sciml_lotka_volterra,sciml,6,iterated_local_search,36,200,200,155,0.998955,0.998955,0.0,0.9988088,0.997913,0.998513,0.998845,0.998928,0.998955,0,0,0,0,1
sciml_lotka_volterra,sciml,6,iterated_local_search,37,200,200,62,0.998955,0.998955,0.0,0.99835095,0.997905,0.997905,0.998841,0.998955,0.998955,0,0,0,1,1
sciml_lotka_volterra,sciml,6,iterated_local_search,38,200,200,75,0.998955,0.998955,0.0,0.99822055,0.994236,0.99792,0.998443,0.998955,0.998955,0,0,0,1,1
sciml_lotka_volterra,sciml,6,iterated_local_search,39,200,200,22,0.998955,0.998955,0.0,0.99894319,0.998845,0.998955,0.998955,0.998955,0.998955,0,1,1,1,1
sciml_lotka_volterra,sciml,6,ea_elitist,0,200,200,25,0.998955,0.998955,0.0,0.99882528,0.998928,0.998955,0.998955,0.998955,0.998955,0,1,1,1,1
sciml_lotka_volterra,sciml,6,ea_elitist,1,200,200,33,0.998955,0.998955,0.0,0.99386666,0.998845,0.998845,0.998955,0.998955,0.998955,0,0,1,1,1
sciml_lotka_volterra,sciml,6,ea_elitist,2,200,200,9,0.998955,0.998955,0.0,0.99891365,0.998955,0.998955,0.998955,0.998955,0.998955,1,1,1,1,1
sciml_lotka_volterra,sciml,6,ea_elitist,3,200,200,54,0.998955,0.998955,0.0,0.9988445,0.998845,0.998845,0.998845,0.998955,0.998955,0,0,0,1,1
sciml_lotka_volterra,sciml,6,ea_elitist,4,200,200,24,0.998955,0.998955,0.0,0.99891093,0.998844,0.998955,0.998955,0.998955,0.998955,0,1,1,1,1
sciml_lotka_volterra,sciml,6,ea_elitist,5,200,200,62,0.998955,0.998955,0.0,0.99892589,0.998841,0.998928,0.998928,0.998955,0.998955,0,0,0,1,1
sciml_lotka_volterra,sciml,6,ea_elitist,6,200,200,6,0.998955,0.998955,0.0,0.99882659,0.998955,0.998955,0.998955,0.998955,0.998955,1,1,1,1,1
sciml_lotka_volterra,sciml,6,ea_elitist,7,200,200,33,0.998955,0.998955,0.0,0.99878958,0.998838,0.998838,0.998955,0.998955,0.998955,0,0,1,1,1
sciml_lotka_volterra,sciml,6,ea_elitist,8,200,200,54,0.998955,0.998955,0.0,0.99867112,0.998844,0.998844,0.998928,0.998955,0.998955,0,0,0,1,1
sciml_lotka_volterra,sciml,6,ea_elitist,9,200,200,10,0.998955,0.998955,0.0,0.99884401,0.998955,0.998955,0.998955,0.998955,0.998955,1,1,1,1,1
sciml_lotka_volterra,sciml,6,ea_elitist,10,200,200,87,0.998955,0.998955,0.0,0.99887955,0.998455,0.998845,0.998928,0.998955,0.998955,0,0,0,1,1
sciml_lotka_volterra,sciml,6,ea_elitist,11,200,200,42,0.998955,0.998955,0.0,0.99888883,0.998838,0.998838,0.998955,0.998955,0.998955,0,0,1,1,1
sciml_lotka_volterra,sciml,6,ea_elitist,12,200,200,34,0.998955,0.998955,0.0,0.99893872,0.998928,0.998928,0.998955,0.998955,0.998955,0,0,1,1,1
sciml_lotka_volterra,sciml,6,ea_elitist,13,200,200,81,0.998955,0.998955,0.0,0.99890673,0.998841,0.998928,0.998928,0.998955,0.998955,0,0,0,1,1
sciml_lotka_volterra,sciml,6,ea_elitist,14,200,200,79,0.998955,0.998955,0.0,0.99390472,0.998838,0.998838,0.998928,0.998955,0.998955,0,0,0,1,1
sciml_lotka_volterra,sciml,6,ea_elitist,15,200,200,45,0.998955,0.998955,0.0,0.99883572,0.99831,0.99831,0.998955,0.998955,0.998955,0,0,1,1,1
sciml_lotka_volterra,sciml,6,ea_elitist,16,200,200,20,0.998955,0.998955,0.0,0.99893102,0.998838,0.998955,0.998955,0.998955,0.998955,0,1,1,1,1
sciml_lotka_volterra,sciml,6,ea_elitist,17,200,200,5,0.998955,0.998955,0.0,0.98396745,0.998955,0.998955,0.998955,0.998955,0.998955,1,1,1,1,1
sciml_lotka_volterra,sciml,6,ea_elitist,18,200,200,18,0.998955,0.998955,0.0,0.9989078,0.998844,0.998955,0.998955,0.998955,0.998955,0,1,1,1,1
sciml_lotka_volterra,sciml,6,ea_elitist,19,200,200,45,0.998955,0.998955,0.0,0.99891162,0.998841,0.998841,0.998955,0.998955,0.998955,0,0,1,1,1
sciml_lotka_volterra,sciml,6,ea_elitist,20,200,200,5,0.998955,0.998955,0.0,0.99887143,0.998955,0.998955,0.998955,0.998955,0.998955,1,1,1,1,1
sciml_lotka_volterra,sciml,6,ea_elitist,21,200,200,7,0.998955,0.998955,0.0,0.99893162,0.998955,0.998955,0.998955,0.998955,0.998955,1,1,1,1,1
sciml_lotka_volterra,sciml,6,ea_elitist,22,200,200,76,0.998955,0.998955,0.0,0.99892986,0.998928,0.998928,0.998928,0.998955,0.998955,0,0,0,1,1
sciml_lotka_volterra,sciml,6,ea_elitist,23,200,200,33,0.998955,0.998955,0.0,0.99890122,0.998928,0.998928,0.998955,0.998955,0.998955,0,0,1,1,1
sciml_lotka_volterra,sciml,6,ea_elitist,24,200,200,26,0.998955,0.998955,0.0,0.99887434,0.998513,0.998845,0.998955,0.998955,0.998955,0,0,1,1,1
sciml_lotka_volterra,sciml,6,ea_elitist,25,200,200,9,0.998955,0.998955,0.0,0.99895392,0.998955,0.998955,0.998955,0.998955,0.998955,1,1,1,1,1
sciml_lotka_volterra,sciml,6,ea_elitist,26,200,200,11,0.998955,0.998955,0.0,0.99891626,0.998955,0.998955,0.998955,0.998955,0.998955,1,1,1,1,1
sciml_lotka_volterra,sciml,6,ea_elitist,27,200,200,17,0.998955,0.998955,0.0,0.98892045,0.998313,0.998955,0.998955,0.998955,0.998955,0,1,1,1,1
sciml_lotka_volterra,sciml,6,ea_elitist,28,200,200,32,0.998955,0.998955,0.0,0.99891265,0.998928,0.998928,0.998955,0.998955,0.998955,0,0,1,1,1
sciml_lotka_volterra,sciml,6,ea_elitist,29,200,200,9,0.998955,0.998955,0.0,0.99887814,0.998955,0.998955,0.998955,0.998955,0.998955,1,1,1,1,1
sciml_lotka_volterra,sciml,6,ea_elitist,30,200,200,27,0.998955,0.998955,0.0,0.99878927,0.998841,0.998841,0.998955,0.998955,0.998955,0,0,1,1,1
sciml_lotka_volterra,sciml,6,ea_elitist,31,200,200,22,0.998955,0.998955,0.0,0.99888298,0.998845,0.998955,0.998955,0.998955,0.998955,0,1,1,1,1
sciml_lotka_volterra,sciml,6,ea_elitist,32,200,200,21,0.998955,0.998955,0.0,0.99891867,0.998845,0.998955,0.998955,0.998955,0.998955,0,1,1,1,1
sciml_lotka_volterra,sciml,6,ea_elitist,33,200,200,36,0.998955,0.998955,0.0,0.99878594,0.998841,0.998841,0.998955,0.998955,0.998955,0,0,1,1,1
sciml_lotka_volterra,sciml,6,ea_elitist,34,200,200,101,0.998955,0.998955,0.0,0.99888618,0.998455,0.998928,0.998928,0.998928,0.998955,0,0,0,0,1
sciml_lotka_volterra,sciml,6,ea_elitist,35,200,200,55,0.998955,0.998955,0.0,0.99889805,0.998455,0.998928,0.998928,0.998955,0.998955,0,0,0,1,1
sciml_lotka_volterra,sciml,6,ea_elitist,36,200,200,21,0.998955,0.998955,0.0,0.99886676,0.99831,0.998955,0.998955,0.998955,0.998955,0,1,1,1,1
sciml_lotka_volterra,sciml,6,ea_elitist,37,200,200,61,0.998955,0.998955,0.0,0.99873388,0.998928,0.998928,0.998928,0.998955,0.998955,0,0,0,1,1
sciml_lotka_volterra,sciml,6,ea_elitist,38,200,200,34,0.998955,0.998955,0.0,0.9988008,0.998192,0.99831,0.998955,0.998955,0.998955,0,0,1,1,1
sciml_lotka_volterra,sciml,6,ea_elitist,39,200,200,58,0.998955,0.998955,0.0,0.9989245,0.998844,0.998844,0.998844,0.998955,0.998955,0,0,0,1,1
sciml_lotka_volterra,sciml,6,ea_aging,0,200,200,42,0.998955,0.998955,0.0,0.99882298,0.998928,0.998928,0.998955,0.998955,0.998955,0,0,1,1,1
sciml_lotka_volterra,sciml,6,ea_aging,1,200,200,31,0.998955,0.998955,0.0,0.99386776,0.998845,0.998845,0.998955,0.998955,0.998955,0,0,1,1,1
sciml_lotka_volterra,sciml,6,ea_aging,2,200,200,9,0.998955,0.998955,0.0,0.99891365,0.998955,0.998955,0.998955,0.998955,0.998955,1,1,1,1,1
sciml_lotka_volterra,sciml,6,ea_aging,3,200,200,75,0.998955,0.998955,0.0,0.99884706,0.998845,0.998845,0.998928,0.998955,0.998955,0,0,0,1,1
sciml_lotka_volterra,sciml,6,ea_aging,4,200,200,60,0.998955,0.998955,0.0,0.99890104,0.998844,0.998844,0.998928,0.998955,0.998955,0,0,0,1,1
sciml_lotka_volterra,sciml,6,ea_aging,5,200,200,29,0.998955,0.998955,0.0,0.99893034,0.998841,0.998928,0.998955,0.998955,0.998955,0,0,1,1,1
sciml_lotka_volterra,sciml,6,ea_aging,6,200,200,6,0.998955,0.998955,0.0,0.99882659,0.998955,0.998955,0.998955,0.998955,0.998955,1,1,1,1,1
sciml_lotka_volterra,sciml,6,ea_aging,7,200,200,32,0.998955,0.998955,0.0,0.99879041,0.998838,0.998844,0.998955,0.998955,0.998955,0,0,1,1,1
sciml_lotka_volterra,sciml,6,ea_aging,8,200,200,35,0.998955,0.998955,0.0,0.99867622,0.998844,0.998844,0.998955,0.998955,0.998955,0,0,1,1,1
sciml_lotka_volterra,sciml,6,ea_aging,9,200,200,10,0.998955,0.998955,0.0,0.99884401,0.998955,0.998955,0.998955,0.998955,0.998955,1,1,1,1,1
sciml_lotka_volterra,sciml,6,ea_aging,10,200,200,158,0.998955,0.998955,0.0,0.99875519,0.998455,0.998455,0.998455,0.998928,0.998955,0,0,0,0,1
sciml_lotka_volterra,sciml,6,ea_aging,11,200,200,65,0.998955,0.998955,0.0,0.99887516,0.998838,0.998838,0.998838,0.998955,0.998955,0,0,0,1,1
sciml_lotka_volterra,sciml,6,ea_aging,12,200,200,64,0.998955,0.998955,0.0,0.99893467,0.998928,0.998928,0.998928,0.998955,0.998955,0,0,0,1,1
sciml_lotka_volterra,sciml,6,ea_aging,13,200,200,89,0.998955,0.998955,0.0,0.99890565,0.998841,0.998928,0.998928,0.998955,0.998955,0,0,0,1,1
sciml_lotka_volterra,sciml,6,ea_aging,14,200,200,54,0.998955,0.998955,0.0,0.9939063,0.998838,0.998838,0.998841,0.998955,0.998955,0,0,0,1,1
sciml_lotka_volterra,sciml,6,ea_aging,15,200,200,31,0.998955,0.998955,0.0,0.99887134,0.99831,0.998455,0.998955,0.998955,0.998955,0,0,1,1,1
sciml_lotka_volterra,sciml,6,ea_aging,16,200,200,20,0.998955,0.998955,0.0,0.99893102,0.998838,0.998955,0.998955,0.998955,0.998955,0,1,1,1,1
sciml_lotka_volterra,sciml,6,ea_aging,17,200,200,5,0.998955,0.998955,0.0,0.98396745,0.998955,0.998955,0.998955,0.998955,0.998955,1,1,1,1,1
sciml_lotka_volterra,sciml,6,ea_aging,18,200,200,18,0.998955,0.998955,0.0,0.9989078,0.998844,0.998955,0.998955,0.998955,0.998955,0,1,1,1,1
sciml_lotka_volterra,sciml,6,ea_aging,19,200,200,56,0.998955,0.998955,0.0,0.99890535,0.998841,0.998841,0.998841,0.998955,0.998955,0,0,0,1,1
sciml_lotka_volterra,sciml,6,ea_aging,20,200,200,5,0.998955,0.998955,0.0,0.99887143,0.998955,0.998955,0.998955,0.998955,0.998955,1,1,1,1,1
sciml_lotka_volterra,sciml,6,ea_aging,21,200,200,7,0.998955,0.998955,0.0,0.99893162,0.998955,0.998955,0.998955,0.998955,0.998955,1,1,1,1,1
sciml_lotka_volterra,sciml,6,ea_aging,22,200,200,94,0.998955,0.998955,0.0,0.99892743,0.998928,0.998928,0.998928,0.998955,0.998955,0,0,0,1,1
sciml_lotka_volterra,sciml,6,ea_aging,23,200,200,59,0.998955,0.998955,0.0,0.99889771,0.998928,0.998928,0.998928,0.998955,0.998955,0,0,0,1,1
sciml_lotka_volterra,sciml,6,ea_aging,24,200,200,102,0.998955,0.998955,0.0,0.9988591,0.998513,0.998845,0.998928,0.998928,0.998955,0,0,0,0,1
sciml_lotka_volterra,sciml,6,ea_aging,25,200,200,9,0.998955,0.998955,0.0,0.99895392,0.998955,0.998955,0.998955,0.998955,0.998955,1,1,1,1,1
sciml_lotka_volterra,sciml,6,ea_aging,26,200,200,11,0.998955,0.998955,0.0,0.99891626,0.998955,0.998955,0.998955,0.998955,0.998955,1,1,1,1,1
sciml_lotka_volterra,sciml,6,ea_aging,27,200,200,17,0.998955,0.998955,0.0,0.98892045,0.998313,0.998955,0.998955,0.998955,0.998955,0,1,1,1,1
sciml_lotka_volterra,sciml,6,ea_aging,28,200,200,21,0.998955,0.998955,0.0,0.99891413,0.998928,0.998955,0.998955,0.998955,0.998955,0,1,1,1,1
sciml_lotka_volterra,sciml,6,ea_aging,29,200,200,9,0.998955,0.998955,0.0,0.99887814,0.998955,0.998955,0.998955,0.998955,0.998955,1,1,1,1,1
sciml_lotka_volterra,sciml,6,ea_aging,30,200,200,59,0.998955,0.998955,0.0,0.99877662,0.998841,0.998841,0.998928,0.998955,0.998955,0,0,0,1,1
sciml_lotka_volterra,sciml,6,ea_aging,31,200,200,130,0.998955,0.998955,0.0,0.99884599,0.998845,0.998845,0.998845,0.998928,0.998955,0,0,0,0,1
sciml_lotka_volterra,sciml,6,ea_aging,32,200,200,21,0.998955,0.998955,0.0,0.99891867,0.998845,0.998955,0.998955,0.998955,0.998955,0,1,1,1,1
sciml_lotka_volterra,sciml,6,ea_aging,33,200,200,34,0.998955,0.998955,0.0,0.99878708,0.998841,0.998841,0.998955,0.998955,0.998955,0,0,1,1,1
sciml_lotka_volterra,sciml,6,ea_aging,34,200,200,142,0.998955,0.998955,0.0,0.99882168,0.998455,0.998513,0.998838,0.998928,0.998955,0,0,0,0,1
sciml_lotka_volterra,sciml,6,ea_aging,35,200,200,119,0.998955,0.998955,0.0,0.99886812,0.998455,0.998455,0.998928,0.998928,0.998955,0,0,0,0,1
sciml_lotka_volterra,sciml,6,ea_aging,36,200,200,68,0.998955,0.998955,0.0,0.99883977,0.99831,0.998838,0.998841,0.998955,0.998955,0,0,0,1,1
sciml_lotka_volterra,sciml,6,ea_aging,37,200,200,55,0.998955,0.998955,0.0,0.99873469,0.998928,0.998928,0.998928,0.998955,0.998955,0,0,0,1,1
sciml_lotka_volterra,sciml,6,ea_aging,38,200,200,23,0.998955,0.998955,0.0,0.99882447,0.998192,0.998955,0.998955,0.998955,0.998955,0,1,1,1,1
sciml_lotka_volterra,sciml,6,ea_aging,39,200,200,63,0.998955,0.998955,0.0,0.99892047,0.998844,0.998844,0.998844,0.998955,0.998955,0,0,0,1,1
sciml_lotka_volterra,sciml,6,ea_portfolio,0,200,200,64,0.998955,0.998955,0.0,0.99882001,0.998928,0.998928,0.998928,0.998955,0.998955,0,0,0,1,1
sciml_lotka_volterra,sciml,6,ea_portfolio,1,200,200,46,0.998955,0.998955,0.0,0.9938649,0.998845,0.998845,0.998955,0.998955,0.998955,0,0,1,1,1
sciml_lotka_volterra,sciml,6,ea_portfolio,2,200,200,9,0.998955,0.998955,0.0,0.99891365,0.998955,0.998955,0.998955,0.998955,0.998955,1,1,1,1,1
sciml_lotka_volterra,sciml,6,ea_portfolio,3,200,200,72,0.998955,0.998955,0.0,0.99883999,0.998845,0.998845,0.998845,0.998955,0.998955,0,0,0,1,1
sciml_lotka_volterra,sciml,6,ea_portfolio,4,200,200,52,0.998955,0.998955,0.0,0.99890378,0.998844,0.998844,0.998928,0.998955,0.998955,0,0,0,1,1
sciml_lotka_volterra,sciml,6,ea_portfolio,5,200,200,91,0.998955,0.998955,0.0,0.99892197,0.998841,0.998928,0.998928,0.998955,0.998955,0,0,0,1,1
sciml_lotka_volterra,sciml,6,ea_portfolio,6,200,200,6,0.998955,0.998955,0.0,0.99882659,0.998955,0.998955,0.998955,0.998955,0.998955,1,1,1,1,1
sciml_lotka_volterra,sciml,6,ea_portfolio,7,200,200,33,0.998955,0.998955,0.0,0.99878985,0.998838,0.998844,0.998955,0.998955,0.998955,0,0,1,1,1
sciml_lotka_volterra,sciml,6,ea_portfolio,8,200,200,60,0.998955,0.998955,0.0,0.99867118,0.998844,0.998844,0.998928,0.998955,0.998955,0,0,0,1,1
sciml_lotka_volterra,sciml,6,ea_portfolio,9,200,200,10,0.998955,0.998955,0.0,0.99884401,0.998955,0.998955,0.998955,0.998955,0.998955,1,1,1,1,1
sciml_lotka_volterra,sciml,6,ea_portfolio,10,200,200,66,0.998955,0.998955,0.0,0.99886205,0.998455,0.998455,0.998838,0.998955,0.998955,0,0,0,1,1
sciml_lotka_volterra,sciml,6,ea_portfolio,11,200,200,25,0.998955,0.998955,0.0,0.99889856,0.998838,0.998955,0.998955,0.998955,0.998955,0,1,1,1,1
sciml_lotka_volterra,sciml,6,ea_portfolio,12,200,200,25,0.998955,0.998955,0.0,0.99893994,0.998928,0.998955,0.998955,0.998955,0.998955,0,1,1,1,1
sciml_lotka_volterra,sciml,6,ea_portfolio,13,200,200,30,0.998955,0.998955,0.0,0.99891361,0.998841,0.998928,0.998955,0.998955,0.998955,0,0,1,1,1
sciml_lotka_volterra,sciml,6,ea_portfolio,14,200,200,63,0.998955,0.998955,0.0,0.99391051,0.998838,0.998838,0.998928,0.998955,0.998955,0,0,0,1,1
sciml_lotka_volterra,sciml,6,ea_portfolio,15,200,200,56,0.998955,0.998955,0.0,0.99886754,0.99831,0.998455,0.998928,0.998955,0.998955,0,0,0,1,1
sciml_lotka_volterra,sciml,6,ea_portfolio,16,200,200,20,0.998955,0.998955,0.0,0.99893102,0.998838,0.998955,0.998955,0.998955,0.998955,0,1,1,1,1
sciml_lotka_volterra,sciml,6,ea_portfolio,17,200,200,5,0.998955,0.998955,0.0,0.98396745,0.998955,0.998955,0.998955,0.998955,0.998955,1,1,1,1,1
sciml_lotka_volterra,sciml,6,ea_portfolio,18,200,200,18,0.998955,0.998955,0.0,0.9989078,0.998844,0.998955,0.998955,0.998955,0.998955,0,1,1,1,1
sciml_lotka_volterra,sciml,6,ea_portfolio,19,200,200,57,0.998955,0.998955,0.0,0.99890565,0.998841,0.998841,0.998841,0.998955,0.998955,0,0,0,1,1
sciml_lotka_volterra,sciml,6,ea_portfolio,20,200,200,5,0.998955,0.998955,0.0,0.99887143,0.998955,0.998955,0.998955,0.998955,0.998955,1,1,1,1,1
sciml_lotka_volterra,sciml,6,ea_portfolio,21,200,200,7,0.998955,0.998955,0.0,0.99893162,0.998955,0.998955,0.998955,0.998955,0.998955,1,1,1,1,1
sciml_lotka_volterra,sciml,6,ea_portfolio,22,200,200,43,0.998955,0.998955,0.0,0.99893432,0.998928,0.998928,0.998955,0.998955,0.998955,0,0,1,1,1
sciml_lotka_volterra,sciml,6,ea_portfolio,23,200,200,36,0.998955,0.998955,0.0,0.99890082,0.998928,0.998928,0.998955,0.998955,0.998955,0,0,1,1,1
sciml_lotka_volterra,sciml,6,ea_portfolio,24,200,200,38,0.998955,0.998955,0.0,0.99886774,0.998513,0.998845,0.998955,0.998955,0.998955,0,0,1,1,1
sciml_lotka_volterra,sciml,6,ea_portfolio,25,200,200,9,0.998955,0.998955,0.0,0.99895392,0.998955,0.998955,0.998955,0.998955,0.998955,1,1,1,1,1
sciml_lotka_volterra,sciml,6,ea_portfolio,26,200,200,11,0.998955,0.998955,0.0,0.99891626,0.998955,0.998955,0.998955,0.998955,0.998955,1,1,1,1,1
sciml_lotka_volterra,sciml,6,ea_portfolio,27,200,200,17,0.998955,0.998955,0.0,0.98892045,0.998313,0.998955,0.998955,0.998955,0.998955,0,1,1,1,1
sciml_lotka_volterra,sciml,6,ea_portfolio,28,200,200,21,0.998955,0.998955,0.0,0.99891413,0.998928,0.998955,0.998955,0.998955,0.998955,0,1,1,1,1
sciml_lotka_volterra,sciml,6,ea_portfolio,29,200,200,9,0.998955,0.998955,0.0,0.99887814,0.998955,0.998955,0.998955,0.998955,0.998955,1,1,1,1,1
sciml_lotka_volterra,sciml,6,ea_portfolio,30,200,200,56,0.998955,0.998955,0.0,0.99877275,0.998841,0.998841,0.998841,0.998955,0.998955,0,0,0,1,1
sciml_lotka_volterra,sciml,6,ea_portfolio,31,200,200,41,0.998955,0.998955,0.0,0.99887419,0.998845,0.998845,0.998955,0.998955,0.998955,0,0,1,1,1
sciml_lotka_volterra,sciml,6,ea_portfolio,32,200,200,21,0.998955,0.998955,0.0,0.99891867,0.998845,0.998955,0.998955,0.998955,0.998955,0,1,1,1,1
sciml_lotka_volterra,sciml,6,ea_portfolio,33,200,200,32,0.998955,0.998955,0.0,0.99878822,0.998841,0.998841,0.998955,0.998955,0.998955,0,0,1,1,1
sciml_lotka_volterra,sciml,6,ea_portfolio,34,200,200,112,0.998955,0.998955,0.0,0.99885979,0.998455,0.998513,0.998928,0.998928,0.998955,0,0,0,0,1
sciml_lotka_volterra,sciml,6,ea_portfolio,35,200,200,53,0.998955,0.998955,0.0,0.99885159,0.998455,0.998455,0.998928,0.998955,0.998955,0,0,0,1,1
sciml_lotka_volterra,sciml,6,ea_portfolio,36,200,200,75,0.998955,0.998955,0.0,0.99884366,0.99831,0.998838,0.998844,0.998955,0.998955,0,0,0,1,1
sciml_lotka_volterra,sciml,6,ea_portfolio,37,200,200,25,0.998955,0.998955,0.0,0.99873873,0.998928,0.998955,0.998955,0.998955,0.998955,0,1,1,1,1
sciml_lotka_volterra,sciml,6,ea_portfolio,38,200,200,23,0.998955,0.998955,0.0,0.99882447,0.998192,0.998955,0.998955,0.998955,0.998955,0,1,1,1,1
sciml_lotka_volterra,sciml,6,ea_portfolio,39,200,200,109,0.998955,0.998955,0.0,0.99893022,0.998844,0.998928,0.998928,0.998928,0.998955,0,0,0,0,1
sciml_lotka_volterra,sciml,6,surrogate_positional,0,200,200,70,0.998955,0.998955,0.0,0.9988192,0.998928,0.998928,0.998928,0.998955,0.998955,0,0,0,1,1
sciml_lotka_volterra,sciml,6,surrogate_positional,1,200,200,,0.998483,0.998955,0.000472,0.99335849,0.997905,0.99831,0.998313,0.998474,0.998483,0,0,0,0,0
sciml_lotka_volterra,sciml,6,surrogate_positional,2,200,200,9,0.998955,0.998955,0.0,0.99891365,0.998955,0.998955,0.998955,0.998955,0.998955,1,1,1,1,1
sciml_lotka_volterra,sciml,6,surrogate_positional,3,200,200,22,0.998955,0.998955,0.0,0.99886418,0.998845,0.998955,0.998955,0.998955,0.998955,0,1,1,1,1
sciml_lotka_volterra,sciml,6,surrogate_positional,4,200,200,22,0.998955,0.998955,0.0,0.99891245,0.998844,0.998955,0.998955,0.998955,0.998955,0,1,1,1,1
sciml_lotka_volterra,sciml,6,surrogate_positional,5,200,200,42,0.998955,0.998955,0.0,0.99891821,0.998841,0.998845,0.998955,0.998955,0.998955,0,0,1,1,1
sciml_lotka_volterra,sciml,6,surrogate_positional,6,200,200,6,0.998955,0.998955,0.0,0.99882659,0.998955,0.998955,0.998955,0.998955,0.998955,1,1,1,1,1
sciml_lotka_volterra,sciml,6,surrogate_positional,7,200,200,,0.998928,0.998955,2.7e-05,0.99872955,0.998838,0.998838,0.998838,0.998838,0.998928,0,0,0,0,0
sciml_lotka_volterra,sciml,6,surrogate_positional,8,200,200,192,0.998955,0.998955,0.0,0.99864563,0.998455,0.998928,0.998928,0.998928,0.998955,0,0,0,0,1
sciml_lotka_volterra,sciml,6,surrogate_positional,9,200,200,10,0.998955,0.998955,0.0,0.99884401,0.998955,0.998955,0.998955,0.998955,0.998955,1,1,1,1,1
sciml_lotka_volterra,sciml,6,surrogate_positional,10,200,200,81,0.998955,0.998955,0.0,0.99889106,0.998455,0.998845,0.998928,0.998955,0.998955,0,0,0,1,1
sciml_lotka_volterra,sciml,6,surrogate_positional,11,200,200,41,0.998955,0.998955,0.0,0.99886023,0.998335,0.998518,0.998955,0.998955,0.998955,0,0,1,1,1
sciml_lotka_volterra,sciml,6,surrogate_positional,12,200,200,89,0.998955,0.998955,0.0,0.99893129,0.998928,0.998928,0.998928,0.998955,0.998955,0,0,0,1,1
sciml_lotka_volterra,sciml,6,surrogate_positional,13,200,200,31,0.998955,0.998955,0.0,0.99891348,0.998841,0.998928,0.998955,0.998955,0.998955,0,0,1,1,1
sciml_lotka_volterra,sciml,6,surrogate_positional,14,200,200,19,0.998955,0.998955,0.0,0.99392685,0.998845,0.998955,0.998955,0.998955,0.998955,0,1,1,1,1
sciml_lotka_volterra,sciml,6,surrogate_positional,15,200,200,23,0.998955,0.998955,0.0,0.99891495,0.998928,0.998955,0.998955,0.998955,0.998955,0,1,1,1,1
sciml_lotka_volterra,sciml,6,surrogate_positional,16,200,200,27,0.998955,0.998955,0.0,0.99893052,0.998838,0.998928,0.998955,0.998955,0.998955,0,0,1,1,1
sciml_lotka_volterra,sciml,6,surrogate_positional,17,200,200,5,0.998955,0.998955,0.0,0.98396745,0.998955,0.998955,0.998955,0.998955,0.998955,1,1,1,1,1
sciml_lotka_volterra,sciml,6,surrogate_positional,18,200,200,26,0.998955,0.998955,0.0,0.99890714,0.998844,0.998928,0.998955,0.998955,0.998955,0,0,1,1,1
sciml_lotka_volterra,sciml,6,surrogate_positional,19,200,200,38,0.998955,0.998955,0.0,0.99891561,0.998841,0.998841,0.998955,0.998955,0.998955,0,0,1,1,1
sciml_lotka_volterra,sciml,6,surrogate_positional,20,200,200,5,0.998955,0.998955,0.0,0.99887143,0.998955,0.998955,0.998955,0.998955,0.998955,1,1,1,1,1
sciml_lotka_volterra,sciml,6,surrogate_positional,21,200,200,7,0.998955,0.998955,0.0,0.99893162,0.998955,0.998955,0.998955,0.998955,0.998955,1,1,1,1,1
sciml_lotka_volterra,sciml,6,surrogate_positional,22,200,200,29,0.998955,0.998955,0.0,0.99893621,0.998928,0.998928,0.998955,0.998955,0.998955,0,0,1,1,1
sciml_lotka_volterra,sciml,6,surrogate_positional,23,200,200,26,0.998955,0.998955,0.0,0.99890217,0.998928,0.998928,0.998955,0.998955,0.998955,0,0,1,1,1
sciml_lotka_volterra,sciml,6,surrogate_positional,24,200,200,103,0.998955,0.998955,0.0,0.99882579,0.998513,0.998513,0.998845,0.998928,0.998955,0,0,0,0,1
sciml_lotka_volterra,sciml,6,surrogate_positional,25,200,200,9,0.998955,0.998955,0.0,0.99895392,0.998955,0.998955,0.998955,0.998955,0.998955,1,1,1,1,1
sciml_lotka_volterra,sciml,6,surrogate_positional,26,200,200,12,0.998955,0.998955,0.0,0.99891317,0.998955,0.998955,0.998955,0.998955,0.998955,1,1,1,1,1
sciml_lotka_volterra,sciml,6,surrogate_positional,27,200,200,13,0.998955,0.998955,0.0,0.98893329,0.998955,0.998955,0.998955,0.998955,0.998955,1,1,1,1,1
sciml_lotka_volterra,sciml,6,surrogate_positional,28,200,200,93,0.998955,0.998955,0.0,0.99888549,0.998455,0.998928,0.998928,0.998955,0.998955,0,0,0,1,1
sciml_lotka_volterra,sciml,6,surrogate_positional,29,200,200,9,0.998955,0.998955,0.0,0.99887814,0.998955,0.998955,0.998955,0.998955,0.998955,1,1,1,1,1
sciml_lotka_volterra,sciml,6,surrogate_positional,30,200,200,23,0.998955,0.998955,0.0,0.99879155,0.998841,0.998955,0.998955,0.998955,0.998955,0,1,1,1,1
sciml_lotka_volterra,sciml,6,surrogate_positional,31,200,200,25,0.998955,0.998955,0.0,0.99888513,0.998844,0.998955,0.998955,0.998955,0.998955,0,1,1,1,1
sciml_lotka_volterra,sciml,6,surrogate_positional,32,200,200,132,0.998955,0.998955,0.0,0.99889829,0.998845,0.998845,0.998928,0.998928,0.998955,0,0,0,0,1
sciml_lotka_volterra,sciml,6,surrogate_positional,33,200,200,71,0.998955,0.998955,0.0,0.99876816,0.998841,0.998841,0.998841,0.998955,0.998955,0,0,0,1,1
sciml_lotka_volterra,sciml,6,surrogate_positional,34,200,200,34,0.998955,0.998955,0.0,0.99888986,0.998455,0.998844,0.998955,0.998955,0.998955,0,0,1,1,1
sciml_lotka_volterra,sciml,6,surrogate_positional,35,200,200,,0.998928,0.998955,2.7e-05,0.99887858,0.998455,0.998928,0.998928,0.998928,0.998928,0,0,0,0,0
sciml_lotka_volterra,sciml,6,surrogate_positional,36,200,200,,0.998928,0.998955,2.7e-05,0.99882009,0.998353,0.998353,0.998928,0.998928,0.998928,0,0,0,0,0
sciml_lotka_volterra,sciml,6,surrogate_positional,37,200,200,131,0.998955,0.998955,0.0,0.99872443,0.998928,0.998928,0.998928,0.998928,0.998955,0,0,0,0,1
sciml_lotka_volterra,sciml,6,surrogate_positional,38,200,200,144,0.998955,0.998955,0.0,0.99868696,0.997933,0.997933,0.998503,0.998928,0.998955,0,0,0,0,1
sciml_lotka_volterra,sciml,6,surrogate_positional,39,200,200,16,0.998955,0.998955,0.0,0.99894866,0.998928,0.998955,0.998955,0.998955,0.998955,0,1,1,1,1
sciml_lotka_volterra,sciml,6,surrogate_precedence,0,200,200,76,0.998955,0.998955,0.0,0.99881839,0.998928,0.998928,0.998928,0.998955,0.998955,0,0,0,1,1
sciml_lotka_volterra,sciml,6,surrogate_precedence,1,200,200,,0.998928,0.998955,2.7e-05,0.99380408,0.998455,0.998455,0.998928,0.998928,0.998928,0,0,0,0,0
sciml_lotka_volterra,sciml,6,surrogate_precedence,2,200,200,9,0.998955,0.998955,0.0,0.99891365,0.998955,0.998955,0.998955,0.998955,0.998955,1,1,1,1,1
sciml_lotka_volterra,sciml,6,surrogate_precedence,3,200,200,11,0.998955,0.998955,0.0,0.99886815,0.998955,0.998955,0.998955,0.998955,0.998955,1,1,1,1,1
sciml_lotka_volterra,sciml,6,surrogate_precedence,4,200,200,184,0.998955,0.998955,0.0,0.998891,0.998844,0.998928,0.998928,0.998928,0.998955,0,0,0,0,1
sciml_lotka_volterra,sciml,6,surrogate_precedence,5,200,200,15,0.998955,0.998955,0.0,0.99893484,0.998955,0.998955,0.998955,0.998955,0.998955,1,1,1,1,1
sciml_lotka_volterra,sciml,6,surrogate_precedence,6,200,200,6,0.998955,0.998955,0.0,0.99882659,0.998955,0.998955,0.998955,0.998955,0.998955,1,1,1,1,1
sciml_lotka_volterra,sciml,6,surrogate_precedence,7,200,200,110,0.998955,0.998955,0.0,0.99874455,0.998838,0.998838,0.998838,0.998838,0.998955,0,0,0,0,1
sciml_lotka_volterra,sciml,6,surrogate_precedence,8,200,200,11,0.998955,0.998955,0.0,0.99869205,0.998955,0.998955,0.998955,0.998955,0.998955,1,1,1,1,1
sciml_lotka_volterra,sciml,6,surrogate_precedence,9,200,200,10,0.998955,0.998955,0.0,0.99884401,0.998955,0.998955,0.998955,0.998955,0.998955,1,1,1,1,1
sciml_lotka_volterra,sciml,6,surrogate_precedence,10,200,200,150,0.998955,0.998955,0.0,0.99889095,0.998845,0.998845,0.998928,0.998928,0.998955,0,0,0,0,1
sciml_lotka_volterra,sciml,6,surrogate_precedence,11,200,200,,0.998928,0.998955,2.7e-05,0.99883691,0.998335,0.998845,0.998928,0.998928,0.998928,0,0,0,0,0
sciml_lotka_volterra,sciml,6,surrogate_precedence,12,200,200,,0.998928,0.998955,2.7e-05,0.99891618,0.998928,0.998928,0.998928,0.998928,0.998928,0,0,0,0,0
sciml_lotka_volterra,sciml,6,surrogate_precedence,13,200,200,,0.998928,0.998955,2.7e-05,0.99889357,0.998928,0.998928,0.998928,0.998928,0.998928,0,0,0,0,0
sciml_lotka_volterra,sciml,6,surrogate_precedence,14,200,200,126,0.998955,0.998955,0.0,0.99386573,0.998841,0.998841,0.998841,0.998841,0.998955,0,0,0,0,1
sciml_lotka_volterra,sciml,6,surrogate_precedence,15,200,200,94,0.998955,0.998955,0.0,0.99887698,0.998844,0.998844,0.998845,0.998955,0.998955,0,0,0,1,1
sciml_lotka_volterra,sciml,6,surrogate_precedence,16,200,200,38,0.998955,0.998955,0.0,0.9989205,0.998838,0.998838,0.998955,0.998955,0.998955,0,0,1,1,1
sciml_lotka_volterra,sciml,6,surrogate_precedence,17,200,200,5,0.998955,0.998955,0.0,0.98396745,0.998955,0.998955,0.998955,0.998955,0.998955,1,1,1,1,1
sciml_lotka_volterra,sciml,6,surrogate_precedence,18,200,200,65,0.998955,0.998955,0.0,0.99889065,0.998844,0.998845,0.998928,0.998955,0.998955,0,0,0,1,1
sciml_lotka_volterra,sciml,6,surrogate_precedence,19,200,200,119,0.998955,0.998955,0.0,0.99886944,0.998841,0.998841,0.998841,0.998841,0.998955,0,0,0,0,1
sciml_lotka_volterra,sciml,6,surrogate_precedence,20,200,200,5,0.998955,0.998955,0.0,0.99887143,0.998955,0.998955,0.998955,0.998955,0.998955,1,1,1,1,1
sciml_lotka_volterra,sciml,6,surrogate_precedence,21,200,200,7,0.998955,0.998955,0.0,0.99893162,0.998955,0.998955,0.998955,0.998955,0.998955,1,1,1,1,1
sciml_lotka_volterra,sciml,6,surrogate_precedence,22,200,200,147,0.998955,0.998955,0.0,0.99892028,0.998928,0.998928,0.998928,0.998928,0.998955,0,0,0,0,1
sciml_lotka_volterra,sciml,6,surrogate_precedence,23,200,200,12,0.998955,0.998955,0.0,0.99890406,0.998955,0.998955,0.998955,0.998955,0.998955,1,1,1,1,1
sciml_lotka_volterra,sciml,6,surrogate_precedence,24,200,200,,0.998845,0.998955,0.00011,0.99876815,0.998513,0.998845,0.998845,0.998845,0.998845,0,0,0,0,0
sciml_lotka_volterra,sciml,6,surrogate_precedence,25,200,200,9,0.998955,0.998955,0.0,0.99895392,0.998955,0.998955,0.998955,0.998955,0.998955,1,1,1,1,1
sciml_lotka_volterra,sciml,6,surrogate_precedence,26,200,200,23,0.998955,0.998955,0.0,0.99890943,0.998841,0.998955,0.998955,0.998955,0.998955,0,1,1,1,1
sciml_lotka_volterra,sciml,6,surrogate_precedence,27,200,200,,0.998335,0.998955,0.00062,0.98835005,0.998313,0.998335,0.998335,0.998335,0.998335,0,0,0,0,0
sciml_lotka_volterra,sciml,6,surrogate_precedence,28,200,200,134,0.998955,0.998955,0.0,0.99865928,0.998455,0.998455,0.998474,0.998513,0.998955,0,0,0,0,1
sciml_lotka_volterra,sciml,6,surrogate_precedence,29,200,200,9,0.998955,0.998955,0.0,0.99887814,0.998955,0.998955,0.998955,0.998955,0.998955,1,1,1,1,1
sciml_lotka_volterra,sciml,6,surrogate_precedence,30,200,200,174,0.998955,0.998955,0.0,0.99872582,0.998841,0.998841,0.998844,0.998845,0.998955,0,0,0,0,1
sciml_lotka_volterra,sciml,6,surrogate_precedence,31,200,200,185,0.998955,0.998955,0.0,0.99885897,0.998845,0.998845,0.998928,0.998928,0.998955,0,0,0,0,1
sciml_lotka_volterra,sciml,6,surrogate_precedence,32,200,200,61,0.998955,0.998955,0.0,0.99891327,0.998845,0.998928,0.998928,0.998955,0.998955,0,0,0,1,1
sciml_lotka_volterra,sciml,6,surrogate_precedence,33,200,200,,0.998841,0.998955,0.000114,0.99869188,0.998841,0.998841,0.998841,0.998841,0.998841,0,0,0,0,0
sciml_lotka_volterra,sciml,6,surrogate_precedence,34,200,200,,0.998928,0.998955,2.7e-05,0.99884664,0.998455,0.998841,0.998845,0.998928,0.998928,0,0,0,0,0
sciml_lotka_volterra,sciml,6,surrogate_precedence,35,200,200,83,0.998955,0.998955,0.0,0.99891943,0.998928,0.998928,0.998928,0.998955,0.998955,0,0,0,1,1
sciml_lotka_volterra,sciml,6,surrogate_precedence,36,200,200,,0.998928,0.998955,2.7e-05,0.99882827,0.997933,0.998841,0.998845,0.998928,0.998928,0,0,0,0,0
sciml_lotka_volterra,sciml,6,surrogate_precedence,37,200,200,,0.998928,0.998955,2.7e-05,0.99871498,0.998928,0.998928,0.998928,0.998928,0.998928,0,0,0,0,0
sciml_lotka_volterra,sciml,6,surrogate_precedence,38,200,200,,0.998845,0.998955,0.00011,0.99876012,0.998844,0.998844,0.998845,0.998845,0.998845,0,0,0,0,0
sciml_lotka_volterra,sciml,6,surrogate_precedence,39,200,200,172,0.998955,0.998955,0.0,0.99888816,0.998845,0.998845,0.998845,0.998845,0.998955,0,0,0,0,1
sciml_lotka_volterra,sciml,6,eda_precedence,0,200,200,24,0.998955,0.998955,0.0,0.99882541,0.998928,0.998955,0.998955,0.998955,0.998955,0,1,1,1,1
sciml_lotka_volterra,sciml,6,eda_precedence,1,200,200,,0.998928,0.998955,2.7e-05,0.99366646,0.998483,0.998483,0.998483,0.998841,0.998928,0,0,0,0,0
sciml_lotka_volterra,sciml,6,eda_precedence,2,200,200,9,0.998955,0.998955,0.0,0.99891365,0.998955,0.998955,0.998955,0.998955,0.998955,1,1,1,1,1
sciml_lotka_volterra,sciml,6,eda_precedence,3,200,200,11,0.998955,0.998955,0.0,0.99886815,0.998955,0.998955,0.998955,0.998955,0.998955,1,1,1,1,1
sciml_lotka_volterra,sciml,6,eda_precedence,4,200,200,17,0.998955,0.998955,0.0,0.99891565,0.998928,0.998955,0.998955,0.998955,0.998955,0,1,1,1,1
sciml_lotka_volterra,sciml,6,eda_precedence,5,200,200,41,0.998955,0.998955,0.0,0.99891852,0.998841,0.998841,0.998955,0.998955,0.998955,0,0,1,1,1
sciml_lotka_volterra,sciml,6,eda_precedence,6,200,200,6,0.998955,0.998955,0.0,0.99882659,0.998955,0.998955,0.998955,0.998955,0.998955,1,1,1,1,1
sciml_lotka_volterra,sciml,6,eda_precedence,7,200,200,37,0.998955,0.998955,0.0,0.99879092,0.998838,0.998841,0.998955,0.998955,0.998955,0,0,1,1,1
sciml_lotka_volterra,sciml,6,eda_precedence,8,200,200,88,0.998955,0.998955,0.0,0.9985864,0.997866,0.998443,0.998928,0.998955,0.998955,0,0,0,1,1
sciml_lotka_volterra,sciml,6,eda_precedence,9,200,200,10,0.998955,0.998955,0.0,0.99884401,0.998955,0.998955,0.998955,0.998955,0.998955,1,1,1,1,1
sciml_lotka_volterra,sciml,6,eda_precedence,10,200,200,151,0.998955,0.998955,0.0,0.99887622,0.998455,0.998845,0.998928,0.998928,0.998955,0,0,0,0,1
sciml_lotka_volterra,sciml,6,eda_precedence,11,200,200,58,0.998955,0.998955,0.0,0.99887575,0.998844,0.998845,0.998845,0.998955,0.998955,0,0,0,1,1
sciml_lotka_volterra,sciml,6,eda_precedence,12,200,200,43,0.998955,0.998955,0.0,0.99893751,0.998928,0.998928,0.998955,0.998955,0.998955,0,0,1,1,1
sciml_lotka_volterra,sciml,6,eda_precedence,13,200,200,50,0.998955,0.998955,0.0,0.99890004,0.998841,0.998841,0.998955,0.998955,0.998955,0,0,1,1,1
sciml_lotka_volterra,sciml,6,eda_precedence,14,200,200,105,0.998955,0.998955,0.0,0.99389354,0.998838,0.998838,0.998841,0.998928,0.998955,0,0,0,0,1
sciml_lotka_volterra,sciml,6,eda_precedence,15,200,200,25,0.998955,0.998955,0.0,0.99891498,0.998844,0.998955,0.998955,0.998955,0.998955,0,1,1,1,1
sciml_lotka_volterra,sciml,6,eda_precedence,16,200,200,43,0.998955,0.998955,0.0,0.9989179,0.998838,0.998841,0.998955,0.998955,0.998955,0,0,1,1,1
sciml_lotka_volterra,sciml,6,eda_precedence,17,200,200,5,0.998955,0.998955,0.0,0.98396745,0.998955,0.998955,0.998955,0.998955,0.998955,1,1,1,1,1
sciml_lotka_volterra,sciml,6,eda_precedence,18,200,200,29,0.998955,0.998955,0.0,0.99890169,0.998844,0.998844,0.998955,0.998955,0.998955,0,0,1,1,1
sciml_lotka_volterra,sciml,6,eda_precedence,19,200,200,90,0.998955,0.998955,0.0,0.9989125,0.998841,0.998841,0.998928,0.998955,0.998955,0,0,0,1,1
sciml_lotka_volterra,sciml,6,eda_precedence,20,200,200,5,0.998955,0.998955,0.0,0.99887143,0.998955,0.998955,0.998955,0.998955,0.998955,1,1,1,1,1
sciml_lotka_volterra,sciml,6,eda_precedence,21,200,200,7,0.998955,0.998955,0.0,0.99893162,0.998955,0.998955,0.998955,0.998955,0.998955,1,1,1,1,1
sciml_lotka_volterra,sciml,6,eda_precedence,22,200,200,21,0.998955,0.998955,0.0,0.99893729,0.998928,0.998955,0.998955,0.998955,0.998955,0,1,1,1,1
sciml_lotka_volterra,sciml,6,eda_precedence,23,200,200,101,0.998955,0.998955,0.0,0.99889204,0.998928,0.998928,0.998928,0.998928,0.998955,0,0,0,0,1
sciml_lotka_volterra,sciml,6,eda_precedence,24,200,200,14,0.998955,0.998955,0.0,0.99888926,0.998955,0.998955,0.998955,0.998955,0.998955,1,1,1,1,1
sciml_lotka_volterra,sciml,6,eda_precedence,25,200,200,9,0.998955,0.998955,0.0,0.99895392,0.998955,0.998955,0.998955,0.998955,0.998955,1,1,1,1,1
sciml_lotka_volterra,sciml,6,eda_precedence,26,200,200,80,0.998955,0.998955,0.0,0.99881315,0.998335,0.998483,0.998844,0.998955,0.998955,0,0,0,1,1
sciml_lotka_volterra,sciml,6,eda_precedence,27,200,200,183,0.998955,0.998955,0.0,0.98890718,0.998838,0.998841,0.998928,0.998928,0.998955,0,0,0,0,1
sciml_lotka_volterra,sciml,6,eda_precedence,28,200,200,22,0.998955,0.998955,0.0,0.99891409,0.998928,0.998955,0.998955,0.998955,0.998955,0,1,1,1,1
sciml_lotka_volterra,sciml,6,eda_precedence,29,200,200,9,0.998955,0.998955,0.0,0.99887814,0.998955,0.998955,0.998955,0.998955,0.998955,1,1,1,1,1
sciml_lotka_volterra,sciml,6,eda_precedence,30,200,200,14,0.998955,0.998955,0.0,0.99879667,0.998955,0.998955,0.998955,0.998955,0.998955,1,1,1,1,1
sciml_lotka_volterra,sciml,6,eda_precedence,31,200,200,126,0.998955,0.998955,0.0,0.99885726,0.998844,0.998845,0.998845,0.998928,0.998955,0,0,0,0,1
sciml_lotka_volterra,sciml,6,eda_precedence,32,200,200,14,0.998955,0.998955,0.0,0.99892335,0.998955,0.998955,0.998955,0.998955,0.998955,1,1,1,1,1
sciml_lotka_volterra,sciml,6,eda_precedence,33,200,200,146,0.998955,0.998955,0.0,0.99872435,0.998841,0.998841,0.998841,0.998845,0.998955,0,0,0,0,1
sciml_lotka_volterra,sciml,6,eda_precedence,34,200,200,18,0.998955,0.998955,0.0,0.9989113,0.998455,0.998955,0.998955,0.998955,0.998955,0,1,1,1,1
sciml_lotka_volterra,sciml,6,eda_precedence,35,200,200,20,0.998955,0.998955,0.0,0.9989075,0.998455,0.998955,0.998955,0.998955,0.998955,0,1,1,1,1
sciml_lotka_volterra,sciml,6,eda_precedence,36,200,200,,0.998928,0.998955,2.7e-05,0.99870397,0.997933,0.99831,0.998844,0.998845,0.998928,0,0,0,0,0
sciml_lotka_volterra,sciml,6,eda_precedence,37,200,200,92,0.998955,0.998955,0.0,0.99872969,0.998928,0.998928,0.998928,0.998955,0.998955,0,0,0,1,1
sciml_lotka_volterra,sciml,6,eda_precedence,38,200,200,128,0.998955,0.998955,0.0,0.99871779,0.997933,0.998335,0.998844,0.998845,0.998955,0,0,0,0,1
sciml_lotka_volterra,sciml,6,eda_precedence,39,200,200,29,0.998955,0.998955,0.0,0.99894564,0.998928,0.998928,0.998955,0.998955,0.998955,0,0,1,1,1
sciml_lotka_volterra,sciml,6,prism_protocol,0,200,200,69,0.998955,0.998955,0.0,0.99887404,0.998841,0.998841,0.998844,0.998955,0.998955,0,0,0,1,1
sciml_lotka_volterra,sciml,6,prism_protocol,1,200,200,81,0.998955,0.998955,0.0,0.99884759,0.998353,0.998838,0.998841,0.998955,0.998955,0,0,0,1,1
sciml_lotka_volterra,sciml,6,prism_protocol,2,200,200,58,0.998955,0.998955,0.0,0.98892678,0.998928,0.998928,0.998928,0.998955,0.998955,0,0,0,1,1
sciml_lotka_volterra,sciml,6,prism_protocol,3,200,200,,0.998928,0.998955,2.7e-05,0.99889995,0.998928,0.998928,0.998928,0.998928,0.998928,0,0,0,0,0
sciml_lotka_volterra,sciml,6,prism_protocol,4,200,200,100,0.998955,0.998955,0.0,0.98889567,0.998353,0.998838,0.998928,0.998955,0.998955,0,0,0,1,1
sciml_lotka_volterra,sciml,6,prism_protocol,5,200,200,7,0.998955,0.998955,0.0,0.99883264,0.998955,0.998955,0.998955,0.998955,0.998955,1,1,1,1,1
sciml_lotka_volterra,sciml,6,prism_protocol,6,200,200,30,0.998955,0.998955,0.0,0.99873338,0.998841,0.998841,0.998955,0.998955,0.998955,0,0,1,1,1
sciml_lotka_volterra,sciml,6,prism_protocol,7,200,200,29,0.998955,0.998955,0.0,0.99891414,0.998845,0.998845,0.998955,0.998955,0.998955,0,0,1,1,1
sciml_lotka_volterra,sciml,6,prism_protocol,8,200,200,43,0.998955,0.998955,0.0,0.99885222,0.998845,0.998845,0.998955,0.998955,0.998955,0,0,1,1,1
sciml_lotka_volterra,sciml,6,prism_protocol,9,200,200,59,0.998955,0.998955,0.0,0.99889447,0.998928,0.998928,0.998928,0.998955,0.998955,0,0,0,1,1
sciml_lotka_volterra,sciml,6,prism_protocol,10,200,200,88,0.998955,0.998955,0.0,0.97380849,0.998443,0.998443,0.998844,0.998955,0.998955,0,0,0,1,1
sciml_lotka_volterra,sciml,6,prism_protocol,11,200,200,67,0.998955,0.998955,0.0,0.99870666,0.998192,0.998443,0.998845,0.998955,0.998955,0,0,0,1,1
sciml_lotka_volterra,sciml,6,prism_protocol,12,200,200,17,0.998955,0.998955,0.0,0.99882319,0.998313,0.998955,0.998955,0.998955,0.998955,0,1,1,1,1
sciml_lotka_volterra,sciml,6,prism_protocol,13,200,200,106,0.998955,0.998955,0.0,0.98887394,0.998443,0.998928,0.998928,0.998928,0.998955,0,0,0,0,1
sciml_lotka_volterra,sciml,6,prism_protocol,14,200,200,160,0.998955,0.998955,0.0,0.99835659,0.997871,0.998455,0.998845,0.998928,0.998955,0,0,0,0,1
sciml_lotka_volterra,sciml,6,prism_protocol,15,200,200,12,0.998955,0.998955,0.0,0.98890224,0.998955,0.998955,0.998955,0.998955,0.998955,1,1,1,1,1
sciml_lotka_volterra,sciml,6,prism_protocol,16,200,200,68,0.998955,0.998955,0.0,0.99883956,0.998513,0.998513,0.998838,0.998955,0.998955,0,0,0,1,1
sciml_lotka_volterra,sciml,6,prism_protocol,17,200,200,41,0.998955,0.998955,0.0,0.99884707,0.998269,0.998269,0.998955,0.998955,0.998955,0,0,1,1,1
sciml_lotka_volterra,sciml,6,prism_protocol,18,200,200,2,0.998955,0.998955,0.0,0.99888354,0.998955,0.998955,0.998955,0.998955,0.998955,1,1,1,1,1
sciml_lotka_volterra,sciml,6,prism_protocol,19,200,200,87,0.998955,0.998955,0.0,0.99889655,0.998353,0.998928,0.998928,0.998955,0.998955,0,0,0,1,1
sciml_lotka_volterra,sciml,6,prism_protocol,20,200,200,7,0.998955,0.998955,0.0,0.99891374,0.998955,0.998955,0.998955,0.998955,0.998955,1,1,1,1,1
sciml_lotka_volterra,sciml,6,prism_protocol,21,200,200,186,0.998955,0.998955,0.0,0.99877789,0.997905,0.998335,0.998841,0.998928,0.998955,0,0,0,0,1
sciml_lotka_volterra,sciml,6,prism_protocol,22,200,200,165,0.998955,0.998955,0.0,0.99874606,0.998845,0.998845,0.998845,0.998928,0.998955,0,0,0,0,1
sciml_lotka_volterra,sciml,6,prism_protocol,23,200,200,11,0.998955,0.998955,0.0,0.99877173,0.998955,0.998955,0.998955,0.998955,0.998955,1,1,1,1,1
sciml_lotka_volterra,sciml,6,prism_protocol,24,200,200,61,0.998955,0.998955,0.0,0.99391259,0.998844,0.998844,0.998844,0.998955,0.998955,0,0,0,1,1
sciml_lotka_volterra,sciml,6,prism_protocol,25,200,200,,0.998928,0.998955,2.7e-05,0.99886372,0.998483,0.998483,0.998928,0.998928,0.998928,0,0,0,0,0
sciml_lotka_volterra,sciml,6,prism_protocol,26,200,200,146,0.998955,0.998955,0.0,0.98377376,0.998185,0.998455,0.998928,0.998928,0.998955,0,0,0,0,1
sciml_lotka_volterra,sciml,6,prism_protocol,27,200,200,14,0.998955,0.998955,0.0,0.99892526,0.998955,0.998955,0.998955,0.998955,0.998955,1,1,1,1,1
sciml_lotka_volterra,sciml,6,prism_protocol,28,200,200,96,0.998955,0.998955,0.0,0.99892416,0.998928,0.998928,0.998928,0.998955,0.998955,0,0,0,1,1
sciml_lotka_volterra,sciml,6,prism_protocol,29,200,200,16,0.998955,0.998955,0.0,0.99894645,0.998841,0.998955,0.998955,0.998955,0.998955,0,1,1,1,1
sciml_lotka_volterra,sciml,6,prism_protocol,30,200,200,73,0.998955,0.998955,0.0,0.99893798,0.998845,0.998928,0.998928,0.998955,0.998955,0,0,0,1,1
sciml_lotka_volterra,sciml,6,prism_protocol,31,200,200,83,0.998955,0.998955,0.0,0.99883796,0.998497,0.998497,0.998928,0.998955,0.998955,0,0,0,1,1
sciml_lotka_volterra,sciml,6,prism_protocol,32,200,200,43,0.998955,0.998955,0.0,0.99876261,0.99831,0.998474,0.998955,0.998955,0.998955,0,0,1,1,1
sciml_lotka_volterra,sciml,6,prism_protocol,33,200,200,15,0.998955,0.998955,0.0,0.99886899,0.998955,0.998955,0.998955,0.998955,0.998955,1,1,1,1,1
sciml_lotka_volterra,sciml,6,prism_protocol,34,200,200,188,0.998955,0.998955,0.0,0.97875796,0.998353,0.998353,0.998483,0.998844,0.998955,0,0,0,0,1
sciml_lotka_volterra,sciml,6,prism_protocol,35,200,200,131,0.998955,0.998955,0.0,0.99883874,0.998513,0.998841,0.998928,0.998928,0.998955,0,0,0,0,1
sciml_lotka_volterra,sciml,6,prism_protocol,36,200,200,52,0.998955,0.998955,0.0,0.99892781,0.998928,0.998928,0.998928,0.998955,0.998955,0,0,0,1,1
sciml_lotka_volterra,sciml,6,prism_protocol,37,200,200,176,0.998955,0.998955,0.0,0.99865066,0.998474,0.998474,0.998513,0.998928,0.998955,0,0,0,0,1
sciml_lotka_volterra,sciml,6,prism_protocol,38,200,200,37,0.998955,0.998955,0.0,0.99881831,0.998841,0.998928,0.998955,0.998955,0.998955,0,0,1,1,1
sciml_lotka_volterra,sciml,6,prism_protocol,39,200,200,20,0.998955,0.998955,0.0,0.99880986,0.997812,0.998955,0.998955,0.998955,0.998955,0,1,1,1,1
hamming_n7,synthetic,7,uniform,0,200,200,,0.42857143,1.0,0.57142857,0.42071429,0.42857143,0.42857143,0.42857143,0.42857143,0.42857143,0,0,0,0,0
hamming_n7,synthetic,7,uniform,1,200,200,,0.57142857,1.0,0.42857143,0.51,0.28571429,0.42857143,0.42857143,0.57142857,0.57142857,0,0,0,0,0
hamming_n7,synthetic,7,uniform,2,200,200,,0.57142857,1.0,0.42857143,0.56214286,0.57142857,0.57142857,0.57142857,0.57142857,0.57142857,0,0,0,0,0
hamming_n7,synthetic,7,uniform,3,200,200,,0.71428571,1.0,0.28571429,0.57571429,0.28571429,0.57142857,0.57142857,0.57142857,0.71428571,0,0,0,0,0
hamming_n7,synthetic,7,uniform,4,200,200,,0.42857143,1.0,0.57142857,0.40928571,0.28571429,0.28571429,0.42857143,0.42857143,0.42857143,0,0,0,0,0
hamming_n7,synthetic,7,uniform,5,200,200,,0.71428571,1.0,0.28571429,0.61571429,0.57142857,0.57142857,0.57142857,0.57142857,0.71428571,0,0,0,0,0
hamming_n7,synthetic,7,uniform,6,200,200,,0.71428571,1.0,0.28571429,0.67285714,0.42857143,0.42857143,0.71428571,0.71428571,0.71428571,0,0,0,0,0
hamming_n7,synthetic,7,uniform,7,200,200,,0.42857143,1.0,0.57142857,0.42571429,0.42857143,0.42857143,0.42857143,0.42857143,0.42857143,0,0,0,0,0
hamming_n7,synthetic,7,uniform,8,200,200,,0.71428571,1.0,0.28571429,0.61357143,0.42857143,0.42857143,0.57142857,0.57142857,0.71428571,0,0,0,0,0
hamming_n7,synthetic,7,uniform,9,200,200,,0.71428571,1.0,0.28571429,0.56928571,0.42857143,0.42857143,0.42857143,0.57142857,0.71428571,0,0,0,0,0
hamming_n7,synthetic,7,uniform,10,200,200,,0.71428571,1.0,0.28571429,0.67357143,0.42857143,0.71428571,0.71428571,0.71428571,0.71428571,0,0,0,0,0
hamming_n7,synthetic,7,uniform,11,200,200,,0.57142857,1.0,0.42857143,0.51714286,0.28571429,0.42857143,0.42857143,0.57142857,0.57142857,0,0,0,0,0
hamming_n7,synthetic,7,uniform,12,200,200,,0.57142857,1.0,0.42857143,0.535,0.42857143,0.42857143,0.57142857,0.57142857,0.57142857,0,0,0,0,0
hamming_n7,synthetic,7,uniform,13,200,200,,0.71428571,1.0,0.28571429,0.71071429,0.71428571,0.71428571,0.71428571,0.71428571,0.71428571,0,0,0,0,0
hamming_n7,synthetic,7,uniform,14,200,200,,0.42857143,1.0,0.57142857,0.42857143,0.42857143,0.42857143,0.42857143,0.42857143,0.42857143,0,0,0,0,0
hamming_n7,synthetic,7,uniform,15,200,200,,0.57142857,1.0,0.42857143,0.47642857,0.42857143,0.42857143,0.42857143,0.42857143,0.57142857,0,0,0,0,0
hamming_n7,synthetic,7,uniform,16,200,200,,0.71428571,1.0,0.28571429,0.52571429,0.42857143,0.42857143,0.42857143,0.57142857,0.71428571,0,0,0,0,0
hamming_n7,synthetic,7,uniform,17,200,200,,0.71428571,1.0,0.28571429,0.60142857,0.28571429,0.28571429,0.42857143,0.71428571,0.71428571,0,0,0,0,0
hamming_n7,synthetic,7,uniform,18,200,200,,0.71428571,1.0,0.28571429,0.585,0.42857143,0.42857143,0.42857143,0.57142857,0.71428571,0,0,0,0,0
hamming_n7,synthetic,7,uniform,19,200,200,,0.57142857,1.0,0.42857143,0.56071429,0.57142857,0.57142857,0.57142857,0.57142857,0.57142857,0,0,0,0,0
hamming_n7,synthetic,7,uniform,20,200,200,,0.71428571,1.0,0.28571429,0.63928571,0.28571429,0.57142857,0.57142857,0.71428571,0.71428571,0,0,0,0,0
hamming_n7,synthetic,7,uniform,21,200,200,,0.71428571,1.0,0.28571429,0.70142857,0.71428571,0.71428571,0.71428571,0.71428571,0.71428571,0,0,0,0,0
hamming_n7,synthetic,7,uniform,22,200,200,,0.71428571,1.0,0.28571429,0.56785714,0.42857143,0.42857143,0.42857143,0.71428571,0.71428571,0,0,0,0,0
hamming_n7,synthetic,7,uniform,23,200,200,,0.71428571,1.0,0.28571429,0.63571429,0.28571429,0.42857143,0.71428571,0.71428571,0.71428571,0,0,0,0,0
hamming_n7,synthetic,7,uniform,24,200,200,,0.57142857,1.0,0.42857143,0.52142857,0.28571429,0.42857143,0.57142857,0.57142857,0.57142857,0,0,0,0,0
hamming_n7,synthetic,7,uniform,25,200,200,,0.71428571,1.0,0.28571429,0.64714286,0.28571429,0.42857143,0.71428571,0.71428571,0.71428571,0,0,0,0,0
hamming_n7,synthetic,7,uniform,26,200,200,,0.57142857,1.0,0.42857143,0.45142857,0.42857143,0.42857143,0.42857143,0.42857143,0.57142857,0,0,0,0,0
hamming_n7,synthetic,7,uniform,27,200,200,,0.71428571,1.0,0.28571429,0.60214286,0.42857143,0.42857143,0.57142857,0.57142857,0.71428571,0,0,0,0,0
hamming_n7,synthetic,7,uniform,28,200,200,,0.57142857,1.0,0.42857143,0.52785714,0.42857143,0.42857143,0.42857143,0.57142857,0.57142857,0,0,0,0,0
hamming_n7,synthetic,7,uniform,29,200,200,,0.57142857,1.0,0.42857143,0.51714286,0.42857143,0.42857143,0.42857143,0.57142857,0.57142857,0,0,0,0,0
hamming_n7,synthetic,7,uniform,30,200,200,,0.71428571,1.0,0.28571429,0.56785714,0.42857143,0.42857143,0.57142857,0.57142857,0.71428571,0,0,0,0,0
hamming_n7,synthetic,7,uniform,31,200,200,,0.57142857,1.0,0.42857143,0.52642857,0.42857143,0.42857143,0.42857143,0.57142857,0.57142857,0,0,0,0,0
hamming_n7,synthetic,7,uniform,32,200,200,,0.71428571,1.0,0.28571429,0.555,0.28571429,0.42857143,0.57142857,0.57142857,0.71428571,0,0,0,0,0
hamming_n7,synthetic,7,uniform,33,200,200,,0.71428571,1.0,0.28571429,0.48785714,0.42857143,0.42857143,0.42857143,0.42857143,0.71428571,0,0,0,0,0
hamming_n7,synthetic,7,uniform,34,200,200,,0.71428571,1.0,0.28571429,0.68285714,0.42857143,0.71428571,0.71428571,0.71428571,0.71428571,0,0,0,0,0
hamming_n7,synthetic,7,uniform,35,200,200,139,1.0,1.0,0.0,0.73071429,0.28571429,0.28571429,0.71428571,0.71428571,1.0,0,0,0,0,1
hamming_n7,synthetic,7,uniform,36,200,200,,0.71428571,1.0,0.28571429,0.66571429,0.57142857,0.57142857,0.57142857,0.71428571,0.71428571,0,0,0,0,0
hamming_n7,synthetic,7,uniform,37,200,200,,0.71428571,1.0,0.28571429,0.59357143,0.42857143,0.42857143,0.42857143,0.57142857,0.71428571,0,0,0,0,0
hamming_n7,synthetic,7,uniform,38,200,200,,0.57142857,1.0,0.42857143,0.53285714,0.42857143,0.42857143,0.57142857,0.57142857,0.57142857,0,0,0,0,0
hamming_n7,synthetic,7,uniform,39,200,200,,0.71428571,1.0,0.28571429,0.61357143,0.42857143,0.42857143,0.42857143,0.71428571,0.71428571,0,0,0,0,0
hamming_n7,synthetic,7,ls_swap,0,200,200,106,1.0,1.0,0.0,0.69285714,0.14285714,0.28571429,0.42857143,0.71428571,1.0,0,0,0,0,1
hamming_n7,synthetic,7,ls_swap,1,200,200,112,1.0,1.0,0.0,0.66857143,0.14285714,0.14285714,0.28571429,0.71428571,1.0,0,0,0,0,1
hamming_n7,synthetic,7,ls_swap,2,200,200,32,1.0,1.0,0.0,0.94857143,0.71428571,0.71428571,1.0,1.0,1.0,0,0,1,1,1
hamming_n7,synthetic,7,ls_swap,3,200,200,64,1.0,1.0,0.0,0.85928571,0.42857143,0.57142857,0.71428571,1.0,1.0,0,0,0,1,1
hamming_n7,synthetic,7,ls_swap,4,200,200,43,1.0,1.0,0.0,0.91142857,0.42857143,0.71428571,1.0,1.0,1.0,0,0,1,1,1
hamming_n7,synthetic,7,ls_swap,5,200,200,46,1.0,1.0,0.0,0.91785714,0.57142857,0.71428571,1.0,1.0,1.0,0,0,1,1,1
hamming_n7,synthetic,7,ls_swap,6,200,200,50,1.0,1.0,0.0,0.90714286,0.57142857,0.57142857,1.0,1.0,1.0,0,0,1,1,1
hamming_n7,synthetic,7,ls_swap,7,200,200,58,1.0,1.0,0.0,0.88142857,0.57142857,0.57142857,0.71428571,1.0,1.0,0,0,0,1,1
hamming_n7,synthetic,7,ls_swap,8,200,200,114,1.0,1.0,0.0,0.66642857,0.14285714,0.14285714,0.42857143,0.71428571,1.0,0,0,0,0,1
hamming_n7,synthetic,7,ls_swap,9,200,200,64,1.0,1.0,0.0,0.85214286,0.42857143,0.57142857,0.71428571,1.0,1.0,0,0,0,1,1
hamming_n7,synthetic,7,ls_swap,10,200,200,82,1.0,1.0,0.0,0.79214286,0.28571429,0.42857143,0.57142857,1.0,1.0,0,0,0,1,1
hamming_n7,synthetic,7,ls_swap,11,200,200,46,1.0,1.0,0.0,0.90714286,0.57142857,0.71428571,1.0,1.0,1.0,0,0,1,1,1
hamming_n7,synthetic,7,ls_swap,12,200,200,83,1.0,1.0,0.0,0.78071429,0.28571429,0.42857143,0.57142857,1.0,1.0,0,0,0,1,1
hamming_n7,synthetic,7,ls_swap,13,200,200,95,1.0,1.0,0.0,0.75714286,0.28571429,0.28571429,0.57142857,1.0,1.0,0,0,0,1,1
hamming_n7,synthetic,7,ls_swap,14,200,200,98,1.0,1.0,0.0,0.72,0.14285714,0.14285714,0.57142857,1.0,1.0,0,0,0,1,1
hamming_n7,synthetic,7,ls_swap,15,200,200,70,1.0,1.0,0.0,0.84357143,0.42857143,0.42857143,0.71428571,1.0,1.0,0,0,0,1,1
hamming_n7,synthetic,7,ls_swap,16,200,200,110,1.0,1.0,0.0,0.67285714,0.14285714,0.14285714,0.28571429,0.71428571,1.0,0,0,0,0,1
hamming_n7,synthetic,7,ls_swap,17,200,200,76,1.0,1.0,0.0,0.82928571,0.42857143,0.42857143,0.57142857,1.0,1.0,0,0,0,1,1
hamming_n7,synthetic,7,ls_swap,18,200,200,112,1.0,1.0,0.0,0.67142857,0.14285714,0.14285714,0.42857143,0.71428571,1.0,0,0,0,0,1
hamming_n7,synthetic,7,ls_swap,19,200,200,75,1.0,1.0,0.0,0.83071429,0.42857143,0.57142857,0.57142857,1.0,1.0,0,0,0,1,1
hamming_n7,synthetic,7,ls_swap,20,200,200,109,1.0,1.0,0.0,0.67428571,0.14285714,0.14285714,0.28571429,0.71428571,1.0,0,0,0,0,1
hamming_n7,synthetic,7,ls_swap,21,200,200,91,1.0,1.0,0.0,0.75571429,0.28571429,0.28571429,0.42857143,1.0,1.0,0,0,0,1,1
hamming_n7,synthetic,7,ls_swap,22,200,200,95,1.0,1.0,0.0,0.75571429,0.28571429,0.42857143,0.42857143,1.0,1.0,0,0,0,1,1
hamming_n7,synthetic,7,ls_swap,23,200,200,96,1.0,1.0,0.0,0.76428571,0.28571429,0.42857143,0.57142857,1.0,1.0,0,0,0,1,1
hamming_n7,synthetic,7,ls_swap,24,200,200,59,1.0,1.0,0.0,0.88785714,0.57142857,0.57142857,0.71428571,1.0,1.0,0,0,0,1,1
hamming_n7,synthetic,7,ls_swap,25,200,200,65,1.0,1.0,0.0,0.82428571,0.28571429,0.42857143,0.71428571,1.0,1.0,0,0,0,1,1
hamming_n7,synthetic,7,ls_swap,26,200,200,59,1.0,1.0,0.0,0.88214286,0.57142857,0.57142857,0.71428571,1.0,1.0,0,0,0,1,1
hamming_n7,synthetic,7,ls_swap,27,200,200,79,1.0,1.0,0.0,0.82,0.42857143,0.42857143,0.57142857,1.0,1.0,0,0,0,1,1
hamming_n7,synthetic,7,ls_swap,28,200,200,71,1.0,1.0,0.0,0.82285714,0.28571429,0.28571429,0.57142857,1.0,1.0,0,0,0,1,1
hamming_n7,synthetic,7,ls_swap,29,200,200,105,1.0,1.0,0.0,0.68785714,0.14285714,0.14285714,0.42857143,0.71428571,1.0,0,0,0,0,1
hamming_n7,synthetic,7,ls_swap,30,200,200,111,1.0,1.0,0.0,0.66785714,0.14285714,0.14285714,0.28571429,0.71428571,1.0,0,0,0,0,1
hamming_n7,synthetic,7,ls_swap,31,200,200,64,1.0,1.0,0.0,0.85285714,0.42857143,0.42857143,0.71428571,1.0,1.0,0,0,0,1,1
hamming_n7,synthetic,7,ls_swap,32,200,200,76,1.0,1.0,0.0,0.80214286,0.28571429,0.28571429,0.57142857,1.0,1.0,0,0,0,1,1
hamming_n7,synthetic,7,ls_swap,33,200,200,73,1.0,1.0,0.0,0.83571429,0.42857143,0.42857143,0.57142857,1.0,1.0,0,0,0,1,1
hamming_n7,synthetic,7,ls_swap,34,200,200,113,1.0,1.0,0.0,0.66785714,0.14285714,0.14285714,0.42857143,0.71428571,1.0,0,0,0,0,1
hamming_n7,synthetic,7,ls_swap,35,200,200,114,1.0,1.0,0.0,0.66214286,0.14285714,0.14285714,0.28571429,0.71428571,1.0,0,0,0,0,1
hamming_n7,synthetic,7,ls_swap,36,200,200,38,1.0,1.0,0.0,0.92857143,0.71428571,0.71428571,1.0,1.0,1.0,0,0,1,1,1
hamming_n7,synthetic,7,ls_swap,37,200,200,56,1.0,1.0,0.0,0.88285714,0.42857143,0.57142857,0.71428571,1.0,1.0,0,0,0,1,1
hamming_n7,synthetic,7,ls_swap,38,200,200,31,1.0,1.0,0.0,0.95642857,0.71428571,0.71428571,1.0,1.0,1.0,0,0,1,1,1
hamming_n7,synthetic,7,ls_swap,39,200,200,97,1.0,1.0,0.0,0.745,0.28571429,0.42857143,0.42857143,1.0,1.0,0,0,0,1,1
hamming_n7,synthetic,7,ls_insert,0,200,200,,0.71428571,1.0,0.28571429,0.51857143,0.14285714,0.14285714,0.57142857,0.57142857,0.71428571,0,0,0,0,0
hamming_n7,synthetic,7,ls_insert,1,200,200,,0.71428571,1.0,0.28571429,0.63785714,0.42857143,0.42857143,0.57142857,0.71428571,0.71428571,0,0,0,0,0
hamming_n7,synthetic,7,ls_insert,2,200,200,,0.71428571,1.0,0.28571429,0.57928571,0.42857143,0.42857143,0.42857143,0.71428571,0.71428571,0,0,0,0,0
hamming_n7,synthetic,7,ls_insert,3,200,200,,0.71428571,1.0,0.28571429,0.51571429,0.28571429,0.28571429,0.28571429,0.57142857,0.71428571,0,0,0,0,0
hamming_n7,synthetic,7,ls_insert,4,200,200,,0.71428571,1.0,0.28571429,0.69642857,0.71428571,0.71428571,0.71428571,0.71428571,0.71428571,0,0,0,0,0
hamming_n7,synthetic,7,ls_insert,5,200,200,,0.71428571,1.0,0.28571429,0.62928571,0.57142857,0.57142857,0.57142857,0.57142857,0.71428571,0,0,0,0,0
hamming_n7,synthetic,7,ls_insert,6,200,200,,0.57142857,1.0,0.42857143,0.54357143,0.42857143,0.42857143,0.57142857,0.57142857,0.57142857,0,0,0,0,0
hamming_n7,synthetic,7,ls_insert,7,200,200,,0.71428571,1.0,0.28571429,0.56428571,0.42857143,0.42857143,0.42857143,0.57142857,0.71428571,0,0,0,0,0
hamming_n7,synthetic,7,ls_insert,8,200,200,,0.71428571,1.0,0.28571429,0.43214286,0.28571429,0.28571429,0.28571429,0.42857143,0.71428571,0,0,0,0,0
hamming_n7,synthetic,7,ls_insert,9,200,200,152,1.0,1.0,0.0,0.63571429,0.42857143,0.42857143,0.42857143,0.57142857,1.0,0,0,0,0,1
hamming_n7,synthetic,7,ls_insert,10,200,200,,0.71428571,1.0,0.28571429,0.61428571,0.57142857,0.57142857,0.57142857,0.57142857,0.71428571,0,0,0,0,0
hamming_n7,synthetic,7,ls_insert,11,200,200,,0.71428571,1.0,0.28571429,0.62928571,0.42857143,0.42857143,0.57142857,0.71428571,0.71428571,0,0,0,0,0
hamming_n7,synthetic,7,ls_insert,12,200,200,,0.57142857,1.0,0.42857143,0.53357143,0.42857143,0.42857143,0.57142857,0.57142857,0.57142857,0,0,0,0,0
hamming_n7,synthetic,7,ls_insert,13,200,200,,0.71428571,1.0,0.28571429,0.53642857,0.28571429,0.28571429,0.57142857,0.57142857,0.71428571,0,0,0,0,0
hamming_n7,synthetic,7,ls_insert,14,200,200,,0.71428571,1.0,0.28571429,0.59928571,0.28571429,0.28571429,0.57142857,0.71428571,0.71428571,0,0,0,0,0
hamming_n7,synthetic,7,ls_insert,15,200,200,,0.71428571,1.0,0.28571429,0.52714286,0.28571429,0.42857143,0.57142857,0.57142857,0.71428571,0,0,0,0,0
hamming_n7,synthetic,7,ls_insert,16,200,200,,0.71428571,1.0,0.28571429,0.64285714,0.28571429,0.42857143,0.71428571,0.71428571,0.71428571,0,0,0,0,0
hamming_n7,synthetic,7,ls_insert,17,200,200,,0.71428571,1.0,0.28571429,0.65785714,0.42857143,0.42857143,0.71428571,0.71428571,0.71428571,0,0,0,0,0
hamming_n7,synthetic,7,ls_insert,18,200,200,,0.71428571,1.0,0.28571429,0.63357143,0.28571429,0.28571429,0.71428571,0.71428571,0.71428571,0,0,0,0,0
hamming_n7,synthetic,7,ls_insert,19,200,200,,0.57142857,1.0,0.42857143,0.50928571,0.42857143,0.42857143,0.42857143,0.57142857,0.57142857,0,0,0,0,0
hamming_n7,synthetic,7,ls_insert,20,200,200,,0.71428571,1.0,0.28571429,0.59357143,0.28571429,0.28571429,0.57142857,0.71428571,0.71428571,0,0,0,0,0
hamming_n7,synthetic,7,ls_insert,21,200,200,,0.71428571,1.0,0.28571429,0.655,0.57142857,0.57142857,0.57142857,0.71428571,0.71428571,0,0,0,0,0
hamming_n7,synthetic,7,ls_insert,22,200,200,,0.57142857,1.0,0.42857143,0.53,0.28571429,0.42857143,0.57142857,0.57142857,0.57142857,0,0,0,0,0
hamming_n7,synthetic,7,ls_insert,23,200,200,,0.71428571,1.0,0.28571429,0.53214286,0.14285714,0.28571429,0.42857143,0.57142857,0.71428571,0,0,0,0,0
hamming_n7,synthetic,7,ls_insert,24,200,200,,0.71428571,1.0,0.28571429,0.58571429,0.28571429,0.28571429,0.42857143,0.71428571,0.71428571,0,0,0,0,0
hamming_n7,synthetic,7,ls_insert,25,200,200,,0.71428571,1.0,0.28571429,0.53642857,0.28571429,0.28571429,0.28571429,0.57142857,0.71428571,0,0,0,0,0
hamming_n7,synthetic,7,ls_insert,26,200,200,,0.71428571,1.0,0.28571429,0.67071429,0.42857143,0.42857143,0.71428571,0.71428571,0.71428571,0,0,0,0,0
hamming_n7,synthetic,7,ls_insert,27,200,200,38,1.0,1.0,0.0,0.92642857,0.57142857,0.71428571,1.0,1.0,1.0,0,0,1,1,1
hamming_n7,synthetic,7,ls_insert,28,200,200,150,1.0,1.0,0.0,0.70071429,0.28571429,0.57142857,0.57142857,0.71428571,1.0,0,0,0,0,1
hamming_n7,synthetic,7,ls_insert,29,200,200,,0.71428571,1.0,0.28571429,0.64357143,0.42857143,0.42857143,0.71428571,0.71428571,0.71428571,0,0,0,0,0
hamming_n7,synthetic,7,ls_insert,30,200,200,,0.71428571,1.0,0.28571429,0.6,0.14285714,0.14285714,0.71428571,0.71428571,0.71428571,0,0,0,0,0
hamming_n7,synthetic,7,ls_insert,31,200,200,,0.57142857,1.0,0.42857143,0.56428571,0.57142857,0.57142857,0.57142857,0.57142857,0.57142857,0,0,0,0,0
hamming_n7,synthetic,7,ls_insert,32,200,200,,0.71428571,1.0,0.28571429,0.56571429,0.28571429,0.42857143,0.42857143,0.57142857,0.71428571,0,0,0,0,0
hamming_n7,synthetic,7,ls_insert,33,200,200,,0.71428571,1.0,0.28571429,0.65857143,0.42857143,0.42857143,0.71428571,0.71428571,0.71428571,0,0,0,0,0
hamming_n7,synthetic,7,ls_insert,34,200,200,,0.57142857,1.0,0.42857143,0.47785714,0.28571429,0.28571429,0.28571429,0.57142857,0.57142857,0,0,0,0,0
hamming_n7,synthetic,7,ls_insert,35,200,200,143,1.0,1.0,0.0,0.69071429,0.28571429,0.28571429,0.42857143,0.71428571,1.0,0,0,0,0,1
hamming_n7,synthetic,7,ls_insert,36,200,200,,0.71428571,1.0,0.28571429,0.66928571,0.57142857,0.57142857,0.71428571,0.71428571,0.71428571,0,0,0,0,0
hamming_n7,synthetic,7,ls_insert,37,200,200,,0.71428571,1.0,0.28571429,0.66642857,0.57142857,0.57142857,0.71428571,0.71428571,0.71428571,0,0,0,0,0
hamming_n7,synthetic,7,ls_insert,38,200,200,,0.71428571,1.0,0.28571429,0.71357143,0.71428571,0.71428571,0.71428571,0.71428571,0.71428571,0,0,0,0,0
hamming_n7,synthetic,7,ls_insert,39,200,200,,0.71428571,1.0,0.28571429,0.69785714,0.71428571,0.71428571,0.71428571,0.71428571,0.71428571,0,0,0,0,0
hamming_n7,synthetic,7,ls_inversion,0,200,200,,0.71428571,1.0,0.28571429,0.58285714,0.42857143,0.42857143,0.42857143,0.71428571,0.71428571,0,0,0,0,0
hamming_n7,synthetic,7,ls_inversion,1,200,200,,0.71428571,1.0,0.28571429,0.58428571,0.14285714,0.14285714,0.42857143,0.71428571,0.71428571,0,0,0,0,0
hamming_n7,synthetic,7,ls_inversion,2,200,200,,0.71428571,1.0,0.28571429,0.63357143,0.42857143,0.42857143,0.57142857,0.71428571,0.71428571,0,0,0,0,0
hamming_n7,synthetic,7,ls_inversion,3,200,200,,0.71428571,1.0,0.28571429,0.63857143,0.42857143,0.42857143,0.57142857,0.71428571,0.71428571,0,0,0,0,0
hamming_n7,synthetic,7,ls_inversion,4,200,200,43,1.0,1.0,0.0,0.91142857,0.42857143,0.71428571,1.0,1.0,1.0,0,0,1,1,1
hamming_n7,synthetic,7,ls_inversion,5,200,200,179,1.0,1.0,0.0,0.71642857,0.57142857,0.57142857,0.71428571,0.71428571,1.0,0,0,0,0,1
hamming_n7,synthetic,7,ls_inversion,6,200,200,,0.71428571,1.0,0.28571429,0.69142857,0.57142857,0.57142857,0.71428571,0.71428571,0.71428571,0,0,0,0,0
hamming_n7,synthetic,7,ls_inversion,7,200,200,,0.71428571,1.0,0.28571429,0.645,0.42857143,0.42857143,0.57142857,0.71428571,0.71428571,0,0,0,0,0
hamming_n7,synthetic,7,ls_inversion,8,200,200,,0.71428571,1.0,0.28571429,0.62571429,0.14285714,0.42857143,0.57142857,0.71428571,0.71428571,0,0,0,0,0
hamming_n7,synthetic,7,ls_inversion,9,200,200,74,1.0,1.0,0.0,0.83214286,0.42857143,0.57142857,0.57142857,1.0,1.0,0,0,0,1,1
hamming_n7,synthetic,7,ls_inversion,10,200,200,156,1.0,1.0,0.0,0.71571429,0.42857143,0.57142857,0.57142857,0.71428571,1.0,0,0,0,0,1
hamming_n7,synthetic,7,ls_inversion,11,200,200,180,1.0,1.0,0.0,0.70142857,0.57142857,0.57142857,0.71428571,0.71428571,1.0,0,0,0,0,1
hamming_n7,synthetic,7,ls_inversion,12,200,200,99,1.0,1.0,0.0,0.745,0.28571429,0.28571429,0.42857143,1.0,1.0,0,0,0,1,1
hamming_n7,synthetic,7,ls_inversion,13,200,200,,0.71428571,1.0,0.28571429,0.65071429,0.28571429,0.57142857,0.71428571,0.71428571,0.71428571,0,0,0,0,0
hamming_n7,synthetic,7,ls_inversion,14,200,200,,0.71428571,1.0,0.28571429,0.52571429,0.28571429,0.28571429,0.42857143,0.57142857,0.71428571,0,0,0,0,0
hamming_n7,synthetic,7,ls_inversion,15,200,200,193,1.0,1.0,0.0,0.69071429,0.57142857,0.57142857,0.71428571,0.71428571,1.0,0,0,0,0,1
hamming_n7,synthetic,7,ls_inversion,16,200,200,,0.71428571,1.0,0.28571429,0.65214286,0.42857143,0.42857143,0.71428571,0.71428571,0.71428571,0,0,0,0,0
hamming_n7,synthetic,7,ls_inversion,17,200,200,,0.71428571,1.0,0.28571429,0.65071429,0.42857143,0.42857143,0.57142857,0.71428571,0.71428571,0,0,0,0,0
hamming_n7,synthetic,7,ls_inversion,18,200,200,,0.71428571,1.0,0.28571429,0.63785714,0.28571429,0.42857143,0.71428571,0.71428571,0.71428571,0,0,0,0,0
hamming_n7,synthetic,7,ls_inversion,19,200,200,58,1.0,1.0,0.0,0.88642857,0.57142857,0.57142857,0.71428571,1.0,1.0,0,0,0,1,1
hamming_n7,synthetic,7,ls_inversion,20,200,200,,0.71428571,1.0,0.28571429,0.59,0.28571429,0.28571429,0.42857143,0.71428571,0.71428571,0,0,0,0,0
hamming_n7,synthetic,7,ls_inversion,21,200,200,,0.71428571,1.0,0.28571429,0.63071429,0.28571429,0.42857143,0.57142857,0.71428571,0.71428571,0,0,0,0,0
hamming_n7,synthetic,7,ls_inversion,22,200,200,,0.71428571,1.0,0.28571429,0.64214286,0.28571429,0.57142857,0.57142857,0.71428571,0.71428571,0,0,0,0,0
hamming_n7,synthetic,7,ls_inversion,23,200,200,171,1.0,1.0,0.0,0.64642857,0.28571429,0.42857143,0.42857143,0.71428571,1.0,0,0,0,0,1
hamming_n7,synthetic,7,ls_inversion,24,200,200,53,1.0,1.0,0.0,0.89785714,0.57142857,0.57142857,0.71428571,1.0,1.0,0,0,0,1,1
hamming_n7,synthetic,7,ls_inversion,25,200,200,,0.71428571,1.0,0.28571429,0.65071429,0.42857143,0.42857143,0.71428571,0.71428571,0.71428571,0,0,0,0,0
hamming_n7,synthetic,7,ls_inversion,26,200,200,191,1.0,1.0,0.0,0.68642857,0.42857143,0.57142857,0.71428571,0.71428571,1.0,0,0,0,0,1
hamming_n7,synthetic,7,ls_inversion,27,200,200,58,1.0,1.0,0.0,0.86428571,0.42857143,0.42857143,0.71428571,1.0,1.0,0,0,0,1,1
hamming_n7,synthetic,7,ls_inversion,28,200,200,,0.71428571,1.0,0.28571429,0.64,0.28571429,0.28571429,0.71428571,0.71428571,0.71428571,0,0,0,0,0
hamming_n7,synthetic,7,ls_inversion,29,200,200,172,1.0,1.0,0.0,0.65285714,0.28571429,0.28571429,0.57142857,0.71428571,1.0,0,0,0,0,1
hamming_n7,synthetic,7,ls_inversion,30,200,200,139,1.0,1.0,0.0,0.74642857,0.28571429,0.71428571,0.71428571,0.71428571,1.0,0,0,0,0,1
hamming_n7,synthetic,7,ls_inversion,31,200,200,122,1.0,1.0,0.0,0.77285714,0.42857143,0.42857143,0.71428571,0.71428571,1.0,0,0,0,0,1
hamming_n7,synthetic,7,ls_inversion,32,200,200,,0.71428571,1.0,0.28571429,0.61142857,0.28571429,0.28571429,0.57142857,0.71428571,0.71428571,0,0,0,0,0
hamming_n7,synthetic,7,ls_inversion,33,200,200,157,1.0,1.0,0.0,0.71428571,0.42857143,0.42857143,0.57142857,0.71428571,1.0,0,0,0,0,1
hamming_n7,synthetic,7,ls_inversion,34,200,200,130,1.0,1.0,0.0,0.69928571,0.14285714,0.14285714,0.57142857,0.71428571,1.0,0,0,0,0,1
hamming_n7,synthetic,7,ls_inversion,35,200,200,127,1.0,1.0,0.0,0.74142857,0.28571429,0.42857143,0.71428571,0.71428571,1.0,0,0,0,0,1
hamming_n7,synthetic,7,ls_inversion,36,200,200,38,1.0,1.0,0.0,0.93071429,0.71428571,0.71428571,1.0,1.0,1.0,0,0,1,1,1
hamming_n7,synthetic,7,ls_inversion,37,200,200,,0.71428571,1.0,0.28571429,0.67571429,0.42857143,0.57142857,0.71428571,0.71428571,0.71428571,0,0,0,0,0
hamming_n7,synthetic,7,ls_inversion,38,200,200,,0.71428571,1.0,0.28571429,0.71357143,0.71428571,0.71428571,0.71428571,0.71428571,0.71428571,0,0,0,0,0
hamming_n7,synthetic,7,ls_inversion,39,200,200,59,1.0,1.0,0.0,0.85785714,0.42857143,0.42857143,0.71428571,1.0,1.0,0,0,0,1,1
hamming_n7,synthetic,7,simulated_annealing,0,200,200,,0.71428571,1.0,0.28571429,0.64785714,0.28571429,0.42857143,0.71428571,0.71428571,0.71428571,0,0,0,0,0
hamming_n7,synthetic,7,simulated_annealing,1,200,200,81,1.0,1.0,0.0,0.84285714,0.28571429,0.71428571,0.71428571,1.0,1.0,0,0,0,1,1
hamming_n7,synthetic,7,simulated_annealing,2,200,200,130,1.0,1.0,0.0,0.76428571,0.42857143,0.42857143,0.71428571,0.71428571,1.0,0,0,0,0,1
hamming_n7,synthetic,7,simulated_annealing,3,200,200,,0.71428571,1.0,0.28571429,0.68928571,0.42857143,0.71428571,0.71428571,0.71428571,0.71428571,0,0,0,0,0
hamming_n7,synthetic,7,simulated_annealing,4,200,200,161,1.0,1.0,0.0,0.61928571,0.42857143,0.42857143,0.42857143,0.57142857,1.0,0,0,0,0,1
hamming_n7,synthetic,7,simulated_annealing,5,200,200,161,1.0,1.0,0.0,0.71714286,0.42857143,0.42857143,0.71428571,0.71428571,1.0,0,0,0,0,1
hamming_n7,synthetic,7,simulated_annealing,6,200,200,,0.71428571,1.0,0.28571429,0.57571429,0.42857143,0.42857143,0.57142857,0.57142857,0.71428571,0,0,0,0,0
hamming_n7,synthetic,7,simulated_annealing,7,200,200,104,1.0,1.0,0.0,0.76642857,0.42857143,0.42857143,0.42857143,0.71428571,1.0,0,0,0,0,1
hamming_n7,synthetic,7,simulated_annealing,8,200,200,,0.71428571,1.0,0.28571429,0.64285714,0.28571429,0.57142857,0.57142857,0.71428571,0.71428571,0,0,0,0,0
hamming_n7,synthetic,7,simulated_annealing,9,200,200,,0.71428571,1.0,0.28571429,0.54714286,0.14285714,0.28571429,0.57142857,0.57142857,0.71428571,0,0,0,0,0
hamming_n7,synthetic,7,simulated_annealing,10,200,200,,0.71428571,1.0,0.28571429,0.605,0.42857143,0.42857143,0.57142857,0.57142857,0.71428571,0,0,0,0,0
hamming_n7,synthetic,7,simulated_annealing,11,200,200,151,1.0,1.0,0.0,0.65785714,0.42857143,0.42857143,0.42857143,0.71428571,1.0,0,0,0,0,1
hamming_n7,synthetic,7,simulated_annealing,12,200,200,135,1.0,1.0,0.0,0.71428571,0.42857143,0.57142857,0.57142857,0.57142857,1.0,0,0,0,0,1
hamming_n7,synthetic,7,simulated_annealing,13,200,200,104,1.0,1.0,0.0,0.77142857,0.57142857,0.57142857,0.57142857,0.71428571,1.0,0,0,0,0,1
hamming_n7,synthetic,7,simulated_annealing,14,200,200,,0.71428571,1.0,0.28571429,0.63928571,0.42857143,0.57142857,0.57142857,0.71428571,0.71428571,0,0,0,0,0
hamming_n7,synthetic,7,simulated_annealing,15,200,200,,0.71428571,1.0,0.28571429,0.61785714,0.28571429,0.42857143,0.57142857,0.71428571,0.71428571,0,0,0,0,0
hamming_n7,synthetic,7,simulated_annealing,16,200,200,179,1.0,1.0,0.0,0.58428571,0.28571429,0.28571429,0.42857143,0.57142857,1.0,0,0,0,0,1
hamming_n7,synthetic,7,simulated_annealing,17,200,200,,0.71428571,1.0,0.28571429,0.54714286,0.42857143,0.42857143,0.42857143,0.42857143,0.71428571,0,0,0,0,0
hamming_n7,synthetic,7,simulated_annealing,18,200,200,177,1.0,1.0,0.0,0.65785714,0.28571429,0.28571429,0.57142857,0.71428571,1.0,0,0,0,0,1
hamming_n7,synthetic,7,simulated_annealing,19,200,200,122,1.0,1.0,0.0,0.73928571,0.57142857,0.57142857,0.57142857,0.57142857,1.0,0,0,0,0,1
hamming_n7,synthetic,7,simulated_annealing,20,200,200,,0.71428571,1.0,0.28571429,0.63071429,0.42857143,0.42857143,0.57142857,0.71428571,0.71428571,0,0,0,0,0
hamming_n7,synthetic,7,simulated_annealing,21,200,200,,0.71428571,1.0,0.28571429,0.47785714,0.42857143,0.42857143,0.42857143,0.42857143,0.71428571,0,0,0,0,0
hamming_n7,synthetic,7,simulated_annealing,22,200,200,46,1.0,1.0,0.0,0.87857143,0.42857143,0.42857143,1.0,1.0,1.0,0,0,1,1,1
hamming_n7,synthetic,7,simulated_annealing,23,200,200,,0.71428571,1.0,0.28571429,0.62285714,0.57142857,0.57142857,0.57142857,0.57142857,0.71428571,0,0,0,0,0
hamming_n7,synthetic,7,simulated_annealing,24,200,200,,0.71428571,1.0,0.28571429,0.58,0.28571429,0.28571429,0.42857143,0.71428571,0.71428571,0,0,0,0,0
hamming_n7,synthetic,7,simulated_annealing,25,200,200,186,1.0,1.0,0.0,0.60714286,0.42857143,0.42857143,0.42857143,0.71428571,1.0,0,0,0,0,1
hamming_n7,synthetic,7,simulated_annealing,26,200,200,158,1.0,1.0,0.0,0.70214286,0.57142857,0.57142857,0.57142857,0.57142857,1.0,0,0,0,0,1
hamming_n7,synthetic,7,simulated_annealing,27,200,200,112,1.0,1.0,0.0,0.70214286,0.14285714,0.28571429,0.57142857,0.57142857,1.0,0,0,0,0,1
hamming_n7,synthetic,7,simulated_annealing,28,200,200,,0.71428571,1.0,0.28571429,0.53714286,0.28571429,0.28571429,0.28571429,0.57142857,0.71428571,0,0,0,0,0
hamming_n7,synthetic,7,simulated_annealing,29,200,200,144,1.0,1.0,0.0,0.69071429,0.28571429,0.57142857,0.57142857,0.57142857,1.0,0,0,0,0,1
hamming_n7,synthetic,7,simulated_annealing,30,200,200,126,1.0,1.0,0.0,0.71785714,0.42857143,0.42857143,0.42857143,0.71428571,1.0,0,0,0,0,1
hamming_n7,synthetic,7,simulated_annealing,31,200,200,,0.71428571,1.0,0.28571429,0.62785714,0.42857143,0.42857143,0.57142857,0.71428571,0.71428571,0,0,0,0,0
hamming_n7,synthetic,7,simulated_annealing,32,200,200,129,1.0,1.0,0.0,0.68357143,0.28571429,0.28571429,0.42857143,0.71428571,1.0,0,0,0,0,1
hamming_n7,synthetic,7,simulated_annealing,33,200,200,,0.71428571,1.0,0.28571429,0.65857143,0.42857143,0.42857143,0.71428571,0.71428571,0.71428571,0,0,0,0,0
hamming_n7,synthetic,7,simulated_annealing,34,200,200,,0.71428571,1.0,0.28571429,0.65,0.42857143,0.42857143,0.71428571,0.71428571,0.71428571,0,0,0,0,0
hamming_n7,synthetic,7,simulated_annealing,35,200,200,158,1.0,1.0,0.0,0.67071429,0.42857143,0.42857143,0.42857143,0.71428571,1.0,0,0,0,0,1
hamming_n7,synthetic,7,simulated_annealing,36,200,200,133,1.0,1.0,0.0,0.80357143,0.71428571,0.71428571,0.71428571,0.71428571,1.0,0,0,0,0,1
hamming_n7,synthetic,7,simulated_annealing,37,200,200,,0.71428571,1.0,0.28571429,0.625,0.28571429,0.57142857,0.57142857,0.71428571,0.71428571,0,0,0,0,0
hamming_n7,synthetic,7,simulated_annealing,38,200,200,47,1.0,1.0,0.0,0.92214286,0.57142857,0.71428571,1.0,1.0,1.0,0,0,1,1,1
hamming_n7,synthetic,7,simulated_annealing,39,200,200,91,1.0,1.0,0.0,0.81357143,0.57142857,0.57142857,0.57142857,1.0,1.0,0,0,0,1,1
hamming_n7,synthetic,7,iterated_local_search,0,200,200,,0.71428571,1.0,0.28571429,0.57642857,0.14285714,0.14285714,0.57142857,0.57142857,0.71428571,0,0,0,0,0
hamming_n7,synthetic,7,iterated_local_search,1,200,200,,0.71428571,1.0,0.28571429,0.63785714,0.42857143,0.42857143,0.57142857,0.71428571,0.71428571,0,0,0,0,0
hamming_n7,synthetic,7,iterated_local_search,2,200,200,,0.42857143,1.0,0.57142857,0.42857143,0.42857143,0.42857143,0.42857143,0.42857143,0.42857143,0,0,0,0,0
hamming_n7,synthetic,7,iterated_local_search,3,200,200,,0.71428571,1.0,0.28571429,0.58285714,0.28571429,0.28571429,0.42857143,0.71428571,0.71428571,0,0,0,0,0
hamming_n7,synthetic,7,iterated_local_search,4,200,200,,0.71428571,1.0,0.28571429,0.69642857,0.71428571,0.71428571,0.71428571,0.71428571,0.71428571,0,0,0,0,0
hamming_n7,synthetic,7,iterated_local_search,5,200,200,191,1.0,1.0,0.0,0.65071429,0.57142857,0.57142857,0.57142857,0.57142857,1.0,0,0,0,0,1
hamming_n7,synthetic,7,iterated_local_search,6,200,200,110,1.0,1.0,0.0,0.74214286,0.42857143,0.42857143,0.57142857,0.57142857,1.0,0,0,0,0,1
hamming_n7,synthetic,7,iterated_local_search,7,200,200,,0.42857143,1.0,0.57142857,0.42285714,0.42857143,0.42857143,0.42857143,0.42857143,0.42857143,0,0,0,0,0
hamming_n7,synthetic,7,iterated_local_search,8,200,200,,0.42857143,1.0,0.57142857,0.37857143,0.28571429,0.28571429,0.28571429,0.42857143,0.42857143,0,0,0,0,0
hamming_n7,synthetic,7,iterated_local_search,9,200,200,,0.42857143,1.0,0.57142857,0.42428571,0.42857143,0.42857143,0.42857143,0.42857143,0.42857143,0,0,0,0,0
hamming_n7,synthetic,7,iterated_local_search,10,200,200,196,1.0,1.0,0.0,0.64285714,0.57142857,0.57142857,0.57142857,0.57142857,1.0,0,0,0,0,1
hamming_n7,synthetic,7,iterated_local_search,11,200,200,,0.71428571,1.0,0.28571429,0.62928571,0.42857143,0.42857143,0.57142857,0.71428571,0.71428571,0,0,0,0,0
hamming_n7,synthetic,7,iterated_local_search,12,200,200,,0.57142857,1.0,0.42857143,0.53357143,0.42857143,0.42857143,0.57142857,0.57142857,0.57142857,0,0,0,0,0
hamming_n7,synthetic,7,iterated_local_search,13,200,200,102,1.0,1.0,0.0,0.73857143,0.28571429,0.28571429,0.57142857,0.71428571,1.0,0,0,0,0,1
hamming_n7,synthetic,7,iterated_local_search,14,200,200,,0.71428571,1.0,0.28571429,0.59928571,0.28571429,0.28571429,0.57142857,0.71428571,0.71428571,0,0,0,0,0
hamming_n7,synthetic,7,iterated_local_search,15,200,200,,0.71428571,1.0,0.28571429,0.57571429,0.28571429,0.42857143,0.57142857,0.57142857,0.71428571,0,0,0,0,0
hamming_n7,synthetic,7,iterated_local_search,16,200,200,,0.71428571,1.0,0.28571429,0.64285714,0.28571429,0.42857143,0.71428571,0.71428571,0.71428571,0,0,0,0,0
hamming_n7,synthetic,7,iterated_local_search,17,200,200,,0.71428571,1.0,0.28571429,0.65785714,0.42857143,0.42857143,0.71428571,0.71428571,0.71428571,0,0,0,0,0
hamming_n7,synthetic,7,iterated_local_search,18,200,200,,0.71428571,1.0,0.28571429,0.63357143,0.28571429,0.28571429,0.71428571,0.71428571,0.71428571,0,0,0,0,0
hamming_n7,synthetic,7,iterated_local_search,19,200,200,,0.71428571,1.0,0.28571429,0.59285714,0.42857143,0.42857143,0.42857143,0.71428571,0.71428571,0,0,0,0,0
hamming_n7,synthetic,7,iterated_local_search,20,200,200,,0.71428571,1.0,0.28571429,0.59357143,0.28571429,0.28571429,0.57142857,0.71428571,0.71428571,0,0,0,0,0
hamming_n7,synthetic,7,iterated_local_search,21,200,200,,0.71428571,1.0,0.28571429,0.655,0.57142857,0.57142857,0.57142857,0.71428571,0.71428571,0,0,0,0,0
hamming_n7,synthetic,7,iterated_local_search,22,200,200,,0.57142857,1.0,0.42857143,0.53,0.28571429,0.42857143,0.57142857,0.57142857,0.57142857,0,0,0,0,0
hamming_n7,synthetic,7,iterated_local_search,23,200,200,,0.71428571,1.0,0.28571429,0.53214286,0.14285714,0.28571429,0.42857143,0.57142857,0.71428571,0,0,0,0,0
hamming_n7,synthetic,7,iterated_local_search,24,200,200,157,1.0,1.0,0.0,0.57357143,0.28571429,0.28571429,0.42857143,0.42857143,1.0,0,0,0,0,1
hamming_n7,synthetic,7,iterated_local_search,25,200,200,,0.71428571,1.0,0.28571429,0.53642857,0.28571429,0.28571429,0.28571429,0.57142857,0.71428571,0,0,0,0,0
hamming_n7,synthetic,7,iterated_local_search,26,200,200,,0.71428571,1.0,0.28571429,0.67071429,0.42857143,0.42857143,0.71428571,0.71428571,0.71428571,0,0,0,0,0
hamming_n7,synthetic,7,iterated_local_search,27,200,200,38,1.0,1.0,0.0,0.92642857,0.57142857,0.71428571,1.0,1.0,1.0,0,0,1,1,1
hamming_n7,synthetic,7,iterated_local_search,28,200,200,90,1.0,1.0,0.0,0.78642857,0.28571429,0.57142857,0.57142857,1.0,1.0,0,0,0,1,1
hamming_n7,synthetic,7,iterated_local_search,29,200,200,161,1.0,1.0,0.0,0.70071429,0.42857143,0.42857143,0.71428571,0.71428571,1.0,0,0,0,0,1
hamming_n7,synthetic,7,iterated_local_search,30,200,200,147,1.0,1.0,0.0,0.67714286,0.14285714,0.14285714,0.71428571,0.71428571,1.0,0,0,0,0,1
hamming_n7,synthetic,7,iterated_local_search,31,200,200,155,1.0,1.0,0.0,0.68785714,0.57142857,0.57142857,0.57142857,0.57142857,1.0,0,0,0,0,1
hamming_n7,synthetic,7,iterated_local_search,32,200,200,183,1.0,1.0,0.0,0.59642857,0.28571429,0.42857143,0.42857143,0.57142857,1.0,0,0,0,0,1
hamming_n7,synthetic,7,iterated_local_search,33,200,200,,0.71428571,1.0,0.28571429,0.65857143,0.42857143,0.42857143,0.71428571,0.71428571,0.71428571,0,0,0,0,0
hamming_n7,synthetic,7,iterated_local_search,34,200,200,,0.71428571,1.0,0.28571429,0.48285714,0.28571429,0.28571429,0.28571429,0.57142857,0.71428571,0,0,0,0,0
hamming_n7,synthetic,7,iterated_local_search,35,200,200,,0.71428571,1.0,0.28571429,0.60785714,0.28571429,0.28571429,0.42857143,0.71428571,0.71428571,0,0,0,0,0
hamming_n7,synthetic,7,iterated_local_search,36,200,200,129,1.0,1.0,0.0,0.77214286,0.57142857,0.57142857,0.71428571,0.71428571,1.0,0,0,0,0,1
hamming_n7,synthetic,7,iterated_local_search,37,200,200,,0.71428571,1.0,0.28571429,0.66642857,0.57142857,0.57142857,0.71428571,0.71428571,0.71428571,0,0,0,0,0
hamming_n7,synthetic,7,iterated_local_search,38,200,200,,0.71428571,1.0,0.28571429,0.71357143,0.71428571,0.71428571,0.71428571,0.71428571,0.71428571,0,0,0,0,0
hamming_n7,synthetic,7,iterated_local_search,39,200,200,158,1.0,1.0,0.0,0.75928571,0.71428571,0.71428571,0.71428571,0.71428571,1.0,0,0,0,0,1
hamming_n7,synthetic,7,ea_elitist,0,200,200,109,1.0,1.0,0.0,0.76071429,0.28571429,0.42857143,0.71428571,0.71428571,1.0,0,0,0,0,1
hamming_n7,synthetic,7,ea_elitist,1,200,200,75,1.0,1.0,0.0,0.86857143,0.57142857,0.57142857,0.71428571,1.0,1.0,0,0,0,1,1
hamming_n7,synthetic,7,ea_elitist,2,200,200,108,1.0,1.0,0.0,0.80428571,0.42857143,0.57142857,0.71428571,0.71428571,1.0,0,0,0,0,1
hamming_n7,synthetic,7,ea_elitist,3,200,200,70,1.0,1.0,0.0,0.86285714,0.28571429,0.71428571,0.71428571,1.0,1.0,0,0,0,1,1
hamming_n7,synthetic,7,ea_elitist,4,200,200,64,1.0,1.0,0.0,0.85214286,0.42857143,0.42857143,0.71428571,1.0,1.0,0,0,0,1,1
hamming_n7,synthetic,7,ea_elitist,5,200,200,65,1.0,1.0,0.0,0.87714286,0.57142857,0.57142857,0.71428571,1.0,1.0,0,0,0,1,1
hamming_n7,synthetic,7,ea_elitist,6,200,200,121,1.0,1.0,0.0,0.74142857,0.28571429,0.42857143,0.57142857,0.71428571,1.0,0,0,0,0,1
hamming_n7,synthetic,7,ea_elitist,7,200,200,74,1.0,1.0,0.0,0.845,0.42857143,0.42857143,0.71428571,1.0,1.0,0,0,0,1,1
hamming_n7,synthetic,7,ea_elitist,8,200,200,143,1.0,1.0,0.0,0.70714286,0.28571429,0.28571429,0.71428571,0.71428571,1.0,0,0,0,0,1
hamming_n7,synthetic,7,ea_elitist,9,200,200,70,1.0,1.0,0.0,0.89071429,0.71428571,0.71428571,0.71428571,1.0,1.0,0,0,0,1,1
hamming_n7,synthetic,7,ea_elitist,10,200,200,87,1.0,1.0,0.0,0.80785714,0.28571429,0.42857143,0.71428571,1.0,1.0,0,0,0,1,1
hamming_n7,synthetic,7,ea_elitist,11,200,200,54,1.0,1.0,0.0,0.885,0.42857143,0.57142857,0.71428571,1.0,1.0,0,0,0,1,1
hamming_n7,synthetic,7,ea_elitist,12,200,200,63,1.0,1.0,0.0,0.89071429,0.71428571,0.71428571,0.71428571,1.0,1.0,0,0,0,1,1
hamming_n7,synthetic,7,ea_elitist,13,200,200,97,1.0,1.0,0.0,0.80714286,0.42857143,0.42857143,0.71428571,1.0,1.0,0,0,0,1,1
hamming_n7,synthetic,7,ea_elitist,14,200,200,43,1.0,1.0,0.0,0.92428571,0.71428571,0.71428571,1.0,1.0,1.0,0,0,1,1,1
hamming_n7,synthetic,7,ea_elitist,15,200,200,142,1.0,1.0,0.0,0.71714286,0.28571429,0.42857143,0.57142857,0.71428571,1.0,0,0,0,0,1
hamming_n7,synthetic,7,ea_elitist,16,200,200,116,1.0,1.0,0.0,0.80571429,0.57142857,0.57142857,0.71428571,0.71428571,1.0,0,0,0,0,1
hamming_n7,synthetic,7,ea_elitist,17,200,200,123,1.0,1.0,0.0,0.74928571,0.42857143,0.42857143,0.57142857,0.71428571,1.0,0,0,0,0,1
hamming_n7,synthetic,7,ea_elitist,18,200,200,54,1.0,1.0,0.0,0.87857143,0.42857143,0.57142857,0.71428571,1.0,1.0,0,0,0,1,1
hamming_n7,synthetic,7,ea_elitist,19,200,200,79,1.0,1.0,0.0,0.845,0.42857143,0.57142857,0.71428571,1.0,1.0,0,0,0,1,1
hamming_n7,synthetic,7,ea_elitist,20,200,200,67,1.0,1.0,0.0,0.84428571,0.42857143,0.42857143,0.71428571,1.0,1.0,0,0,0,1,1
hamming_n7,synthetic,7,ea_elitist,21,200,200,135,1.0,1.0,0.0,0.74428571,0.42857143,0.42857143,0.71428571,0.71428571,1.0,0,0,0,0,1
hamming_n7,synthetic,7,ea_elitist,22,200,200,113,1.0,1.0,0.0,0.70928571,0.14285714,0.14285714,0.42857143,0.71428571,1.0,0,0,0,0,1
hamming_n7,synthetic,7,ea_elitist,23,200,200,86,1.0,1.0,0.0,0.82,0.42857143,0.42857143,0.71428571,1.0,1.0,0,0,0,1,1
hamming_n7,synthetic,7,ea_elitist,24,200,200,102,1.0,1.0,0.0,0.81714286,0.57142857,0.57142857,0.57142857,0.71428571,1.0,0,0,0,0,1
hamming_n7,synthetic,7,ea_elitist,25,200,200,105,1.0,1.0,0.0,0.79928571,0.42857143,0.42857143,0.71428571,0.71428571,1.0,0,0,0,0,1
hamming_n7,synthetic,7,ea_elitist,26,200,200,36,1.0,1.0,0.0,0.91214286,0.42857143,0.57142857,1.0,1.0,1.0,0,0,1,1,1
hamming_n7,synthetic,7,ea_elitist,27,200,200,75,1.0,1.0,0.0,0.80714286,0.42857143,0.42857143,0.42857143,1.0,1.0,0,0,0,1,1
hamming_n7,synthetic,7,ea_elitist,28,200,200,91,1.0,1.0,0.0,0.81785714,0.28571429,0.57142857,0.71428571,1.0,1.0,0,0,0,1,1
hamming_n7,synthetic,7,ea_elitist,29,200,200,75,1.0,1.0,0.0,0.86571429,0.71428571,0.71428571,0.71428571,1.0,1.0,0,0,0,1,1
hamming_n7,synthetic,7,ea_elitist,30,200,200,68,1.0,1.0,0.0,0.84642857,0.28571429,0.57142857,0.71428571,1.0,1.0,0,0,0,1,1
hamming_n7,synthetic,7,ea_elitist,31,200,200,134,1.0,1.0,0.0,0.71928571,0.28571429,0.42857143,0.57142857,0.71428571,1.0,0,0,0,0,1
hamming_n7,synthetic,7,ea_elitist,32,200,200,107,1.0,1.0,0.0,0.74642857,0.42857143,0.42857143,0.42857143,0.71428571,1.0,0,0,0,0,1
hamming_n7,synthetic,7,ea_elitist,33,200,200,98,1.0,1.0,0.0,0.80714286,0.42857143,0.42857143,0.71428571,1.0,1.0,0,0,0,1,1
hamming_n7,synthetic,7,ea_elitist,34,200,200,64,1.0,1.0,0.0,0.87214286,0.42857143,0.71428571,0.71428571,1.0,1.0,0,0,0,1,1
hamming_n7,synthetic,7,ea_elitist,35,200,200,54,1.0,1.0,0.0,0.87785714,0.42857143,0.57142857,0.71428571,1.0,1.0,0,0,0,1,1
hamming_n7,synthetic,7,ea_elitist,36,200,200,82,1.0,1.0,0.0,0.83714286,0.42857143,0.42857143,0.71428571,1.0,1.0,0,0,0,1,1
hamming_n7,synthetic,7,ea_elitist,37,200,200,88,1.0,1.0,0.0,0.82642857,0.57142857,0.57142857,0.71428571,1.0,1.0,0,0,0,1,1
hamming_n7,synthetic,7,ea_elitist,38,200,200,39,1.0,1.0,0.0,0.92571429,0.57142857,0.57142857,1.0,1.0,1.0,0,0,1,1,1
hamming_n7,synthetic,7,ea_elitist,39,200,200,122,1.0,1.0,0.0,0.75285714,0.28571429,0.42857143,0.71428571,0.71428571,1.0,0,0,0,0,1
hamming_n7,synthetic,7,ea_aging,0,200,200,,0.71428571,1.0,0.28571429,0.61,0.28571429,0.28571429,0.42857143,0.71428571,0.71428571,0,0,0,0,0
hamming_n7,synthetic,7,ea_aging,1,200,200,,0.71428571,1.0,0.28571429,0.67785714,0.57142857,0.57142857,0.71428571,0.71428571,0.71428571,0,0,0,0,0
hamming_n7,synthetic,7,ea_aging,2,200,200,102,1.0,1.0,0.0,0.82785714,0.42857143,0.71428571,0.71428571,0.71428571,1.0,0,0,0,0,1
hamming_n7,synthetic,7,ea_aging,3,200,200,,0.71428571,1.0,0.28571429,0.67571429,0.28571429,0.71428571,0.71428571,0.71428571,0.71428571,0,0,0,0,0
hamming_n7,synthetic,7,ea_aging,4,200,200,185,1.0,1.0,0.0,0.65642857,0.42857143,0.42857143,0.57142857,0.71428571,1.0,0,0,0,0,1
hamming_n7,synthetic,7,ea_aging,5,200,200,73,1.0,1.0,0.0,0.87714286,0.57142857,0.71428571,0.71428571,1.0,1.0,0,0,0,1,1
hamming_n7,synthetic,7,ea_aging,6,200,200,100,1.0,1.0,0.0,0.735,0.28571429,0.28571429,0.42857143,1.0,1.0,0,0,0,1,1
hamming_n7,synthetic,7,ea_aging,7,200,200,,0.71428571,1.0,0.28571429,0.65642857,0.42857143,0.42857143,0.71428571,0.71428571,0.71428571,0,0,0,0,0
hamming_n7,synthetic,7,ea_aging,8,200,200,,0.71428571,1.0,0.28571429,0.59357143,0.28571429,0.28571429,0.42857143,0.71428571,0.71428571,0,0,0,0,0
hamming_n7,synthetic,7,ea_aging,9,200,200,96,1.0,1.0,0.0,0.85357143,0.71428571,0.71428571,0.71428571,1.0,1.0,0,0,0,1,1
hamming_n7,synthetic,7,ea_aging,10,200,200,,0.71428571,1.0,0.28571429,0.65071429,0.28571429,0.57142857,0.71428571,0.71428571,0.71428571,0,0,0,0,0
hamming_n7,synthetic,7,ea_aging,11,200,200,120,1.0,1.0,0.0,0.78857143,0.42857143,0.57142857,0.71428571,0.71428571,1.0,0,0,0,0,1
hamming_n7,synthetic,7,ea_aging,12,200,200,94,1.0,1.0,0.0,0.84642857,0.71428571,0.71428571,0.71428571,1.0,1.0,0,0,0,1,1
hamming_n7,synthetic,7,ea_aging,13,200,200,,0.71428571,1.0,0.28571429,0.56928571,0.42857143,0.57142857,0.57142857,0.57142857,0.71428571,0,0,0,0,0
hamming_n7,synthetic,7,ea_aging,14,200,200,42,1.0,1.0,0.0,0.92571429,0.71428571,0.71428571,1.0,1.0,1.0,0,0,1,1,1
hamming_n7,synthetic,7,ea_aging,15,200,200,161,1.0,1.0,0.0,0.63,0.28571429,0.42857143,0.57142857,0.57142857,1.0,0,0,0,0,1
hamming_n7,synthetic,7,ea_aging,16,200,200,,0.71428571,1.0,0.28571429,0.58714286,0.57142857,0.57142857,0.57142857,0.57142857,0.71428571,0,0,0,0,0
hamming_n7,synthetic,7,ea_aging,17,200,200,,0.71428571,1.0,0.28571429,0.59714286,0.42857143,0.42857143,0.57142857,0.57142857,0.71428571,0,0,0,0,0
hamming_n7,synthetic,7,ea_aging,18,200,200,57,1.0,1.0,0.0,0.87214286,0.42857143,0.57142857,0.71428571,1.0,1.0,0,0,0,1,1
hamming_n7,synthetic,7,ea_aging,19,200,200,,0.71428571,1.0,0.28571429,0.66285714,0.42857143,0.57142857,0.71428571,0.71428571,0.71428571,0,0,0,0,0
hamming_n7,synthetic,7,ea_aging,20,200,200,,0.71428571,1.0,0.28571429,0.59214286,0.42857143,0.42857143,0.57142857,0.57142857,0.71428571,0,0,0,0,0
hamming_n7,synthetic,7,ea_aging,21,200,200,167,1.0,1.0,0.0,0.67785714,0.42857143,0.42857143,0.57142857,0.71428571,1.0,0,0,0,0,1
hamming_n7,synthetic,7,ea_aging,22,200,200,112,1.0,1.0,0.0,0.71785714,0.14285714,0.14285714,0.42857143,0.71428571,1.0,0,0,0,0,1
hamming_n7,synthetic,7,ea_aging,23,200,200,,0.71428571,1.0,0.28571429,0.58571429,0.42857143,0.42857143,0.57142857,0.57142857,0.71428571,0,0,0,0,0
hamming_n7,synthetic,7,ea_aging,24,200,200,46,1.0,1.0,0.0,0.90857143,0.57142857,0.57142857,1.0,1.0,1.0,0,0,1,1,1
hamming_n7,synthetic,7,ea_aging,25,200,200,,0.71428571,1.0,0.28571429,0.63357143,0.42857143,0.42857143,0.57142857,0.71428571,0.71428571,0,0,0,0,0
hamming_n7,synthetic,7,ea_aging,26,200,200,182,1.0,1.0,0.0,0.65785714,0.42857143,0.42857143,0.42857143,0.71428571,1.0,0,0,0,0,1
hamming_n7,synthetic,7,ea_aging,27,200,200,,0.71428571,1.0,0.28571429,0.65142857,0.42857143,0.42857143,0.71428571,0.71428571,0.71428571,0,0,0,0,0
hamming_n7,synthetic,7,ea_aging,28,200,200,,0.71428571,1.0,0.28571429,0.61714286,0.28571429,0.57142857,0.57142857,0.57142857,0.71428571,0,0,0,0,0
hamming_n7,synthetic,7,ea_aging,29,200,200,37,1.0,1.0,0.0,0.92,0.71428571,0.71428571,1.0,1.0,1.0,0,0,1,1,1
hamming_n7,synthetic,7,ea_aging,30,200,200,54,1.0,1.0,0.0,0.85642857,0.28571429,0.42857143,0.71428571,1.0,1.0,0,0,0,1,1
hamming_n7,synthetic,7,ea_aging,31,200,200,,0.71428571,1.0,0.28571429,0.63,0.28571429,0.42857143,0.57142857,0.71428571,0.71428571,0,0,0,0,0
hamming_n7,synthetic,7,ea_aging,32,200,200,,0.71428571,1.0,0.28571429,0.49214286,0.42857143,0.42857143,0.42857143,0.42857143,0.71428571,0,0,0,0,0
hamming_n7,synthetic,7,ea_aging,33,200,200,71,1.0,1.0,0.0,0.83214286,0.42857143,0.42857143,0.57142857,1.0,1.0,0,0,0,1,1
hamming_n7,synthetic,7,ea_aging,34,200,200,,0.71428571,1.0,0.28571429,0.65714286,0.42857143,0.57142857,0.57142857,0.71428571,0.71428571,0,0,0,0,0
hamming_n7,synthetic,7,ea_aging,35,200,200,,0.71428571,1.0,0.28571429,0.67285714,0.42857143,0.57142857,0.71428571,0.71428571,0.71428571,0,0,0,0,0
hamming_n7,synthetic,7,ea_aging,36,200,200,,0.71428571,1.0,0.28571429,0.66857143,0.42857143,0.42857143,0.71428571,0.71428571,0.71428571,0,0,0,0,0
hamming_n7,synthetic,7,ea_aging,37,200,200,,0.71428571,1.0,0.28571429,0.67714286,0.57142857,0.71428571,0.71428571,0.71428571,0.71428571,0,0,0,0,0
hamming_n7,synthetic,7,ea_aging,38,200,200,,0.71428571,1.0,0.28571429,0.66142857,0.57142857,0.57142857,0.57142857,0.71428571,0.71428571,0,0,0,0,0
hamming_n7,synthetic,7,ea_aging,39,200,200,,0.71428571,1.0,0.28571429,0.60357143,0.28571429,0.28571429,0.42857143,0.71428571,0.71428571,0,0,0,0,0
hamming_n7,synthetic,7,ea_portfolio,0,200,200,145,1.0,1.0,0.0,0.69785714,0.28571429,0.28571429,0.57142857,0.71428571,1.0,0,0,0,0,1
hamming_n7,synthetic,7,ea_portfolio,1,200,200,95,1.0,1.0,0.0,0.84285714,0.57142857,0.57142857,0.71428571,1.0,1.0,0,0,0,1,1
hamming_n7,synthetic,7,ea_portfolio,2,200,200,135,1.0,1.0,0.0,0.78071429,0.42857143,0.71428571,0.71428571,0.71428571,1.0,0,0,0,0,1
hamming_n7,synthetic,7,ea_portfolio,3,200,200,65,1.0,1.0,0.0,0.87,0.28571429,0.71428571,0.71428571,1.0,1.0,0,0,0,1,1
hamming_n7,synthetic,7,ea_portfolio,4,200,200,118,1.0,1.0,0.0,0.73642857,0.42857143,0.42857143,0.42857143,0.71428571,1.0,0,0,0,0,1
hamming_n7,synthetic,7,ea_portfolio,5,200,200,74,1.0,1.0,0.0,0.87214286,0.57142857,0.57142857,0.71428571,1.0,1.0,0,0,0,1,1
hamming_n7,synthetic,7,ea_portfolio,6,200,200,89,1.0,1.0,0.0,0.78,0.28571429,0.28571429,0.57142857,1.0,1.0,0,0,0,1,1
hamming_n7,synthetic,7,ea_portfolio,7,200,200,196,1.0,1.0,0.0,0.63428571,0.42857143,0.42857143,0.42857143,0.71428571,1.0,0,0,0,0,1
hamming_n7,synthetic,7,ea_portfolio,8,200,200,126,1.0,1.0,0.0,0.69642857,0.28571429,0.28571429,0.42857143,0.71428571,1.0,0,0,0,0,1
hamming_n7,synthetic,7,ea_portfolio,9,200,200,60,1.0,1.0,0.0,0.905,0.71428571,0.71428571,0.71428571,1.0,1.0,0,0,0,1,1
hamming_n7,synthetic,7,ea_portfolio,10,200,200,181,1.0,1.0,0.0,0.65857143,0.28571429,0.57142857,0.57142857,0.71428571,1.0,0,0,0,0,1
hamming_n7,synthetic,7,ea_portfolio,11,200,200,139,1.0,1.0,0.0,0.745,0.42857143,0.57142857,0.57142857,0.71428571,1.0,0,0,0,0,1
hamming_n7,synthetic,7,ea_portfolio,12,200,200,97,1.0,1.0,0.0,0.84214286,0.71428571,0.71428571,0.71428571,1.0,1.0,0,0,0,1,1
hamming_n7,synthetic,7,ea_portfolio,13,200,200,,0.71428571,1.0,0.28571429,0.65857143,0.42857143,0.57142857,0.57142857,0.71428571,0.71428571,0,0,0,0,0
hamming_n7,synthetic,7,ea_portfolio,14,200,200,158,1.0,1.0,0.0,0.76,0.71428571,0.71428571,0.71428571,0.71428571,1.0,0,0,0,0,1
hamming_n7,synthetic,7,ea_portfolio,15,200,200,141,1.0,1.0,0.0,0.70928571,0.28571429,0.42857143,0.57142857,0.71428571,1.0,0,0,0,0,1
hamming_n7,synthetic,7,ea_portfolio,16,200,200,173,1.0,1.0,0.0,0.71642857,0.57142857,0.57142857,0.71428571,0.71428571,1.0,0,0,0,0,1
hamming_n7,synthetic,7,ea_portfolio,17,200,200,109,1.0,1.0,0.0,0.79,0.42857143,0.42857143,0.71428571,0.71428571,1.0,0,0,0,0,1
hamming_n7,synthetic,7,ea_portfolio,18,200,200,41,1.0,1.0,0.0,0.89,0.42857143,0.57142857,1.0,1.0,1.0,0,0,1,1,1
hamming_n7,synthetic,7,ea_portfolio,19,200,200,92,1.0,1.0,0.0,0.80357143,0.42857143,0.57142857,0.57142857,1.0,1.0,0,0,0,1,1
hamming_n7,synthetic,7,ea_portfolio,20,200,200,130,1.0,1.0,0.0,0.71928571,0.42857143,0.42857143,0.42857143,0.71428571,1.0,0,0,0,0,1
hamming_n7,synthetic,7,ea_portfolio,21,200,200,114,1.0,1.0,0.0,0.74642857,0.42857143,0.42857143,0.57142857,0.71428571,1.0,0,0,0,0,1
hamming_n7,synthetic,7,ea_portfolio,22,200,200,141,1.0,1.0,0.0,0.66642857,0.14285714,0.14285714,0.28571429,0.71428571,1.0,0,0,0,0,1
hamming_n7,synthetic,7,ea_portfolio,23,200,200,97,1.0,1.0,0.0,0.76357143,0.42857143,0.42857143,0.42857143,1.0,1.0,0,0,0,1,1
hamming_n7,synthetic,7,ea_portfolio,24,200,200,178,1.0,1.0,0.0,0.72,0.57142857,0.57142857,0.71428571,0.71428571,1.0,0,0,0,0,1
hamming_n7,synthetic,7,ea_portfolio,25,200,200,98,1.0,1.0,0.0,0.79142857,0.42857143,0.42857143,0.71428571,1.0,1.0,0,0,0,1,1
hamming_n7,synthetic,7,ea_portfolio,26,200,200,124,1.0,1.0,0.0,0.75857143,0.42857143,0.42857143,0.57142857,0.71428571,1.0,0,0,0,0,1
hamming_n7,synthetic,7,ea_portfolio,27,200,200,121,1.0,1.0,0.0,0.74714286,0.42857143,0.42857143,0.42857143,0.71428571,1.0,0,0,0,0,1
hamming_n7,synthetic,7,ea_portfolio,28,200,200,134,1.0,1.0,0.0,0.74785714,0.28571429,0.57142857,0.57142857,0.71428571,1.0,0,0,0,0,1
hamming_n7,synthetic,7,ea_portfolio,29,200,200,73,1.0,1.0,0.0,0.86857143,0.71428571,0.71428571,0.71428571,1.0,1.0,0,0,0,1,1
hamming_n7,synthetic,7,ea_portfolio,30,200,200,128,1.0,1.0,0.0,0.71571429,0.28571429,0.42857143,0.42857143,0.71428571,1.0,0,0,0,0,1
hamming_n7,synthetic,7,ea_portfolio,31,200,200,97,1.0,1.0,0.0,0.80142857,0.28571429,0.42857143,0.71428571,1.0,1.0,0,0,0,1,1
hamming_n7,synthetic,7,ea_portfolio,32,200,200,142,1.0,1.0,0.0,0.68285714,0.42857143,0.42857143,0.57142857,0.71428571,1.0,0,0,0,0,1
hamming_n7,synthetic,7,ea_portfolio,33,200,200,71,1.0,1.0,0.0,0.83428571,0.42857143,0.42857143,0.71428571,1.0,1.0,0,0,0,1,1
hamming_n7,synthetic,7,ea_portfolio,34,200,200,117,1.0,1.0,0.0,0.78214286,0.42857143,0.57142857,0.71428571,0.71428571,1.0,0,0,0,0,1
hamming_n7,synthetic,7,ea_portfolio,35,200,200,79,1.0,1.0,0.0,0.83928571,0.42857143,0.57142857,0.71428571,1.0,1.0,0,0,0,1,1
hamming_n7,synthetic,7,ea_portfolio,36,200,200,58,1.0,1.0,0.0,0.86571429,0.42857143,0.42857143,0.71428571,1.0,1.0,0,0,0,1,1
hamming_n7,synthetic,7,ea_portfolio,37,200,200,121,1.0,1.0,0.0,0.775,0.57142857,0.57142857,0.71428571,0.71428571,1.0,0,0,0,0,1
hamming_n7,synthetic,7,ea_portfolio,38,200,200,151,1.0,1.0,0.0,0.69571429,0.57142857,0.57142857,0.57142857,0.57142857,1.0,0,0,0,0,1
hamming_n7,synthetic,7,ea_portfolio,39,200,200,,0.71428571,1.0,0.28571429,0.59,0.28571429,0.28571429,0.57142857,0.57142857,0.71428571,0,0,0,0,0
hamming_n7,synthetic,7,surrogate_positional,0,200,200,19,1.0,1.0,0.0,0.93714286,0.42857143,1.0,1.0,1.0,1.0,0,1,1,1,1
hamming_n7,synthetic,7,surrogate_positional,1,200,200,14,1.0,1.0,0.0,0.97071429,1.0,1.0,1.0,1.0,1.0,1,1,1,1,1
hamming_n7,synthetic,7,surrogate_positional,2,200,200,18,1.0,1.0,0.0,0.96142857,0.71428571,1.0,1.0,1.0,1.0,0,1,1,1,1
hamming_n7,synthetic,7,surrogate_positional,3,200,200,20,1.0,1.0,0.0,0.94642857,0.71428571,1.0,1.0,1.0,1.0,0,1,1,1,1
hamming_n7,synthetic,7,surrogate_positional,4,200,200,14,1.0,1.0,0.0,0.96571429,1.0,1.0,1.0,1.0,1.0,1,1,1,1,1
hamming_n7,synthetic,7,surrogate_positional,5,200,200,12,1.0,1.0,0.0,0.97357143,1.0,1.0,1.0,1.0,1.0,1,1,1,1,1
hamming_n7,synthetic,7,surrogate_positional,6,200,200,17,1.0,1.0,0.0,0.94785714,0.42857143,1.0,1.0,1.0,1.0,0,1,1,1,1
hamming_n7,synthetic,7,surrogate_positional,7,200,200,14,1.0,1.0,0.0,0.96428571,1.0,1.0,1.0,1.0,1.0,1,1,1,1,1
hamming_n7,synthetic,7,surrogate_positional,8,200,200,20,1.0,1.0,0.0,0.93285714,0.42857143,1.0,1.0,1.0,1.0,0,1,1,1,1
hamming_n7,synthetic,7,surrogate_positional,9,200,200,11,1.0,1.0,0.0,0.975,1.0,1.0,1.0,1.0,1.0,1,1,1,1,1
hamming_n7,synthetic,7,surrogate_positional,10,200,200,22,1.0,1.0,0.0,0.925,0.42857143,1.0,1.0,1.0,1.0,0,1,1,1,1
hamming_n7,synthetic,7,surrogate_positional,11,200,200,16,1.0,1.0,0.0,0.96214286,0.71428571,1.0,1.0,1.0,1.0,0,1,1,1,1
hamming_n7,synthetic,7,surrogate_positional,12,200,200,13,1.0,1.0,0.0,0.96214286,1.0,1.0,1.0,1.0,1.0,1,1,1,1,1
hamming_n7,synthetic,7,surrogate_positional,13,200,200,20,1.0,1.0,0.0,0.95428571,0.71428571,1.0,1.0,1.0,1.0,0,1,1,1,1
hamming_n7,synthetic,7,surrogate_positional,14,200,200,14,1.0,1.0,0.0,0.96571429,1.0,1.0,1.0,1.0,1.0,1,1,1,1,1
hamming_n7,synthetic,7,surrogate_positional,15,200,200,18,1.0,1.0,0.0,0.94428571,0.57142857,1.0,1.0,1.0,1.0,0,1,1,1,1
hamming_n7,synthetic,7,surrogate_positional,16,200,200,13,1.0,1.0,0.0,0.96642857,1.0,1.0,1.0,1.0,1.0,1,1,1,1,1
hamming_n7,synthetic,7,surrogate_positional,17,200,200,20,1.0,1.0,0.0,0.94142857,0.71428571,1.0,1.0,1.0,1.0,0,1,1,1,1
hamming_n7,synthetic,7,surrogate_positional,18,200,200,16,1.0,1.0,0.0,0.94928571,0.71428571,1.0,1.0,1.0,1.0,0,1,1,1,1
hamming_n7,synthetic,7,surrogate_positional,19,200,200,22,1.0,1.0,0.0,0.94285714,0.57142857,1.0,1.0,1.0,1.0,0,1,1,1,1
hamming_n7,synthetic,7,surrogate_positional,20,200,200,15,1.0,1.0,0.0,0.95785714,1.0,1.0,1.0,1.0,1.0,1,1,1,1,1
hamming_n7,synthetic,7,surrogate_positional,21,200,200,15,1.0,1.0,0.0,0.96,1.0,1.0,1.0,1.0,1.0,1,1,1,1,1
hamming_n7,synthetic,7,surrogate_positional,22,200,200,27,1.0,1.0,0.0,0.91785714,0.28571429,0.71428571,1.0,1.0,1.0,0,0,1,1,1
hamming_n7,synthetic,7,surrogate_positional,23,200,200,21,1.0,1.0,0.0,0.94642857,0.57142857,1.0,1.0,1.0,1.0,0,1,1,1,1
hamming_n7,synthetic,7,surrogate_positional,24,200,200,14,1.0,1.0,0.0,0.97214286,1.0,1.0,1.0,1.0,1.0,1,1,1,1,1
hamming_n7,synthetic,7,surrogate_positional,25,200,200,13,1.0,1.0,0.0,0.96142857,1.0,1.0,1.0,1.0,1.0,1,1,1,1,1
hamming_n7,synthetic,7,surrogate_positional,26,200,200,15,1.0,1.0,0.0,0.96285714,1.0,1.0,1.0,1.0,1.0,1,1,1,1,1
hamming_n7,synthetic,7,surrogate_positional,27,200,200,18,1.0,1.0,0.0,0.94642857,0.57142857,1.0,1.0,1.0,1.0,0,1,1,1,1
hamming_n7,synthetic,7,surrogate_positional,28,200,200,19,1.0,1.0,0.0,0.94357143,0.57142857,1.0,1.0,1.0,1.0,0,1,1,1,1
hamming_n7,synthetic,7,surrogate_positional,29,200,200,16,1.0,1.0,0.0,0.95357143,0.71428571,1.0,1.0,1.0,1.0,0,1,1,1,1
hamming_n7,synthetic,7,surrogate_positional,30,200,200,15,1.0,1.0,0.0,0.95357143,1.0,1.0,1.0,1.0,1.0,1,1,1,1,1
hamming_n7,synthetic,7,surrogate_positional,31,200,200,16,1.0,1.0,0.0,0.945,0.71428571,1.0,1.0,1.0,1.0,0,1,1,1,1
hamming_n7,synthetic,7,surrogate_positional,32,200,200,15,1.0,1.0,0.0,0.95,1.0,1.0,1.0,1.0,1.0,1,1,1,1,1
hamming_n7,synthetic,7,surrogate_positional,33,200,200,13,1.0,1.0,0.0,0.96642857,1.0,1.0,1.0,1.0,1.0,1,1,1,1,1
hamming_n7,synthetic,7,surrogate_positional,34,200,200,18,1.0,1.0,0.0,0.95214286,0.71428571,1.0,1.0,1.0,1.0,0,1,1,1,1
hamming_n7,synthetic,7,surrogate_positional,35,200,200,14,1.0,1.0,0.0,0.96,1.0,1.0,1.0,1.0,1.0,1,1,1,1,1
hamming_n7,synthetic,7,surrogate_positional,36,200,200,15,1.0,1.0,0.0,0.96357143,1.0,1.0,1.0,1.0,1.0,1,1,1,1,1
hamming_n7,synthetic,7,surrogate_positional,37,200,200,15,1.0,1.0,0.0,0.95714286,1.0,1.0,1.0,1.0,1.0,1,1,1,1,1
hamming_n7,synthetic,7,surrogate_positional,38,200,200,14,1.0,1.0,0.0,0.97357143,1.0,1.0,1.0,1.0,1.0,1,1,1,1,1
hamming_n7,synthetic,7,surrogate_positional,39,200,200,20,1.0,1.0,0.0,0.93785714,0.71428571,1.0,1.0,1.0,1.0,0,1,1,1,1
hamming_n7,synthetic,7,surrogate_precedence,0,200,200,27,1.0,1.0,0.0,0.93142857,0.71428571,0.71428571,1.0,1.0,1.0,0,0,1,1,1
hamming_n7,synthetic,7,surrogate_precedence,1,200,200,,0.71428571,1.0,0.28571429,0.685,0.57142857,0.57142857,0.71428571,0.71428571,0.71428571,0,0,0,0,0
hamming_n7,synthetic,7,surrogate_precedence,2,200,200,,0.71428571,1.0,0.28571429,0.67142857,0.42857143,0.42857143,0.71428571,0.71428571,0.71428571,0,0,0,0,0
hamming_n7,synthetic,7,surrogate_precedence,3,200,200,199,1.0,1.0,0.0,0.62285714,0.28571429,0.42857143,0.57142857,0.71428571,1.0,0,0,0,0,1
hamming_n7,synthetic,7,surrogate_precedence,4,200,200,90,1.0,1.0,0.0,0.82428571,0.42857143,0.57142857,0.71428571,1.0,1.0,0,0,0,1,1
hamming_n7,synthetic,7,surrogate_precedence,5,200,200,43,1.0,1.0,0.0,0.915,0.57142857,0.57142857,1.0,1.0,1.0,0,0,1,1,1
hamming_n7,synthetic,7,surrogate_precedence,6,200,200,41,1.0,1.0,0.0,0.89214286,0.42857143,0.57142857,1.0,1.0,1.0,0,0,1,1,1
hamming_n7,synthetic,7,surrogate_precedence,7,200,200,15,1.0,1.0,0.0,0.96285714,1.0,1.0,1.0,1.0,1.0,1,1,1,1,1
hamming_n7,synthetic,7,surrogate_precedence,8,200,200,20,1.0,1.0,0.0,0.93428571,0.42857143,1.0,1.0,1.0,1.0,0,1,1,1,1
hamming_n7,synthetic,7,surrogate_precedence,9,200,200,45,1.0,1.0,0.0,0.92642857,0.71428571,0.71428571,1.0,1.0,1.0,0,0,1,1,1
hamming_n7,synthetic,7,surrogate_precedence,10,200,200,87,1.0,1.0,0.0,0.82142857,0.14285714,0.71428571,0.71428571,1.0,1.0,0,0,0,1,1
hamming_n7,synthetic,7,surrogate_precedence,11,200,200,84,1.0,1.0,0.0,0.84928571,0.42857143,0.71428571,0.71428571,1.0,1.0,0,0,0,1,1
hamming_n7,synthetic,7,surrogate_precedence,12,200,200,16,1.0,1.0,0.0,0.95785714,0.71428571,1.0,1.0,1.0,1.0,0,1,1,1,1
hamming_n7,synthetic,7,surrogate_precedence,13,200,200,,0.71428571,1.0,0.28571429,0.69285714,0.57142857,0.71428571,0.71428571,0.71428571,0.71428571,0,0,0,0,0
hamming_n7,synthetic,7,surrogate_precedence,14,200,200,,0.71428571,1.0,0.28571429,0.69857143,0.71428571,0.71428571,0.71428571,0.71428571,0.71428571,0,0,0,0,0
hamming_n7,synthetic,7,surrogate_precedence,15,200,200,41,1.0,1.0,0.0,0.89214286,0.57142857,0.57142857,1.0,1.0,1.0,0,0,1,1,1
hamming_n7,synthetic,7,surrogate_precedence,16,200,200,,0.71428571,1.0,0.28571429,0.69571429,0.71428571,0.71428571,0.71428571,0.71428571,0.71428571,0,0,0,0,0
hamming_n7,synthetic,7,surrogate_precedence,17,200,200,,0.71428571,1.0,0.28571429,0.66785714,0.28571429,0.71428571,0.71428571,0.71428571,0.71428571,0,0,0,0,0
hamming_n7,synthetic,7,surrogate_precedence,18,200,200,147,1.0,1.0,0.0,0.75857143,0.42857143,0.71428571,0.71428571,0.71428571,1.0,0,0,0,0,1
hamming_n7,synthetic,7,surrogate_precedence,19,200,200,95,1.0,1.0,0.0,0.82357143,0.42857143,0.57142857,0.71428571,1.0,1.0,0,0,0,1,1
hamming_n7,synthetic,7,surrogate_precedence,20,200,200,,0.71428571,1.0,0.28571429,0.58071429,0.42857143,0.42857143,0.42857143,0.71428571,0.71428571,0,0,0,0,0
hamming_n7,synthetic,7,surrogate_precedence,21,200,200,50,1.0,1.0,0.0,0.90714286,0.71428571,0.71428571,1.0,1.0,1.0,0,0,1,1,1
hamming_n7,synthetic,7,surrogate_precedence,22,200,200,83,1.0,1.0,0.0,0.8,0.14285714,0.28571429,0.71428571,1.0,1.0,0,0,0,1,1
hamming_n7,synthetic,7,surrogate_precedence,23,200,200,37,1.0,1.0,0.0,0.89857143,0.42857143,0.42857143,1.0,1.0,1.0,0,0,1,1,1
hamming_n7,synthetic,7,surrogate_precedence,24,200,200,,0.71428571,1.0,0.28571429,0.65714286,0.57142857,0.57142857,0.57142857,0.71428571,0.71428571,0,0,0,0,0
hamming_n7,synthetic,7,surrogate_precedence,25,200,200,51,1.0,1.0,0.0,0.87928571,0.42857143,0.57142857,0.71428571,1.0,1.0,0,0,0,1,1
hamming_n7,synthetic,7,surrogate_precedence,26,200,200,174,1.0,1.0,0.0,0.72142857,0.42857143,0.71428571,0.71428571,0.71428571,1.0,0,0,0,0,1
hamming_n7,synthetic,7,surrogate_precedence,27,200,200,,0.71428571,1.0,0.28571429,0.665,0.42857143,0.42857143,0.71428571,0.71428571,0.71428571,0,0,0,0,0
hamming_n7,synthetic,7,surrogate_precedence,28,200,200,70,1.0,1.0,0.0,0.85285714,0.42857143,0.57142857,0.71428571,1.0,1.0,0,0,0,1,1
hamming_n7,synthetic,7,surrogate_precedence,29,200,200,69,1.0,1.0,0.0,0.85,0.42857143,0.57142857,0.71428571,1.0,1.0,0,0,0,1,1
hamming_n7,synthetic,7,surrogate_precedence,30,200,200,,0.71428571,1.0,0.28571429,0.65214286,0.28571429,0.57142857,0.71428571,0.71428571,0.71428571,0,0,0,0,0
hamming_n7,synthetic,7,surrogate_precedence,31,200,200,,0.71428571,1.0,0.28571429,0.64071429,0.28571429,0.42857143,0.71428571,0.71428571,0.71428571,0,0,0,0,0
hamming_n7,synthetic,7,surrogate_precedence,32,200,200,149,1.0,1.0,0.0,0.74714286,0.42857143,0.71428571,0.71428571,0.71428571,1.0,0,0,0,0,1
hamming_n7,synthetic,7,surrogate_precedence,33,200,200,,0.71428571,1.0,0.28571429,0.69785714,0.71428571,0.71428571,0.71428571,0.71428571,0.71428571,0,0,0,0,0
hamming_n7,synthetic,7,surrogate_precedence,34,200,200,105,1.0,1.0,0.0,0.80571429,0.42857143,0.57142857,0.71428571,0.71428571,1.0,0,0,0,0,1
hamming_n7,synthetic,7,surrogate_precedence,35,200,200,61,1.0,1.0,0.0,0.85857143,0.42857143,0.57142857,0.71428571,1.0,1.0,0,0,0,1,1
hamming_n7,synthetic,7,surrogate_precedence,36,200,200,108,1.0,1.0,0.0,0.82428571,0.57142857,0.71428571,0.71428571,0.71428571,1.0,0,0,0,0,1
hamming_n7,synthetic,7,surrogate_precedence,37,200,200,107,1.0,1.0,0.0,0.82285714,0.71428571,0.71428571,0.71428571,0.71428571,1.0,0,0,0,0,1
hamming_n7,synthetic,7,surrogate_precedence,38,200,200,126,1.0,1.0,0.0,0.80642857,0.57142857,0.71428571,0.71428571,0.71428571,1.0,0,0,0,0,1
hamming_n7,synthetic,7,surrogate_precedence,39,200,200,,0.71428571,1.0,0.28571429,0.665,0.42857143,0.71428571,0.71428571,0.71428571,0.71428571,0,0,0,0,0
hamming_n7,synthetic,7,eda_precedence,0,200,200,,0.71428571,1.0,0.28571429,0.59928571,0.42857143,0.42857143,0.42857143,0.71428571,0.71428571,0,0,0,0,0
hamming_n7,synthetic,7,eda_precedence,1,200,200,,0.71428571,1.0,0.28571429,0.61071429,0.57142857,0.57142857,0.57142857,0.57142857,0.71428571,0,0,0,0,0
hamming_n7,synthetic,7,eda_precedence,2,200,200,,0.71428571,1.0,0.28571429,0.62714286,0.42857143,0.42857143,0.57142857,0.71428571,0.71428571,0,0,0,0,0
hamming_n7,synthetic,7,eda_precedence,3,200,200,,0.42857143,1.0,0.57142857,0.41142857,0.28571429,0.42857143,0.42857143,0.42857143,0.42857143,0,0,0,0,0
hamming_n7,synthetic,7,eda_precedence,4,200,200,198,1.0,1.0,0.0,0.65214286,0.42857143,0.42857143,0.57142857,0.71428571,1.0,0,0,0,0,1
hamming_n7,synthetic,7,eda_precedence,5,200,200,,0.71428571,1.0,0.28571429,0.69571429,0.57142857,0.71428571,0.71428571,0.71428571,0.71428571,0,0,0,0,0
hamming_n7,synthetic,7,eda_precedence,6,200,200,128,1.0,1.0,0.0,0.74214286,0.42857143,0.42857143,0.57142857,0.71428571,1.0,0,0,0,0,1
hamming_n7,synthetic,7,eda_precedence,7,200,200,75,1.0,1.0,0.0,0.86285714,0.42857143,0.71428571,0.71428571,1.0,1.0,0,0,0,1,1
hamming_n7,synthetic,7,eda_precedence,8,200,200,,0.71428571,1.0,0.28571429,0.66142857,0.28571429,0.71428571,0.71428571,0.71428571,0.71428571,0,0,0,0,0
hamming_n7,synthetic,7,eda_precedence,9,200,200,191,1.0,1.0,0.0,0.71785714,0.71428571,0.71428571,0.71428571,0.71428571,1.0,0,0,0,0,1
hamming_n7,synthetic,7,eda_precedence,10,200,200,,0.42857143,1.0,0.57142857,0.39,0.14285714,0.28571429,0.42857143,0.42857143,0.42857143,0,0,0,0,0
hamming_n7,synthetic,7,eda_precedence,11,200,200,,0.71428571,1.0,0.28571429,0.68357143,0.42857143,0.71428571,0.71428571,0.71428571,0.71428571,0,0,0,0,0
hamming_n7,synthetic,7,eda_precedence,12,200,200,71,1.0,1.0,0.0,0.87928571,0.71428571,0.71428571,0.71428571,1.0,1.0,0,0,0,1,1
hamming_n7,synthetic,7,eda_precedence,13,200,200,,0.71428571,1.0,0.28571429,0.50928571,0.42857143,0.42857143,0.42857143,0.42857143,0.71428571,0,0,0,0,0
hamming_n7,synthetic,7,eda_precedence,14,200,200,46,1.0,1.0,0.0,0.92,0.71428571,0.71428571,1.0,1.0,1.0,0,0,1,1,1
hamming_n7,synthetic,7,eda_precedence,15,200,200,,0.71428571,1.0,0.28571429,0.61357143,0.42857143,0.42857143,0.42857143,0.71428571,0.71428571,0,0,0,0,0
hamming_n7,synthetic,7,eda_precedence,16,200,200,,0.71428571,1.0,0.28571429,0.67142857,0.57142857,0.57142857,0.71428571,0.71428571,0.71428571,0,0,0,0,0
hamming_n7,synthetic,7,eda_precedence,17,200,200,,0.57142857,1.0,0.42857143,0.48928571,0.28571429,0.42857143,0.42857143,0.57142857,0.57142857,0,0,0,0,0
hamming_n7,synthetic,7,eda_precedence,18,200,200,125,1.0,1.0,0.0,0.71714286,0.42857143,0.42857143,0.57142857,0.71428571,1.0,0,0,0,0,1
hamming_n7,synthetic,7,eda_precedence,19,200,200,,0.71428571,1.0,0.28571429,0.58714286,0.28571429,0.57142857,0.57142857,0.57142857,0.71428571,0,0,0,0,0
hamming_n7,synthetic,7,eda_precedence,20,200,200,,0.71428571,1.0,0.28571429,0.63142857,0.42857143,0.42857143,0.57142857,0.71428571,0.71428571,0,0,0,0,0
hamming_n7,synthetic,7,eda_precedence,21,200,200,,0.71428571,1.0,0.28571429,0.69142857,0.71428571,0.71428571,0.71428571,0.71428571,0.71428571,0,0,0,0,0
hamming_n7,synthetic,7,eda_precedence,22,200,200,,0.42857143,1.0,0.57142857,0.41142857,0.42857143,0.42857143,0.42857143,0.42857143,0.42857143,0,0,0,0,0
hamming_n7,synthetic,7,eda_precedence,23,200,200,,0.71428571,1.0,0.28571429,0.64214286,0.42857143,0.42857143,0.57142857,0.71428571,0.71428571,0,0,0,0,0
hamming_n7,synthetic,7,eda_precedence,24,200,200,,0.71428571,1.0,0.28571429,0.65071429,0.57142857,0.57142857,0.57142857,0.71428571,0.71428571,0,0,0,0,0
hamming_n7,synthetic,7,eda_precedence,25,200,200,,0.57142857,1.0,0.42857143,0.47857143,0.42857143,0.42857143,0.42857143,0.42857143,0.57142857,0,0,0,0,0
hamming_n7,synthetic,7,eda_precedence,26,200,200,,0.57142857,1.0,0.42857143,0.55285714,0.42857143,0.42857143,0.57142857,0.57142857,0.57142857,0,0,0,0,0
hamming_n7,synthetic,7,eda_precedence,27,200,200,,0.71428571,1.0,0.28571429,0.57357143,0.42857143,0.57142857,0.57142857,0.57142857,0.71428571,0,0,0,0,0
hamming_n7,synthetic,7,eda_precedence,28,200,200,,0.71428571,1.0,0.28571429,0.56571429,0.28571429,0.57142857,0.57142857,0.57142857,0.71428571,0,0,0,0,0
hamming_n7,synthetic,7,eda_precedence,29,200,200,,0.57142857,1.0,0.42857143,0.53714286,0.42857143,0.42857143,0.57142857,0.57142857,0.57142857,0,0,0,0,0
hamming_n7,synthetic,7,eda_precedence,30,200,200,,0.42857143,1.0,0.57142857,0.40642857,0.28571429,0.28571429,0.42857143,0.42857143,0.42857143,0,0,0,0,0
hamming_n7,synthetic,7,eda_precedence,31,200,200,,0.71428571,1.0,0.28571429,0.67,0.42857143,0.71428571,0.71428571,0.71428571,0.71428571,0,0,0,0,0
hamming_n7,synthetic,7,eda_precedence,32,200,200,,0.57142857,1.0,0.42857143,0.48571429,0.42857143,0.42857143,0.42857143,0.42857143,0.57142857,0,0,0,0,0
hamming_n7,synthetic,7,eda_precedence,33,200,200,100,1.0,1.0,0.0,0.77214286,0.42857143,0.42857143,0.42857143,1.0,1.0,0,0,0,1,1
hamming_n7,synthetic,7,eda_precedence,34,200,200,,0.71428571,1.0,0.28571429,0.61428571,0.42857143,0.42857143,0.57142857,0.71428571,0.71428571,0,0,0,0,0
hamming_n7,synthetic,7,eda_precedence,35,200,200,,0.71428571,1.0,0.28571429,0.67642857,0.42857143,0.57142857,0.71428571,0.71428571,0.71428571,0,0,0,0,0
hamming_n7,synthetic,7,eda_precedence,36,200,200,125,1.0,1.0,0.0,0.78571429,0.42857143,0.42857143,0.71428571,0.71428571,1.0,0,0,0,0,1
hamming_n7,synthetic,7,eda_precedence,37,200,200,185,1.0,1.0,0.0,0.64714286,0.42857143,0.57142857,0.57142857,0.71428571,1.0,0,0,0,0,1
hamming_n7,synthetic,7,eda_precedence,38,200,200,68,1.0,1.0,0.0,0.89142857,0.57142857,0.71428571,0.71428571,1.0,1.0,0,0,0,1,1
hamming_n7,synthetic,7,eda_precedence,39,200,200,,0.71428571,1.0,0.28571429,0.62142857,0.28571429,0.42857143,0.71428571,0.71428571,0.71428571,0,0,0,0,0
hamming_n7,synthetic,7,prism_protocol,0,200,200,157,1.0,1.0,0.0,0.63857143,0.42857143,0.42857143,0.42857143,0.71428571,1.0,0,0,0,0,1
hamming_n7,synthetic,7,prism_protocol,1,200,200,143,1.0,1.0,0.0,0.66285714,0.42857143,0.42857143,0.42857143,0.57142857,1.0,0,0,0,0,1
hamming_n7,synthetic,7,prism_protocol,2,200,200,199,1.0,1.0,0.0,0.59857143,0.14285714,0.42857143,0.57142857,0.71428571,1.0,0,0,0,0,1
hamming_n7,synthetic,7,prism_protocol,3,200,200,109,1.0,1.0,0.0,0.74785714,0.42857143,0.42857143,0.42857143,0.71428571,1.0,0,0,0,0,1
hamming_n7,synthetic,7,prism_protocol,4,200,200,115,1.0,1.0,0.0,0.70857143,0.42857143,0.42857143,0.42857143,0.71428571,1.0,0,0,0,0,1
hamming_n7,synthetic,7,prism_protocol,5,200,200,162,1.0,1.0,0.0,0.66714286,0.42857143,0.42857143,0.57142857,0.71428571,1.0,0,0,0,0,1
hamming_n7,synthetic,7,prism_protocol,6,200,200,157,1.0,1.0,0.0,0.70142857,0.57142857,0.57142857,0.57142857,0.57142857,1.0,0,0,0,0,1
hamming_n7,synthetic,7,prism_protocol,7,200,200,153,1.0,1.0,0.0,0.65357143,0.42857143,0.42857143,0.42857143,0.71428571,1.0,0,0,0,0,1
hamming_n7,synthetic,7,prism_protocol,8,200,200,133,1.0,1.0,0.0,0.77857143,0.28571429,0.71428571,0.71428571,0.71428571,1.0,0,0,0,0,1
hamming_n7,synthetic,7,prism_protocol,9,200,200,170,1.0,1.0,0.0,0.68714286,0.42857143,0.42857143,0.57142857,0.71428571,1.0,0,0,0,0,1
hamming_n7,synthetic,7,prism_protocol,10,200,200,156,1.0,1.0,0.0,0.69785714,0.57142857,0.57142857,0.57142857,0.57142857,1.0,0,0,0,0,1
hamming_n7,synthetic,7,prism_protocol,11,200,200,80,1.0,1.0,0.0,0.74928571,0.14285714,0.14285714,0.57142857,1.0,1.0,0,0,0,1,1
hamming_n7,synthetic,7,prism_protocol,12,200,200,131,1.0,1.0,0.0,0.74857143,0.42857143,0.42857143,0.57142857,0.71428571,1.0,0,0,0,0,1
hamming_n7,synthetic,7,prism_protocol,13,200,200,,0.71428571,1.0,0.28571429,0.61285714,0.42857143,0.42857143,0.57142857,0.71428571,0.71428571,0,0,0,0,0
hamming_n7,synthetic,7,prism_protocol,14,200,200,188,1.0,1.0,0.0,0.55428571,0.42857143,0.42857143,0.42857143,0.57142857,1.0,0,0,0,0,1
hamming_n7,synthetic,7,prism_protocol,15,200,200,173,1.0,1.0,0.0,0.70571429,0.28571429,0.71428571,0.71428571,0.71428571,1.0,0,0,0,0,1
hamming_n7,synthetic,7,prism_protocol,16,200,200,157,1.0,1.0,0.0,0.76285714,0.71428571,0.71428571,0.71428571,0.71428571,1.0,0,0,0,0,1
hamming_n7,synthetic,7,prism_protocol,17,200,200,109,1.0,1.0,0.0,0.72928571,0.42857143,0.42857143,0.42857143,0.71428571,1.0,0,0,0,0,1
hamming_n7,synthetic,7,prism_protocol,18,200,200,100,1.0,1.0,0.0,0.72928571,0.42857143,0.42857143,0.42857143,1.0,1.0,0,0,0,1,1
hamming_n7,synthetic,7,prism_protocol,19,200,200,111,1.0,1.0,0.0,0.72071429,0.42857143,0.42857143,0.42857143,0.71428571,1.0,0,0,0,0,1
hamming_n7,synthetic,7,prism_protocol,20,200,200,179,1.0,1.0,0.0,0.63357143,0.42857143,0.42857143,0.57142857,0.57142857,1.0,0,0,0,0,1
hamming_n7,synthetic,7,prism_protocol,21,200,200,114,1.0,1.0,0.0,0.695,0.42857143,0.42857143,0.42857143,0.57142857,1.0,0,0,0,0,1
hamming_n7,synthetic,7,prism_protocol,22,200,200,172,1.0,1.0,0.0,0.60928571,0.42857143,0.42857143,0.42857143,0.57142857,1.0,0,0,0,0,1
hamming_n7,synthetic,7,prism_protocol,23,200,200,168,1.0,1.0,0.0,0.61214286,0.42857143,0.42857143,0.42857143,0.57142857,1.0,0,0,0,0,1
hamming_n7,synthetic,7,prism_protocol,24,200,200,85,1.0,1.0,0.0,0.81642857,0.42857143,0.42857143,0.71428571,1.0,1.0,0,0,0,1,1
hamming_n7,synthetic,7,prism_protocol,25,200,200,133,1.0,1.0,0.0,0.70357143,0.57142857,0.57142857,0.57142857,0.57142857,1.0,0,0,0,0,1
hamming_n7,synthetic,7,prism_protocol,26,200,200,155,1.0,1.0,0.0,0.65285714,0.14285714,0.57142857,0.57142857,0.57142857,1.0,0,0,0,0,1
hamming_n7,synthetic,7,prism_protocol,27,200,200,,0.71428571,1.0,0.28571429,0.63928571,0.28571429,0.42857143,0.71428571,0.71428571,0.71428571,0,0,0,0,0
hamming_n7,synthetic,7,prism_protocol,28,200,200,147,1.0,1.0,0.0,0.77428571,0.71428571,0.71428571,0.71428571,0.71428571,1.0,0,0,0,0,1
hamming_n7,synthetic,7,prism_protocol,29,200,200,126,1.0,1.0,0.0,0.69785714,0.28571429,0.28571429,0.42857143,0.71428571,1.0,0,0,0,0,1
hamming_n7,synthetic,7,prism_protocol,30,200,200,129,1.0,1.0,0.0,0.67857143,0.28571429,0.42857143,0.42857143,0.71428571,1.0,0,0,0,0,1
hamming_n7,synthetic,7,prism_protocol,31,200,200,184,1.0,1.0,0.0,0.57,0.28571429,0.42857143,0.42857143,0.57142857,1.0,0,0,0,0,1
hamming_n7,synthetic,7,prism_protocol,32,200,200,126,1.0,1.0,0.0,0.68214286,0.28571429,0.28571429,0.57142857,0.71428571,1.0,0,0,0,0,1
hamming_n7,synthetic,7,prism_protocol,33,200,200,145,1.0,1.0,0.0,0.76214286,0.71428571,0.71428571,0.71428571,0.71428571,1.0,0,0,0,0,1
hamming_n7,synthetic,7,prism_protocol,34,200,200,179,1.0,1.0,0.0,0.64928571,0.28571429,0.42857143,0.57142857,0.71428571,1.0,0,0,0,0,1
hamming_n7,synthetic,7,prism_protocol,35,200,200,143,1.0,1.0,0.0,0.725,0.57142857,0.57142857,0.57142857,0.71428571,1.0,0,0,0,0,1
hamming_n7,synthetic,7,prism_protocol,36,200,200,125,1.0,1.0,0.0,0.68142857,0.28571429,0.28571429,0.42857143,0.71428571,1.0,0,0,0,0,1
hamming_n7,synthetic,7,prism_protocol,37,200,200,143,1.0,1.0,0.0,0.67571429,0.28571429,0.28571429,0.57142857,0.71428571,1.0,0,0,0,0,1
hamming_n7,synthetic,7,prism_protocol,38,200,200,104,1.0,1.0,0.0,0.75,0.42857143,0.42857143,0.42857143,0.71428571,1.0,0,0,0,0,1
hamming_n7,synthetic,7,prism_protocol,39,200,200,189,1.0,1.0,0.0,0.54071429,0.42857143,0.42857143,0.42857143,0.42857143,1.0,0,0,0,0,1
