landscape,family,n,method,seed,budget,evaluated,hit,best,optimum,regret,auc,best_at_15,best_at_25,best_at_50,best_at_100,best_at_200,hit_by_15,hit_by_25,hit_by_50,hit_by_100,hit_by_200
xor_n5,neural,5,uniform,0,120,120,13,1.0,1.0,0.0,0.99166667,1.0,1.0,1.0,1.0,1.0,1,1,1,1,1
xor_n5,neural,5,uniform,1,120,120,28,1.0,1.0,0.0,0.97986111,0.91666667,0.91666667,1.0,1.0,1.0,0,0,1,1,1
xor_n5,neural,5,uniform,2,120,120,5,1.0,1.0,0.0,0.99097222,1.0,1.0,1.0,1.0,1.0,1,1,1,1,1
xor_n5,neural,5,uniform,3,120,120,5,1.0,1.0,0.0,0.99583333,1.0,1.0,1.0,1.0,1.0,1,1,1,1,1
xor_n5,neural,5,uniform,4,120,120,43,1.0,1.0,0.0,0.97083333,0.91666667,0.91666667,1.0,1.0,1.0,0,0,1,1,1
xor_n5,neural,5,uniform,5,120,120,4,1.0,1.0,0.0,0.99375,1.0,1.0,1.0,1.0,1.0,1,1,1,1,1
xor_n5,neural,5,uniform,6,120,120,18,1.0,1.0,0.0,0.98680556,0.91666667,1.0,1.0,1.0,1.0,0,1,1,1,1
xor_n5,neural,5,uniform,7,120,120,8,1.0,1.0,0.0,0.99513889,1.0,1.0,1.0,1.0,1.0,1,1,1,1,1
xor_n5,neural,5,uniform,8,120,120,6,1.0,1.0,0.0,0.99513889,1.0,1.0,1.0,1.0,1.0,1,1,1,1,1
xor_n5,neural,5,uniform,9,120,120,23,1.0,1.0,0.0,0.98472222,0.91666667,1.0,1.0,1.0,1.0,0,1,1,1,1
xor_n5,neural,5,uniform,10,120,120,2,1.0,1.0,0.0,0.99791667,1.0,1.0,1.0,1.0,1.0,1,1,1,1,1
xor_n5,neural,5,uniform,11,120,120,9,1.0,1.0,0.0,0.99444444,1.0,1.0,1.0,1.0,1.0,1,1,1,1,1
xor_n5,neural,5,uniform,12,120,120,1,1.0,1.0,0.0,1.0,1.0,1.0,1.0,1.0,1.0,1,1,1,1,1
xor_n5,neural,5,uniform,13,120,120,3,1.0,1.0,0.0,0.99861111,1.0,1.0,1.0,1.0,1.0,1,1,1,1,1
xor_n5,neural,5,uniform,14,120,120,5,1.0,1.0,0.0,0.99583333,1.0,1.0,1.0,1.0,1.0,1,1,1,1,1
xor_n5,neural,5,uniform,15,120,120,2,1.0,1.0,0.0,0.99861111,1.0,1.0,1.0,1.0,1.0,1,1,1,1,1
xor_n5,neural,5,uniform,16,120,120,31,1.0,1.0,0.0,0.97916667,0.91666667,0.91666667,1.0,1.0,1.0,0,0,1,1,1
xor_n5,neural,5,uniform,17,120,120,1,1.0,1.0,0.0,1.0,1.0,1.0,1.0,1.0,1.0,1,1,1,1,1
xor_n5,neural,5,uniform,18,120,120,15,1.0,1.0,0.0,0.98472222,1.0,1.0,1.0,1.0,1.0,1,1,1,1,1
xor_n5,neural,5,uniform,19,120,120,2,1.0,1.0,0.0,0.99930556,1.0,1.0,1.0,1.0,1.0,1,1,1,1,1
xor_n5,neural,5,uniform,20,120,120,17,1.0,1.0,0.0,0.98611111,0.91666667,1.0,1.0,1.0,1.0,0,1,1,1,1
xor_n5,neural,5,uniform,21,120,120,10,1.0,1.0,0.0,0.99305556,1.0,1.0,1.0,1.0,1.0,1,1,1,1,1
xor_n5,neural,5,uniform,22,120,120,9,1.0,1.0,0.0,0.99444444,1.0,1.0,1.0,1.0,1.0,1,1,1,1,1
xor_n5,neural,5,uniform,23,120,120,13,1.0,1.0,0.0,0.98819444,1.0,1.0,1.0,1.0,1.0,1,1,1,1,1
xor_n5,neural,5,uniform,24,120,120,31,1.0,1.0,0.0,0.97430556,0.91666667,0.91666667,1.0,1.0,1.0,0,0,1,1,1
xor_n5,neural,5,uniform,25,120,120,15,1.0,1.0,0.0,0.99027778,1.0,1.0,1.0,1.0,1.0,1,1,1,1,1
xor_n5,neural,5,uniform,26,120,120,38,1.0,1.0,0.0,0.97430556,0.91666667,0.91666667,1.0,1.0,1.0,0,0,1,1,1
xor_n5,neural,5,uniform,27,120,120,20,1.0,1.0,0.0,0.98402778,0.91666667,1.0,1.0,1.0,1.0,0,1,1,1,1
xor_n5,neural,5,uniform,28,120,120,4,1.0,1.0,0.0,0.99375,1.0,1.0,1.0,1.0,1.0,1,1,1,1,1
xor_n5,neural,5,uniform,29,120,120,33,1.0,1.0,0.0,0.97708333,0.91666667,0.91666667,1.0,1.0,1.0,0,0,1,1,1
xor_n5,neural,5,uniform,30,120,120,1,1.0,1.0,0.0,1.0,1.0,1.0,1.0,1.0,1.0,1,1,1,1,1
xor_n5,neural,5,uniform,31,120,120,31,1.0,1.0,0.0,0.97916667,0.91666667,0.91666667,1.0,1.0,1.0,0,0,1,1,1
xor_n5,neural,5,uniform,32,120,120,23,1.0,1.0,0.0,0.97986111,0.91666667,1.0,1.0,1.0,1.0,0,1,1,1,1
xor_n5,neural,5,uniform,33,120,120,24,1.0,1.0,0.0,0.97986111,0.91666667,1.0,1.0,1.0,1.0,0,1,1,1,1
xor_n5,neural,5,uniform,34,120,120,6,1.0,1.0,0.0,0.99305556,1.0,1.0,1.0,1.0,1.0,1,1,1,1,1
xor_n5,neural,5,uniform,35,120,120,6,1.0,1.0,0.0,0.98958333,1.0,1.0,1.0,1.0,1.0,1,1,1,1,1
xor_n5,neural,5,uniform,36,120,120,69,1.0,1.0,0.0,0.95069444,0.91666667,0.91666667,0.91666667,1.0,1.0,0,0,0,1,1
xor_n5,neural,5,uniform,37,120,120,24,1.0,1.0,0.0,0.98402778,0.91666667,1.0,1.0,1.0,1.0,0,1,1,1,1
xor_n5,neural,5,uniform,38,120,120,9,1.0,1.0,0.0,0.99166667,1.0,1.0,1.0,1.0,1.0,1,1,1,1,1
xor_n5,neural,5,uniform,39,120,120,15,1.0,1.0,0.0,0.98472222,1.0,1.0,1.0,1.0,1.0,1,1,1,1,1
xor_n5,neural,5,ls_swap,0,120,120,1,1.0,1.0,0.0,1.0,1.0,1.0,1.0,1.0,1.0,1,1,1,1,1
xor_n5,neural,5,ls_swap,1,120,120,27,1.0,1.0,0.0,0.98125,0.91666667,0.91666667,1.0,1.0,1.0,0,0,1,1,1
xor_n5,neural,5,ls_swap,2,120,120,1,1.0,1.0,0.0,1.0,1.0,1.0,1.0,1.0,1.0,1,1,1,1,1
xor_n5,neural,5,ls_swap,3,120,120,2,1.0,1.0,0.0,0.99861111,1.0,1.0,1.0,1.0,1.0,1,1,1,1,1
xor_n5,neural,5,ls_swap,4,120,120,12,1.0,1.0,0.0,0.99236111,1.0,1.0,1.0,1.0,1.0,1,1,1,1,1
xor_n5,neural,5,ls_swap,5,120,120,14,1.0,1.0,0.0,0.99097222,1.0,1.0,1.0,1.0,1.0,1,1,1,1,1
xor_n5,neural,5,ls_swap,6,120,120,9,1.0,1.0,0.0,0.99444444,1.0,1.0,1.0,1.0,1.0,1,1,1,1,1
xor_n5,neural,5,ls_swap,7,120,120,2,1.0,1.0,0.0,0.99791667,1.0,1.0,1.0,1.0,1.0,1,1,1,1,1
xor_n5,neural,5,ls_swap,8,120,119,15,1.0,1.0,0.0,0.98879552,1.0,1.0,1.0,1.0,1.0,1,1,1,1,1
xor_n5,neural,5,ls_swap,9,120,120,9,1.0,1.0,0.0,0.98888889,1.0,1.0,1.0,1.0,1.0,1,1,1,1,1
xor_n5,neural,5,ls_swap,10,120,120,5,1.0,1.0,0.0,0.99583333,1.0,1.0,1.0,1.0,1.0,1,1,1,1,1
xor_n5,neural,5,ls_swap,11,120,120,3,1.0,1.0,0.0,0.99444444,1.0,1.0,1.0,1.0,1.0,1,1,1,1,1
xor_n5,neural,5,ls_swap,12,120,120,25,1.0,1.0,0.0,0.97986111,0.91666667,1.0,1.0,1.0,1.0,0,1,1,1,1
xor_n5,neural,5,ls_swap,13,120,120,3,1.0,1.0,0.0,0.99722222,1.0,1.0,1.0,1.0,1.0,1,1,1,1,1
xor_n5,neural,5,ls_swap,14,120,120,3,1.0,1.0,0.0,0.99583333,1.0,1.0,1.0,1.0,1.0,1,1,1,1,1
xor_n5,neural,5,ls_swap,15,120,120,7,1.0,1.0,0.0,0.99236111,1.0,1.0,1.0,1.0,1.0,1,1,1,1,1
xor_n5,neural,5,ls_swap,16,120,120,11,1.0,1.0,0.0,0.98958333,1.0,1.0,1.0,1.0,1.0,1,1,1,1,1
xor_n5,neural,5,ls_swap,17,120,120,15,1.0,1.0,0.0,0.98680556,1.0,1.0,1.0,1.0,1.0,1,1,1,1,1
xor_n5,neural,5,ls_swap,18,120,120,9,1.0,1.0,0.0,0.99305556,1.0,1.0,1.0,1.0,1.0,1,1,1,1,1
xor_n5,neural,5,ls_swap,19,120,120,27,1.0,1.0,0.0,0.98125,0.91666667,0.91666667,1.0,1.0,1.0,0,0,1,1,1
xor_n5,neural,5,ls_swap,20,120,120,27,1.0,1.0,0.0,0.98055556,0.91666667,0.91666667,1.0,1.0,1.0,0,0,1,1,1
xor_n5,neural,5,ls_swap,21,120,120,11,1.0,1.0,0.0,0.98958333,1.0,1.0,1.0,1.0,1.0,1,1,1,1,1
xor_n5,neural,5,ls_swap,22,120,120,4,1.0,1.0,0.0,0.99722222,1.0,1.0,1.0,1.0,1.0,1,1,1,1,1
xor_n5,neural,5,ls_swap,23,120,120,8,1.0,1.0,0.0,0.99166667,1.0,1.0,1.0,1.0,1.0,1,1,1,1,1
xor_n5,neural,5,ls_swap,24,120,120,16,1.0,1.0,0.0,0.98958333,0.91666667,1.0,1.0,1.0,1.0,0,1,1,1,1
xor_n5,neural,5,ls_swap,25,120,120,12,1.0,1.0,0.0,0.98541667,1.0,1.0,1.0,1.0,1.0,1,1,1,1,1
xor_n5,neural,5,ls_swap,26,120,120,27,1.0,1.0,0.0,0.98194444,0.91666667,0.91666667,1.0,1.0,1.0,0,0,1,1,1
xor_n5,neural,5,ls_swap,27,120,120,37,1.0,1.0,0.0,0.975,0.91666667,0.91666667,1.0,1.0,1.0,0,0,1,1,1
xor_n5,neural,5,ls_swap,28,120,120,14,1.0,1.0,0.0,0.98472222,1.0,1.0,1.0,1.0,1.0,1,1,1,1,1
xor_n5,neural,5,ls_swap,29,120,120,2,1.0,1.0,0.0,0.99930556,1.0,1.0,1.0,1.0,1.0,1,1,1,1,1
xor_n5,neural,5,ls_swap,30,120,120,35,1.0,1.0,0.0,0.975,0.91666667,0.91666667,1.0,1.0,1.0,0,0,1,1,1
xor_n5,neural,5,ls_swap,31,120,120,6,1.0,1.0,0.0,0.99652778,1.0,1.0,1.0,1.0,1.0,1,1,1,1,1
xor_n5,neural,5,ls_swap,32,120,120,8,1.0,1.0,0.0,0.99166667,1.0,1.0,1.0,1.0,1.0,1,1,1,1,1
xor_n5,neural,5,ls_swap,33,120,120,5,1.0,1.0,0.0,0.99722222,1.0,1.0,1.0,1.0,1.0,1,1,1,1,1
xor_n5,neural,5,ls_swap,34,120,120,15,1.0,1.0,0.0,0.98888889,1.0,1.0,1.0,1.0,1.0,1,1,1,1,1
xor_n5,neural,5,ls_swap,35,120,120,4,1.0,1.0,0.0,0.99791667,1.0,1.0,1.0,1.0,1.0,1,1,1,1,1
xor_n5,neural,5,ls_swap,36,120,120,7,1.0,1.0,0.0,0.99583333,1.0,1.0,1.0,1.0,1.0,1,1,1,1,1
xor_n5,neural,5,ls_swap,37,120,120,14,1.0,1.0,0.0,0.98888889,1.0,1.0,1.0,1.0,1.0,1,1,1,1,1
xor_n5,neural,5,ls_swap,38,120,120,1,1.0,1.0,0.0,1.0,1.0,1.0,1.0,1.0,1.0,1,1,1,1,1
xor_n5,neural,5,ls_swap,39,120,120,13,1.0,1.0,0.0,0.98888889,1.0,1.0,1.0,1.0,1.0,1,1,1,1,1
xor_n5,neural,5,ls_insert,0,120,120,1,1.0,1.0,0.0,1.0,1.0,1.0,1.0,1.0,1.0,1,1,1,1,1
xor_n5,neural,5,ls_insert,1,120,120,22,1.0,1.0,0.0,0.98472222,0.91666667,1.0,1.0,1.0,1.0,0,1,1,1,1
xor_n5,neural,5,ls_insert,2,120,120,1,1.0,1.0,0.0,1.0,1.0,1.0,1.0,1.0,1.0,1,1,1,1,1
xor_n5,neural,5,ls_insert,3,120,120,2,1.0,1.0,0.0,0.99861111,1.0,1.0,1.0,1.0,1.0,1,1,1,1,1
xor_n5,neural,5,ls_insert,4,120,120,9,1.0,1.0,0.0,0.99444444,1.0,1.0,1.0,1.0,1.0,1,1,1,1,1
xor_n5,neural,5,ls_insert,5,120,120,11,1.0,1.0,0.0,0.99305556,1.0,1.0,1.0,1.0,1.0,1,1,1,1,1
xor_n5,neural,5,ls_insert,6,120,120,10,1.0,1.0,0.0,0.99375,1.0,1.0,1.0,1.0,1.0,1,1,1,1,1
xor_n5,neural,5,ls_insert,7,120,119,2,1.0,1.0,0.0,0.99789916,1.0,1.0,1.0,1.0,1.0,1,1,1,1,1
xor_n5,neural,5,ls_insert,8,120,120,3,1.0,1.0,0.0,0.99722222,1.0,1.0,1.0,1.0,1.0,1,1,1,1,1
xor_n5,neural,5,ls_insert,9,120,120,10,1.0,1.0,0.0,0.9875,1.0,1.0,1.0,1.0,1.0,1,1,1,1,1
xor_n5,neural,5,ls_insert,10,120,120,4,1.0,1.0,0.0,0.99652778,1.0,1.0,1.0,1.0,1.0,1,1,1,1,1
xor_n5,neural,5,ls_insert,11,120,120,36,1.0,1.0,0.0,0.97083333,0.91666667,0.91666667,1.0,1.0,1.0,0,0,1,1,1
xor_n5,neural,5,ls_insert,12,120,120,23,1.0,1.0,0.0,0.97986111,0.91666667,1.0,1.0,1.0,1.0,0,1,1,1,1
xor_n5,neural,5,ls_insert,13,120,120,18,1.0,1.0,0.0,0.98472222,0.91666667,1.0,1.0,1.0,1.0,0,1,1,1,1
xor_n5,neural,5,ls_insert,14,120,120,53,1.0,1.0,0.0,0.96041667,0.91666667,0.91666667,0.91666667,1.0,1.0,0,0,0,1,1
xor_n5,neural,5,ls_insert,15,120,120,19,1.0,1.0,0.0,0.98472222,0.91666667,1.0,1.0,1.0,1.0,0,1,1,1,1
xor_n5,neural,5,ls_insert,16,120,120,14,1.0,1.0,0.0,0.9875,1.0,1.0,1.0,1.0,1.0,1,1,1,1,1
xor_n5,neural,5,ls_insert,17,120,120,3,1.0,1.0,0.0,0.99652778,1.0,1.0,1.0,1.0,1.0,1,1,1,1,1
xor_n5,neural,5,ls_insert,18,120,120,10,1.0,1.0,0.0,0.99166667,1.0,1.0,1.0,1.0,1.0,1,1,1,1,1
xor_n5,neural,5,ls_insert,19,120,120,48,1.0,1.0,0.0,0.96666667,0.91666667,0.91666667,1.0,1.0,1.0,0,0,1,1,1
xor_n5,neural,5,ls_insert,20,120,120,11,1.0,1.0,0.0,0.99097222,1.0,1.0,1.0,1.0,1.0,1,1,1,1,1
xor_n5,neural,5,ls_insert,21,120,120,14,1.0,1.0,0.0,0.9875,1.0,1.0,1.0,1.0,1.0,1,1,1,1,1
xor_n5,neural,5,ls_insert,22,120,120,45,1.0,1.0,0.0,0.96875,0.91666667,0.91666667,1.0,1.0,1.0,0,0,1,1,1
xor_n5,neural,5,ls_insert,23,120,120,4,1.0,1.0,0.0,0.99444444,1.0,1.0,1.0,1.0,1.0,1,1,1,1,1
xor_n5,neural,5,ls_insert,24,120,120,11,1.0,1.0,0.0,0.99305556,1.0,1.0,1.0,1.0,1.0,1,1,1,1,1
xor_n5,neural,5,ls_insert,25,120,120,21,1.0,1.0,0.0,0.97708333,0.91666667,1.0,1.0,1.0,1.0,0,1,1,1,1
xor_n5,neural,5,ls_insert,26,120,120,3,1.0,1.0,0.0,0.99861111,1.0,1.0,1.0,1.0,1.0,1,1,1,1,1
xor_n5,neural,5,ls_insert,27,120,120,35,1.0,1.0,0.0,0.97638889,0.91666667,0.91666667,1.0,1.0,1.0,0,0,1,1,1
xor_n5,neural,5,ls_insert,28,120,120,5,1.0,1.0,0.0,0.99305556,1.0,1.0,1.0,1.0,1.0,1,1,1,1,1
xor_n5,neural,5,ls_insert,29,120,120,2,1.0,1.0,0.0,0.99930556,1.0,1.0,1.0,1.0,1.0,1,1,1,1,1
xor_n5,neural,5,ls_insert,30,120,120,11,1.0,1.0,0.0,0.99097222,1.0,1.0,1.0,1.0,1.0,1,1,1,1,1
xor_n5,neural,5,ls_insert,31,120,120,6,1.0,1.0,0.0,0.99652778,1.0,1.0,1.0,1.0,1.0,1,1,1,1,1
xor_n5,neural,5,ls_insert,32,120,120,4,1.0,1.0,0.0,0.99444444,1.0,1.0,1.0,1.0,1.0,1,1,1,1,1
xor_n5,neural,5,ls_insert,33,120,120,8,1.0,1.0,0.0,0.99513889,1.0,1.0,1.0,1.0,1.0,1,1,1,1,1
xor_n5,neural,5,ls_insert,34,120,120,3,1.0,1.0,0.0,0.99722222,1.0,1.0,1.0,1.0,1.0,1,1,1,1,1
xor_n5,neural,5,ls_insert,35,120,120,58,1.0,1.0,0.0,0.96041667,0.91666667,0.91666667,0.91666667,1.0,1.0,0,0,0,1,1
xor_n5,neural,5,ls_insert,36,120,120,36,1.0,1.0,0.0,0.97569444,0.91666667,0.91666667,1.0,1.0,1.0,0,0,1,1,1
xor_n5,neural,5,ls_insert,37,120,119,15,1.0,1.0,0.0,0.98809524,1.0,1.0,1.0,1.0,1.0,1,1,1,1,1
xor_n5,neural,5,ls_insert,38,120,120,1,1.0,1.0,0.0,1.0,1.0,1.0,1.0,1.0,1.0,1,1,1,1,1
xor_n5,neural,5,ls_insert,39,120,120,34,1.0,1.0,0.0,0.97430556,0.91666667,0.91666667,1.0,1.0,1.0,0,0,1,1,1
xor_n5,neural,5,ls_inversion,0,120,120,1,1.0,1.0,0.0,1.0,1.0,1.0,1.0,1.0,1.0,1,1,1,1,1
xor_n5,neural,5,ls_inversion,1,120,120,29,1.0,1.0,0.0,0.97986111,0.91666667,0.91666667,1.0,1.0,1.0,0,0,1,1,1
xor_n5,neural,5,ls_inversion,2,120,120,1,1.0,1.0,0.0,1.0,1.0,1.0,1.0,1.0,1.0,1,1,1,1,1
xor_n5,neural,5,ls_inversion,3,120,120,2,1.0,1.0,0.0,0.99861111,1.0,1.0,1.0,1.0,1.0,1,1,1,1,1
xor_n5,neural,5,ls_inversion,4,120,120,12,1.0,1.0,0.0,0.99236111,1.0,1.0,1.0,1.0,1.0,1,1,1,1,1
xor_n5,neural,5,ls_inversion,5,120,120,14,1.0,1.0,0.0,0.99097222,1.0,1.0,1.0,1.0,1.0,1,1,1,1,1
xor_n5,neural,5,ls_inversion,6,120,120,9,1.0,1.0,0.0,0.99444444,1.0,1.0,1.0,1.0,1.0,1,1,1,1,1
xor_n5,neural,5,ls_inversion,7,120,120,2,1.0,1.0,0.0,0.99791667,1.0,1.0,1.0,1.0,1.0,1,1,1,1,1
xor_n5,neural,5,ls_inversion,8,120,119,15,1.0,1.0,0.0,0.98879552,1.0,1.0,1.0,1.0,1.0,1,1,1,1,1
xor_n5,neural,5,ls_inversion,9,120,120,9,1.0,1.0,0.0,0.9875,1.0,1.0,1.0,1.0,1.0,1,1,1,1,1
xor_n5,neural,5,ls_inversion,10,120,120,10,1.0,1.0,0.0,0.99236111,1.0,1.0,1.0,1.0,1.0,1,1,1,1,1
xor_n5,neural,5,ls_inversion,11,120,120,3,1.0,1.0,0.0,0.99444444,1.0,1.0,1.0,1.0,1.0,1,1,1,1,1
xor_n5,neural,5,ls_inversion,12,120,120,17,1.0,1.0,0.0,0.98541667,0.91666667,1.0,1.0,1.0,1.0,0,1,1,1,1
xor_n5,neural,5,ls_inversion,13,120,120,3,1.0,1.0,0.0,0.99722222,1.0,1.0,1.0,1.0,1.0,1,1,1,1,1
xor_n5,neural,5,ls_inversion,14,120,120,3,1.0,1.0,0.0,0.99583333,1.0,1.0,1.0,1.0,1.0,1,1,1,1,1
xor_n5,neural,5,ls_inversion,15,120,120,7,1.0,1.0,0.0,0.99166667,1.0,1.0,1.0,1.0,1.0,1,1,1,1,1
xor_n5,neural,5,ls_inversion,16,120,120,11,1.0,1.0,0.0,0.98958333,1.0,1.0,1.0,1.0,1.0,1,1,1,1,1
xor_n5,neural,5,ls_inversion,17,120,120,45,1.0,1.0,0.0,0.96666667,0.91666667,0.91666667,1.0,1.0,1.0,0,0,1,1,1
xor_n5,neural,5,ls_inversion,18,120,120,9,1.0,1.0,0.0,0.99305556,1.0,1.0,1.0,1.0,1.0,1,1,1,1,1
xor_n5,neural,5,ls_inversion,19,120,120,27,1.0,1.0,0.0,0.98125,0.91666667,0.91666667,1.0,1.0,1.0,0,0,1,1,1
xor_n5,neural,5,ls_inversion,20,120,120,27,1.0,1.0,0.0,0.98055556,0.91666667,0.91666667,1.0,1.0,1.0,0,0,1,1,1
xor_n5,neural,5,ls_inversion,21,120,120,11,1.0,1.0,0.0,0.98958333,1.0,1.0,1.0,1.0,1.0,1,1,1,1,1
xor_n5,neural,5,ls_inversion,22,120,120,14,1.0,1.0,0.0,0.99027778,1.0,1.0,1.0,1.0,1.0,1,1,1,1,1
xor_n5,neural,5,ls_inversion,23,120,120,13,1.0,1.0,0.0,0.98819444,1.0,1.0,1.0,1.0,1.0,1,1,1,1,1
xor_n5,neural,5,ls_inversion,24,120,120,8,1.0,1.0,0.0,0.99513889,1.0,1.0,1.0,1.0,1.0,1,1,1,1,1
xor_n5,neural,5,ls_inversion,25,120,120,47,1.0,1.0,0.0,0.96180556,0.91666667,0.91666667,1.0,1.0,1.0,0,0,1,1,1
xor_n5,neural,5,ls_inversion,26,120,120,16,1.0,1.0,0.0,0.98958333,0.91666667,1.0,1.0,1.0,1.0,0,1,1,1,1
xor_n5,neural,5,ls_inversion,27,120,120,4,1.0,1.0,0.0,0.99791667,1.0,1.0,1.0,1.0,1.0,1,1,1,1,1
xor_n5,neural,5,ls_inversion,28,120,120,14,1.0,1.0,0.0,0.98541667,1.0,1.0,1.0,1.0,1.0,1,1,1,1,1
xor_n5,neural,5,ls_inversion,29,120,120,2,1.0,1.0,0.0,0.99930556,1.0,1.0,1.0,1.0,1.0,1,1,1,1,1
xor_n5,neural,5,ls_inversion,30,120,120,35,1.0,1.0,0.0,0.975,0.91666667,0.91666667,1.0,1.0,1.0,0,0,1,1,1
xor_n5,neural,5,ls_inversion,31,120,120,6,1.0,1.0,0.0,0.99652778,1.0,1.0,1.0,1.0,1.0,1,1,1,1,1
xor_n5,neural,5,ls_inversion,32,120,120,13,1.0,1.0,0.0,0.98819444,1.0,1.0,1.0,1.0,1.0,1,1,1,1,1
xor_n5,neural,5,ls_inversion,33,120,120,27,1.0,1.0,0.0,0.98194444,0.91666667,0.91666667,1.0,1.0,1.0,0,0,1,1,1
xor_n5,neural,5,ls_inversion,34,120,120,15,1.0,1.0,0.0,0.98888889,1.0,1.0,1.0,1.0,1.0,1,1,1,1,1
xor_n5,neural,5,ls_inversion,35,120,120,26,1.0,1.0,0.0,0.98263889,0.91666667,0.91666667,1.0,1.0,1.0,0,0,1,1,1
xor_n5,neural,5,ls_inversion,36,120,120,7,1.0,1.0,0.0,0.99583333,1.0,1.0,1.0,1.0,1.0,1,1,1,1,1
xor_n5,neural,5,ls_inversion,37,120,120,23,1.0,1.0,0.0,0.98263889,0.91666667,1.0,1.0,1.0,1.0,0,1,1,1,1
xor_n5,neural,5,ls_inversion,38,120,120,1,1.0,1.0,0.0,1.0,1.0,1.0,1.0,1.0,1.0,1,1,1,1,1
xor_n5,neural,5,ls_inversion,39,120,120,8,1.0,1.0,0.0,0.99236111,1.0,1.0,1.0,1.0,1.0,1,1,1,1,1
xor_n5,neural,5,simulated_annealing,0,120,120,1,1.0,1.0,0.0,1.0,1.0,1.0,1.0,1.0,1.0,1,1,1,1,1
xor_n5,neural,5,simulated_annealing,1,120,120,24,1.0,1.0,0.0,0.98194444,0.91666667,1.0,1.0,1.0,1.0,0,1,1,1,1
xor_n5,neural,5,simulated_annealing,2,120,120,1,1.0,1.0,0.0,1.0,1.0,1.0,1.0,1.0,1.0,1,1,1,1,1
xor_n5,neural,5,simulated_annealing,3,120,120,14,1.0,1.0,0.0,0.98888889,1.0,1.0,1.0,1.0,1.0,1,1,1,1,1
xor_n5,neural,5,simulated_annealing,4,120,120,31,1.0,1.0,0.0,0.97916667,0.91666667,0.91666667,1.0,1.0,1.0,0,0,1,1,1
xor_n5,neural,5,simulated_annealing,5,120,120,41,1.0,1.0,0.0,0.97222222,0.91666667,0.91666667,1.0,1.0,1.0,0,0,1,1,1
xor_n5,neural,5,simulated_annealing,6,120,120,50,1.0,1.0,0.0,0.96597222,0.91666667,0.91666667,1.0,1.0,1.0,0,0,1,1,1
xor_n5,neural,5,simulated_annealing,7,120,120,3,1.0,1.0,0.0,0.99652778,1.0,1.0,1.0,1.0,1.0,1,1,1,1,1
xor_n5,neural,5,simulated_annealing,8,120,120,5,1.0,1.0,0.0,0.99583333,1.0,1.0,1.0,1.0,1.0,1,1,1,1,1
xor_n5,neural,5,simulated_annealing,9,120,120,20,1.0,1.0,0.0,0.98333333,0.91666667,1.0,1.0,1.0,1.0,0,1,1,1,1
xor_n5,neural,5,simulated_annealing,10,120,120,2,1.0,1.0,0.0,0.99791667,1.0,1.0,1.0,1.0,1.0,1,1,1,1,1
xor_n5,neural,5,simulated_annealing,11,120,120,18,1.0,1.0,0.0,0.98194444,0.91666667,1.0,1.0,1.0,1.0,0,1,1,1,1
xor_n5,neural,5,simulated_annealing,12,120,120,33,1.0,1.0,0.0,0.97569444,0.91666667,0.91666667,1.0,1.0,1.0,0,0,1,1,1
xor_n5,neural,5,simulated_annealing,13,120,120,7,1.0,1.0,0.0,0.99444444,1.0,1.0,1.0,1.0,1.0,1,1,1,1,1
xor_n5,neural,5,simulated_annealing,14,120,120,33,1.0,1.0,0.0,0.97430556,0.91666667,0.91666667,1.0,1.0,1.0,0,0,1,1,1
xor_n5,neural,5,simulated_annealing,15,120,120,27,1.0,1.0,0.0,0.97916667,0.91666667,0.91666667,1.0,1.0,1.0,0,0,1,1,1
xor_n5,neural,5,simulated_annealing,16,120,120,8,1.0,1.0,0.0,0.99375,1.0,1.0,1.0,1.0,1.0,1,1,1,1,1
xor_n5,neural,5,simulated_annealing,17,120,120,16,1.0,1.0,0.0,0.9875,0.91666667,1.0,1.0,1.0,1.0,0,1,1,1,1
xor_n5,neural,5,simulated_annealing,18,120,120,6,1.0,1.0,0.0,0.99583333,1.0,1.0,1.0,1.0,1.0,1,1,1,1,1
xor_n5,neural,5,simulated_annealing,19,120,120,13,1.0,1.0,0.0,0.9875,1.0,1.0,1.0,1.0,1.0,1,1,1,1,1
xor_n5,neural,5,simulated_annealing,20,120,120,39,1.0,1.0,0.0,0.97291667,0.91666667,0.91666667,1.0,1.0,1.0,0,0,1,1,1
xor_n5,neural,5,simulated_annealing,21,120,120,12,1.0,1.0,0.0,0.99166667,1.0,1.0,1.0,1.0,1.0,1,1,1,1,1
xor_n5,neural,5,simulated_annealing,22,120,120,13,1.0,1.0,0.0,0.99097222,1.0,1.0,1.0,1.0,1.0,1,1,1,1,1
xor_n5,neural,5,simulated_annealing,23,120,120,8,1.0,1.0,0.0,0.98958333,1.0,1.0,1.0,1.0,1.0,1,1,1,1,1
xor_n5,neural,5,simulated_annealing,24,120,120,2,1.0,1.0,0.0,0.99930556,1.0,1.0,1.0,1.0,1.0,1,1,1,1,1
xor_n5,neural,5,simulated_annealing,25,120,120,22,1.0,1.0,0.0,0.97708333,0.91666667,1.0,1.0,1.0,1.0,0,1,1,1,1
xor_n5,neural,5,simulated_annealing,26,120,120,32,1.0,1.0,0.0,0.97847222,0.91666667,0.91666667,1.0,1.0,1.0,0,0,1,1,1
xor_n5,neural,5,simulated_annealing,27,120,120,22,1.0,1.0,0.0,0.98541667,0.91666667,1.0,1.0,1.0,1.0,0,1,1,1,1
xor_n5,neural,5,simulated_annealing,28,120,120,8,1.0,1.0,0.0,0.98958333,1.0,1.0,1.0,1.0,1.0,1,1,1,1,1
xor_n5,neural,5,simulated_annealing,29,120,120,3,1.0,1.0,0.0,0.99861111,1.0,1.0,1.0,1.0,1.0,1,1,1,1,1
xor_n5,neural,5,simulated_annealing,30,120,120,6,1.0,1.0,0.0,0.99305556,1.0,1.0,1.0,1.0,1.0,1,1,1,1,1
xor_n5,neural,5,simulated_annealing,31,120,120,13,1.0,1.0,0.0,0.99166667,1.0,1.0,1.0,1.0,1.0,1,1,1,1,1
xor_n5,neural,5,simulated_annealing,32,120,120,24,1.0,1.0,0.0,0.98125,0.91666667,1.0,1.0,1.0,1.0,0,1,1,1,1
xor_n5,neural,5,simulated_annealing,33,120,120,3,1.0,1.0,0.0,0.99861111,1.0,1.0,1.0,1.0,1.0,1,1,1,1,1
xor_n5,neural,5,simulated_annealing,34,120,120,29,1.0,1.0,0.0,0.97777778,0.91666667,0.91666667,1.0,1.0,1.0,0,0,1,1,1
xor_n5,neural,5,simulated_annealing,35,120,120,15,1.0,1.0,0.0,0.99027778,1.0,1.0,1.0,1.0,1.0,1,1,1,1,1
xor_n5,neural,5,simulated_annealing,36,120,120,5,1.0,1.0,0.0,0.99722222,1.0,1.0,1.0,1.0,1.0,1,1,1,1,1
xor_n5,neural,5,simulated_annealing,37,120,120,9,1.0,1.0,0.0,0.98958333,1.0,1.0,1.0,1.0,1.0,1,1,1,1,1
xor_n5,neural,5,simulated_annealing,38,120,120,1,1.0,1.0,0.0,1.0,1.0,1.0,1.0,1.0,1.0,1,1,1,1,1
xor_n5,neural,5,simulated_annealing,39,120,120,5,1.0,1.0,0.0,0.99236111,1.0,1.0,1.0,1.0,1.0,1,1,1,1,1
xor_n5,neural,5,iterated_local_search,0,120,120,1,1.0,1.0,0.0,1.0,1.0,1.0,1.0,1.0,1.0,1,1,1,1,1
xor_n5,neural,5,iterated_local_search,1,120,120,22,1.0,1.0,0.0,0.98472222,0.91666667,1.0,1.0,1.0,1.0,0,1,1,1,1
xor_n5,neural,5,iterated_local_search,2,120,120,1,1.0,1.0,0.0,1.0,1.0,1.0,1.0,1.0,1.0,1,1,1,1,1
xor_n5,neural,5,iterated_local_search,3,120,120,2,1.0,1.0,0.0,0.99861111,1.0,1.0,1.0,1.0,1.0,1,1,1,1,1
xor_n5,neural,5,iterated_local_search,4,120,120,9,1.0,1.0,0.0,0.99444444,1.0,1.0,1.0,1.0,1.0,1,1,1,1,1
xor_n5,neural,5,iterated_local_search,5,120,120,11,1.0,1.0,0.0,0.99305556,1.0,1.0,1.0,1.0,1.0,1,1,1,1,1
xor_n5,neural,5,iterated_local_search,6,120,120,10,1.0,1.0,0.0,0.99375,1.0,1.0,1.0,1.0,1.0,1,1,1,1,1
xor_n5,neural,5,iterated_local_search,7,120,120,2,1.0,1.0,0.0,0.99791667,1.0,1.0,1.0,1.0,1.0,1,1,1,1,1
xor_n5,neural,5,iterated_local_search,8,120,120,3,1.0,1.0,0.0,0.99722222,1.0,1.0,1.0,1.0,1.0,1,1,1,1,1
xor_n5,neural,5,iterated_local_search,9,120,120,10,1.0,1.0,0.0,0.9875,1.0,1.0,1.0,1.0,1.0,1,1,1,1,1
xor_n5,neural,5,iterated_local_search,10,120,120,4,1.0,1.0,0.0,0.99652778,1.0,1.0,1.0,1.0,1.0,1,1,1,1,1
xor_n5,neural,5,iterated_local_search,11,120,120,30,1.0,1.0,0.0,0.975,0.91666667,0.91666667,1.0,1.0,1.0,0,0,1,1,1
xor_n5,neural,5,iterated_local_search,12,120,120,23,1.0,1.0,0.0,0.97986111,0.91666667,1.0,1.0,1.0,1.0,0,1,1,1,1
xor_n5,neural,5,iterated_local_search,13,120,120,18,1.0,1.0,0.0,0.98472222,0.91666667,1.0,1.0,1.0,1.0,0,1,1,1,1
xor_n5,neural,5,iterated_local_search,14,120,120,33,1.0,1.0,0.0,0.97430556,0.91666667,0.91666667,1.0,1.0,1.0,0,0,1,1,1
xor_n5,neural,5,iterated_local_search,15,120,120,19,1.0,1.0,0.0,0.98472222,0.91666667,1.0,1.0,1.0,1.0,0,1,1,1,1
xor_n5,neural,5,iterated_local_search,16,120,120,14,1.0,1.0,0.0,0.9875,1.0,1.0,1.0,1.0,1.0,1,1,1,1,1
xor_n5,neural,5,iterated_local_search,17,120,120,3,1.0,1.0,0.0,0.99652778,1.0,1.0,1.0,1.0,1.0,1,1,1,1,1
xor_n5,neural,5,iterated_local_search,18,120,120,10,1.0,1.0,0.0,0.99166667,1.0,1.0,1.0,1.0,1.0,1,1,1,1,1
xor_n5,neural,5,iterated_local_search,19,120,120,31,1.0,1.0,0.0,0.97847222,0.91666667,0.91666667,1.0,1.0,1.0,0,0,1,1,1
xor_n5,neural,5,iterated_local_search,20,120,120,11,1.0,1.0,0.0,0.99097222,1.0,1.0,1.0,1.0,1.0,1,1,1,1,1
xor_n5,neural,5,iterated_local_search,21,120,120,14,1.0,1.0,0.0,0.9875,1.0,1.0,1.0,1.0,1.0,1,1,1,1,1
xor_n5,neural,5,iterated_local_search,22,120,120,44,1.0,1.0,0.0,0.96944444,0.91666667,0.91666667,1.0,1.0,1.0,0,0,1,1,1
xor_n5,neural,5,iterated_local_search,23,120,120,4,1.0,1.0,0.0,0.99444444,1.0,1.0,1.0,1.0,1.0,1,1,1,1,1
xor_n5,neural,5,iterated_local_search,24,120,120,11,1.0,1.0,0.0,0.99305556,1.0,1.0,1.0,1.0,1.0,1,1,1,1,1
xor_n5,neural,5,iterated_local_search,25,120,120,21,1.0,1.0,0.0,0.97708333,0.91666667,1.0,1.0,1.0,1.0,0,1,1,1,1
xor_n5,neural,5,iterated_local_search,26,120,120,3,1.0,1.0,0.0,0.99861111,1.0,1.0,1.0,1.0,1.0,1,1,1,1,1
xor_n5,neural,5,iterated_local_search,27,120,120,61,1.0,1.0,0.0,0.95833333,0.91666667,0.91666667,0.91666667,1.0,1.0,0,0,0,1,1
xor_n5,neural,5,iterated_local_search,28,120,120,5,1.0,1.0,0.0,0.99305556,1.0,1.0,1.0,1.0,1.0,1,1,1,1,1
xor_n5,neural,5,iterated_local_search,29,120,120,2,1.0,1.0,0.0,0.99930556,1.0,1.0,1.0,1.0,1.0,1,1,1,1,1
xor_n5,neural,5,iterated_local_search,30,120,120,11,1.0,1.0,0.0,0.99097222,1.0,1.0,1.0,1.0,1.0,1,1,1,1,1
xor_n5,neural,5,iterated_local_search,31,120,120,6,1.0,1.0,0.0,0.99652778,1.0,1.0,1.0,1.0,1.0,1,1,1,1,1
xor_n5,neural,5,iterated_local_search,32,120,120,4,1.0,1.0,0.0,0.99444444,1.0,1.0,1.0,1.0,1.0,1,1,1,1,1
xor_n5,neural,5,iterated_local_search,33,120,120,8,1.0,1.0,0.0,0.99513889,1.0,1.0,1.0,1.0,1.0,1,1,1,1,1
xor_n5,neural,5,iterated_local_search,34,120,120,3,1.0,1.0,0.0,0.99722222,1.0,1.0,1.0,1.0,1.0,1,1,1,1,1
xor_n5,neural,5,iterated_local_search,35,120,120,19,1.0,1.0,0.0,0.9875,0.91666667,1.0,1.0,1.0,1.0,0,1,1,1,1
xor_n5,neural,5,iterated_local_search,36,120,120,26,1.0,1.0,0.0,0.98263889,0.91666667,0.91666667,1.0,1.0,1.0,0,0,1,1,1
xor_n5,neural,5,iterated_local_search,37,120,120,15,1.0,1.0,0.0,0.98819444,1.0,1.0,1.0,1.0,1.0,1,1,1,1,1
xor_n5,neural,5,iterated_local_search,38,120,120,1,1.0,1.0,0.0,1.0,1.0,1.0,1.0,1.0,1.0,1,1,1,1,1
xor_n5,neural,5,iterated_local_search,39,120,120,30,1.0,1.0,0.0,0.97708333,0.91666667,0.91666667,1.0,1.0,1.0,0,0,1,1,1
xor_n5,neural,5,ea_elitist,0,120,120,1,1.0,1.0,0.0,1.0,1.0,1.0,1.0,1.0,1.0,1,1,1,1,1
xor_n5,neural,5,ea_elitist,1,120,120,25,1.0,1.0,0.0,0.98263889,0.91666667,1.0,1.0,1.0,1.0,0,1,1,1,1
xor_n5,neural,5,ea_elitist,2,120,120,1,1.0,1.0,0.0,1.0,1.0,1.0,1.0,1.0,1.0,1,1,1,1,1
xor_n5,neural,5,ea_elitist,3,120,120,6,1.0,1.0,0.0,0.99583333,1.0,1.0,1.0,1.0,1.0,1,1,1,1,1
xor_n5,neural,5,ea_elitist,4,120,120,2,1.0,1.0,0.0,0.99930556,1.0,1.0,1.0,1.0,1.0,1,1,1,1,1
xor_n5,neural,5,ea_elitist,5,120,120,8,1.0,1.0,0.0,0.99513889,1.0,1.0,1.0,1.0,1.0,1,1,1,1,1
xor_n5,neural,5,ea_elitist,6,120,120,14,1.0,1.0,0.0,0.99097222,1.0,1.0,1.0,1.0,1.0,1,1,1,1,1
xor_n5,neural,5,ea_elitist,7,120,120,8,1.0,1.0,0.0,0.99305556,1.0,1.0,1.0,1.0,1.0,1,1,1,1,1
xor_n5,neural,5,ea_elitist,8,120,120,2,1.0,1.0,0.0,0.99791667,1.0,1.0,1.0,1.0,1.0,1,1,1,1,1
xor_n5,neural,5,ea_elitist,9,120,120,15,1.0,1.0,0.0,0.9875,1.0,1.0,1.0,1.0,1.0,1,1,1,1,1
xor_n5,neural,5,ea_elitist,10,120,120,16,1.0,1.0,0.0,0.98402778,0.91666667,1.0,1.0,1.0,1.0,0,1,1,1,1
xor_n5,neural,5,ea_elitist,11,120,120,16,1.0,1.0,0.0,0.9875,0.91666667,1.0,1.0,1.0,1.0,0,1,1,1,1
xor_n5,neural,5,ea_elitist,12,120,120,31,1.0,1.0,0.0,0.97708333,0.91666667,0.91666667,1.0,1.0,1.0,0,0,1,1,1
xor_n5,neural,5,ea_elitist,13,120,120,5,1.0,1.0,0.0,0.99513889,1.0,1.0,1.0,1.0,1.0,1,1,1,1,1
xor_n5,neural,5,ea_elitist,14,120,120,5,1.0,1.0,0.0,0.99305556,1.0,1.0,1.0,1.0,1.0,1,1,1,1,1
xor_n5,neural,5,ea_elitist,15,120,120,9,1.0,1.0,0.0,0.99166667,1.0,1.0,1.0,1.0,1.0,1,1,1,1,1
xor_n5,neural,5,ea_elitist,16,120,120,9,1.0,1.0,0.0,0.99236111,1.0,1.0,1.0,1.0,1.0,1,1,1,1,1
xor_n5,neural,5,ea_elitist,17,120,120,7,1.0,1.0,0.0,0.99305556,1.0,1.0,1.0,1.0,1.0,1,1,1,1,1
xor_n5,neural,5,ea_elitist,18,120,120,11,1.0,1.0,0.0,0.98611111,1.0,1.0,1.0,1.0,1.0,1,1,1,1,1
xor_n5,neural,5,ea_elitist,19,120,120,11,1.0,1.0,0.0,0.99236111,1.0,1.0,1.0,1.0,1.0,1,1,1,1,1
xor_n5,neural,5,ea_elitist,20,120,120,23,1.0,1.0,0.0,0.98055556,0.91666667,1.0,1.0,1.0,1.0,0,1,1,1,1
xor_n5,neural,5,ea_elitist,21,120,120,10,1.0,1.0,0.0,0.99236111,1.0,1.0,1.0,1.0,1.0,1,1,1,1,1
xor_n5,neural,5,ea_elitist,22,120,120,37,1.0,1.0,0.0,0.97361111,0.91666667,0.91666667,1.0,1.0,1.0,0,0,1,1,1
xor_n5,neural,5,ea_elitist,23,120,120,16,1.0,1.0,0.0,0.98263889,0.91666667,1.0,1.0,1.0,1.0,0,1,1,1,1
xor_n5,neural,5,ea_elitist,24,120,120,16,1.0,1.0,0.0,0.98958333,0.91666667,1.0,1.0,1.0,1.0,0,1,1,1,1
xor_n5,neural,5,ea_elitist,25,120,120,11,1.0,1.0,0.0,0.98958333,1.0,1.0,1.0,1.0,1.0,1,1,1,1,1
xor_n5,neural,5,ea_elitist,26,120,120,6,1.0,1.0,0.0,0.99652778,1.0,1.0,1.0,1.0,1.0,1,1,1,1,1
xor_n5,neural,5,ea_elitist,27,120,120,23,1.0,1.0,0.0,0.98472222,0.91666667,1.0,1.0,1.0,1.0,0,1,1,1,1
xor_n5,neural,5,ea_elitist,28,120,120,3,1.0,1.0,0.0,0.99652778,1.0,1.0,1.0,1.0,1.0,1,1,1,1,1
xor_n5,neural,5,ea_elitist,29,120,120,4,1.0,1.0,0.0,0.99791667,1.0,1.0,1.0,1.0,1.0,1,1,1,1,1
xor_n5,neural,5,ea_elitist,30,120,120,25,1.0,1.0,0.0,0.98194444,0.91666667,1.0,1.0,1.0,1.0,0,1,1,1,1
xor_n5,neural,5,ea_elitist,31,120,120,22,1.0,1.0,0.0,0.98541667,0.91666667,1.0,1.0,1.0,1.0,0,1,1,1,1
xor_n5,neural,5,ea_elitist,32,120,120,7,1.0,1.0,0.0,0.99166667,1.0,1.0,1.0,1.0,1.0,1,1,1,1,1
xor_n5,neural,5,ea_elitist,33,120,120,18,1.0,1.0,0.0,0.98819444,0.91666667,1.0,1.0,1.0,1.0,0,1,1,1,1
xor_n5,neural,5,ea_elitist,34,120,120,3,1.0,1.0,0.0,0.99652778,1.0,1.0,1.0,1.0,1.0,1,1,1,1,1
xor_n5,neural,5,ea_elitist,35,120,120,4,1.0,1.0,0.0,0.99791667,1.0,1.0,1.0,1.0,1.0,1,1,1,1,1
xor_n5,neural,5,ea_elitist,36,120,120,9,1.0,1.0,0.0,0.99444444,1.0,1.0,1.0,1.0,1.0,1,1,1,1,1
xor_n5,neural,5,ea_elitist,37,120,120,24,1.0,1.0,0.0,0.97986111,0.91666667,1.0,1.0,1.0,1.0,0,1,1,1,1
xor_n5,neural,5,ea_elitist,38,120,120,1,1.0,1.0,0.0,1.0,1.0,1.0,1.0,1.0,1.0,1,1,1,1,1
xor_n5,neural,5,ea_elitist,39,120,120,7,1.0,1.0,0.0,0.99097222,1.0,1.0,1.0,1.0,1.0,1,1,1,1,1
xor_n5,neural,5,ea_aging,0,120,120,1,1.0,1.0,0.0,1.0,1.0,1.0,1.0,1.0,1.0,1,1,1,1,1
xor_n5,neural,5,ea_aging,1,120,120,24,1.0,1.0,0.0,0.98333333,0.91666667,1.0,1.0,1.0,1.0,0,1,1,1,1
xor_n5,neural,5,ea_aging,2,120,120,1,1.0,1.0,0.0,1.0,1.0,1.0,1.0,1.0,1.0,1,1,1,1,1
xor_n5,neural,5,ea_aging,3,120,120,6,1.0,1.0,0.0,0.99583333,1.0,1.0,1.0,1.0,1.0,1,1,1,1,1
xor_n5,neural,5,ea_aging,4,120,120,2,1.0,1.0,0.0,0.99930556,1.0,1.0,1.0,1.0,1.0,1,1,1,1,1
xor_n5,neural,5,ea_aging,5,120,120,8,1.0,1.0,0.0,0.99513889,1.0,1.0,1.0,1.0,1.0,1,1,1,1,1
xor_n5,neural,5,ea_aging,6,120,119,14,1.0,1.0,0.0,0.99089636,1.0,1.0,1.0,1.0,1.0,1,1,1,1,1
xor_n5,neural,5,ea_aging,7,120,120,8,1.0,1.0,0.0,0.99305556,1.0,1.0,1.0,1.0,1.0,1,1,1,1,1
xor_n5,neural,5,ea_aging,8,120,120,2,1.0,1.0,0.0,0.99791667,1.0,1.0,1.0,1.0,1.0,1,1,1,1,1
xor_n5,neural,5,ea_aging,9,120,120,15,1.0,1.0,0.0,0.9875,1.0,1.0,1.0,1.0,1.0,1,1,1,1,1
xor_n5,neural,5,ea_aging,10,120,120,16,1.0,1.0,0.0,0.98402778,0.91666667,1.0,1.0,1.0,1.0,0,1,1,1,1
xor_n5,neural,5,ea_aging,11,120,120,16,1.0,1.0,0.0,0.9875,0.91666667,1.0,1.0,1.0,1.0,0,1,1,1,1
xor_n5,neural,5,ea_aging,12,120,120,52,1.0,1.0,0.0,0.9625,0.91666667,0.91666667,0.91666667,1.0,1.0,0,0,0,1,1
xor_n5,neural,5,ea_aging,13,120,120,5,1.0,1.0,0.0,0.99513889,1.0,1.0,1.0,1.0,1.0,1,1,1,1,1
xor_n5,neural,5,ea_aging,14,120,120,5,1.0,1.0,0.0,0.99305556,1.0,1.0,1.0,1.0,1.0,1,1,1,1,1
xor_n5,neural,5,ea_aging,15,120,120,9,1.0,1.0,0.0,0.99166667,1.0,1.0,1.0,1.0,1.0,1,1,1,1,1
xor_n5,neural,5,ea_aging,16,120,120,9,1.0,1.0,0.0,0.99236111,1.0,1.0,1.0,1.0,1.0,1,1,1,1,1
xor_n5,neural,5,ea_aging,17,120,120,7,1.0,1.0,0.0,0.99305556,1.0,1.0,1.0,1.0,1.0,1,1,1,1,1
xor_n5,neural,5,ea_aging,18,120,120,11,1.0,1.0,0.0,0.98611111,1.0,1.0,1.0,1.0,1.0,1,1,1,1,1
xor_n5,neural,5,ea_aging,19,120,120,11,1.0,1.0,0.0,0.99236111,1.0,1.0,1.0,1.0,1.0,1,1,1,1,1
xor_n5,neural,5,ea_aging,20,120,120,21,1.0,1.0,0.0,0.98194444,0.91666667,1.0,1.0,1.0,1.0,0,1,1,1,1
xor_n5,neural,5,ea_aging,21,120,119,10,1.0,1.0,0.0,0.99229692,1.0,1.0,1.0,1.0,1.0,1,1,1,1,1
xor_n5,neural,5,ea_aging,22,120,120,29,1.0,1.0,0.0,0.97916667,0.91666667,0.91666667,1.0,1.0,1.0,0,0,1,1,1
xor_n5,neural,5,ea_aging,23,120,120,16,1.0,1.0,0.0,0.98263889,0.91666667,1.0,1.0,1.0,1.0,0,1,1,1,1
xor_n5,neural,5,ea_aging,24,120,120,16,1.0,1.0,0.0,0.98958333,0.91666667,1.0,1.0,1.0,1.0,0,1,1,1,1
xor_n5,neural,5,ea_aging,25,120,120,11,1.0,1.0,0.0,0.98958333,1.0,1.0,1.0,1.0,1.0,1,1,1,1,1
xor_n5,neural,5,ea_aging,26,120,120,6,1.0,1.0,0.0,0.99652778,1.0,1.0,1.0,1.0,1.0,1,1,1,1,1
xor_n5,neural,5,ea_aging,27,120,120,24,1.0,1.0,0.0,0.98402778,0.91666667,1.0,1.0,1.0,1.0,0,1,1,1,1
xor_n5,neural,5,ea_aging,28,120,120,3,1.0,1.0,0.0,0.99652778,1.0,1.0,1.0,1.0,1.0,1,1,1,1,1
xor_n5,neural,5,ea_aging,29,120,120,4,1.0,1.0,0.0,0.99791667,1.0,1.0,1.0,1.0,1.0,1,1,1,1,1
xor_n5,neural,5,ea_aging,30,120,120,24,1.0,1.0,0.0,0.98263889,0.91666667,1.0,1.0,1.0,1.0,0,1,1,1,1
xor_n5,neural,5,ea_aging,31,120,120,21,1.0,1.0,0.0,0.98611111,0.91666667,1.0,1.0,1.0,1.0,0,1,1,1,1
xor_n5,neural,5,ea_aging,32,120,120,7,1.0,1.0,0.0,0.99166667,1.0,1.0,1.0,1.0,1.0,1,1,1,1,1
xor_n5,neural,5,ea_aging,33,120,120,18,1.0,1.0,0.0,0.98819444,0.91666667,1.0,1.0,1.0,1.0,0,1,1,1,1
xor_n5,neural,5,ea_aging,34,120,120,3,1.0,1.0,0.0,0.99652778,1.0,1.0,1.0,1.0,1.0,1,1,1,1,1
xor_n5,neural,5,ea_aging,35,120,120,4,1.0,1.0,0.0,0.99791667,1.0,1.0,1.0,1.0,1.0,1,1,1,1,1
xor_n5,neural,5,ea_aging,36,120,120,9,1.0,1.0,0.0,0.99444444,1.0,1.0,1.0,1.0,1.0,1,1,1,1,1
xor_n5,neural,5,ea_aging,37,120,120,25,1.0,1.0,0.0,0.97916667,0.91666667,1.0,1.0,1.0,1.0,0,1,1,1,1
xor_n5,neural,5,ea_aging,38,120,120,1,1.0,1.0,0.0,1.0,1.0,1.0,1.0,1.0,1.0,1,1,1,1,1
xor_n5,neural,5,ea_aging,39,120,120,7,1.0,1.0,0.0,0.99097222,1.0,1.0,1.0,1.0,1.0,1,1,1,1,1
xor_n5,neural,5,ea_portfolio,0,120,120,1,1.0,1.0,0.0,1.0,1.0,1.0,1.0,1.0,1.0,1,1,1,1,1
xor_n5,neural,5,ea_portfolio,1,120,120,24,1.0,1.0,0.0,0.98333333,0.91666667,1.0,1.0,1.0,1.0,0,1,1,1,1
xor_n5,neural,5,ea_portfolio,2,120,120,1,1.0,1.0,0.0,1.0,1.0,1.0,1.0,1.0,1.0,1,1,1,1,1
xor_n5,neural,5,ea_portfolio,3,120,120,6,1.0,1.0,0.0,0.99583333,1.0,1.0,1.0,1.0,1.0,1,1,1,1,1
xor_n5,neural,5,ea_portfolio,4,120,120,2,1.0,1.0,0.0,0.99930556,1.0,1.0,1.0,1.0,1.0,1,1,1,1,1
xor_n5,neural,5,ea_portfolio,5,120,120,8,1.0,1.0,0.0,0.99513889,1.0,1.0,1.0,1.0,1.0,1,1,1,1,1
xor_n5,neural,5,ea_portfolio,6,120,120,14,1.0,1.0,0.0,0.99097222,1.0,1.0,1.0,1.0,1.0,1,1,1,1,1
xor_n5,neural,5,ea_portfolio,7,120,120,8,1.0,1.0,0.0,0.99305556,1.0,1.0,1.0,1.0,1.0,1,1,1,1,1
xor_n5,neural,5,ea_portfolio,8,120,120,2,1.0,1.0,0.0,0.99791667,1.0,1.0,1.0,1.0,1.0,1,1,1,1,1
xor_n5,neural,5,ea_portfolio,9,120,120,15,1.0,1.0,0.0,0.9875,1.0,1.0,1.0,1.0,1.0,1,1,1,1,1
xor_n5,neural,5,ea_portfolio,10,120,120,16,1.0,1.0,0.0,0.98402778,0.91666667,1.0,1.0,1.0,1.0,0,1,1,1,1
xor_n5,neural,5,ea_portfolio,11,120,120,16,1.0,1.0,0.0,0.9875,0.91666667,1.0,1.0,1.0,1.0,0,1,1,1,1
xor_n5,neural,5,ea_portfolio,12,120,120,31,1.0,1.0,0.0,0.97708333,0.91666667,0.91666667,1.0,1.0,1.0,0,0,1,1,1
xor_n5,neural,5,ea_portfolio,13,120,120,5,1.0,1.0,0.0,0.99513889,1.0,1.0,1.0,1.0,1.0,1,1,1,1,1
xor_n5,neural,5,ea_portfolio,14,120,120,5,1.0,1.0,0.0,0.99305556,1.0,1.0,1.0,1.0,1.0,1,1,1,1,1
xor_n5,neural,5,ea_portfolio,15,120,120,9,1.0,1.0,0.0,0.99166667,1.0,1.0,1.0,1.0,1.0,1,1,1,1,1
xor_n5,neural,5,ea_portfolio,16,120,120,9,1.0,1.0,0.0,0.99236111,1.0,1.0,1.0,1.0,1.0,1,1,1,1,1
xor_n5,neural,5,ea_portfolio,17,120,120,7,1.0,1.0,0.0,0.99305556,1.0,1.0,1.0,1.0,1.0,1,1,1,1,1
xor_n5,neural,5,ea_portfolio,18,120,120,11,1.0,1.0,0.0,0.98611111,1.0,1.0,1.0,1.0,1.0,1,1,1,1,1
xor_n5,neural,5,ea_portfolio,19,120,120,11,1.0,1.0,0.0,0.99236111,1.0,1.0,1.0,1.0,1.0,1,1,1,1,1
xor_n5,neural,5,ea_portfolio,20,120,120,21,1.0,1.0,0.0,0.98194444,0.91666667,1.0,1.0,1.0,1.0,0,1,1,1,1
xor_n5,neural,5,ea_portfolio,21,120,120,10,1.0,1.0,0.0,0.99236111,1.0,1.0,1.0,1.0,1.0,1,1,1,1,1
xor_n5,neural,5,ea_portfolio,22,120,120,23,1.0,1.0,0.0,0.98333333,0.91666667,1.0,1.0,1.0,1.0,0,1,1,1,1
xor_n5,neural,5,ea_portfolio,23,120,120,16,1.0,1.0,0.0,0.98263889,0.91666667,1.0,1.0,1.0,1.0,0,1,1,1,1
xor_n5,neural,5,ea_portfolio,24,120,120,16,1.0,1.0,0.0,0.98958333,0.91666667,1.0,1.0,1.0,1.0,0,1,1,1,1
xor_n5,neural,5,ea_portfolio,25,120,120,11,1.0,1.0,0.0,0.98958333,1.0,1.0,1.0,1.0,1.0,1,1,1,1,1
xor_n5,neural,5,ea_portfolio,26,120,120,6,1.0,1.0,0.0,0.99652778,1.0,1.0,1.0,1.0,1.0,1,1,1,1,1
xor_n5,neural,5,ea_portfolio,27,120,120,26,1.0,1.0,0.0,0.98263889,0.91666667,0.91666667,1.0,1.0,1.0,0,0,1,1,1
xor_n5,neural,5,ea_portfolio,28,120,120,3,1.0,1.0,0.0,0.99652778,1.0,1.0,1.0,1.0,1.0,1,1,1,1,1
xor_n5,neural,5,ea_portfolio,29,120,120,4,1.0,1.0,0.0,0.99791667,1.0,1.0,1.0,1.0,1.0,1,1,1,1,1
xor_n5,neural,5,ea_portfolio,30,120,120,27,1.0,1.0,0.0,0.98055556,0.91666667,0.91666667,1.0,1.0,1.0,0,0,1,1,1
xor_n5,neural,5,ea_portfolio,31,120,120,21,1.0,1.0,0.0,0.98611111,0.91666667,1.0,1.0,1.0,1.0,0,1,1,1,1
xor_n5,neural,5,ea_portfolio,32,120,120,7,1.0,1.0,0.0,0.99166667,1.0,1.0,1.0,1.0,1.0,1,1,1,1,1
xor_n5,neural,5,ea_portfolio,33,120,120,18,1.0,1.0,0.0,0.98819444,0.91666667,1.0,1.0,1.0,1.0,0,1,1,1,1
xor_n5,neural,5,ea_portfolio,34,120,120,3,1.0,1.0,0.0,0.99652778,1.0,1.0,1.0,1.0,1.0,1,1,1,1,1
xor_n5,neural,5,ea_portfolio,35,120,120,4,1.0,1.0,0.0,0.99791667,1.0,1.0,1.0,1.0,1.0,1,1,1,1,1
xor_n5,neural,5,ea_portfolio,36,120,120,9,1.0,1.0,0.0,0.99444444,1.0,1.0,1.0,1.0,1.0,1,1,1,1,1
xor_n5,neural,5,ea_portfolio,37,120,120,34,1.0,1.0,0.0,0.97291667,0.91666667,0.91666667,1.0,1.0,1.0,0,0,1,1,1
xor_n5,neural,5,ea_portfolio,38,120,120,1,1.0,1.0,0.0,1.0,1.0,1.0,1.0,1.0,1.0,1,1,1,1,1
xor_n5,neural,5,ea_portfolio,39,120,120,7,1.0,1.0,0.0,0.99097222,1.0,1.0,1.0,1.0,1.0,1,1,1,1,1
xor_n5,neural,5,surrogate_positional,0,120,120,1,1.0,1.0,0.0,1.0,1.0,1.0,1.0,1.0,1.0,1,1,1,1,1
xor_n5,neural,5,surrogate_positional,1,120,120,16,1.0,1.0,0.0,0.98888889,0.91666667,1.0,1.0,1.0,1.0,0,1,1,1,1
xor_n5,neural,5,surrogate_positional,2,120,120,1,1.0,1.0,0.0,1.0,1.0,1.0,1.0,1.0,1.0,1,1,1,1,1
xor_n5,neural,5,surrogate_positional,3,120,120,6,1.0,1.0,0.0,0.99583333,1.0,1.0,1.0,1.0,1.0,1,1,1,1,1
xor_n5,neural,5,surrogate_positional,4,120,120,2,1.0,1.0,0.0,0.99930556,1.0,1.0,1.0,1.0,1.0,1,1,1,1,1
xor_n5,neural,5,surrogate_positional,5,120,120,8,1.0,1.0,0.0,0.99513889,1.0,1.0,1.0,1.0,1.0,1,1,1,1,1
xor_n5,neural,5,surrogate_positional,6,120,120,19,1.0,1.0,0.0,0.9875,0.91666667,1.0,1.0,1.0,1.0,0,1,1,1,1
xor_n5,neural,5,surrogate_positional,7,120,120,8,1.0,1.0,0.0,0.99305556,1.0,1.0,1.0,1.0,1.0,1,1,1,1,1
xor_n5,neural,5,surrogate_positional,8,120,120,2,1.0,1.0,0.0,0.99791667,1.0,1.0,1.0,1.0,1.0,1,1,1,1,1
xor_n5,neural,5,surrogate_positional,9,120,120,16,1.0,1.0,0.0,0.98680556,0.91666667,1.0,1.0,1.0,1.0,0,1,1,1,1
xor_n5,neural,5,surrogate_positional,10,120,120,25,1.0,1.0,0.0,0.97777778,0.91666667,1.0,1.0,1.0,1.0,0,1,1,1,1
xor_n5,neural,5,surrogate_positional,11,120,120,18,1.0,1.0,0.0,0.98611111,0.91666667,1.0,1.0,1.0,1.0,0,1,1,1,1
xor_n5,neural,5,surrogate_positional,12,120,120,11,1.0,1.0,0.0,0.99097222,1.0,1.0,1.0,1.0,1.0,1,1,1,1,1
xor_n5,neural,5,surrogate_positional,13,120,120,5,1.0,1.0,0.0,0.99513889,1.0,1.0,1.0,1.0,1.0,1,1,1,1,1
xor_n5,neural,5,surrogate_positional,14,120,120,5,1.0,1.0,0.0,0.99305556,1.0,1.0,1.0,1.0,1.0,1,1,1,1,1
xor_n5,neural,5,surrogate_positional,15,120,120,9,1.0,1.0,0.0,0.99166667,1.0,1.0,1.0,1.0,1.0,1,1,1,1,1
xor_n5,neural,5,surrogate_positional,16,120,120,9,1.0,1.0,0.0,0.99236111,1.0,1.0,1.0,1.0,1.0,1,1,1,1,1
xor_n5,neural,5,surrogate_positional,17,120,120,7,1.0,1.0,0.0,0.99305556,1.0,1.0,1.0,1.0,1.0,1,1,1,1,1
xor_n5,neural,5,surrogate_positional,18,120,120,39,1.0,1.0,0.0,0.96527778,0.91666667,0.91666667,1.0,1.0,1.0,0,0,1,1,1
xor_n5,neural,5,surrogate_positional,19,120,120,30,1.0,1.0,0.0,0.97916667,0.91666667,0.91666667,1.0,1.0,1.0,0,0,1,1,1
xor_n5,neural,5,surrogate_positional,20,120,120,14,1.0,1.0,0.0,0.98680556,1.0,1.0,1.0,1.0,1.0,1,1,1,1,1
xor_n5,neural,5,surrogate_positional,21,120,120,10,1.0,1.0,0.0,0.99236111,1.0,1.0,1.0,1.0,1.0,1,1,1,1,1
xor_n5,neural,5,surrogate_positional,22,120,120,22,1.0,1.0,0.0,0.98402778,0.91666667,1.0,1.0,1.0,1.0,0,1,1,1,1
xor_n5,neural,5,surrogate_positional,23,120,120,22,1.0,1.0,0.0,0.97847222,0.91666667,1.0,1.0,1.0,1.0,0,1,1,1,1
xor_n5,neural,5,surrogate_positional,24,120,120,25,1.0,1.0,0.0,0.98333333,0.91666667,1.0,1.0,1.0,1.0,0,1,1,1,1
xor_n5,neural,5,surrogate_positional,25,120,120,24,1.0,1.0,0.0,0.98055556,0.91666667,1.0,1.0,1.0,1.0,0,1,1,1,1
xor_n5,neural,5,surrogate_positional,26,120,120,6,1.0,1.0,0.0,0.99652778,1.0,1.0,1.0,1.0,1.0,1,1,1,1,1
xor_n5,neural,5,surrogate_positional,27,120,120,16,1.0,1.0,0.0,0.98958333,0.91666667,1.0,1.0,1.0,1.0,0,1,1,1,1
xor_n5,neural,5,surrogate_positional,28,120,120,3,1.0,1.0,0.0,0.99652778,1.0,1.0,1.0,1.0,1.0,1,1,1,1,1
xor_n5,neural,5,surrogate_positional,29,120,120,4,1.0,1.0,0.0,0.99791667,1.0,1.0,1.0,1.0,1.0,1,1,1,1,1
xor_n5,neural,5,surrogate_positional,30,120,120,51,1.0,1.0,0.0,0.96388889,0.91666667,0.91666667,0.91666667,1.0,1.0,0,0,0,1,1
xor_n5,neural,5,surrogate_positional,31,120,120,15,1.0,1.0,0.0,0.99027778,1.0,1.0,1.0,1.0,1.0,1,1,1,1,1
xor_n5,neural,5,surrogate_positional,32,120,120,7,1.0,1.0,0.0,0.99166667,1.0,1.0,1.0,1.0,1.0,1,1,1,1,1
xor_n5,neural,5,surrogate_positional,33,120,120,38,1.0,1.0,0.0,0.97430556,0.91666667,0.91666667,1.0,1.0,1.0,0,0,1,1,1
xor_n5,neural,5,surrogate_positional,34,120,120,3,1.0,1.0,0.0,0.99652778,1.0,1.0,1.0,1.0,1.0,1,1,1,1,1
xor_n5,neural,5,surrogate_positional,35,120,120,4,1.0,1.0,0.0,0.99791667,1.0,1.0,1.0,1.0,1.0,1,1,1,1,1
xor_n5,neural,5,surrogate_positional,36,120,120,9,1.0,1.0,0.0,0.99444444,1.0,1.0,1.0,1.0,1.0,1,1,1,1,1
xor_n5,neural,5,surrogate_positional,37,120,120,14,1.0,1.0,0.0,0.98680556,1.0,1.0,1.0,1.0,1.0,1,1,1,1,1
xor_n5,neural,5,surrogate_positional,38,120,120,1,1.0,1.0,0.0,1.0,1.0,1.0,1.0,1.0,1.0,1,1,1,1,1
xor_n5,neural,5,surrogate_positional,39,120,120,7,1.0,1.0,0.0,0.99097222,1.0,1.0,1.0,1.0,1.0,1,1,1,1,1
xor_n5,neural,5,surrogate_precedence,0,120,120,1,1.0,1.0,0.0,1.0,1.0,1.0,1.0,1.0,1.0,1,1,1,1,1
xor_n5,neural,5,surrogate_precedence,1,120,120,16,1.0,1.0,0.0,0.98888889,0.91666667,1.0,1.0,1.0,1.0,0,1,1,1,1
xor_n5,neural,5,surrogate_precedence,2,120,120,1,1.0,1.0,0.0,1.0,1.0,1.0,1.0,1.0,1.0,1,1,1,1,1
xor_n5,neural,5,surrogate_precedence,3,120,120,6,1.0,1.0,0.0,0.99583333,1.0,1.0,1.0,1.0,1.0,1,1,1,1,1
xor_n5,neural,5,surrogate_precedence,4,120,120,2,1.0,1.0,0.0,0.99930556,1.0,1.0,1.0,1.0,1.0,1,1,1,1,1
xor_n5,neural,5,surrogate_precedence,5,120,120,8,1.0,1.0,0.0,0.99513889,1.0,1.0,1.0,1.0,1.0,1,1,1,1,1
xor_n5,neural,5,surrogate_precedence,6,120,120,32,1.0,1.0,0.0,0.97847222,0.91666667,0.91666667,1.0,1.0,1.0,0,0,1,1,1
xor_n5,neural,5,surrogate_precedence,7,120,120,8,1.0,1.0,0.0,0.99305556,1.0,1.0,1.0,1.0,1.0,1,1,1,1,1
xor_n5,neural,5,surrogate_precedence,8,120,120,2,1.0,1.0,0.0,0.99791667,1.0,1.0,1.0,1.0,1.0,1,1,1,1,1
xor_n5,neural,5,surrogate_precedence,9,120,120,22,1.0,1.0,0.0,0.98263889,0.91666667,1.0,1.0,1.0,1.0,0,1,1,1,1
xor_n5,neural,5,surrogate_precedence,10,120,120,22,1.0,1.0,0.0,0.97986111,0.91666667,1.0,1.0,1.0,1.0,0,1,1,1,1
xor_n5,neural,5,surrogate_precedence,11,120,120,25,1.0,1.0,0.0,0.98125,0.91666667,1.0,1.0,1.0,1.0,0,1,1,1,1
xor_n5,neural,5,surrogate_precedence,12,120,120,11,1.0,1.0,0.0,0.99097222,1.0,1.0,1.0,1.0,1.0,1,1,1,1,1
xor_n5,neural,5,surrogate_precedence,13,120,120,5,1.0,1.0,0.0,0.99513889,1.0,1.0,1.0,1.0,1.0,1,1,1,1,1
xor_n5,neural,5,surrogate_precedence,14,120,120,5,1.0,1.0,0.0,0.99305556,1.0,1.0,1.0,1.0,1.0,1,1,1,1,1
xor_n5,neural,5,surrogate_precedence,15,120,120,9,1.0,1.0,0.0,0.99166667,1.0,1.0,1.0,1.0,1.0,1,1,1,1,1
xor_n5,neural,5,surrogate_precedence,16,120,120,9,1.0,1.0,0.0,0.99236111,1.0,1.0,1.0,1.0,1.0,1,1,1,1,1
xor_n5,neural,5,surrogate_precedence,17,120,120,7,1.0,1.0,0.0,0.99305556,1.0,1.0,1.0,1.0,1.0,1,1,1,1,1
xor_n5,neural,5,surrogate_precedence,18,120,120,17,1.0,1.0,0.0,0.97916667,0.91666667,1.0,1.0,1.0,1.0,0,1,1,1,1
xor_n5,neural,5,surrogate_precedence,19,120,120,17,1.0,1.0,0.0,0.98819444,0.91666667,1.0,1.0,1.0,1.0,0,1,1,1,1
xor_n5,neural,5,surrogate_precedence,20,120,120,12,1.0,1.0,0.0,0.98819444,1.0,1.0,1.0,1.0,1.0,1,1,1,1,1
xor_n5,neural,5,surrogate_precedence,21,120,120,10,1.0,1.0,0.0,0.99236111,1.0,1.0,1.0,1.0,1.0,1,1,1,1,1
xor_n5,neural,5,surrogate_precedence,22,120,120,17,1.0,1.0,0.0,0.9875,0.91666667,1.0,1.0,1.0,1.0,0,1,1,1,1
xor_n5,neural,5,surrogate_precedence,23,120,120,12,1.0,1.0,0.0,0.98541667,1.0,1.0,1.0,1.0,1.0,1,1,1,1,1
xor_n5,neural,5,surrogate_precedence,24,120,120,15,1.0,1.0,0.0,0.99027778,1.0,1.0,1.0,1.0,1.0,1,1,1,1,1
xor_n5,neural,5,surrogate_precedence,25,120,120,24,1.0,1.0,0.0,0.98055556,0.91666667,1.0,1.0,1.0,1.0,0,1,1,1,1
xor_n5,neural,5,surrogate_precedence,26,120,120,6,1.0,1.0,0.0,0.99652778,1.0,1.0,1.0,1.0,1.0,1,1,1,1,1
xor_n5,neural,5,surrogate_precedence,27,120,120,31,1.0,1.0,0.0,0.97916667,0.91666667,0.91666667,1.0,1.0,1.0,0,0,1,1,1
xor_n5,neural,5,surrogate_precedence,28,120,120,3,1.0,1.0,0.0,0.99652778,1.0,1.0,1.0,1.0,1.0,1,1,1,1,1
xor_n5,neural,5,surrogate_precedence,29,120,120,4,1.0,1.0,0.0,0.99791667,1.0,1.0,1.0,1.0,1.0,1,1,1,1,1
xor_n5,neural,5,surrogate_precedence,30,120,120,13,1.0,1.0,0.0,0.99027778,1.0,1.0,1.0,1.0,1.0,1,1,1,1,1
xor_n5,neural,5,surrogate_precedence,31,120,120,11,1.0,1.0,0.0,0.99305556,1.0,1.0,1.0,1.0,1.0,1,1,1,1,1
xor_n5,neural,5,surrogate_precedence,32,120,120,7,1.0,1.0,0.0,0.99166667,1.0,1.0,1.0,1.0,1.0,1,1,1,1,1
xor_n5,neural,5,surrogate_precedence,33,120,120,24,1.0,1.0,0.0,0.98402778,0.91666667,1.0,1.0,1.0,1.0,0,1,1,1,1
xor_n5,neural,5,surrogate_precedence,34,120,120,3,1.0,1.0,0.0,0.99652778,1.0,1.0,1.0,1.0,1.0,1,1,1,1,1
xor_n5,neural,5,surrogate_precedence,35,120,120,4,1.0,1.0,0.0,0.99791667,1.0,1.0,1.0,1.0,1.0,1,1,1,1,1
xor_n5,neural,5,surrogate_precedence,36,120,120,9,1.0,1.0,0.0,0.99444444,1.0,1.0,1.0,1.0,1.0,1,1,1,1,1
xor_n5,neural,5,surrogate_precedence,37,120,120,11,1.0,1.0,0.0,0.98888889,1.0,1.0,1.0,1.0,1.0,1,1,1,1,1
xor_n5,neural,5,surrogate_precedence,38,120,120,1,1.0,1.0,0.0,1.0,1.0,1.0,1.0,1.0,1.0,1,1,1,1,1
xor_n5,neural,5,surrogate_precedence,39,120,120,7,1.0,1.0,0.0,0.99097222,1.0,1.0,1.0,1.0,1.0,1,1,1,1,1
xor_n5,neural,5,eda_precedence,0,120,120,1,1.0,1.0,0.0,1.0,1.0,1.0,1.0,1.0,1.0,1,1,1,1,1
xor_n5,neural,5,eda_precedence,1,120,120,14,1.0,1.0,0.0,0.99027778,1.0,1.0,1.0,1.0,1.0,1,1,1,1,1
xor_n5,neural,5,eda_precedence,2,120,120,1,1.0,1.0,0.0,1.0,1.0,1.0,1.0,1.0,1.0,1,1,1,1,1
xor_n5,neural,5,eda_precedence,3,120,120,6,1.0,1.0,0.0,0.99583333,1.0,1.0,1.0,1.0,1.0,1,1,1,1,1
xor_n5,neural,5,eda_precedence,4,120,120,2,1.0,1.0,0.0,0.99930556,1.0,1.0,1.0,1.0,1.0,1,1,1,1,1
xor_n5,neural,5,eda_precedence,5,120,120,8,1.0,1.0,0.0,0.99513889,1.0,1.0,1.0,1.0,1.0,1,1,1,1,1
xor_n5,neural,5,eda_precedence,6,120,120,19,1.0,1.0,0.0,0.9875,0.91666667,1.0,1.0,1.0,1.0,0,1,1,1,1
xor_n5,neural,5,eda_precedence,7,120,120,8,1.0,1.0,0.0,0.99305556,1.0,1.0,1.0,1.0,1.0,1,1,1,1,1
xor_n5,neural,5,eda_precedence,8,120,120,2,1.0,1.0,0.0,0.99791667,1.0,1.0,1.0,1.0,1.0,1,1,1,1,1
xor_n5,neural,5,eda_precedence,9,120,120,11,1.0,1.0,0.0,0.99027778,1.0,1.0,1.0,1.0,1.0,1,1,1,1,1
xor_n5,neural,5,eda_precedence,10,120,120,14,1.0,1.0,0.0,0.98541667,1.0,1.0,1.0,1.0,1.0,1,1,1,1,1
xor_n5,neural,5,eda_precedence,11,120,120,15,1.0,1.0,0.0,0.98819444,1.0,1.0,1.0,1.0,1.0,1,1,1,1,1
xor_n5,neural,5,eda_precedence,12,120,120,38,1.0,1.0,0.0,0.97222222,0.91666667,0.91666667,1.0,1.0,1.0,0,0,1,1,1
xor_n5,neural,5,eda_precedence,13,120,120,5,1.0,1.0,0.0,0.99513889,1.0,1.0,1.0,1.0,1.0,1,1,1,1,1
xor_n5,neural,5,eda_precedence,14,120,120,5,1.0,1.0,0.0,0.99305556,1.0,1.0,1.0,1.0,1.0,1,1,1,1,1
xor_n5,neural,5,eda_precedence,15,120,120,9,1.0,1.0,0.0,0.99166667,1.0,1.0,1.0,1.0,1.0,1,1,1,1,1
xor_n5,neural,5,eda_precedence,16,120,120,9,1.0,1.0,0.0,0.99236111,1.0,1.0,1.0,1.0,1.0,1,1,1,1,1
xor_n5,neural,5,eda_precedence,17,120,119,7,1.0,1.0,0.0,0.9929972,1.0,1.0,1.0,1.0,1.0,1,1,1,1,1
xor_n5,neural,5,eda_precedence,18,120,120,23,1.0,1.0,0.0,0.97708333,0.91666667,1.0,1.0,1.0,1.0,0,1,1,1,1
xor_n5,neural,5,eda_precedence,19,120,120,23,1.0,1.0,0.0,0.98402778,0.91666667,1.0,1.0,1.0,1.0,0,1,1,1,1
xor_n5,neural,5,eda_precedence,20,120,120,25,1.0,1.0,0.0,0.97916667,0.91666667,1.0,1.0,1.0,1.0,0,1,1,1,1
xor_n5,neural,5,eda_precedence,21,120,120,10,1.0,1.0,0.0,0.99236111,1.0,1.0,1.0,1.0,1.0,1,1,1,1,1
xor_n5,neural,5,eda_precedence,22,120,120,33,1.0,1.0,0.0,0.97638889,0.91666667,0.91666667,1.0,1.0,1.0,0,0,1,1,1
xor_n5,neural,5,eda_precedence,23,120,120,19,1.0,1.0,0.0,0.98055556,0.91666667,1.0,1.0,1.0,1.0,0,1,1,1,1
xor_n5,neural,5,eda_precedence,24,120,120,22,1.0,1.0,0.0,0.98541667,0.91666667,1.0,1.0,1.0,1.0,0,1,1,1,1
xor_n5,neural,5,eda_precedence,25,120,120,28,1.0,1.0,0.0,0.97777778,0.91666667,0.91666667,1.0,1.0,1.0,0,0,1,1,1
xor_n5,neural,5,eda_precedence,26,120,120,6,1.0,1.0,0.0,0.99652778,1.0,1.0,1.0,1.0,1.0,1,1,1,1,1
xor_n5,neural,5,eda_precedence,27,120,120,23,1.0,1.0,0.0,0.98472222,0.91666667,1.0,1.0,1.0,1.0,0,1,1,1,1
xor_n5,neural,5,eda_precedence,28,120,120,3,1.0,1.0,0.0,0.99652778,1.0,1.0,1.0,1.0,1.0,1,1,1,1,1
xor_n5,neural,5,eda_precedence,29,120,120,4,1.0,1.0,0.0,0.99791667,1.0,1.0,1.0,1.0,1.0,1,1,1,1,1
xor_n5,neural,5,eda_precedence,30,120,120,24,1.0,1.0,0.0,0.98263889,0.91666667,1.0,1.0,1.0,1.0,0,1,1,1,1
xor_n5,neural,5,eda_precedence,31,120,120,17,1.0,1.0,0.0,0.98888889,0.91666667,1.0,1.0,1.0,1.0,0,1,1,1,1
xor_n5,neural,5,eda_precedence,32,120,120,7,1.0,1.0,0.0,0.99166667,1.0,1.0,1.0,1.0,1.0,1,1,1,1,1
xor_n5,neural,5,eda_precedence,33,120,120,14,1.0,1.0,0.0,0.99097222,1.0,1.0,1.0,1.0,1.0,1,1,1,1,1
xor_n5,neural,5,eda_precedence,34,120,120,3,1.0,1.0,0.0,0.99652778,1.0,1.0,1.0,1.0,1.0,1,1,1,1,1
xor_n5,neural,5,eda_precedence,35,120,120,4,1.0,1.0,0.0,0.99791667,1.0,1.0,1.0,1.0,1.0,1,1,1,1,1
xor_n5,neural,5,eda_precedence,36,120,120,9,1.0,1.0,0.0,0.99444444,1.0,1.0,1.0,1.0,1.0,1,1,1,1,1
xor_n5,neural,5,eda_precedence,37,120,120,13,1.0,1.0,0.0,0.9875,1.0,1.0,1.0,1.0,1.0,1,1,1,1,1
xor_n5,neural,5,eda_precedence,38,120,120,1,1.0,1.0,0.0,1.0,1.0,1.0,1.0,1.0,1.0,1,1,1,1,1
xor_n5,neural,5,eda_precedence,39,120,120,7,1.0,1.0,0.0,0.99097222,1.0,1.0,1.0,1.0,1.0,1,1,1,1,1
xor_n5,neural,5,prism_protocol,0,120,120,4,1.0,1.0,0.0,0.99027778,1.0,1.0,1.0,1.0,1.0,1,1,1,1,1
xor_n5,neural,5,prism_protocol,1,120,120,4,1.0,1.0,0.0,0.99444444,1.0,1.0,1.0,1.0,1.0,1,1,1,1,1
xor_n5,neural,5,prism_protocol,2,120,120,14,1.0,1.0,0.0,0.9875,1.0,1.0,1.0,1.0,1.0,1,1,1,1,1
xor_n5,neural,5,prism_protocol,3,120,120,1,1.0,1.0,0.0,1.0,1.0,1.0,1.0,1.0,1.0,1,1,1,1,1
xor_n5,neural,5,prism_protocol,4,120,120,24,1.0,1.0,0.0,0.98402778,0.91666667,1.0,1.0,1.0,1.0,0,1,1,1,1
xor_n5,neural,5,prism_protocol,5,120,120,21,1.0,1.0,0.0,0.98472222,0.91666667,1.0,1.0,1.0,1.0,0,1,1,1,1
xor_n5,neural,5,prism_protocol,6,120,120,15,1.0,1.0,0.0,0.98472222,1.0,1.0,1.0,1.0,1.0,1,1,1,1,1
xor_n5,neural,5,prism_protocol,7,120,120,9,1.0,1.0,0.0,0.99097222,1.0,1.0,1.0,1.0,1.0,1,1,1,1,1
xor_n5,neural,5,prism_protocol,8,120,120,26,1.0,1.0,0.0,0.97986111,0.91666667,0.91666667,1.0,1.0,1.0,0,0,1,1,1
xor_n5,neural,5,prism_protocol,9,120,120,11,1.0,1.0,0.0,0.99305556,1.0,1.0,1.0,1.0,1.0,1,1,1,1,1
xor_n5,neural,5,prism_protocol,10,120,120,2,1.0,1.0,0.0,0.99930556,1.0,1.0,1.0,1.0,1.0,1,1,1,1,1
xor_n5,neural,5,prism_protocol,11,120,120,3,1.0,1.0,0.0,0.99861111,1.0,1.0,1.0,1.0,1.0,1,1,1,1,1
xor_n5,neural,5,prism_protocol,12,120,120,17,1.0,1.0,0.0,0.98472222,0.91666667,1.0,1.0,1.0,1.0,0,1,1,1,1
xor_n5,neural,5,prism_protocol,13,120,120,9,1.0,1.0,0.0,0.99375,1.0,1.0,1.0,1.0,1.0,1,1,1,1,1
xor_n5,neural,5,prism_protocol,14,120,120,4,1.0,1.0,0.0,0.99166667,1.0,1.0,1.0,1.0,1.0,1,1,1,1,1
xor_n5,neural,5,prism_protocol,15,120,120,3,1.0,1.0,0.0,0.99583333,1.0,1.0,1.0,1.0,1.0,1,1,1,1,1
xor_n5,neural,5,prism_protocol,16,120,120,33,1.0,1.0,0.0,0.97777778,0.91666667,0.91666667,1.0,1.0,1.0,0,0,1,1,1
xor_n5,neural,5,prism_protocol,17,120,120,5,1.0,1.0,0.0,0.99305556,1.0,1.0,1.0,1.0,1.0,1,1,1,1,1
xor_n5,neural,5,prism_protocol,18,120,120,4,1.0,1.0,0.0,0.99652778,1.0,1.0,1.0,1.0,1.0,1,1,1,1,1
xor_n5,neural,5,prism_protocol,19,120,120,12,1.0,1.0,0.0,0.98888889,1.0,1.0,1.0,1.0,1.0,1,1,1,1,1
xor_n5,neural,5,prism_protocol,20,120,120,20,1.0,1.0,0.0,0.98402778,0.91666667,1.0,1.0,1.0,1.0,0,1,1,1,1
xor_n5,neural,5,prism_protocol,21,120,120,9,1.0,1.0,0.0,0.99375,1.0,1.0,1.0,1.0,1.0,1,1,1,1,1
xor_n5,neural,5,prism_protocol,22,120,120,23,1.0,1.0,0.0,0.98472222,0.91666667,1.0,1.0,1.0,1.0,0,1,1,1,1
xor_n5,neural,5,prism_protocol,23,120,120,5,1.0,1.0,0.0,0.99722222,1.0,1.0,1.0,1.0,1.0,1,1,1,1,1
xor_n5,neural,5,prism_protocol,24,120,120,42,1.0,1.0,0.0,0.96527778,0.91666667,0.91666667,1.0,1.0,1.0,0,0,1,1,1
xor_n5,neural,5,prism_protocol,25,120,120,1,1.0,1.0,0.0,1.0,1.0,1.0,1.0,1.0,1.0,1,1,1,1,1
xor_n5,neural,5,prism_protocol,26,120,120,14,1.0,1.0,0.0,0.98611111,1.0,1.0,1.0,1.0,1.0,1,1,1,1,1
xor_n5,neural,5,prism_protocol,27,120,120,6,1.0,1.0,0.0,0.99652778,1.0,1.0,1.0,1.0,1.0,1,1,1,1,1
xor_n5,neural,5,prism_protocol,28,120,120,1,1.0,1.0,0.0,1.0,1.0,1.0,1.0,1.0,1.0,1,1,1,1,1
xor_n5,neural,5,prism_protocol,29,120,120,10,1.0,1.0,0.0,0.98888889,1.0,1.0,1.0,1.0,1.0,1,1,1,1,1
xor_n5,neural,5,prism_protocol,30,120,120,4,1.0,1.0,0.0,0.99583333,1.0,1.0,1.0,1.0,1.0,1,1,1,1,1
xor_n5,neural,5,prism_protocol,31,120,120,7,1.0,1.0,0.0,0.99444444,1.0,1.0,1.0,1.0,1.0,1,1,1,1,1
xor_n5,neural,5,prism_protocol,32,120,120,24,1.0,1.0,0.0,0.98333333,0.91666667,1.0,1.0,1.0,1.0,0,1,1,1,1
xor_n5,neural,5,prism_protocol,33,120,120,43,1.0,1.0,0.0,0.97083333,0.91666667,0.91666667,1.0,1.0,1.0,0,0,1,1,1
xor_n5,neural,5,prism_protocol,34,120,120,4,1.0,1.0,0.0,0.99722222,1.0,1.0,1.0,1.0,1.0,1,1,1,1,1
xor_n5,neural,5,prism_protocol,35,120,120,6,1.0,1.0,0.0,0.99652778,1.0,1.0,1.0,1.0,1.0,1,1,1,1,1
xor_n5,neural,5,prism_protocol,36,120,120,35,1.0,1.0,0.0,0.96805556,0.91666667,0.91666667,1.0,1.0,1.0,0,0,1,1,1
xor_n5,neural,5,prism_protocol,37,120,120,9,1.0,1.0,0.0,0.99444444,1.0,1.0,1.0,1.0,1.0,1,1,1,1,1
xor_n5,neural,5,prism_protocol,38,120,120,21,1.0,1.0,0.0,0.97708333,0.91666667,1.0,1.0,1.0,1.0,0,1,1,1,1
xor_n5,neural,5,prism_protocol,39,120,120,2,1.0,1.0,0.0,0.99930556,1.0,1.0,1.0,1.0,1.0,1,1,1,1,1
parity_n5,neural,5,uniform,0,120,120,82,0.95833333,0.95833333,0.0,0.92395833,0.875,0.91666667,0.91666667,0.95833333,0.95833333,0,0,0,1,1
parity_n5,neural,5,uniform,1,120,120,3,0.95833333,0.95833333,0.0,0.95451389,0.95833333,0.95833333,0.95833333,0.95833333,0.95833333,1,1,1,1,1
parity_n5,neural,5,uniform,2,120,120,55,0.95833333,0.95833333,0.0,0.90659722,0.83333333,0.83333333,0.875,0.95833333,0.95833333,0,0,0,1,1
parity_n5,neural,5,uniform,3,120,120,21,0.95833333,0.95833333,0.0,0.9375,0.83333333,0.95833333,0.95833333,0.95833333,0.95833333,0,1,1,1,1
parity_n5,neural,5,uniform,4,120,120,79,0.95833333,0.95833333,0.0,0.89409722,0.83333333,0.875,0.875,0.95833333,0.95833333,0,0,0,1,1
parity_n5,neural,5,uniform,5,120,120,35,0.95833333,0.95833333,0.0,0.94479167,0.91666667,0.91666667,0.95833333,0.95833333,0.95833333,0,0,1,1,1
parity_n5,neural,5,uniform,6,120,120,2,0.95833333,0.95833333,0.0,0.95798611,0.95833333,0.95833333,0.95833333,0.95833333,0.95833333,1,1,1,1,1
parity_n5,neural,5,uniform,7,120,120,20,0.95833333,0.95833333,0.0,0.93611111,0.83333333,0.95833333,0.95833333,0.95833333,0.95833333,0,1,1,1,1
parity_n5,neural,5,uniform,8,120,120,16,0.95833333,0.95833333,0.0,0.93854167,0.83333333,0.95833333,0.95833333,0.95833333,0.95833333,0,1,1,1,1
parity_n5,neural,5,uniform,9,120,120,49,0.95833333,0.95833333,0.0,0.91909722,0.875,0.875,0.95833333,0.95833333,0.95833333,0,0,1,1,1
parity_n5,neural,5,uniform,10,120,120,12,0.95833333,0.95833333,0.0,0.94583333,0.95833333,0.95833333,0.95833333,0.95833333,0.95833333,1,1,1,1,1
parity_n5,neural,5,uniform,11,120,120,82,0.95833333,0.95833333,0.0,0.88333333,0.83333333,0.83333333,0.875,0.95833333,0.95833333,0,0,0,1,1
parity_n5,neural,5,uniform,12,120,120,26,0.95833333,0.95833333,0.0,0.934375,0.875,0.875,0.95833333,0.95833333,0.95833333,0,0,1,1,1
parity_n5,neural,5,uniform,13,120,120,54,0.95833333,0.95833333,0.0,0.91493056,0.83333333,0.875,0.875,0.95833333,0.95833333,0,0,0,1,1
parity_n5,neural,5,uniform,14,120,120,70,0.95833333,0.95833333,0.0,0.92326389,0.875,0.91666667,0.91666667,0.95833333,0.95833333,0,0,0,1,1
parity_n5,neural,5,uniform,15,120,120,42,0.95833333,0.95833333,0.0,0.91701389,0.83333333,0.875,0.95833333,0.95833333,0.95833333,0,0,1,1,1
parity_n5,neural,5,uniform,16,120,120,12,0.95833333,0.95833333,0.0,0.94618056,0.95833333,0.95833333,0.95833333,0.95833333,0.95833333,1,1,1,1,1
parity_n5,neural,5,uniform,17,120,120,17,0.95833333,0.95833333,0.0,0.93923611,0.875,0.95833333,0.95833333,0.95833333,0.95833333,0,1,1,1,1
parity_n5,neural,5,uniform,18,120,120,14,0.95833333,0.95833333,0.0,0.94444444,0.95833333,0.95833333,0.95833333,0.95833333,0.95833333,1,1,1,1,1
parity_n5,neural,5,uniform,19,120,120,87,0.95833333,0.95833333,0.0,0.92326389,0.91666667,0.91666667,0.91666667,0.95833333,0.95833333,0,0,0,1,1
parity_n5,neural,5,uniform,20,120,120,82,0.95833333,0.95833333,0.0,0.92256944,0.91666667,0.91666667,0.91666667,0.95833333,0.95833333,0,0,0,1,1
parity_n5,neural,5,uniform,21,120,120,63,0.95833333,0.95833333,0.0,0.91111111,0.875,0.875,0.875,0.95833333,0.95833333,0,0,0,1,1
parity_n5,neural,5,uniform,22,120,120,85,0.95833333,0.95833333,0.0,0.90208333,0.83333333,0.83333333,0.91666667,0.95833333,0.95833333,0,0,0,1,1
parity_n5,neural,5,uniform,23,120,120,19,0.95833333,0.95833333,0.0,0.94201389,0.875,0.95833333,0.95833333,0.95833333,0.95833333,0,1,1,1,1
parity_n5,neural,5,uniform,24,120,120,69,0.95833333,0.95833333,0.0,0.89965278,0.83333333,0.875,0.875,0.95833333,0.95833333,0,0,0,1,1
parity_n5,neural,5,uniform,25,120,120,24,0.95833333,0.95833333,0.0,0.92256944,0.79166667,0.95833333,0.95833333,0.95833333,0.95833333,0,1,1,1,1
parity_n5,neural,5,uniform,26,120,120,60,0.95833333,0.95833333,0.0,0.91180556,0.875,0.875,0.875,0.95833333,0.95833333,0,0,0,1,1
parity_n5,neural,5,uniform,27,120,120,65,0.95833333,0.95833333,0.0,0.91597222,0.875,0.875,0.91666667,0.95833333,0.95833333,0,0,0,1,1
parity_n5,neural,5,uniform,28,120,120,1,0.95833333,0.95833333,0.0,0.95833333,0.95833333,0.95833333,0.95833333,0.95833333,0.95833333,1,1,1,1,1
parity_n5,neural,5,uniform,29,120,120,74,0.95833333,0.95833333,0.0,0.92708333,0.91666667,0.91666667,0.91666667,0.95833333,0.95833333,0,0,0,1,1
parity_n5,neural,5,uniform,30,120,120,30,0.95833333,0.95833333,0.0,0.93576389,0.875,0.875,0.95833333,0.95833333,0.95833333,0,0,1,1,1
parity_n5,neural,5,uniform,31,120,120,1,0.95833333,0.95833333,0.0,0.95833333,0.95833333,0.95833333,0.95833333,0.95833333,0.95833333,1,1,1,1,1
parity_n5,neural,5,uniform,32,120,120,51,0.95833333,0.95833333,0.0,0.94097222,0.91666667,0.91666667,0.91666667,0.95833333,0.95833333,0,0,0,1,1
parity_n5,neural,5,uniform,33,120,120,83,0.95833333,0.95833333,0.0,0.896875,0.83333333,0.875,0.875,0.95833333,0.95833333,0,0,0,1,1
parity_n5,neural,5,uniform,34,120,120,35,0.95833333,0.95833333,0.0,0.93784722,0.91666667,0.91666667,0.95833333,0.95833333,0.95833333,0,0,1,1,1
parity_n5,neural,5,uniform,35,120,120,58,0.95833333,0.95833333,0.0,0.903125,0.83333333,0.83333333,0.875,0.95833333,0.95833333,0,0,0,1,1
parity_n5,neural,5,uniform,36,120,120,61,0.95833333,0.95833333,0.0,0.93125,0.91666667,0.91666667,0.91666667,0.95833333,0.95833333,0,0,0,1,1
parity_n5,neural,5,uniform,37,120,120,55,0.95833333,0.95833333,0.0,0.91180556,0.875,0.875,0.875,0.95833333,0.95833333,0,0,0,1,1
parity_n5,neural,5,uniform,38,120,120,66,0.95833333,0.95833333,0.0,0.90902778,0.875,0.875,0.875,0.95833333,0.95833333,0,0,0,1,1
parity_n5,neural,5,uniform,39,120,120,58,0.95833333,0.95833333,0.0,0.93298611,0.91666667,0.91666667,0.91666667,0.95833333,0.95833333,0,0,0,1,1
parity_n5,neural,5,ls_swap,0,120,120,29,0.95833333,0.95833333,0.0,0.93125,0.875,0.875,0.95833333,0.95833333,0.95833333,0,0,1,1,1
parity_n5,neural,5,ls_swap,1,120,120,6,0.95833333,0.95833333,0.0,0.94965278,0.95833333,0.95833333,0.95833333,0.95833333,0.95833333,1,1,1,1,1
parity_n5,neural,5,ls_swap,2,120,120,108,0.95833333,0.95833333,0.0,0.90138889,0.875,0.875,0.91666667,0.91666667,0.95833333,0,0,0,0,1
parity_n5,neural,5,ls_swap,3,120,120,33,0.95833333,0.95833333,0.0,0.92152778,0.83333333,0.83333333,0.95833333,0.95833333,0.95833333,0,0,1,1,1
parity_n5,neural,5,ls_swap,4,120,120,77,0.95833333,0.95833333,0.0,0.90034722,0.875,0.875,0.875,0.95833333,0.95833333,0,0,0,1,1
parity_n5,neural,5,ls_swap,5,120,120,54,0.95833333,0.95833333,0.0,0.90520833,0.79166667,0.875,0.875,0.95833333,0.95833333,0,0,0,1,1
parity_n5,neural,5,ls_swap,6,120,120,66,0.95833333,0.95833333,0.0,0.92638889,0.875,0.875,0.91666667,0.95833333,0.95833333,0,0,0,1,1
parity_n5,neural,5,ls_swap,7,120,120,86,0.95833333,0.95833333,0.0,0.90104167,0.83333333,0.875,0.875,0.95833333,0.95833333,0,0,0,1,1
parity_n5,neural,5,ls_swap,8,120,120,4,0.95833333,0.95833333,0.0,0.95104167,0.95833333,0.95833333,0.95833333,0.95833333,0.95833333,1,1,1,1,1
parity_n5,neural,5,ls_swap,9,120,120,8,0.95833333,0.95833333,0.0,0.95034722,0.95833333,0.95833333,0.95833333,0.95833333,0.95833333,1,1,1,1,1
parity_n5,neural,5,ls_swap,10,120,120,102,0.95833333,0.95833333,0.0,0.91215278,0.875,0.91666667,0.91666667,0.91666667,0.95833333,0,0,0,0,1
parity_n5,neural,5,ls_swap,11,120,120,102,0.95833333,0.95833333,0.0,0.86840278,0.83333333,0.83333333,0.83333333,0.91666667,0.95833333,0,0,0,0,1
parity_n5,neural,5,ls_swap,12,120,120,63,0.95833333,0.95833333,0.0,0.92534722,0.875,0.91666667,0.91666667,0.95833333,0.95833333,0,0,0,1,1
parity_n5,neural,5,ls_swap,13,120,120,73,0.95833333,0.95833333,0.0,0.92569444,0.91666667,0.91666667,0.91666667,0.95833333,0.95833333,0,0,0,1,1
parity_n5,neural,5,ls_swap,14,120,120,76,0.95833333,0.95833333,0.0,0.93229167,0.91666667,0.91666667,0.91666667,0.95833333,0.95833333,0,0,0,1,1
parity_n5,neural,5,ls_swap,15,120,120,38,0.95833333,0.95833333,0.0,0.92395833,0.83333333,0.875,0.95833333,0.95833333,0.95833333,0,0,1,1,1
parity_n5,neural,5,ls_swap,16,120,120,37,0.95833333,0.95833333,0.0,0.93576389,0.91666667,0.91666667,0.95833333,0.95833333,0.95833333,0,0,1,1,1
parity_n5,neural,5,ls_swap,17,120,120,63,0.95833333,0.95833333,0.0,0.92361111,0.91666667,0.91666667,0.91666667,0.95833333,0.95833333,0,0,0,1,1
parity_n5,neural,5,ls_swap,18,120,120,49,0.95833333,0.95833333,0.0,0.91111111,0.83333333,0.83333333,0.95833333,0.95833333,0.95833333,0,0,1,1,1
parity_n5,neural,5,ls_swap,19,120,120,4,0.95833333,0.95833333,0.0,0.95520833,0.95833333,0.95833333,0.95833333,0.95833333,0.95833333,1,1,1,1,1
parity_n5,neural,5,ls_swap,20,120,120,104,0.95833333,0.95833333,0.0,0.89618056,0.875,0.875,0.875,0.91666667,0.95833333,0,0,0,0,1
parity_n5,neural,5,ls_swap,21,120,120,89,0.95833333,0.95833333,0.0,0.91770833,0.91666667,0.91666667,0.91666667,0.95833333,0.95833333,0,0,0,1,1
parity_n5,neural,5,ls_swap,22,120,120,33,0.95833333,0.95833333,0.0,0.91979167,0.83333333,0.83333333,0.95833333,0.95833333,0.95833333,0,0,1,1,1
parity_n5,neural,5,ls_swap,23,120,120,1,0.95833333,0.95833333,0.0,0.95833333,0.95833333,0.95833333,0.95833333,0.95833333,0.95833333,1,1,1,1,1
parity_n5,neural,5,ls_swap,24,120,120,73,0.95833333,0.95833333,0.0,0.90173611,0.79166667,0.875,0.91666667,0.95833333,0.95833333,0,0,0,1,1
parity_n5,neural,5,ls_swap,25,120,119,88,0.95833333,0.95833333,0.0,0.88620448,0.83333333,0.83333333,0.875,0.95833333,0.95833333,0,0,0,1,1
parity_n5,neural,5,ls_swap,26,120,120,21,0.95833333,0.95833333,0.0,0.93229167,0.83333333,0.95833333,0.95833333,0.95833333,0.95833333,0,1,1,1,1
parity_n5,neural,5,ls_swap,27,120,120,3,0.95833333,0.95833333,0.0,0.95555556,0.95833333,0.95833333,0.95833333,0.95833333,0.95833333,1,1,1,1,1
parity_n5,neural,5,ls_swap,28,120,120,58,0.95833333,0.95833333,0.0,0.91041667,0.83333333,0.83333333,0.91666667,0.95833333,0.95833333,0,0,0,1,1
parity_n5,neural,5,ls_swap,29,120,120,71,0.95833333,0.95833333,0.0,0.91284722,0.875,0.875,0.91666667,0.95833333,0.95833333,0,0,0,1,1
parity_n5,neural,5,ls_swap,30,120,120,34,0.95833333,0.95833333,0.0,0.93055556,0.875,0.875,0.95833333,0.95833333,0.95833333,0,0,1,1,1
parity_n5,neural,5,ls_swap,31,120,120,86,0.95833333,0.95833333,0.0,0.90972222,0.83333333,0.875,0.91666667,0.95833333,0.95833333,0,0,0,1,1
parity_n5,neural,5,ls_swap,32,120,120,1,0.95833333,0.95833333,0.0,0.95833333,0.95833333,0.95833333,0.95833333,0.95833333,0.95833333,1,1,1,1,1
parity_n5,neural,5,ls_swap,33,120,120,79,0.95833333,0.95833333,0.0,0.92256944,0.91666667,0.91666667,0.91666667,0.95833333,0.95833333,0,0,0,1,1
parity_n5,neural,5,ls_swap,34,120,120,4,0.95833333,0.95833333,0.0,0.95104167,0.95833333,0.95833333,0.95833333,0.95833333,0.95833333,1,1,1,1,1
parity_n5,neural,5,ls_swap,35,120,120,53,0.95833333,0.95833333,0.0,0.91319444,0.875,0.875,0.875,0.95833333,0.95833333,0,0,0,1,1
parity_n5,neural,5,ls_swap,36,120,120,3,0.95833333,0.95833333,0.0,0.95625,0.95833333,0.95833333,0.95833333,0.95833333,0.95833333,1,1,1,1,1
parity_n5,neural,5,ls_swap,37,120,120,26,0.95833333,0.95833333,0.0,0.94618056,0.91666667,0.91666667,0.95833333,0.95833333,0.95833333,0,0,1,1,1
parity_n5,neural,5,ls_swap,38,120,120,63,0.95833333,0.95833333,0.0,0.92013889,0.83333333,0.91666667,0.91666667,0.95833333,0.95833333,0,0,0,1,1
parity_n5,neural,5,ls_swap,39,120,120,6,0.95833333,0.95833333,0.0,0.95208333,0.95833333,0.95833333,0.95833333,0.95833333,0.95833333,1,1,1,1,1
parity_n5,neural,5,ls_insert,0,120,120,44,0.95833333,0.95833333,0.0,0.92847222,0.875,0.91666667,0.95833333,0.95833333,0.95833333,0,0,1,1,1
parity_n5,neural,5,ls_insert,1,120,120,6,0.95833333,0.95833333,0.0,0.94965278,0.95833333,0.95833333,0.95833333,0.95833333,0.95833333,1,1,1,1,1
parity_n5,neural,5,ls_insert,2,120,120,91,0.95833333,0.95833333,0.0,0.91215278,0.875,0.91666667,0.91666667,0.95833333,0.95833333,0,0,0,1,1
parity_n5,neural,5,ls_insert,3,120,120,100,0.95833333,0.95833333,0.0,0.88368056,0.83333333,0.875,0.875,0.95833333,0.95833333,0,0,0,1,1
parity_n5,neural,5,ls_insert,4,120,119,8,0.95833333,0.95833333,0.0,0.94852941,0.95833333,0.95833333,0.95833333,0.95833333,0.95833333,1,1,1,1,1
parity_n5,neural,5,ls_insert,5,120,120,86,0.95833333,0.95833333,0.0,0.91354167,0.875,0.91666667,0.91666667,0.95833333,0.95833333,0,0,0,1,1
parity_n5,neural,5,ls_insert,6,120,120,98,0.95833333,0.95833333,0.0,0.92326389,0.91666667,0.91666667,0.91666667,0.95833333,0.95833333,0,0,0,1,1
parity_n5,neural,5,ls_insert,7,120,120,11,0.95833333,0.95833333,0.0,0.94236111,0.95833333,0.95833333,0.95833333,0.95833333,0.95833333,1,1,1,1,1
parity_n5,neural,5,ls_insert,8,120,120,23,0.95833333,0.95833333,0.0,0.93263889,0.83333333,0.95833333,0.95833333,0.95833333,0.95833333,0,1,1,1,1
parity_n5,neural,5,ls_insert,9,120,120,43,0.95833333,0.95833333,0.0,0.92013889,0.83333333,0.875,0.95833333,0.95833333,0.95833333,0,0,1,1,1
parity_n5,neural,5,ls_insert,10,120,120,65,0.95833333,0.95833333,0.0,0.91145833,0.875,0.875,0.875,0.95833333,0.95833333,0,0,0,1,1
parity_n5,neural,5,ls_insert,11,120,120,38,0.95833333,0.95833333,0.0,0.92465278,0.83333333,0.875,0.95833333,0.95833333,0.95833333,0,0,1,1,1
parity_n5,neural,5,ls_insert,12,120,120,90,0.95833333,0.95833333,0.0,0.88611111,0.83333333,0.875,0.875,0.95833333,0.95833333,0,0,0,1,1
parity_n5,neural,5,ls_insert,13,120,120,56,0.95833333,0.95833333,0.0,0.91354167,0.79166667,0.875,0.91666667,0.95833333,0.95833333,0,0,0,1,1
parity_n5,neural,5,ls_insert,14,120,120,110,0.95833333,0.95833333,0.0,0.92048611,0.91666667,0.91666667,0.91666667,0.91666667,0.95833333,0,0,0,0,1
parity_n5,neural,5,ls_insert,15,120,120,17,0.95833333,0.95833333,0.0,0.93958333,0.875,0.95833333,0.95833333,0.95833333,0.95833333,0,1,1,1,1
parity_n5,neural,5,ls_insert,16,120,120,15,0.95833333,0.95833333,0.0,0.93541667,0.95833333,0.95833333,0.95833333,0.95833333,0.95833333,1,1,1,1,1
parity_n5,neural,5,ls_insert,17,120,120,13,0.95833333,0.95833333,0.0,0.93958333,0.95833333,0.95833333,0.95833333,0.95833333,0.95833333,1,1,1,1,1
parity_n5,neural,5,ls_insert,18,120,120,81,0.95833333,0.95833333,0.0,0.90138889,0.83333333,0.83333333,0.91666667,0.95833333,0.95833333,0,0,0,1,1
parity_n5,neural,5,ls_insert,19,120,120,33,0.95833333,0.95833333,0.0,0.92916667,0.83333333,0.83333333,0.95833333,0.95833333,0.95833333,0,0,1,1,1
parity_n5,neural,5,ls_insert,20,120,120,79,0.95833333,0.95833333,0.0,0.92048611,0.875,0.91666667,0.91666667,0.95833333,0.95833333,0,0,0,1,1
parity_n5,neural,5,ls_insert,21,120,120,15,0.95833333,0.95833333,0.0,0.93541667,0.95833333,0.95833333,0.95833333,0.95833333,0.95833333,1,1,1,1,1
parity_n5,neural,5,ls_insert,22,120,120,85,0.95833333,0.95833333,0.0,0.91701389,0.875,0.91666667,0.91666667,0.95833333,0.95833333,0,0,0,1,1
parity_n5,neural,5,ls_insert,23,120,120,1,0.95833333,0.95833333,0.0,0.95833333,0.95833333,0.95833333,0.95833333,0.95833333,0.95833333,1,1,1,1,1
parity_n5,neural,5,ls_insert,24,120,120,67,0.95833333,0.95833333,0.0,0.9125,0.875,0.875,0.91666667,0.95833333,0.95833333,0,0,0,1,1
parity_n5,neural,5,ls_insert,25,120,120,73,0.95833333,0.95833333,0.0,0.9,0.83333333,0.83333333,0.91666667,0.95833333,0.95833333,0,0,0,1,1
parity_n5,neural,5,ls_insert,26,120,120,24,0.95833333,0.95833333,0.0,0.92638889,0.83333333,0.95833333,0.95833333,0.95833333,0.95833333,0,1,1,1,1
parity_n5,neural,5,ls_insert,27,120,120,15,0.95833333,0.95833333,0.0,0.93993056,0.95833333,0.95833333,0.95833333,0.95833333,0.95833333,1,1,1,1,1
parity_n5,neural,5,ls_insert,28,120,120,71,0.95833333,0.95833333,0.0,0.89826389,0.83333333,0.875,0.875,0.95833333,0.95833333,0,0,0,1,1
parity_n5,neural,5,ls_insert,29,120,120,55,0.95833333,0.95833333,0.0,0.90729167,0.83333333,0.875,0.875,0.95833333,0.95833333,0,0,0,1,1
parity_n5,neural,5,ls_insert,30,120,120,67,0.95833333,0.95833333,0.0,0.92465278,0.875,0.91666667,0.91666667,0.95833333,0.95833333,0,0,0,1,1
parity_n5,neural,5,ls_insert,31,120,119,90,0.95833333,0.95833333,0.0,0.91176471,0.875,0.875,0.91666667,0.95833333,0.95833333,0,0,0,1,1
parity_n5,neural,5,ls_insert,32,120,120,1,0.95833333,0.95833333,0.0,0.95833333,0.95833333,0.95833333,0.95833333,0.95833333,0.95833333,1,1,1,1,1
parity_n5,neural,5,ls_insert,33,120,120,52,0.95833333,0.95833333,0.0,0.92708333,0.875,0.91666667,0.91666667,0.95833333,0.95833333,0,0,0,1,1
parity_n5,neural,5,ls_insert,34,120,120,23,0.95833333,0.95833333,0.0,0.93263889,0.83333333,0.95833333,0.95833333,0.95833333,0.95833333,0,1,1,1,1
parity_n5,neural,5,ls_insert,35,120,120,3,0.95833333,0.95833333,0.0,0.95381944,0.95833333,0.95833333,0.95833333,0.95833333,0.95833333,1,1,1,1,1
parity_n5,neural,5,ls_insert,36,120,120,34,0.95833333,0.95833333,0.0,0.92534722,0.83333333,0.83333333,0.95833333,0.95833333,0.95833333,0,0,1,1,1
parity_n5,neural,5,ls_insert,37,120,120,11,0.95833333,0.95833333,0.0,0.94513889,0.95833333,0.95833333,0.95833333,0.95833333,0.95833333,1,1,1,1,1
parity_n5,neural,5,ls_insert,38,120,120,106,0.95833333,0.95833333,0.0,0.88993056,0.79166667,0.83333333,0.91666667,0.91666667,0.95833333,0,0,0,0,1
parity_n5,neural,5,ls_insert,39,120,120,6,0.95833333,0.95833333,0.0,0.95138889,0.95833333,0.95833333,0.95833333,0.95833333,0.95833333,1,1,1,1,1
parity_n5,neural,5,ls_inversion,0,120,120,29,0.95833333,0.95833333,0.0,0.92986111,0.875,0.875,0.95833333,0.95833333,0.95833333,0,0,1,1,1
parity_n5,neural,5,ls_inversion,1,120,120,6,0.95833333,0.95833333,0.0,0.94965278,0.95833333,0.95833333,0.95833333,0.95833333,0.95833333,1,1,1,1,1
parity_n5,neural,5,ls_inversion,2,120,120,42,0.95833333,0.95833333,0.0,0.92083333,0.875,0.875,0.95833333,0.95833333,0.95833333,0,0,1,1,1
parity_n5,neural,5,ls_inversion,3,120,120,34,0.95833333,0.95833333,0.0,0.93854167,0.91666667,0.91666667,0.95833333,0.95833333,0.95833333,0,0,1,1,1
parity_n5,neural,5,ls_inversion,4,120,120,18,0.95833333,0.95833333,0.0,0.94236111,0.875,0.95833333,0.95833333,0.95833333,0.95833333,0,1,1,1,1
parity_n5,neural,5,ls_inversion,5,120,120,12,0.95833333,0.95833333,0.0,0.94097222,0.95833333,0.95833333,0.95833333,0.95833333,0.95833333,1,1,1,1,1
parity_n5,neural,5,ls_inversion,6,120,120,19,0.95833333,0.95833333,0.0,0.94583333,0.875,0.95833333,0.95833333,0.95833333,0.95833333,0,1,1,1,1
parity_n5,neural,5,ls_inversion,7,120,120,59,0.95833333,0.95833333,0.0,0.91354167,0.875,0.875,0.875,0.95833333,0.95833333,0,0,0,1,1
parity_n5,neural,5,ls_inversion,8,120,119,14,0.95833333,0.95833333,0.0,0.93977591,0.95833333,0.95833333,0.95833333,0.95833333,0.95833333,1,1,1,1,1
parity_n5,neural,5,ls_inversion,9,120,120,76,0.95833333,0.95833333,0.0,0.88472222,0.83333333,0.83333333,0.83333333,0.95833333,0.95833333,0,0,0,1,1
parity_n5,neural,5,ls_inversion,10,120,120,24,0.95833333,0.95833333,0.0,0.93680556,0.875,0.95833333,0.95833333,0.95833333,0.95833333,0,1,1,1,1
parity_n5,neural,5,ls_inversion,11,120,120,38,0.95833333,0.95833333,0.0,0.91631944,0.83333333,0.83333333,0.95833333,0.95833333,0.95833333,0,0,1,1,1
parity_n5,neural,5,ls_inversion,12,120,120,52,0.95833333,0.95833333,0.0,0.90798611,0.83333333,0.83333333,0.875,0.95833333,0.95833333,0,0,0,1,1
parity_n5,neural,5,ls_inversion,13,120,120,79,0.95833333,0.95833333,0.0,0.90347222,0.83333333,0.83333333,0.91666667,0.95833333,0.95833333,0,0,0,1,1
parity_n5,neural,5,ls_inversion,14,120,120,70,0.95833333,0.95833333,0.0,0.934375,0.91666667,0.91666667,0.91666667,0.95833333,0.95833333,0,0,0,1,1
parity_n5,neural,5,ls_inversion,15,120,120,39,0.95833333,0.95833333,0.0,0.92361111,0.83333333,0.875,0.95833333,0.95833333,0.95833333,0,0,1,1,1
parity_n5,neural,5,ls_inversion,16,120,120,17,0.95833333,0.95833333,0.0,0.94166667,0.875,0.95833333,0.95833333,0.95833333,0.95833333,0,1,1,1,1
parity_n5,neural,5,ls_inversion,17,120,120,58,0.95833333,0.95833333,0.0,0.92569444,0.91666667,0.91666667,0.91666667,0.95833333,0.95833333,0,0,0,1,1
parity_n5,neural,5,ls_inversion,18,120,120,40,0.95833333,0.95833333,0.0,0.91597222,0.83333333,0.83333333,0.95833333,0.95833333,0.95833333,0,0,1,1,1
parity_n5,neural,5,ls_inversion,19,120,120,86,0.95833333,0.95833333,0.0,0.89722222,0.83333333,0.83333333,0.875,0.95833333,0.95833333,0,0,0,1,1
parity_n5,neural,5,ls_inversion,20,120,120,75,0.95833333,0.95833333,0.0,0.90277778,0.875,0.875,0.875,0.95833333,0.95833333,0,0,0,1,1
parity_n5,neural,5,ls_inversion,21,120,120,17,0.95833333,0.95833333,0.0,0.94166667,0.875,0.95833333,0.95833333,0.95833333,0.95833333,0,1,1,1,1
parity_n5,neural,5,ls_inversion,22,120,120,50,0.95833333,0.95833333,0.0,0.91180556,0.83333333,0.875,0.95833333,0.95833333,0.95833333,0,0,1,1,1
parity_n5,neural,5,ls_inversion,23,120,120,1,0.95833333,0.95833333,0.0,0.95833333,0.95833333,0.95833333,0.95833333,0.95833333,0.95833333,1,1,1,1,1
parity_n5,neural,5,ls_inversion,24,120,120,51,0.95833333,0.95833333,0.0,0.90694444,0.79166667,0.875,0.875,0.95833333,0.95833333,0,0,0,1,1
parity_n5,neural,5,ls_inversion,25,120,120,64,0.95833333,0.95833333,0.0,0.89791667,0.83333333,0.83333333,0.875,0.95833333,0.95833333,0,0,0,1,1
parity_n5,neural,5,ls_inversion,26,120,120,29,0.95833333,0.95833333,0.0,0.91979167,0.83333333,0.83333333,0.95833333,0.95833333,0.95833333,0,0,1,1,1
parity_n5,neural,5,ls_inversion,27,120,120,3,0.95833333,0.95833333,0.0,0.95555556,0.95833333,0.95833333,0.95833333,0.95833333,0.95833333,1,1,1,1,1
parity_n5,neural,5,ls_inversion,28,120,120,25,0.95833333,0.95833333,0.0,0.93263889,0.875,0.95833333,0.95833333,0.95833333,0.95833333,0,1,1,1,1
parity_n5,neural,5,ls_inversion,29,120,120,14,0.95833333,0.95833333,0.0,0.93923611,0.95833333,0.95833333,0.95833333,0.95833333,0.95833333,1,1,1,1,1
parity_n5,neural,5,ls_inversion,30,120,120,41,0.95833333,0.95833333,0.0,0.921875,0.875,0.875,0.95833333,0.95833333,0.95833333,0,0,1,1,1
parity_n5,neural,5,ls_inversion,31,120,120,62,0.95833333,0.95833333,0.0,0.90243056,0.83333333,0.83333333,0.875,0.95833333,0.95833333,0,0,0,1,1
parity_n5,neural,5,ls_inversion,32,120,120,1,0.95833333,0.95833333,0.0,0.95833333,0.95833333,0.95833333,0.95833333,0.95833333,0.95833333,1,1,1,1,1
parity_n5,neural,5,ls_inversion,33,120,120,51,0.95833333,0.95833333,0.0,0.92048611,0.875,0.875,0.875,0.95833333,0.95833333,0,0,0,1,1
parity_n5,neural,5,ls_inversion,34,120,120,14,0.95833333,0.95833333,0.0,0.93993056,0.95833333,0.95833333,0.95833333,0.95833333,0.95833333,1,1,1,1,1
parity_n5,neural,5,ls_inversion,35,120,120,24,0.95833333,0.95833333,0.0,0.92951389,0.83333333,0.95833333,0.95833333,0.95833333,0.95833333,0,1,1,1,1
parity_n5,neural,5,ls_inversion,36,120,120,3,0.95833333,0.95833333,0.0,0.95625,0.95833333,0.95833333,0.95833333,0.95833333,0.95833333,1,1,1,1,1
parity_n5,neural,5,ls_inversion,37,120,120,26,0.95833333,0.95833333,0.0,0.94618056,0.91666667,0.91666667,0.95833333,0.95833333,0.95833333,0,0,1,1,1
parity_n5,neural,5,ls_inversion,38,120,120,8,0.95833333,0.95833333,0.0,0.94722222,0.95833333,0.95833333,0.95833333,0.95833333,0.95833333,1,1,1,1,1
parity_n5,neural,5,ls_inversion,39,120,120,6,0.95833333,0.95833333,0.0,0.95138889,0.95833333,0.95833333,0.95833333,0.95833333,0.95833333,1,1,1,1,1
parity_n5,neural,5,simulated_annealing,0,120,120,9,0.95833333,0.95833333,0.0,0.94895833,0.95833333,0.95833333,0.95833333,0.95833333,0.95833333,1,1,1,1,1
parity_n5,neural,5,simulated_annealing,1,120,120,53,0.95833333,0.95833333,0.0,0.91006944,0.875,0.875,0.875,0.95833333,0.95833333,0,0,0,1,1
parity_n5,neural,5,simulated_annealing,2,120,120,98,0.95833333,0.95833333,0.0,0.89652778,0.83333333,0.83333333,0.91666667,0.95833333,0.95833333,0,0,0,1,1
parity_n5,neural,5,simulated_annealing,3,120,120,56,0.95833333,0.95833333,0.0,0.91215278,0.83333333,0.83333333,0.91666667,0.95833333,0.95833333,0,0,0,1,1
parity_n5,neural,5,simulated_annealing,4,120,120,70,0.95833333,0.95833333,0.0,0.92048611,0.875,0.875,0.91666667,0.95833333,0.95833333,0,0,0,1,1
parity_n5,neural,5,simulated_annealing,5,120,120,7,0.95833333,0.95833333,0.0,0.94895833,0.95833333,0.95833333,0.95833333,0.95833333,0.95833333,1,1,1,1,1
parity_n5,neural,5,simulated_annealing,6,120,120,111,0.95833333,0.95833333,0.0,0.91006944,0.875,0.875,0.91666667,0.91666667,0.95833333,0,0,0,0,1
parity_n5,neural,5,simulated_annealing,7,120,120,77,0.95833333,0.95833333,0.0,0.915625,0.875,0.875,0.91666667,0.95833333,0.95833333,0,0,0,1,1
parity_n5,neural,5,simulated_annealing,8,120,120,12,0.95833333,0.95833333,0.0,0.93923611,0.95833333,0.95833333,0.95833333,0.95833333,0.95833333,1,1,1,1,1
parity_n5,neural,5,simulated_annealing,9,120,120,42,0.95833333,0.95833333,0.0,0.91701389,0.875,0.875,0.95833333,0.95833333,0.95833333,0,0,1,1,1
parity_n5,neural,5,simulated_annealing,10,120,120,5,0.95833333,0.95833333,0.0,0.95104167,0.95833333,0.95833333,0.95833333,0.95833333,0.95833333,1,1,1,1,1
parity_n5,neural,5,simulated_annealing,11,120,120,16,0.95833333,0.95833333,0.0,0.94131944,0.83333333,0.95833333,0.95833333,0.95833333,0.95833333,0,1,1,1,1
parity_n5,neural,5,simulated_annealing,12,120,120,3,0.95833333,0.95833333,0.0,0.95486111,0.95833333,0.95833333,0.95833333,0.95833333,0.95833333,1,1,1,1,1
parity_n5,neural,5,simulated_annealing,13,120,119,6,0.95833333,0.95833333,0.0,0.95133053,0.95833333,0.95833333,0.95833333,0.95833333,0.95833333,1,1,1,1,1
parity_n5,neural,5,simulated_annealing,14,120,120,72,0.95833333,0.95833333,0.0,0.93368056,0.91666667,0.91666667,0.91666667,0.95833333,0.95833333,0,0,0,1,1
parity_n5,neural,5,simulated_annealing,15,120,120,9,0.95833333,0.95833333,0.0,0.94722222,0.95833333,0.95833333,0.95833333,0.95833333,0.95833333,1,1,1,1,1
parity_n5,neural,5,simulated_annealing,16,120,120,62,0.95833333,0.95833333,0.0,0.90763889,0.875,0.875,0.875,0.95833333,0.95833333,0,0,0,1,1
parity_n5,neural,5,simulated_annealing,17,120,120,25,0.95833333,0.95833333,0.0,0.93368056,0.875,0.95833333,0.95833333,0.95833333,0.95833333,0,1,1,1,1
parity_n5,neural,5,simulated_annealing,18,120,120,67,0.95833333,0.95833333,0.0,0.90763889,0.875,0.875,0.875,0.95833333,0.95833333,0,0,0,1,1
parity_n5,neural,5,simulated_annealing,19,120,120,20,0.95833333,0.95833333,0.0,0.93854167,0.83333333,0.95833333,0.95833333,0.95833333,0.95833333,0,1,1,1,1
parity_n5,neural,5,simulated_annealing,20,120,120,29,0.95833333,0.95833333,0.0,0.92569444,0.83333333,0.83333333,0.95833333,0.95833333,0.95833333,0,0,1,1,1
parity_n5,neural,5,simulated_annealing,21,120,120,8,0.95833333,0.95833333,0.0,0.94652778,0.95833333,0.95833333,0.95833333,0.95833333,0.95833333,1,1,1,1,1
parity_n5,neural,5,simulated_annealing,22,120,120,32,0.95833333,0.95833333,0.0,0.92847222,0.875,0.875,0.95833333,0.95833333,0.95833333,0,0,1,1,1
parity_n5,neural,5,simulated_annealing,23,120,120,1,0.95833333,0.95833333,0.0,0.95833333,0.95833333,0.95833333,0.95833333,0.95833333,0.95833333,1,1,1,1,1
parity_n5,neural,5,simulated_annealing,24,120,120,28,0.95833333,0.95833333,0.0,0.93194444,0.875,0.875,0.95833333,0.95833333,0.95833333,0,0,1,1,1
parity_n5,neural,5,simulated_annealing,25,120,120,43,0.95833333,0.95833333,0.0,0.92256944,0.875,0.875,0.95833333,0.95833333,0.95833333,0,0,1,1,1
parity_n5,neural,5,simulated_annealing,26,120,120,85,0.95833333,0.95833333,0.0,0.88923611,0.875,0.875,0.875,0.95833333,0.95833333,0,0,0,1,1
parity_n5,neural,5,simulated_annealing,27,120,120,93,0.95833333,0.95833333,0.0,0.903125,0.83333333,0.83333333,0.91666667,0.95833333,0.95833333,0,0,0,1,1
parity_n5,neural,5,simulated_annealing,28,120,120,115,0.95833333,0.95833333,0.0,0.86284722,0.83333333,0.83333333,0.875,0.875,0.95833333,0,0,0,0,1
parity_n5,neural,5,simulated_annealing,29,120,120,49,0.95833333,0.95833333,0.0,0.92465278,0.875,0.875,0.95833333,0.95833333,0.95833333,0,0,1,1,1
parity_n5,neural,5,simulated_annealing,30,120,120,43,0.95833333,0.95833333,0.0,0.91909722,0.875,0.875,0.95833333,0.95833333,0.95833333,0,0,1,1,1
parity_n5,neural,5,simulated_annealing,31,120,120,57,0.95833333,0.95833333,0.0,0.91076389,0.83333333,0.875,0.91666667,0.95833333,0.95833333,0,0,0,1,1
parity_n5,neural,5,simulated_annealing,32,120,120,1,0.95833333,0.95833333,0.0,0.95833333,0.95833333,0.95833333,0.95833333,0.95833333,0.95833333,1,1,1,1,1
parity_n5,neural,5,simulated_annealing,33,120,120,89,0.95833333,0.95833333,0.0,0.89513889,0.875,0.875,0.875,0.95833333,0.95833333,0,0,0,1,1
parity_n5,neural,5,simulated_annealing,34,120,120,49,0.95833333,0.95833333,0.0,0.90555556,0.83333333,0.83333333,0.95833333,0.95833333,0.95833333,0,0,1,1,1
parity_n5,neural,5,simulated_annealing,35,120,120,39,0.95833333,0.95833333,0.0,0.91215278,0.83333333,0.83333333,0.95833333,0.95833333,0.95833333,0,0,1,1,1
parity_n5,neural,5,simulated_annealing,36,120,120,16,0.95833333,0.95833333,0.0,0.94270833,0.83333333,0.95833333,0.95833333,0.95833333,0.95833333,0,1,1,1,1
parity_n5,neural,5,simulated_annealing,37,120,120,27,0.95833333,0.95833333,0.0,0.93055556,0.83333333,0.875,0.95833333,0.95833333,0.95833333,0,0,1,1,1
parity_n5,neural,5,simulated_annealing,38,120,120,22,0.95833333,0.95833333,0.0,0.93298611,0.83333333,0.95833333,0.95833333,0.95833333,0.95833333,0,1,1,1,1
parity_n5,neural,5,simulated_annealing,39,120,120,95,0.95833333,0.95833333,0.0,0.91284722,0.875,0.875,0.91666667,0.95833333,0.95833333,0,0,0,1,1
parity_n5,neural,5,iterated_local_search,0,120,120,42,0.95833333,0.95833333,0.0,0.92916667,0.875,0.91666667,0.95833333,0.95833333,0.95833333,0,0,1,1,1
parity_n5,neural,5,iterated_local_search,1,120,120,6,0.95833333,0.95833333,0.0,0.94965278,0.95833333,0.95833333,0.95833333,0.95833333,0.95833333,1,1,1,1,1
parity_n5,neural,5,iterated_local_search,2,120,120,81,0.95833333,0.95833333,0.0,0.915625,0.875,0.91666667,0.91666667,0.95833333,0.95833333,0,0,0,1,1
parity_n5,neural,5,iterated_local_search,3,120,120,67,0.95833333,0.95833333,0.0,0.89930556,0.83333333,0.875,0.875,0.95833333,0.95833333,0,0,0,1,1
parity_n5,neural,5,iterated_local_search,4,120,120,8,0.95833333,0.95833333,0.0,0.94861111,0.95833333,0.95833333,0.95833333,0.95833333,0.95833333,1,1,1,1,1
parity_n5,neural,5,iterated_local_search,5,120,120,80,0.95833333,0.95833333,0.0,0.915625,0.875,0.91666667,0.91666667,0.95833333,0.95833333,0,0,0,1,1
parity_n5,neural,5,iterated_local_search,6,120,120,71,0.95833333,0.95833333,0.0,0.93263889,0.91666667,0.91666667,0.91666667,0.95833333,0.95833333,0,0,0,1,1
parity_n5,neural,5,iterated_local_search,7,120,120,11,0.95833333,0.95833333,0.0,0.94236111,0.95833333,0.95833333,0.95833333,0.95833333,0.95833333,1,1,1,1,1
parity_n5,neural,5,iterated_local_search,8,120,120,23,0.95833333,0.95833333,0.0,0.93263889,0.83333333,0.95833333,0.95833333,0.95833333,0.95833333,0,1,1,1,1
parity_n5,neural,5,iterated_local_search,9,120,120,37,0.95833333,0.95833333,0.0,0.92430556,0.83333333,0.875,0.95833333,0.95833333,0.95833333,0,0,1,1,1
parity_n5,neural,5,iterated_local_search,10,120,120,98,0.95833333,0.95833333,0.0,0.91076389,0.875,0.875,0.91666667,0.95833333,0.95833333,0,0,0,1,1
parity_n5,neural,5,iterated_local_search,11,120,120,64,0.95833333,0.95833333,0.0,0.90659722,0.83333333,0.875,0.875,0.95833333,0.95833333,0,0,0,1,1
parity_n5,neural,5,iterated_local_search,12,120,120,49,0.95833333,0.95833333,0.0,0.91631944,0.83333333,0.875,0.95833333,0.95833333,0.95833333,0,0,1,1,1
parity_n5,neural,5,iterated_local_search,13,120,120,79,0.95833333,0.95833333,0.0,0.89965278,0.79166667,0.875,0.91666667,0.95833333,0.95833333,0,0,0,1,1
parity_n5,neural,5,iterated_local_search,14,120,120,25,0.95833333,0.95833333,0.0,0.95,0.91666667,0.95833333,0.95833333,0.95833333,0.95833333,0,1,1,1,1
parity_n5,neural,5,iterated_local_search,15,120,120,17,0.95833333,0.95833333,0.0,0.93958333,0.875,0.95833333,0.95833333,0.95833333,0.95833333,0,1,1,1,1
parity_n5,neural,5,iterated_local_search,16,120,120,15,0.95833333,0.95833333,0.0,0.93541667,0.95833333,0.95833333,0.95833333,0.95833333,0.95833333,1,1,1,1,1
parity_n5,neural,5,iterated_local_search,17,120,120,13,0.95833333,0.95833333,0.0,0.93958333,0.95833333,0.95833333,0.95833333,0.95833333,0.95833333,1,1,1,1,1
parity_n5,neural,5,iterated_local_search,18,120,120,98,0.95833333,0.95833333,0.0,0.88333333,0.83333333,0.83333333,0.875,0.95833333,0.95833333,0,0,0,1,1
parity_n5,neural,5,iterated_local_search,19,120,120,74,0.95833333,0.95833333,0.0,0.91319444,0.83333333,0.875,0.91666667,0.95833333,0.95833333,0,0,0,1,1
parity_n5,neural,5,iterated_local_search,20,120,120,41,0.95833333,0.95833333,0.0,0.93368056,0.875,0.91666667,0.95833333,0.95833333,0.95833333,0,0,1,1,1
parity_n5,neural,5,iterated_local_search,21,120,120,15,0.95833333,0.95833333,0.0,0.93541667,0.95833333,0.95833333,0.95833333,0.95833333,0.95833333,1,1,1,1,1
parity_n5,neural,5,iterated_local_search,22,120,120,73,0.95833333,0.95833333,0.0,0.92118056,0.875,0.91666667,0.91666667,0.95833333,0.95833333,0,0,0,1,1
parity_n5,neural,5,iterated_local_search,23,120,120,1,0.95833333,0.95833333,0.0,0.95833333,0.95833333,0.95833333,0.95833333,0.95833333,0.95833333,1,1,1,1,1
parity_n5,neural,5,iterated_local_search,24,120,120,40,0.95833333,0.95833333,0.0,0.92430556,0.875,0.875,0.95833333,0.95833333,0.95833333,0,0,1,1,1
parity_n5,neural,5,iterated_local_search,25,120,120,77,0.95833333,0.95833333,0.0,0.88680556,0.83333333,0.83333333,0.875,0.95833333,0.95833333,0,0,0,1,1
parity_n5,neural,5,iterated_local_search,26,120,120,24,0.95833333,0.95833333,0.0,0.92638889,0.83333333,0.95833333,0.95833333,0.95833333,0.95833333,0,1,1,1,1
parity_n5,neural,5,iterated_local_search,27,120,120,15,0.95833333,0.95833333,0.0,0.93993056,0.95833333,0.95833333,0.95833333,0.95833333,0.95833333,1,1,1,1,1
parity_n5,neural,5,iterated_local_search,28,120,120,71,0.95833333,0.95833333,0.0,0.89270833,0.83333333,0.875,0.875,0.95833333,0.95833333,0,0,0,1,1
parity_n5,neural,5,iterated_local_search,29,120,120,53,0.95833333,0.95833333,0.0,0.90972222,0.83333333,0.875,0.91666667,0.95833333,0.95833333,0,0,0,1,1
parity_n5,neural,5,iterated_local_search,30,120,120,107,0.95833333,0.95833333,0.0,0.91076389,0.875,0.91666667,0.91666667,0.91666667,0.95833333,0,0,0,0,1
parity_n5,neural,5,iterated_local_search,31,120,120,59,0.95833333,0.95833333,0.0,0.91631944,0.875,0.875,0.875,0.95833333,0.95833333,0,0,0,1,1
parity_n5,neural,5,iterated_local_search,32,120,120,1,0.95833333,0.95833333,0.0,0.95833333,0.95833333,0.95833333,0.95833333,0.95833333,0.95833333,1,1,1,1,1
parity_n5,neural,5,iterated_local_search,33,120,120,60,0.95833333,0.95833333,0.0,0.92430556,0.875,0.91666667,0.91666667,0.95833333,0.95833333,0,0,0,1,1
parity_n5,neural,5,iterated_local_search,34,120,120,23,0.95833333,0.95833333,0.0,0.93263889,0.83333333,0.95833333,0.95833333,0.95833333,0.95833333,0,1,1,1,1
parity_n5,neural,5,iterated_local_search,35,120,120,3,0.95833333,0.95833333,0.0,0.95381944,0.95833333,0.95833333,0.95833333,0.95833333,0.95833333,1,1,1,1,1
parity_n5,neural,5,iterated_local_search,36,120,120,48,0.95833333,0.95833333,0.0,0.92534722,0.83333333,0.875,0.95833333,0.95833333,0.95833333,0,0,1,1,1
parity_n5,neural,5,iterated_local_search,37,120,120,11,0.95833333,0.95833333,0.0,0.94513889,0.95833333,0.95833333,0.95833333,0.95833333,0.95833333,1,1,1,1,1
parity_n5,neural,5,iterated_local_search,38,120,120,82,0.95833333,0.95833333,0.0,0.89166667,0.79166667,0.83333333,0.875,0.95833333,0.95833333,0,0,0,1,1
parity_n5,neural,5,iterated_local_search,39,120,120,6,0.95833333,0.95833333,0.0,0.95138889,0.95833333,0.95833333,0.95833333,0.95833333,0.95833333,1,1,1,1,1
parity_n5,neural,5,ea_elitist,0,120,120,90,0.95833333,0.95833333,0.0,0.90902778,0.83333333,0.91666667,0.91666667,0.95833333,0.95833333,0,0,0,1,1
parity_n5,neural,5,ea_elitist,1,120,120,61,0.95833333,0.95833333,0.0,0.90486111,0.83333333,0.875,0.875,0.95833333,0.95833333,0,0,0,1,1
parity_n5,neural,5,ea_elitist,2,120,120,24,0.95833333,0.95833333,0.0,0.94652778,0.91666667,0.95833333,0.95833333,0.95833333,0.95833333,0,1,1,1,1
parity_n5,neural,5,ea_elitist,3,120,120,75,0.95833333,0.95833333,0.0,0.91388889,0.875,0.875,0.91666667,0.95833333,0.95833333,0,0,0,1,1
parity_n5,neural,5,ea_elitist,4,120,120,57,0.95833333,0.95833333,0.0,0.91631944,0.875,0.875,0.875,0.95833333,0.95833333,0,0,0,1,1
parity_n5,neural,5,ea_elitist,5,120,120,36,0.95833333,0.95833333,0.0,0.91840278,0.83333333,0.83333333,0.95833333,0.95833333,0.95833333,0,0,1,1,1
parity_n5,neural,5,ea_elitist,6,120,120,70,0.95833333,0.95833333,0.0,0.92256944,0.875,0.875,0.91666667,0.95833333,0.95833333,0,0,0,1,1
parity_n5,neural,5,ea_elitist,7,120,120,63,0.95833333,0.95833333,0.0,0.92118056,0.875,0.875,0.91666667,0.95833333,0.95833333,0,0,0,1,1
parity_n5,neural,5,ea_elitist,8,120,120,13,0.95833333,0.95833333,0.0,0.94444444,0.95833333,0.95833333,0.95833333,0.95833333,0.95833333,1,1,1,1,1
parity_n5,neural,5,ea_elitist,9,120,120,63,0.95833333,0.95833333,0.0,0.91527778,0.875,0.875,0.91666667,0.95833333,0.95833333,0,0,0,1,1
parity_n5,neural,5,ea_elitist,10,120,120,30,0.95833333,0.95833333,0.0,0.93402778,0.91666667,0.91666667,0.95833333,0.95833333,0.95833333,0,0,1,1,1
parity_n5,neural,5,ea_elitist,11,120,120,32,0.95833333,0.95833333,0.0,0.92291667,0.79166667,0.875,0.95833333,0.95833333,0.95833333,0,0,1,1,1
parity_n5,neural,5,ea_elitist,12,120,120,95,0.95833333,0.95833333,0.0,0.90729167,0.875,0.875,0.91666667,0.95833333,0.95833333,0,0,0,1,1
parity_n5,neural,5,ea_elitist,13,120,120,73,0.95833333,0.95833333,0.0,0.91076389,0.83333333,0.875,0.91666667,0.95833333,0.95833333,0,0,0,1,1
parity_n5,neural,5,ea_elitist,14,120,120,67,0.95833333,0.95833333,0.0,0.93541667,0.91666667,0.91666667,0.91666667,0.95833333,0.95833333,0,0,0,1,1
parity_n5,neural,5,ea_elitist,15,120,120,19,0.95833333,0.95833333,0.0,0.93298611,0.79166667,0.95833333,0.95833333,0.95833333,0.95833333,0,1,1,1,1
parity_n5,neural,5,ea_elitist,16,120,120,114,0.95833333,0.95833333,0.0,0.91041667,0.91666667,0.91666667,0.91666667,0.91666667,0.95833333,0,0,0,0,1
parity_n5,neural,5,ea_elitist,17,120,120,21,0.95833333,0.95833333,0.0,0.94131944,0.875,0.95833333,0.95833333,0.95833333,0.95833333,0,1,1,1,1
parity_n5,neural,5,ea_elitist,18,120,120,4,0.95833333,0.95833333,0.0,0.95451389,0.95833333,0.95833333,0.95833333,0.95833333,0.95833333,1,1,1,1,1
parity_n5,neural,5,ea_elitist,19,120,120,9,0.95833333,0.95833333,0.0,0.95,0.95833333,0.95833333,0.95833333,0.95833333,0.95833333,1,1,1,1,1
parity_n5,neural,5,ea_elitist,20,120,120,82,0.95833333,0.95833333,0.0,0.88576389,0.83333333,0.83333333,0.875,0.95833333,0.95833333,0,0,0,1,1
parity_n5,neural,5,ea_elitist,21,120,120,89,0.95833333,0.95833333,0.0,0.90902778,0.83333333,0.875,0.91666667,0.95833333,0.95833333,0,0,0,1,1
parity_n5,neural,5,ea_elitist,22,120,120,83,0.95833333,0.95833333,0.0,0.90034722,0.875,0.875,0.875,0.95833333,0.95833333,0,0,0,1,1
parity_n5,neural,5,ea_elitist,23,120,120,1,0.95833333,0.95833333,0.0,0.95833333,0.95833333,0.95833333,0.95833333,0.95833333,0.95833333,1,1,1,1,1
parity_n5,neural,5,ea_elitist,24,120,120,36,0.95833333,0.95833333,0.0,0.92986111,0.875,0.875,0.95833333,0.95833333,0.95833333,0,0,1,1,1
parity_n5,neural,5,ea_elitist,25,120,120,18,0.95833333,0.95833333,0.0,0.93784722,0.83333333,0.95833333,0.95833333,0.95833333,0.95833333,0,1,1,1,1
parity_n5,neural,5,ea_elitist,26,120,120,2,0.95833333,0.95833333,0.0,0.95416667,0.95833333,0.95833333,0.95833333,0.95833333,0.95833333,1,1,1,1,1
parity_n5,neural,5,ea_elitist,27,120,120,23,0.95833333,0.95833333,0.0,0.93229167,0.83333333,0.95833333,0.95833333,0.95833333,0.95833333,0,1,1,1,1
parity_n5,neural,5,ea_elitist,28,120,120,48,0.95833333,0.95833333,0.0,0.89131944,0.75,0.79166667,0.95833333,0.95833333,0.95833333,0,0,1,1,1
parity_n5,neural,5,ea_elitist,29,120,120,84,0.95833333,0.95833333,0.0,0.90590278,0.83333333,0.875,0.91666667,0.95833333,0.95833333,0,0,0,1,1
parity_n5,neural,5,ea_elitist,30,120,120,7,0.95833333,0.95833333,0.0,0.95069444,0.95833333,0.95833333,0.95833333,0.95833333,0.95833333,1,1,1,1,1
parity_n5,neural,5,ea_elitist,31,120,120,65,0.95833333,0.95833333,0.0,0.92638889,0.91666667,0.91666667,0.91666667,0.95833333,0.95833333,0,0,0,1,1
parity_n5,neural,5,ea_elitist,32,120,120,1,0.95833333,0.95833333,0.0,0.95833333,0.95833333,0.95833333,0.95833333,0.95833333,0.95833333,1,1,1,1,1
parity_n5,neural,5,ea_elitist,33,120,120,25,0.95833333,0.95833333,0.0,0.93680556,0.91666667,0.95833333,0.95833333,0.95833333,0.95833333,0,1,1,1,1
parity_n5,neural,5,ea_elitist,34,120,120,97,0.95833333,0.95833333,0.0,0.88993056,0.875,0.875,0.875,0.95833333,0.95833333,0,0,0,1,1
parity_n5,neural,5,ea_elitist,35,120,120,59,0.95833333,0.95833333,0.0,0.91979167,0.79166667,0.91666667,0.91666667,0.95833333,0.95833333,0,0,0,1,1
parity_n5,neural,5,ea_elitist,36,120,120,26,0.95833333,0.95833333,0.0,0.94583333,0.91666667,0.91666667,0.95833333,0.95833333,0.95833333,0,0,1,1,1
parity_n5,neural,5,ea_elitist,37,120,119,79,0.95833333,0.95833333,0.0,0.90616246,0.875,0.875,0.91666667,0.95833333,0.95833333,0,0,0,1,1
parity_n5,neural,5,ea_elitist,38,120,120,61,0.95833333,0.95833333,0.0,0.93611111,0.91666667,0.91666667,0.91666667,0.95833333,0.95833333,0,0,0,1,1
parity_n5,neural,5,ea_elitist,39,120,120,15,0.95833333,0.95833333,0.0,0.94201389,0.95833333,0.95833333,0.95833333,0.95833333,0.95833333,1,1,1,1,1
parity_n5,neural,5,ea_aging,0,120,120,54,0.95833333,0.95833333,0.0,0.90729167,0.83333333,0.83333333,0.875,0.95833333,0.95833333,0,0,0,1,1
parity_n5,neural,5,ea_aging,1,120,120,105,0.95833333,0.95833333,0.0,0.88090278,0.83333333,0.875,0.875,0.91666667,0.95833333,0,0,0,0,1
parity_n5,neural,5,ea_aging,2,120,120,48,0.95833333,0.95833333,0.0,0.93819444,0.91666667,0.91666667,0.95833333,0.95833333,0.95833333,0,0,1,1,1
parity_n5,neural,5,ea_aging,3,120,120,50,0.95833333,0.95833333,0.0,0.92569444,0.875,0.91666667,0.95833333,0.95833333,0.95833333,0,0,1,1,1
parity_n5,neural,5,ea_aging,4,120,120,84,0.95833333,0.95833333,0.0,0.91527778,0.875,0.875,0.91666667,0.95833333,0.95833333,0,0,0,1,1
parity_n5,neural,5,ea_aging,5,120,120,95,0.95833333,0.95833333,0.0,0.88298611,0.83333333,0.83333333,0.875,0.95833333,0.95833333,0,0,0,1,1
parity_n5,neural,5,ea_aging,6,120,120,72,0.95833333,0.95833333,0.0,0.90902778,0.875,0.875,0.875,0.95833333,0.95833333,0,0,0,1,1
parity_n5,neural,5,ea_aging,7,120,120,39,0.95833333,0.95833333,0.0,0.92708333,0.875,0.875,0.95833333,0.95833333,0.95833333,0,0,1,1,1
parity_n5,neural,5,ea_aging,8,120,120,13,0.95833333,0.95833333,0.0,0.94444444,0.95833333,0.95833333,0.95833333,0.95833333,0.95833333,1,1,1,1,1
parity_n5,neural,5,ea_aging,9,120,120,28,0.95833333,0.95833333,0.0,0.93263889,0.875,0.875,0.95833333,0.95833333,0.95833333,0,0,1,1,1
parity_n5,neural,5,ea_aging,10,120,120,47,0.95833333,0.95833333,0.0,0.928125,0.91666667,0.91666667,0.95833333,0.95833333,0.95833333,0,0,1,1,1
parity_n5,neural,5,ea_aging,11,120,120,66,0.95833333,0.95833333,0.0,0.91006944,0.79166667,0.875,0.91666667,0.95833333,0.95833333,0,0,0,1,1
parity_n5,neural,5,ea_aging,12,120,120,21,0.95833333,0.95833333,0.0,0.93958333,0.875,0.95833333,0.95833333,0.95833333,0.95833333,0,1,1,1,1
parity_n5,neural,5,ea_aging,13,120,120,63,0.95833333,0.95833333,0.0,0.90277778,0.83333333,0.83333333,0.875,0.95833333,0.95833333,0,0,0,1,1
parity_n5,neural,5,ea_aging,14,120,120,71,0.95833333,0.95833333,0.0,0.93402778,0.91666667,0.91666667,0.91666667,0.95833333,0.95833333,0,0,0,1,1
parity_n5,neural,5,ea_aging,15,120,120,19,0.95833333,0.95833333,0.0,0.93298611,0.79166667,0.95833333,0.95833333,0.95833333,0.95833333,0,1,1,1,1
parity_n5,neural,5,ea_aging,16,120,120,21,0.95833333,0.95833333,0.0,0.94270833,0.91666667,0.95833333,0.95833333,0.95833333,0.95833333,0,1,1,1,1
parity_n5,neural,5,ea_aging,17,120,120,34,0.95833333,0.95833333,0.0,0.93229167,0.875,0.875,0.95833333,0.95833333,0.95833333,0,0,1,1,1
parity_n5,neural,5,ea_aging,18,120,120,4,0.95833333,0.95833333,0.0,0.95451389,0.95833333,0.95833333,0.95833333,0.95833333,0.95833333,1,1,1,1,1
parity_n5,neural,5,ea_aging,19,120,120,9,0.95833333,0.95833333,0.0,0.95,0.95833333,0.95833333,0.95833333,0.95833333,0.95833333,1,1,1,1,1
parity_n5,neural,5,ea_aging,20,120,120,40,0.95833333,0.95833333,0.0,0.91805556,0.83333333,0.83333333,0.95833333,0.95833333,0.95833333,0,0,1,1,1
parity_n5,neural,5,ea_aging,21,120,120,56,0.95833333,0.95833333,0.0,0.90972222,0.83333333,0.83333333,0.875,0.95833333,0.95833333,0,0,0,1,1
parity_n5,neural,5,ea_aging,22,120,120,60,0.95833333,0.95833333,0.0,0.91875,0.875,0.875,0.91666667,0.95833333,0.95833333,0,0,0,1,1
parity_n5,neural,5,ea_aging,23,120,120,1,0.95833333,0.95833333,0.0,0.95833333,0.95833333,0.95833333,0.95833333,0.95833333,0.95833333,1,1,1,1,1
parity_n5,neural,5,ea_aging,24,120,120,45,0.95833333,0.95833333,0.0,0.92361111,0.875,0.875,0.95833333,0.95833333,0.95833333,0,0,1,1,1
parity_n5,neural,5,ea_aging,25,120,120,18,0.95833333,0.95833333,0.0,0.93784722,0.83333333,0.95833333,0.95833333,0.95833333,0.95833333,0,1,1,1,1
parity_n5,neural,5,ea_aging,26,120,120,2,0.95833333,0.95833333,0.0,0.95416667,0.95833333,0.95833333,0.95833333,0.95833333,0.95833333,1,1,1,1,1
parity_n5,neural,5,ea_aging,27,120,120,45,0.95833333,0.95833333,0.0,0.91180556,0.83333333,0.83333333,0.95833333,0.95833333,0.95833333,0,0,1,1,1
parity_n5,neural,5,ea_aging,28,120,120,41,0.95833333,0.95833333,0.0,0.90277778,0.75,0.79166667,0.95833333,0.95833333,0.95833333,0,0,1,1,1
parity_n5,neural,5,ea_aging,29,120,120,107,0.95833333,0.95833333,0.0,0.90416667,0.83333333,0.91666667,0.91666667,0.91666667,0.95833333,0,0,0,0,1
parity_n5,neural,5,ea_aging,30,120,120,7,0.95833333,0.95833333,0.0,0.95069444,0.95833333,0.95833333,0.95833333,0.95833333,0.95833333,1,1,1,1,1
parity_n5,neural,5,ea_aging,31,120,120,33,0.95833333,0.95833333,0.0,0.9375,0.91666667,0.91666667,0.95833333,0.95833333,0.95833333,0,0,1,1,1
parity_n5,neural,5,ea_aging,32,120,120,1,0.95833333,0.95833333,0.0,0.95833333,0.95833333,0.95833333,0.95833333,0.95833333,0.95833333,1,1,1,1,1
parity_n5,neural,5,ea_aging,33,120,120,55,0.95833333,0.95833333,0.0,0.92638889,0.91666667,0.91666667,0.91666667,0.95833333,0.95833333,0,0,0,1,1
parity_n5,neural,5,ea_aging,34,120,120,74,0.95833333,0.95833333,0.0,0.90868056,0.875,0.875,0.91666667,0.95833333,0.95833333,0,0,0,1,1
parity_n5,neural,5,ea_aging,35,120,120,34,0.95833333,0.95833333,0.0,0.92847222,0.79166667,0.91666667,0.95833333,0.95833333,0.95833333,0,0,1,1,1
parity_n5,neural,5,ea_aging,36,120,120,30,0.95833333,0.95833333,0.0,0.94444444,0.91666667,0.91666667,0.95833333,0.95833333,0.95833333,0,0,1,1,1
parity_n5,neural,5,ea_aging,37,120,120,96,0.95833333,0.95833333,0.0,0.90868056,0.875,0.91666667,0.91666667,0.95833333,0.95833333,0,0,0,1,1
parity_n5,neural,5,ea_aging,38,120,120,52,0.95833333,0.95833333,0.0,0.93923611,0.91666667,0.91666667,0.91666667,0.95833333,0.95833333,0,0,0,1,1
parity_n5,neural,5,ea_aging,39,120,120,15,0.95833333,0.95833333,0.0,0.94201389,0.95833333,0.95833333,0.95833333,0.95833333,0.95833333,1,1,1,1,1
parity_n5,neural,5,ea_portfolio,0,120,120,49,0.95833333,0.95833333,0.0,0.91180556,0.83333333,0.83333333,0.95833333,0.95833333,0.95833333,0,0,1,1,1
parity_n5,neural,5,ea_portfolio,1,120,120,58,0.95833333,0.95833333,0.0,0.90694444,0.83333333,0.875,0.875,0.95833333,0.95833333,0,0,0,1,1
parity_n5,neural,5,ea_portfolio,2,120,120,68,0.95833333,0.95833333,0.0,0.93125,0.91666667,0.91666667,0.91666667,0.95833333,0.95833333,0,0,0,1,1
parity_n5,neural,5,ea_portfolio,3,120,120,28,0.95833333,0.95833333,0.0,0.93159722,0.875,0.875,0.95833333,0.95833333,0.95833333,0,0,1,1,1
parity_n5,neural,5,ea_portfolio,4,120,120,39,0.95833333,0.95833333,0.0,0.92777778,0.875,0.875,0.95833333,0.95833333,0.95833333,0,0,1,1,1
parity_n5,neural,5,ea_portfolio,5,120,120,36,0.95833333,0.95833333,0.0,0.91840278,0.83333333,0.83333333,0.95833333,0.95833333,0.95833333,0,0,1,1,1
parity_n5,neural,5,ea_portfolio,6,120,120,52,0.95833333,0.95833333,0.0,0.92847222,0.875,0.875,0.91666667,0.95833333,0.95833333,0,0,0,1,1
parity_n5,neural,5,ea_portfolio,7,120,120,102,0.95833333,0.95833333,0.0,0.91006944,0.875,0.91666667,0.91666667,0.91666667,0.95833333,0,0,0,0,1
parity_n5,neural,5,ea_portfolio,8,120,120,13,0.95833333,0.95833333,0.0,0.94444444,0.95833333,0.95833333,0.95833333,0.95833333,0.95833333,1,1,1,1,1
parity_n5,neural,5,ea_portfolio,9,120,120,67,0.95833333,0.95833333,0.0,0.91666667,0.875,0.875,0.91666667,0.95833333,0.95833333,0,0,0,1,1
parity_n5,neural,5,ea_portfolio,10,120,120,45,0.95833333,0.95833333,0.0,0.92881944,0.91666667,0.91666667,0.95833333,0.95833333,0.95833333,0,0,1,1,1
parity_n5,neural,5,ea_portfolio,11,120,120,97,0.95833333,0.95833333,0.0,0.90069444,0.79166667,0.875,0.91666667,0.95833333,0.95833333,0,0,0,1,1
parity_n5,neural,5,ea_portfolio,12,120,120,21,0.95833333,0.95833333,0.0,0.93958333,0.875,0.95833333,0.95833333,0.95833333,0.95833333,0,1,1,1,1
parity_n5,neural,5,ea_portfolio,13,120,120,56,0.95833333,0.95833333,0.0,0.90659722,0.83333333,0.83333333,0.875,0.95833333,0.95833333,0,0,0,1,1
parity_n5,neural,5,ea_portfolio,14,120,119,44,0.95833333,0.95833333,0.0,0.94327731,0.91666667,0.91666667,0.95833333,0.95833333,0.95833333,0,0,1,1,1
parity_n5,neural,5,ea_portfolio,15,120,120,19,0.95833333,0.95833333,0.0,0.93298611,0.79166667,0.95833333,0.95833333,0.95833333,0.95833333,0,1,1,1,1
parity_n5,neural,5,ea_portfolio,16,120,120,21,0.95833333,0.95833333,0.0,0.94270833,0.91666667,0.95833333,0.95833333,0.95833333,0.95833333,0,1,1,1,1
parity_n5,neural,5,ea_portfolio,17,120,120,84,0.95833333,0.95833333,0.0,0.89756944,0.875,0.875,0.875,0.95833333,0.95833333,0,0,0,1,1
parity_n5,neural,5,ea_portfolio,18,120,120,4,0.95833333,0.95833333,0.0,0.95451389,0.95833333,0.95833333,0.95833333,0.95833333,0.95833333,1,1,1,1,1
parity_n5,neural,5,ea_portfolio,19,120,120,9,0.95833333,0.95833333,0.0,0.95,0.95833333,0.95833333,0.95833333,0.95833333,0.95833333,1,1,1,1,1
parity_n5,neural,5,ea_portfolio,20,120,119,51,0.95833333,0.95833333,0.0,0.90721289,0.83333333,0.83333333,0.875,0.95833333,0.95833333,0,0,0,1,1
parity_n5,neural,5,ea_portfolio,21,120,120,48,0.95833333,0.95833333,0.0,0.92152778,0.83333333,0.83333333,0.95833333,0.95833333,0.95833333,0,0,1,1,1
parity_n5,neural,5,ea_portfolio,22,120,120,61,0.95833333,0.95833333,0.0,0.909375,0.875,0.875,0.875,0.95833333,0.95833333,0,0,0,1,1
parity_n5,neural,5,ea_portfolio,23,120,120,1,0.95833333,0.95833333,0.0,0.95833333,0.95833333,0.95833333,0.95833333,0.95833333,0.95833333,1,1,1,1,1
parity_n5,neural,5,ea_portfolio,24,120,120,24,0.95833333,0.95833333,0.0,0.93819444,0.875,0.95833333,0.95833333,0.95833333,0.95833333,0,1,1,1,1
parity_n5,neural,5,ea_portfolio,25,120,120,18,0.95833333,0.95833333,0.0,0.93784722,0.83333333,0.95833333,0.95833333,0.95833333,0.95833333,0,1,1,1,1
parity_n5,neural,5,ea_portfolio,26,120,120,2,0.95833333,0.95833333,0.0,0.95416667,0.95833333,0.95833333,0.95833333,0.95833333,0.95833333,1,1,1,1,1
parity_n5,neural,5,ea_portfolio,27,120,120,24,0.95833333,0.95833333,0.0,0.93090278,0.83333333,0.95833333,0.95833333,0.95833333,0.95833333,0,1,1,1,1
parity_n5,neural,5,ea_portfolio,28,120,120,65,0.95833333,0.95833333,0.0,0.88472222,0.75,0.79166667,0.875,0.95833333,0.95833333,0,0,0,1,1
parity_n5,neural,5,ea_portfolio,29,120,120,66,0.95833333,0.95833333,0.0,0.91770833,0.83333333,0.91666667,0.91666667,0.95833333,0.95833333,0,0,0,1,1
parity_n5,neural,5,ea_portfolio,30,120,120,7,0.95833333,0.95833333,0.0,0.95069444,0.95833333,0.95833333,0.95833333,0.95833333,0.95833333,1,1,1,1,1
parity_n5,neural,5,ea_portfolio,31,120,120,96,0.95833333,0.95833333,0.0,0.915625,0.91666667,0.91666667,0.91666667,0.95833333,0.95833333,0,0,0,1,1
parity_n5,neural,5,ea_portfolio,32,120,120,1,0.95833333,0.95833333,0.0,0.95833333,0.95833333,0.95833333,0.95833333,0.95833333,0.95833333,1,1,1,1,1
parity_n5,neural,5,ea_portfolio,33,120,120,37,0.95833333,0.95833333,0.0,0.93263889,0.91666667,0.91666667,0.95833333,0.95833333,0.95833333,0,0,1,1,1
parity_n5,neural,5,ea_portfolio,34,120,120,52,0.95833333,0.95833333,0.0,0.90972222,0.875,0.875,0.875,0.95833333,0.95833333,0,0,0,1,1
parity_n5,neural,5,ea_portfolio,35,120,119,79,0.95833333,0.95833333,0.0,0.91246499,0.79166667,0.91666667,0.91666667,0.95833333,0.95833333,0,0,0,1,1
parity_n5,neural,5,ea_portfolio,36,120,120,70,0.95833333,0.95833333,0.0,0.93055556,0.91666667,0.91666667,0.91666667,0.95833333,0.95833333,0,0,0,1,1
parity_n5,neural,5,ea_portfolio,37,120,120,85,0.95833333,0.95833333,0.0,0.903125,0.875,0.875,0.875,0.95833333,0.95833333,0,0,0,1,1
parity_n5,neural,5,ea_portfolio,38,120,120,35,0.95833333,0.95833333,0.0,0.94513889,0.91666667,0.91666667,0.95833333,0.95833333,0.95833333,0,0,1,1,1
parity_n5,neural,5,ea_portfolio,39,120,120,15,0.95833333,0.95833333,0.0,0.94201389,0.95833333,0.95833333,0.95833333,0.95833333,0.95833333,1,1,1,1,1
parity_n5,neural,5,surrogate_positional,0,120,120,24,0.95833333,0.95833333,0.0,0.92986111,0.83333333,0.95833333,0.95833333,0.95833333,0.95833333,0,1,1,1,1
parity_n5,neural,5,surrogate_positional,1,120,120,12,0.95833333,0.95833333,0.0,0.93993056,0.95833333,0.95833333,0.95833333,0.95833333,0.95833333,1,1,1,1,1
parity_n5,neural,5,surrogate_positional,2,120,120,81,0.95833333,0.95833333,0.0,0.92673611,0.91666667,0.91666667,0.91666667,0.95833333,0.95833333,0,0,0,1,1
parity_n5,neural,5,surrogate_positional,3,120,120,32,0.95833333,0.95833333,0.0,0.93263889,0.83333333,0.91666667,0.95833333,0.95833333,0.95833333,0,0,1,1,1
parity_n5,neural,5,surrogate_positional,4,120,120,22,0.95833333,0.95833333,0.0,0.93611111,0.83333333,0.95833333,0.95833333,0.95833333,0.95833333,0,1,1,1,1
parity_n5,neural,5,surrogate_positional,5,120,120,29,0.95833333,0.95833333,0.0,0.92569444,0.83333333,0.83333333,0.95833333,0.95833333,0.95833333,0,0,1,1,1
parity_n5,neural,5,surrogate_positional,6,120,120,23,0.95833333,0.95833333,0.0,0.94305556,0.875,0.95833333,0.95833333,0.95833333,0.95833333,0,1,1,1,1
parity_n5,neural,5,surrogate_positional,7,120,120,21,0.95833333,0.95833333,0.0,0.93958333,0.875,0.95833333,0.95833333,0.95833333,0.95833333,0,1,1,1,1
parity_n5,neural,5,surrogate_positional,8,120,120,30,0.95833333,0.95833333,0.0,0.92673611,0.83333333,0.83333333,0.95833333,0.95833333,0.95833333,0,0,1,1,1
parity_n5,neural,5,surrogate_positional,9,120,120,40,0.95833333,0.95833333,0.0,0.92430556,0.875,0.875,0.95833333,0.95833333,0.95833333,0,0,1,1,1
parity_n5,neural,5,surrogate_positional,10,120,120,93,0.95833333,0.95833333,0.0,0.90833333,0.875,0.875,0.91666667,0.95833333,0.95833333,0,0,0,1,1
parity_n5,neural,5,surrogate_positional,11,120,120,12,0.95833333,0.95833333,0.0,0.94270833,0.95833333,0.95833333,0.95833333,0.95833333,0.95833333,1,1,1,1,1
parity_n5,neural,5,surrogate_positional,12,120,120,63,0.95833333,0.95833333,0.0,0.915625,0.83333333,0.83333333,0.91666667,0.95833333,0.95833333,0,0,0,1,1
parity_n5,neural,5,surrogate_positional,13,120,120,26,0.95833333,0.95833333,0.0,0.93958333,0.91666667,0.91666667,0.95833333,0.95833333,0.95833333,0,0,1,1,1
parity_n5,neural,5,surrogate_positional,14,120,120,61,0.95833333,0.95833333,0.0,0.9375,0.91666667,0.91666667,0.91666667,0.95833333,0.95833333,0,0,0,1,1
parity_n5,neural,5,surrogate_positional,15,120,120,27,0.95833333,0.95833333,0.0,0.92430556,0.79166667,0.875,0.95833333,0.95833333,0.95833333,0,0,1,1,1
parity_n5,neural,5,surrogate_positional,16,120,120,91,0.95833333,0.95833333,0.0,0.90763889,0.875,0.875,0.91666667,0.95833333,0.95833333,0,0,0,1,1
parity_n5,neural,5,surrogate_positional,17,120,120,19,0.95833333,0.95833333,0.0,0.94270833,0.875,0.95833333,0.95833333,0.95833333,0.95833333,0,1,1,1,1
parity_n5,neural,5,surrogate_positional,18,120,120,4,0.95833333,0.95833333,0.0,0.95451389,0.95833333,0.95833333,0.95833333,0.95833333,0.95833333,1,1,1,1,1
parity_n5,neural,5,surrogate_positional,19,120,119,9,0.95833333,0.95833333,0.0,0.94992997,0.95833333,0.95833333,0.95833333,0.95833333,0.95833333,1,1,1,1,1
parity_n5,neural,5,surrogate_positional,20,120,120,70,0.95833333,0.95833333,0.0,0.91319444,0.83333333,0.875,0.91666667,0.95833333,0.95833333,0,0,0,1,1
parity_n5,neural,5,surrogate_positional,21,120,119,16,0.95833333,0.95833333,0.0,0.94152661,0.83333333,0.95833333,0.95833333,0.95833333,0.95833333,0,1,1,1,1
parity_n5,neural,5,surrogate_positional,22,120,120,16,0.95833333,0.95833333,0.0,0.940625,0.875,0.95833333,0.95833333,0.95833333,0.95833333,0,1,1,1,1
parity_n5,neural,5,surrogate_positional,23,120,120,1,0.95833333,0.95833333,0.0,0.95833333,0.95833333,0.95833333,0.95833333,0.95833333,0.95833333,1,1,1,1,1
parity_n5,neural,5,surrogate_positional,24,120,120,54,0.95833333,0.95833333,0.0,0.92534722,0.875,0.875,0.91666667,0.95833333,0.95833333,0,0,0,1,1
parity_n5,neural,5,surrogate_positional,25,120,120,81,0.95833333,0.95833333,0.0,0.91840278,0.875,0.91666667,0.91666667,0.95833333,0.95833333,0,0,0,1,1
parity_n5,neural,5,surrogate_positional,26,120,120,2,0.95833333,0.95833333,0.0,0.95416667,0.95833333,0.95833333,0.95833333,0.95833333,0.95833333,1,1,1,1,1
parity_n5,neural,5,surrogate_positional,27,120,120,12,0.95833333,0.95833333,0.0,0.94305556,0.95833333,0.95833333,0.95833333,0.95833333,0.95833333,1,1,1,1,1
parity_n5,neural,5,surrogate_positional,28,120,120,37,0.95833333,0.95833333,0.0,0.91111111,0.83333333,0.83333333,0.95833333,0.95833333,0.95833333,0,0,1,1,1
parity_n5,neural,5,surrogate_positional,29,120,120,42,0.95833333,0.95833333,0.0,0.92083333,0.83333333,0.875,0.95833333,0.95833333,0.95833333,0,0,1,1,1
parity_n5,neural,5,surrogate_positional,30,120,120,7,0.95833333,0.95833333,0.0,0.95069444,0.95833333,0.95833333,0.95833333,0.95833333,0.95833333,1,1,1,1,1
parity_n5,neural,5,surrogate_positional,31,120,120,35,0.95833333,0.95833333,0.0,0.93680556,0.91666667,0.91666667,0.95833333,0.95833333,0.95833333,0,0,1,1,1
parity_n5,neural,5,surrogate_positional,32,120,120,1,0.95833333,0.95833333,0.0,0.95833333,0.95833333,0.95833333,0.95833333,0.95833333,0.95833333,1,1,1,1,1
parity_n5,neural,5,surrogate_positional,33,120,120,25,0.95833333,0.95833333,0.0,0.92708333,0.83333333,0.95833333,0.95833333,0.95833333,0.95833333,0,1,1,1,1
parity_n5,neural,5,surrogate_positional,34,120,120,11,0.95833333,0.95833333,0.0,0.94027778,0.95833333,0.95833333,0.95833333,0.95833333,0.95833333,1,1,1,1,1
parity_n5,neural,5,surrogate_positional,35,120,120,30,0.95833333,0.95833333,0.0,0.91909722,0.79166667,0.83333333,0.95833333,0.95833333,0.95833333,0,0,1,1,1
parity_n5,neural,5,surrogate_positional,36,120,120,31,0.95833333,0.95833333,0.0,0.94409722,0.91666667,0.91666667,0.95833333,0.95833333,0.95833333,0,0,1,1,1
parity_n5,neural,5,surrogate_positional,37,120,120,32,0.95833333,0.95833333,0.0,0.93506944,0.91666667,0.91666667,0.95833333,0.95833333,0.95833333,0,0,1,1,1
parity_n5,neural,5,surrogate_positional,38,120,120,42,0.95833333,0.95833333,0.0,0.94270833,0.91666667,0.91666667,0.95833333,0.95833333,0.95833333,0,0,1,1,1
parity_n5,neural,5,surrogate_positional,39,120,120,13,0.95833333,0.95833333,0.0,0.94409722,0.95833333,0.95833333,0.95833333,0.95833333,0.95833333,1,1,1,1,1
parity_n5,neural,5,surrogate_precedence,0,120,120,60,0.95833333,0.95833333,0.0,0.89722222,0.83333333,0.83333333,0.875,0.95833333,0.95833333,0,0,0,1,1
parity_n5,neural,5,surrogate_precedence,1,120,120,82,0.95833333,0.95833333,0.0,0.88680556,0.83333333,0.875,0.875,0.95833333,0.95833333,0,0,0,1,1
parity_n5,neural,5,surrogate_precedence,2,120,120,53,0.95833333,0.95833333,0.0,0.93645833,0.91666667,0.91666667,0.91666667,0.95833333,0.95833333,0,0,0,1,1
parity_n5,neural,5,surrogate_precedence,3,120,120,84,0.95833333,0.95833333,0.0,0.89131944,0.83333333,0.83333333,0.875,0.95833333,0.95833333,0,0,0,1,1
parity_n5,neural,5,surrogate_precedence,4,120,120,17,0.95833333,0.95833333,0.0,0.94131944,0.83333333,0.95833333,0.95833333,0.95833333,0.95833333,0,1,1,1,1
parity_n5,neural,5,surrogate_precedence,5,120,120,73,0.95833333,0.95833333,0.0,0.91180556,0.83333333,0.875,0.91666667,0.95833333,0.95833333,0,0,0,1,1
parity_n5,neural,5,surrogate_precedence,6,120,120,80,0.95833333,0.95833333,0.0,0.90555556,0.875,0.875,0.875,0.95833333,0.95833333,0,0,0,1,1
parity_n5,neural,5,surrogate_precedence,7,120,120,67,0.95833333,0.95833333,0.0,0.925,0.875,0.91666667,0.91666667,0.95833333,0.95833333,0,0,0,1,1
parity_n5,neural,5,surrogate_precedence,8,120,120,11,0.95833333,0.95833333,0.0,0.94652778,0.95833333,0.95833333,0.95833333,0.95833333,0.95833333,1,1,1,1,1
parity_n5,neural,5,surrogate_precedence,9,120,120,62,0.95833333,0.95833333,0.0,0.90902778,0.875,0.875,0.875,0.95833333,0.95833333,0,0,0,1,1
parity_n5,neural,5,surrogate_precedence,10,120,120,53,0.95833333,0.95833333,0.0,0.91145833,0.83333333,0.875,0.875,0.95833333,0.95833333,0,0,0,1,1
parity_n5,neural,5,surrogate_precedence,11,120,120,86,0.95833333,0.95833333,0.0,0.89270833,0.79166667,0.79166667,0.91666667,0.95833333,0.95833333,0,0,0,1,1
parity_n5,neural,5,surrogate_precedence,12,120,120,11,0.95833333,0.95833333,0.0,0.94652778,0.95833333,0.95833333,0.95833333,0.95833333,0.95833333,1,1,1,1,1
parity_n5,neural,5,surrogate_precedence,13,120,120,63,0.95833333,0.95833333,0.0,0.91388889,0.83333333,0.83333333,0.91666667,0.95833333,0.95833333,0,0,0,1,1
parity_n5,neural,5,surrogate_precedence,14,120,120,62,0.95833333,0.95833333,0.0,0.93715278,0.91666667,0.91666667,0.91666667,0.95833333,0.95833333,0,0,0,1,1
parity_n5,neural,5,surrogate_precedence,15,120,120,80,0.95833333,0.95833333,0.0,0.91041667,0.83333333,0.875,0.91666667,0.95833333,0.95833333,0,0,0,1,1
parity_n5,neural,5,surrogate_precedence,16,120,120,46,0.95833333,0.95833333,0.0,0.93229167,0.875,0.91666667,0.95833333,0.95833333,0.95833333,0,0,1,1,1
parity_n5,neural,5,surrogate_precedence,17,120,120,75,0.95833333,0.95833333,0.0,0.90381944,0.875,0.875,0.875,0.95833333,0.95833333,0,0,0,1,1
parity_n5,neural,5,surrogate_precedence,18,120,120,4,0.95833333,0.95833333,0.0,0.95451389,0.95833333,0.95833333,0.95833333,0.95833333,0.95833333,1,1,1,1,1
parity_n5,neural,5,surrogate_precedence,19,120,120,9,0.95833333,0.95833333,0.0,0.95,0.95833333,0.95833333,0.95833333,0.95833333,0.95833333,1,1,1,1,1
parity_n5,neural,5,surrogate_precedence,20,120,120,56,0.95833333,0.95833333,0.0,0.909375,0.83333333,0.875,0.875,0.95833333,0.95833333,0,0,0,1,1
parity_n5,neural,5,surrogate_precedence,21,120,120,55,0.95833333,0.95833333,0.0,0.91319444,0.83333333,0.875,0.875,0.95833333,0.95833333,0,0,0,1,1
parity_n5,neural,5,surrogate_precedence,22,120,120,55,0.95833333,0.95833333,0.0,0.92604167,0.875,0.91666667,0.91666667,0.95833333,0.95833333,0,0,0,1,1
parity_n5,neural,5,surrogate_precedence,23,120,120,1,0.95833333,0.95833333,0.0,0.95833333,0.95833333,0.95833333,0.95833333,0.95833333,0.95833333,1,1,1,1,1
parity_n5,neural,5,surrogate_precedence,24,120,120,41,0.95833333,0.95833333,0.0,0.93541667,0.91666667,0.91666667,0.95833333,0.95833333,0.95833333,0,0,1,1,1
parity_n5,neural,5,surrogate_precedence,25,120,120,93,0.95833333,0.95833333,0.0,0.87743056,0.83333333,0.83333333,0.83333333,0.95833333,0.95833333,0,0,0,1,1
parity_n5,neural,5,surrogate_precedence,26,120,120,2,0.95833333,0.95833333,0.0,0.95416667,0.95833333,0.95833333,0.95833333,0.95833333,0.95833333,1,1,1,1,1
parity_n5,neural,5,surrogate_precedence,27,120,120,29,0.95833333,0.95833333,0.0,0.92638889,0.79166667,0.875,0.95833333,0.95833333,0.95833333,0,0,1,1,1
parity_n5,neural,5,surrogate_precedence,28,120,120,30,0.95833333,0.95833333,0.0,0.91909722,0.83333333,0.83333333,0.95833333,0.95833333,0.95833333,0,0,1,1,1
parity_n5,neural,5,surrogate_precedence,29,120,120,12,0.95833333,0.95833333,0.0,0.94479167,0.95833333,0.95833333,0.95833333,0.95833333,0.95833333,1,1,1,1,1
parity_n5,neural,5,surrogate_precedence,30,120,120,7,0.95833333,0.95833333,0.0,0.95069444,0.95833333,0.95833333,0.95833333,0.95833333,0.95833333,1,1,1,1,1
parity_n5,neural,5,surrogate_precedence,31,120,120,88,0.95833333,0.95833333,0.0,0.91840278,0.91666667,0.91666667,0.91666667,0.95833333,0.95833333,0,0,0,1,1
parity_n5,neural,5,surrogate_precedence,32,120,120,1,0.95833333,0.95833333,0.0,0.95833333,0.95833333,0.95833333,0.95833333,0.95833333,0.95833333,1,1,1,1,1
parity_n5,neural,5,surrogate_precedence,33,120,120,85,0.95833333,0.95833333,0.0,0.88576389,0.83333333,0.83333333,0.875,0.95833333,0.95833333,0,0,0,1,1
parity_n5,neural,5,surrogate_precedence,34,120,120,45,0.95833333,0.95833333,0.0,0.92673611,0.875,0.91666667,0.95833333,0.95833333,0.95833333,0,0,1,1,1
parity_n5,neural,5,surrogate_precedence,35,120,120,72,0.95833333,0.95833333,0.0,0.90833333,0.79166667,0.91666667,0.91666667,0.95833333,0.95833333,0,0,0,1,1
parity_n5,neural,5,surrogate_precedence,36,120,120,38,0.95833333,0.95833333,0.0,0.94166667,0.91666667,0.91666667,0.95833333,0.95833333,0.95833333,0,0,1,1,1
parity_n5,neural,5,surrogate_precedence,37,120,120,75,0.95833333,0.95833333,0.0,0.90451389,0.83333333,0.83333333,0.91666667,0.95833333,0.95833333,0,0,0,1,1
parity_n5,neural,5,surrogate_precedence,38,120,120,62,0.95833333,0.95833333,0.0,0.93576389,0.91666667,0.91666667,0.91666667,0.95833333,0.95833333,0,0,0,1,1
parity_n5,neural,5,surrogate_precedence,39,120,120,33,0.95833333,0.95833333,0.0,0.92326389,0.83333333,0.83333333,0.95833333,0.95833333,0.95833333,0,0,1,1,1
parity_n5,neural,5,eda_precedence,0,120,120,12,0.95833333,0.95833333,0.0,0.94236111,0.95833333,0.95833333,0.95833333,0.95833333,0.95833333,1,1,1,1,1
parity_n5,neural,5,eda_precedence,1,120,120,32,0.95833333,0.95833333,0.0,0.91423611,0.79166667,0.79166667,0.95833333,0.95833333,0.95833333,0,0,1,1,1
parity_n5,neural,5,eda_precedence,2,120,120,37,0.95833333,0.95833333,0.0,0.94201389,0.91666667,0.91666667,0.95833333,0.95833333,0.95833333,0,0,1,1,1
parity_n5,neural,5,eda_precedence,3,120,120,57,0.95833333,0.95833333,0.0,0.91076389,0.83333333,0.83333333,0.91666667,0.95833333,0.95833333,0,0,0,1,1
parity_n5,neural,5,eda_precedence,4,120,120,76,0.95833333,0.95833333,0.0,0.88854167,0.83333333,0.83333333,0.83333333,0.95833333,0.95833333,0,0,0,1,1
parity_n5,neural,5,eda_precedence,5,120,120,32,0.95833333,0.95833333,0.0,0.92256944,0.83333333,0.83333333,0.95833333,0.95833333,0.95833333,0,0,1,1,1
parity_n5,neural,5,eda_precedence,6,120,120,41,0.95833333,0.95833333,0.0,0.93055556,0.875,0.875,0.95833333,0.95833333,0.95833333,0,0,1,1,1
parity_n5,neural,5,eda_precedence,7,120,120,50,0.95833333,0.95833333,0.0,0.93229167,0.91666667,0.91666667,0.95833333,0.95833333,0.95833333,0,0,1,1,1
parity_n5,neural,5,eda_precedence,8,120,120,46,0.95833333,0.95833333,0.0,0.91458333,0.83333333,0.83333333,0.95833333,0.95833333,0.95833333,0,0,1,1,1
parity_n5,neural,5,eda_precedence,9,120,120,39,0.95833333,0.95833333,0.0,0.92673611,0.875,0.875,0.95833333,0.95833333,0.95833333,0,0,1,1,1
parity_n5,neural,5,eda_precedence,10,120,119,94,0.95833333,0.95833333,0.0,0.87815126,0.83333333,0.83333333,0.83333333,0.95833333,0.95833333,0,0,0,1,1
parity_n5,neural,5,eda_precedence,11,120,120,101,0.95833333,0.95833333,0.0,0.89270833,0.79166667,0.875,0.875,0.91666667,0.95833333,0,0,0,0,1
parity_n5,neural,5,eda_precedence,12,120,120,34,0.95833333,0.95833333,0.0,0.92881944,0.83333333,0.875,0.95833333,0.95833333,0.95833333,0,0,1,1,1
parity_n5,neural,5,eda_precedence,13,120,120,45,0.95833333,0.95833333,0.0,0.91944444,0.83333333,0.875,0.95833333,0.95833333,0.95833333,0,0,1,1,1
parity_n5,neural,5,eda_precedence,14,120,120,74,0.95833333,0.95833333,0.0,0.93298611,0.91666667,0.91666667,0.91666667,0.95833333,0.95833333,0,0,0,1,1
parity_n5,neural,5,eda_precedence,15,120,120,17,0.95833333,0.95833333,0.0,0.93645833,0.83333333,0.95833333,0.95833333,0.95833333,0.95833333,0,1,1,1,1
parity_n5,neural,5,eda_precedence,16,120,120,91,0.95833333,0.95833333,0.0,0.91006944,0.875,0.875,0.91666667,0.95833333,0.95833333,0,0,0,1,1
parity_n5,neural,5,eda_precedence,17,120,120,87,0.95833333,0.95833333,0.0,0.89548611,0.875,0.875,0.875,0.95833333,0.95833333,0,0,0,1,1
parity_n5,neural,5,eda_precedence,18,120,120,4,0.95833333,0.95833333,0.0,0.95451389,0.95833333,0.95833333,0.95833333,0.95833333,0.95833333,1,1,1,1,1
parity_n5,neural,5,eda_precedence,19,120,120,9,0.95833333,0.95833333,0.0,0.95,0.95833333,0.95833333,0.95833333,0.95833333,0.95833333,1,1,1,1,1
parity_n5,neural,5,eda_precedence,20,120,120,40,0.95833333,0.95833333,0.0,0.92013889,0.83333333,0.875,0.95833333,0.95833333,0.95833333,0,0,1,1,1
parity_n5,neural,5,eda_precedence,21,120,120,58,0.95833333,0.95833333,0.0,0.92083333,0.83333333,0.91666667,0.91666667,0.95833333,0.95833333,0,0,0,1,1
parity_n5,neural,5,eda_precedence,22,120,120,54,0.95833333,0.95833333,0.0,0.91423611,0.875,0.875,0.875,0.95833333,0.95833333,0,0,0,1,1
parity_n5,neural,5,eda_precedence,23,120,120,1,0.95833333,0.95833333,0.0,0.95833333,0.95833333,0.95833333,0.95833333,0.95833333,0.95833333,1,1,1,1,1
parity_n5,neural,5,eda_precedence,24,120,120,50,0.95833333,0.95833333,0.0,0.92013889,0.875,0.875,0.95833333,0.95833333,0.95833333,0,0,1,1,1
parity_n5,neural,5,eda_precedence,25,120,120,70,0.95833333,0.95833333,0.0,0.89652778,0.83333333,0.83333333,0.875,0.95833333,0.95833333,0,0,0,1,1
parity_n5,neural,5,eda_precedence,26,120,120,2,0.95833333,0.95833333,0.0,0.95416667,0.95833333,0.95833333,0.95833333,0.95833333,0.95833333,1,1,1,1,1
parity_n5,neural,5,eda_precedence,27,120,120,27,0.95833333,0.95833333,0.0,0.92569444,0.79166667,0.875,0.95833333,0.95833333,0.95833333,0,0,1,1,1
parity_n5,neural,5,eda_precedence,28,120,120,15,0.95833333,0.95833333,0.0,0.93298611,0.95833333,0.95833333,0.95833333,0.95833333,0.95833333,1,1,1,1,1
parity_n5,neural,5,eda_precedence,29,120,120,20,0.95833333,0.95833333,0.0,0.93645833,0.83333333,0.95833333,0.95833333,0.95833333,0.95833333,0,1,1,1,1
parity_n5,neural,5,eda_precedence,30,120,120,7,0.95833333,0.95833333,0.0,0.95069444,0.95833333,0.95833333,0.95833333,0.95833333,0.95833333,1,1,1,1,1
parity_n5,neural,5,eda_precedence,31,120,120,43,0.95833333,0.95833333,0.0,0.93402778,0.91666667,0.91666667,0.95833333,0.95833333,0.95833333,0,0,1,1,1
parity_n5,neural,5,eda_precedence,32,120,120,1,0.95833333,0.95833333,0.0,0.95833333,0.95833333,0.95833333,0.95833333,0.95833333,0.95833333,1,1,1,1,1
parity_n5,neural,5,eda_precedence,33,120,120,29,0.95833333,0.95833333,0.0,0.92430556,0.83333333,0.875,0.95833333,0.95833333,0.95833333,0,0,1,1,1
parity_n5,neural,5,eda_precedence,34,120,120,12,0.95833333,0.95833333,0.0,0.93888889,0.95833333,0.95833333,0.95833333,0.95833333,0.95833333,1,1,1,1,1
parity_n5,neural,5,eda_precedence,35,120,119,26,0.95833333,0.95833333,0.0,0.92577031,0.83333333,0.83333333,0.95833333,0.95833333,0.95833333,0,0,1,1,1
parity_n5,neural,5,eda_precedence,36,120,120,98,0.95833333,0.95833333,0.0,0.92083333,0.91666667,0.91666667,0.91666667,0.95833333,0.95833333,0,0,0,1,1
parity_n5,neural,5,eda_precedence,37,120,120,88,0.95833333,0.95833333,0.0,0.90590278,0.79166667,0.875,0.91666667,0.95833333,0.95833333,0,0,0,1,1
parity_n5,neural,5,eda_precedence,38,120,120,77,0.95833333,0.95833333,0.0,0.93055556,0.91666667,0.91666667,0.91666667,0.95833333,0.95833333,0,0,0,1,1
parity_n5,neural,5,eda_precedence,39,120,120,66,0.95833333,0.95833333,0.0,0.89375,0.83333333,0.83333333,0.83333333,0.95833333,0.95833333,0,0,0,1,1
parity_n5,neural,5,prism_protocol,0,120,120,87,0.95833333,0.95833333,0.0,0.88784722,0.79166667,0.83333333,0.875,0.95833333,0.95833333,0,0,0,1,1
parity_n5,neural,5,prism_protocol,1,120,120,28,0.95833333,0.95833333,0.0,0.92916667,0.83333333,0.83333333,0.95833333,0.95833333,0.95833333,0,0,1,1,1
parity_n5,neural,5,prism_protocol,2,120,120,23,0.95833333,0.95833333,0.0,0.95069444,0.91666667,0.95833333,0.95833333,0.95833333,0.95833333,0,1,1,1,1
parity_n5,neural,5,prism_protocol,3,120,120,98,0.95833333,0.95833333,0.0,0.90347222,0.875,0.875,0.875,0.95833333,0.95833333,0,0,0,1,1
parity_n5,neural,5,prism_protocol,4,120,120,11,0.95833333,0.95833333,0.0,0.94236111,0.95833333,0.95833333,0.95833333,0.95833333,0.95833333,1,1,1,1,1
parity_n5,neural,5,prism_protocol,5,120,120,19,0.95833333,0.95833333,0.0,0.93923611,0.83333333,0.95833333,0.95833333,0.95833333,0.95833333,0,1,1,1,1
parity_n5,neural,5,prism_protocol,6,120,120,16,0.95833333,0.95833333,0.0,0.94791667,0.875,0.95833333,0.95833333,0.95833333,0.95833333,0,1,1,1,1
parity_n5,neural,5,prism_protocol,7,120,120,104,0.95833333,0.95833333,0.0,0.89027778,0.83333333,0.83333333,0.875,0.91666667,0.95833333,0,0,0,0,1
parity_n5,neural,5,prism_protocol,8,120,120,36,0.95833333,0.95833333,0.0,0.91493056,0.83333333,0.83333333,0.95833333,0.95833333,0.95833333,0,0,1,1,1
parity_n5,neural,5,prism_protocol,9,120,120,53,0.95833333,0.95833333,0.0,0.91805556,0.875,0.875,0.875,0.95833333,0.95833333,0,0,0,1,1
parity_n5,neural,5,prism_protocol,10,120,120,56,0.95833333,0.95833333,0.0,0.92395833,0.83333333,0.91666667,0.91666667,0.95833333,0.95833333,0,0,0,1,1
parity_n5,neural,5,prism_protocol,11,120,120,41,0.95833333,0.95833333,0.0,0.93645833,0.91666667,0.91666667,0.95833333,0.95833333,0.95833333,0,0,1,1,1
parity_n5,neural,5,prism_protocol,12,120,120,18,0.95833333,0.95833333,0.0,0.94131944,0.83333333,0.95833333,0.95833333,0.95833333,0.95833333,0,1,1,1,1
parity_n5,neural,5,prism_protocol,13,120,120,54,0.95833333,0.95833333,0.0,0.91944444,0.875,0.875,0.875,0.95833333,0.95833333,0,0,0,1,1
parity_n5,neural,5,prism_protocol,14,120,120,43,0.95833333,0.95833333,0.0,0.93402778,0.875,0.875,0.95833333,0.95833333,0.95833333,0,0,1,1,1
parity_n5,neural,5,prism_protocol,15,120,120,2,0.95833333,0.95833333,0.0,0.95625,0.95833333,0.95833333,0.95833333,0.95833333,0.95833333,1,1,1,1,1
parity_n5,neural,5,prism_protocol,16,120,120,44,0.95833333,0.95833333,0.0,0.93194444,0.91666667,0.91666667,0.95833333,0.95833333,0.95833333,0,0,1,1,1
parity_n5,neural,5,prism_protocol,17,120,120,58,0.95833333,0.95833333,0.0,0.9125,0.875,0.875,0.875,0.95833333,0.95833333,0,0,0,1,1
parity_n5,neural,5,prism_protocol,18,120,120,12,0.95833333,0.95833333,0.0,0.946875,0.95833333,0.95833333,0.95833333,0.95833333,0.95833333,1,1,1,1,1
parity_n5,neural,5,prism_protocol,19,120,120,94,0.95833333,0.95833333,0.0,0.90625,0.83333333,0.91666667,0.91666667,0.95833333,0.95833333,0,0,0,1,1
parity_n5,neural,5,prism_protocol,20,120,120,93,0.95833333,0.95833333,0.0,0.88298611,0.83333333,0.83333333,0.91666667,0.95833333,0.95833333,0,0,0,1,1
parity_n5,neural,5,prism_protocol,21,120,120,50,0.95833333,0.95833333,0.0,0.92326389,0.91666667,0.91666667,0.95833333,0.95833333,0.95833333,0,0,1,1,1
parity_n5,neural,5,prism_protocol,22,120,120,20,0.95833333,0.95833333,0.0,0.9375,0.875,0.95833333,0.95833333,0.95833333,0.95833333,0,1,1,1,1
parity_n5,neural,5,prism_protocol,23,120,120,18,0.95833333,0.95833333,0.0,0.93506944,0.83333333,0.95833333,0.95833333,0.95833333,0.95833333,0,1,1,1,1
parity_n5,neural,5,prism_protocol,24,120,120,52,0.95833333,0.95833333,0.0,0.928125,0.83333333,0.91666667,0.91666667,0.95833333,0.95833333,0,0,0,1,1
parity_n5,neural,5,prism_protocol,25,120,120,6,0.95833333,0.95833333,0.0,0.953125,0.95833333,0.95833333,0.95833333,0.95833333,0.95833333,1,1,1,1,1
parity_n5,neural,5,prism_protocol,26,120,119,12,0.95833333,0.95833333,0.0,0.94677871,0.95833333,0.95833333,0.95833333,0.95833333,0.95833333,1,1,1,1,1
parity_n5,neural,5,prism_protocol,27,120,120,55,0.95833333,0.95833333,0.0,0.92881944,0.875,0.91666667,0.91666667,0.95833333,0.95833333,0,0,0,1,1
parity_n5,neural,5,prism_protocol,28,120,120,25,0.95833333,0.95833333,0.0,0.94791667,0.91666667,0.95833333,0.95833333,0.95833333,0.95833333,0,1,1,1,1
parity_n5,neural,5,prism_protocol,29,120,120,2,0.95833333,0.95833333,0.0,0.95451389,0.95833333,0.95833333,0.95833333,0.95833333,0.95833333,1,1,1,1,1
parity_n5,neural,5,prism_protocol,30,120,120,14,0.95833333,0.95833333,0.0,0.94583333,0.95833333,0.95833333,0.95833333,0.95833333,0.95833333,1,1,1,1,1
parity_n5,neural,5,prism_protocol,31,120,120,4,0.95833333,0.95833333,0.0,0.95208333,0.95833333,0.95833333,0.95833333,0.95833333,0.95833333,1,1,1,1,1
parity_n5,neural,5,prism_protocol,32,120,120,3,0.95833333,0.95833333,0.0,0.95625,0.95833333,0.95833333,0.95833333,0.95833333,0.95833333,1,1,1,1,1
parity_n5,neural,5,prism_protocol,33,120,120,11,0.95833333,0.95833333,0.0,0.94201389,0.95833333,0.95833333,0.95833333,0.95833333,0.95833333,1,1,1,1,1
parity_n5,neural,5,prism_protocol,34,120,120,56,0.95833333,0.95833333,0.0,0.91145833,0.83333333,0.875,0.875,0.95833333,0.95833333,0,0,0,1,1
parity_n5,neural,5,prism_protocol,35,120,120,25,0.95833333,0.95833333,0.0,0.92916667,0.83333333,0.95833333,0.95833333,0.95833333,0.95833333,0,1,1,1,1
parity_n5,neural,5,prism_protocol,36,120,120,14,0.95833333,0.95833333,0.0,0.94131944,0.95833333,0.95833333,0.95833333,0.95833333,0.95833333,1,1,1,1,1
parity_n5,neural,5,prism_protocol,37,120,120,48,0.95833333,0.95833333,0.0,0.93298611,0.91666667,0.91666667,0.95833333,0.95833333,0.95833333,0,0,1,1,1
parity_n5,neural,5,prism_protocol,38,120,120,61,0.95833333,0.95833333,0.0,0.91145833,0.83333333,0.83333333,0.91666667,0.95833333,0.95833333,0,0,0,1,1
parity_n5,neural,5,prism_protocol,39,120,120,14,0.95833333,0.95833333,0.0,0.94027778,0.95833333,0.95833333,0.95833333,0.95833333,0.95833333,1,1,1,1,1
sciml_lorenz63,sciml,6,uniform,0,200,200,,0.992773,0.993078,0.000305,0.98753702,0.976416,0.979732,0.986558,0.990689,0.992773,0,0,0,0,0
sciml_lorenz63,sciml,6,uniform,1,200,200,32,0.993078,0.993078,0.0,0.99103762,0.982571,0.990651,0.993078,0.993078,0.993078,0,0,1,1,1
sciml_lorenz63,sciml,6,uniform,2,200,200,114,0.993078,0.993078,0.0,0.99226185,0.991559,0.992773,0.992773,0.992773,0.993078,0,0,0,0,1
sciml_lorenz63,sciml,6,uniform,3,200,200,,0.991594,0.993078,0.001484,0.99118862,0.991541,0.991541,0.991541,0.991594,0.991594,0,0,0,0,0
sciml_lorenz63,sciml,6,uniform,4,200,200,,0.99222,0.993078,0.000858,0.99113596,0.990593,0.990593,0.99222,0.99222,0.99222,0,0,0,0,0
sciml_lorenz63,sciml,6,uniform,5,200,200,167,0.993078,0.993078,0.0,0.99060711,0.987314,0.987325,0.987325,0.991594,0.993078,0,0,0,0,1
sciml_lorenz63,sciml,6,uniform,6,200,200,135,0.993078,0.993078,0.0,0.99179788,0.99222,0.99222,0.99222,0.99222,0.993078,0,0,0,0,1
sciml_lorenz63,sciml,6,uniform,7,200,200,,0.99222,0.993078,0.000858,0.99221587,0.992205,0.992205,0.992205,0.99222,0.99222,0,0,0,0,0
sciml_lorenz63,sciml,6,uniform,8,200,200,193,0.993078,0.993078,0.0,0.99167699,0.991217,0.991217,0.991255,0.992773,0.993078,0,0,0,0,1
sciml_lorenz63,sciml,6,uniform,9,200,200,,0.992773,0.993078,0.000305,0.99161331,0.987462,0.992205,0.992773,0.992773,0.992773,0,0,0,0,0
sciml_lorenz63,sciml,6,uniform,10,200,200,9,0.993078,0.993078,0.0,0.99239058,0.993078,0.993078,0.993078,0.993078,0.993078,1,1,1,1,1
sciml_lorenz63,sciml,6,uniform,11,200,200,23,0.993078,0.993078,0.0,0.99249389,0.99222,0.993078,0.993078,0.993078,0.993078,0,1,1,1,1
sciml_lorenz63,sciml,6,uniform,12,200,200,90,0.993078,0.993078,0.0,0.99101175,0.987362,0.987362,0.991866,0.993078,0.993078,0,0,0,1,1
sciml_lorenz63,sciml,6,uniform,13,200,200,,0.991878,0.993078,0.0012,0.99140314,0.991255,0.991255,0.991878,0.991878,0.991878,0,0,0,0,0
sciml_lorenz63,sciml,6,uniform,14,200,200,158,0.993078,0.993078,0.0,0.99036693,0.991494,0.991494,0.991494,0.991494,0.993078,0,0,0,0,1
sciml_lorenz63,sciml,6,uniform,15,200,200,155,0.993078,0.993078,0.0,0.99179485,0.991931,0.991931,0.991931,0.991944,0.993078,0,0,0,0,1
sciml_lorenz63,sciml,6,uniform,16,200,200,73,0.993078,0.993078,0.0,0.99248627,0.991594,0.991594,0.991878,0.993078,0.993078,0,0,0,1,1
sciml_lorenz63,sciml,6,uniform,17,200,200,5,0.993078,0.993078,0.0,0.99259494,0.993078,0.993078,0.993078,0.993078,0.993078,1,1,1,1,1
sciml_lorenz63,sciml,6,uniform,18,200,200,,0.99222,0.993078,0.000858,0.99036244,0.988571,0.988571,0.991164,0.991164,0.99222,0,0,0,0,0
sciml_lorenz63,sciml,6,uniform,19,200,200,13,0.993078,0.993078,0.0,0.99254324,0.993078,0.993078,0.993078,0.993078,0.993078,1,1,1,1,1
sciml_lorenz63,sciml,6,uniform,20,200,200,110,0.993078,0.993078,0.0,0.99162597,0.992205,0.992205,0.992205,0.992205,0.993078,0,0,0,0,1
sciml_lorenz63,sciml,6,uniform,21,200,200,,0.992773,0.993078,0.000305,0.9921785,0.992773,0.992773,0.992773,0.992773,0.992773,0,0,0,0,0
sciml_lorenz63,sciml,6,uniform,22,200,200,,0.99222,0.993078,0.000858,0.99115268,0.99222,0.99222,0.99222,0.99222,0.99222,0,0,0,0,0
sciml_lorenz63,sciml,6,uniform,23,200,200,,0.992205,0.993078,0.000873,0.99161409,0.991944,0.991944,0.991944,0.991944,0.992205,0,0,0,0,0
sciml_lorenz63,sciml,6,uniform,24,200,200,13,0.993078,0.993078,0.0,0.99172296,0.993078,0.993078,0.993078,0.993078,0.993078,1,1,1,1,1
sciml_lorenz63,sciml,6,uniform,25,200,200,,0.992205,0.993078,0.000873,0.99171972,0.991164,0.991164,0.991255,0.992205,0.992205,0,0,0,0,0
sciml_lorenz63,sciml,6,uniform,26,200,200,,0.99222,0.993078,0.000858,0.9918371,0.991559,0.991559,0.991559,0.991944,0.99222,0,0,0,0,0
sciml_lorenz63,sciml,6,uniform,27,200,200,80,0.993078,0.993078,0.0,0.99253349,0.991878,0.991878,0.991878,0.993078,0.993078,0,0,0,1,1
sciml_lorenz63,sciml,6,uniform,28,200,200,40,0.993078,0.993078,0.0,0.99263645,0.99222,0.99222,0.993078,0.993078,0.993078,0,0,1,1,1
sciml_lorenz63,sciml,6,uniform,29,200,200,91,0.993078,0.993078,0.0,0.99107238,0.987773,0.988571,0.990646,0.993078,0.993078,0,0,0,1,1
sciml_lorenz63,sciml,6,uniform,30,200,200,,0.992773,0.993078,0.000305,0.99114383,0.991217,0.991878,0.991878,0.991931,0.992773,0,0,0,0,0
sciml_lorenz63,sciml,6,uniform,31,200,200,62,0.993078,0.993078,0.0,0.99250913,0.991203,0.991217,0.991217,0.993078,0.993078,0,0,0,1,1
sciml_lorenz63,sciml,6,uniform,32,200,200,,0.991944,0.993078,0.001134,0.99100329,0.991217,0.991217,0.991931,0.991944,0.991944,0,0,0,0,0
sciml_lorenz63,sciml,6,uniform,33,200,200,85,0.993078,0.993078,0.0,0.99051055,0.985866,0.991944,0.991944,0.993078,0.993078,0,0,0,1,1
sciml_lorenz63,sciml,6,uniform,34,200,200,,0.99222,0.993078,0.000858,0.99086424,0.987362,0.987362,0.99222,0.99222,0.99222,0,0,0,0,0
sciml_lorenz63,sciml,6,uniform,35,200,200,200,0.993078,0.993078,0.0,0.99222429,0.99222,0.99222,0.99222,0.99222,0.993078,0,0,0,0,1
sciml_lorenz63,sciml,6,uniform,36,200,200,89,0.993078,0.993078,0.0,0.99222392,0.991494,0.991494,0.991494,0.993078,0.993078,0,0,0,1,1
sciml_lorenz63,sciml,6,uniform,37,200,200,134,0.993078,0.993078,0.0,0.9910207,0.991559,0.991559,0.991944,0.991944,0.993078,0,0,0,0,1
sciml_lorenz63,sciml,6,uniform,38,200,200,125,0.993078,0.993078,0.0,0.99109205,0.979732,0.991931,0.991931,0.991931,0.993078,0,0,0,0,1
sciml_lorenz63,sciml,6,uniform,39,200,200,187,0.993078,0.993078,0.0,0.9908116,0.991217,0.991217,0.992205,0.992205,0.993078,0,0,0,0,1
sciml_lorenz63,sciml,6,ls_swap,0,200,200,,0.99222,0.993078,0.000858,0.99131923,0.987462,0.991255,0.99222,0.99222,0.99222,0,0,0,0,0
sciml_lorenz63,sciml,6,ls_swap,1,200,200,18,0.993078,0.993078,0.0,0.9911781,0.976265,0.993078,0.993078,0.993078,0.993078,0,1,1,1,1
sciml_lorenz63,sciml,6,ls_swap,2,200,200,97,0.993078,0.993078,0.0,0.99179112,0.987462,0.991255,0.99222,0.993078,0.993078,0,0,0,1,1
sciml_lorenz63,sciml,6,ls_swap,3,200,200,91,0.993078,0.993078,0.0,0.9901966,0.987362,0.988571,0.988571,0.993078,0.993078,0,0,0,1,1
sciml_lorenz63,sciml,6,ls_swap,4,200,200,74,0.993078,0.993078,0.0,0.99163625,0.991594,0.991931,0.991944,0.993078,0.993078,0,0,0,1,1
sciml_lorenz63,sciml,6,ls_swap,5,200,200,31,0.993078,0.993078,0.0,0.9920302,0.986859,0.987341,0.993078,0.993078,0.993078,0,0,1,1,1
sciml_lorenz63,sciml,6,ls_swap,6,200,200,48,0.993078,0.993078,0.0,0.99224364,0.991944,0.991944,0.993078,0.993078,0.993078,0,0,1,1,1
sciml_lorenz63,sciml,6,ls_swap,7,200,200,112,0.993078,0.993078,0.0,0.98963724,0.985866,0.988116,0.988571,0.988571,0.993078,0,0,0,0,1
sciml_lorenz63,sciml,6,ls_swap,8,200,200,58,0.993078,0.993078,0.0,0.9926257,0.99222,0.99222,0.992773,0.993078,0.993078,0,0,0,1,1
sciml_lorenz63,sciml,6,ls_swap,9,200,200,143,0.993078,0.993078,0.0,0.99160483,0.987462,0.991255,0.99222,0.99222,0.993078,0,0,0,0,1
sciml_lorenz63,sciml,6,ls_swap,10,200,200,122,0.993078,0.993078,0.0,0.99132287,0.987006,0.987352,0.991944,0.991944,0.993078,0,0,0,0,1
sciml_lorenz63,sciml,6,ls_swap,11,200,200,98,0.993078,0.993078,0.0,0.99110151,0.991255,0.991931,0.991944,0.993078,0.993078,0,0,0,1,1
sciml_lorenz63,sciml,6,ls_swap,12,200,200,53,0.993078,0.993078,0.0,0.99277608,0.991944,0.991944,0.991944,0.993078,0.993078,0,0,0,1,1
sciml_lorenz63,sciml,6,ls_swap,13,200,200,49,0.993078,0.993078,0.0,0.99191471,0.987462,0.990689,0.993078,0.993078,0.993078,0,0,1,1,1
sciml_lorenz63,sciml,6,ls_swap,14,200,200,30,0.993078,0.993078,0.0,0.99197004,0.988571,0.988571,0.993078,0.993078,0.993078,0,0,1,1,1
sciml_lorenz63,sciml,6,ls_swap,15,200,200,36,0.993078,0.993078,0.0,0.99213838,0.991494,0.991878,0.993078,0.993078,0.993078,0,0,1,1,1
sciml_lorenz63,sciml,6,ls_swap,16,200,200,,0.99222,0.993078,0.000858,0.9909446,0.987352,0.987352,0.991944,0.99222,0.99222,0,0,0,0,0
sciml_lorenz63,sciml,6,ls_swap,17,200,200,19,0.993078,0.993078,0.0,0.9905894,0.977432,0.993078,0.993078,0.993078,0.993078,0,1,1,1,1
sciml_lorenz63,sciml,6,ls_swap,18,200,200,128,0.993078,0.993078,0.0,0.99106277,0.987006,0.987352,0.991944,0.991944,0.993078,0,0,0,0,1
sciml_lorenz63,sciml,6,ls_swap,19,200,200,35,0.993078,0.993078,0.0,0.99140514,0.991494,0.991878,0.993078,0.993078,0.993078,0,0,1,1,1
sciml_lorenz63,sciml,6,ls_swap,20,200,200,92,0.993078,0.993078,0.0,0.99009583,0.975778,0.991944,0.99222,0.993078,0.993078,0,0,0,1,1
sciml_lorenz63,sciml,6,ls_swap,21,200,200,27,0.993078,0.993078,0.0,0.99175319,0.987341,0.987341,0.993078,0.993078,0.993078,0,0,1,1,1
sciml_lorenz63,sciml,6,ls_swap,22,200,200,125,0.993078,0.993078,0.0,0.99104962,0.986811,0.987311,0.991944,0.99222,0.993078,0,0,0,0,1
sciml_lorenz63,sciml,6,ls_swap,23,200,200,31,0.993078,0.993078,0.0,0.99256678,0.991541,0.992773,0.993078,0.993078,0.993078,0,0,1,1,1
sciml_lorenz63,sciml,6,ls_swap,24,200,200,114,0.993078,0.993078,0.0,0.99197276,0.991559,0.991944,0.991944,0.991944,0.993078,0,0,0,0,1
sciml_lorenz63,sciml,6,ls_swap,25,200,200,99,0.993078,0.993078,0.0,0.9926518,0.99222,0.99222,0.99222,0.993078,0.993078,0,0,0,1,1
sciml_lorenz63,sciml,6,ls_swap,26,200,200,109,0.993078,0.993078,0.0,0.99222961,0.991217,0.991255,0.991255,0.99222,0.993078,0,0,0,0,1
sciml_lorenz63,sciml,6,ls_swap,27,200,200,30,0.993078,0.993078,0.0,0.99230746,0.988571,0.988571,0.993078,0.993078,0.993078,0,0,1,1,1
sciml_lorenz63,sciml,6,ls_swap,28,200,200,91,0.993078,0.993078,0.0,0.99151607,0.986858,0.987338,0.991944,0.993078,0.993078,0,0,0,1,1
sciml_lorenz63,sciml,6,ls_swap,29,200,200,75,0.993078,0.993078,0.0,0.99223726,0.991217,0.991255,0.991255,0.993078,0.993078,0,0,0,1,1
sciml_lorenz63,sciml,6,ls_swap,30,200,200,80,0.993078,0.993078,0.0,0.99011966,0.975778,0.991944,0.99222,0.993078,0.993078,0,0,0,1,1
sciml_lorenz63,sciml,6,ls_swap,31,200,200,97,0.993078,0.993078,0.0,0.99154032,0.991559,0.991944,0.991944,0.993078,0.993078,0,0,0,1,1
sciml_lorenz63,sciml,6,ls_swap,32,200,200,31,0.993078,0.993078,0.0,0.99234393,0.991494,0.992773,0.993078,0.993078,0.993078,0,0,1,1,1
sciml_lorenz63,sciml,6,ls_swap,33,200,200,141,0.993078,0.993078,0.0,0.98912301,0.968531,0.981483,0.991944,0.991944,0.993078,0,0,0,0,1
sciml_lorenz63,sciml,6,ls_swap,34,200,200,14,0.993078,0.993078,0.0,0.99245608,0.993078,0.993078,0.993078,0.993078,0.993078,1,1,1,1,1
sciml_lorenz63,sciml,6,ls_swap,35,200,200,177,0.993078,0.993078,0.0,0.9918906,0.991255,0.991255,0.991255,0.991944,0.993078,0,0,0,0,1
sciml_lorenz63,sciml,6,ls_swap,36,200,200,64,0.993078,0.993078,0.0,0.99075828,0.99222,0.99222,0.99222,0.993078,0.993078,0,0,0,1,1
sciml_lorenz63,sciml,6,ls_swap,37,200,200,184,0.993078,0.993078,0.0,0.99041782,0.986979,0.987325,0.991944,0.991944,0.993078,0,0,0,0,1
sciml_lorenz63,sciml,6,ls_swap,38,200,200,42,0.993078,0.993078,0.0,0.99085629,0.976869,0.988571,0.993078,0.993078,0.993078,0,0,1,1,1
sciml_lorenz63,sciml,6,ls_swap,39,200,200,16,0.993078,0.993078,0.0,0.99273998,0.988571,0.993078,0.993078,0.993078,0.993078,0,1,1,1,1
sciml_lorenz63,sciml,6,ls_insert,0,200,200,59,0.993078,0.993078,0.0,0.99185208,0.985866,0.991559,0.991944,0.993078,0.993078,0,0,0,1,1
sciml_lorenz63,sciml,6,ls_insert,1,200,200,51,0.993078,0.993078,0.0,0.98697774,0.966212,0.966212,0.991559,0.993078,0.993078,0,0,0,1,1
sciml_lorenz63,sciml,6,ls_insert,2,200,200,58,0.993078,0.993078,0.0,0.99191099,0.985866,0.991255,0.99222,0.993078,0.993078,0,0,0,1,1
sciml_lorenz63,sciml,6,ls_insert,3,200,200,61,0.993078,0.993078,0.0,0.99076362,0.986467,0.986467,0.991931,0.993078,0.993078,0,0,0,1,1
sciml_lorenz63,sciml,6,ls_insert,4,200,200,27,0.993078,0.993078,0.0,0.99062302,0.966556,0.991541,0.993078,0.993078,0.993078,0,0,1,1,1
sciml_lorenz63,sciml,6,ls_insert,5,200,200,47,0.993078,0.993078,0.0,0.99184203,0.991594,0.991594,0.993078,0.993078,0.993078,0,0,1,1,1
sciml_lorenz63,sciml,6,ls_insert,6,200,200,32,0.993078,0.993078,0.0,0.99197908,0.983089,0.991878,0.993078,0.993078,0.993078,0,0,1,1,1
sciml_lorenz63,sciml,6,ls_insert,7,200,200,39,0.993078,0.993078,0.0,0.991266,0.987362,0.987362,0.993078,0.993078,0.993078,0,0,1,1,1
sciml_lorenz63,sciml,6,ls_insert,8,200,200,35,0.993078,0.993078,0.0,0.99225003,0.99222,0.99222,0.993078,0.993078,0.993078,0,0,1,1,1
sciml_lorenz63,sciml,6,ls_insert,9,200,200,58,0.993078,0.993078,0.0,0.99191099,0.985866,0.991255,0.99222,0.993078,0.993078,0,0,0,1,1
sciml_lorenz63,sciml,6,ls_insert,10,200,200,62,0.993078,0.993078,0.0,0.99151137,0.991255,0.991255,0.991944,0.993078,0.993078,0,0,0,1,1
sciml_lorenz63,sciml,6,ls_insert,11,200,200,58,0.993078,0.993078,0.0,0.9908589,0.991255,0.991255,0.99222,0.993078,0.993078,0,0,0,1,1
sciml_lorenz63,sciml,6,ls_insert,12,200,200,43,0.993078,0.993078,0.0,0.99281704,0.991931,0.991931,0.993078,0.993078,0.993078,0,0,1,1,1
sciml_lorenz63,sciml,6,ls_insert,13,200,200,27,0.993078,0.993078,0.0,0.99025355,0.976532,0.976532,0.993078,0.993078,0.993078,0,0,1,1,1
sciml_lorenz63,sciml,6,ls_insert,14,200,200,30,0.993078,0.993078,0.0,0.99109454,0.976955,0.987362,0.993078,0.993078,0.993078,0,0,1,1,1
sciml_lorenz63,sciml,6,ls_insert,15,200,200,48,0.993078,0.993078,0.0,0.99154649,0.987396,0.987396,0.993078,0.993078,0.993078,0,0,1,1,1
sciml_lorenz63,sciml,6,ls_insert,16,200,200,43,0.993078,0.993078,0.0,0.99057249,0.964181,0.99222,0.993078,0.993078,0.993078,0,0,1,1,1
sciml_lorenz63,sciml,6,ls_insert,17,200,200,54,0.993078,0.993078,0.0,0.98719542,0.966183,0.967288,0.988571,0.993078,0.993078,0,0,0,1,1
sciml_lorenz63,sciml,6,ls_insert,18,200,200,50,0.993078,0.993078,0.0,0.98894044,0.962259,0.974758,0.993078,0.993078,0.993078,0,0,1,1,1
sciml_lorenz63,sciml,6,ls_insert,19,200,200,42,0.993078,0.993078,0.0,0.9867194,0.965467,0.965467,0.993078,0.993078,0.993078,0,0,1,1,1
sciml_lorenz63,sciml,6,ls_insert,20,200,200,53,0.993078,0.993078,0.0,0.98634511,0.960597,0.965369,0.987362,0.993078,0.993078,0,0,0,1,1
sciml_lorenz63,sciml,6,ls_insert,21,200,200,44,0.993078,0.993078,0.0,0.99112898,0.99222,0.99222,0.993078,0.993078,0.993078,0,0,1,1,1
sciml_lorenz63,sciml,6,ls_insert,22,200,200,47,0.993078,0.993078,0.0,0.99094044,0.988116,0.991594,0.993078,0.993078,0.993078,0,0,1,1,1
sciml_lorenz63,sciml,6,ls_insert,23,200,200,32,0.993078,0.993078,0.0,0.9925584,0.991878,0.991878,0.993078,0.993078,0.993078,0,0,1,1,1
sciml_lorenz63,sciml,6,ls_insert,24,200,200,44,0.993078,0.993078,0.0,0.99240876,0.991931,0.991931,0.993078,0.993078,0.993078,0,0,1,1,1
sciml_lorenz63,sciml,6,ls_insert,25,200,200,20,0.993078,0.993078,0.0,0.99296988,0.991944,0.993078,0.993078,0.993078,0.993078,0,1,1,1,1
sciml_lorenz63,sciml,6,ls_insert,26,200,200,39,0.993078,0.993078,0.0,0.9925072,0.988973,0.99222,0.993078,0.993078,0.993078,0,0,1,1,1
sciml_lorenz63,sciml,6,ls_insert,27,200,200,41,0.993078,0.993078,0.0,0.99181644,0.988571,0.988571,0.993078,0.993078,0.993078,0,0,1,1,1
sciml_lorenz63,sciml,6,ls_insert,28,200,200,62,0.993078,0.993078,0.0,0.99152921,0.991217,0.991217,0.991944,0.993078,0.993078,0,0,0,1,1
sciml_lorenz63,sciml,6,ls_insert,29,200,200,39,0.993078,0.993078,0.0,0.99189242,0.983089,0.99222,0.993078,0.993078,0.993078,0,0,1,1,1
sciml_lorenz63,sciml,6,ls_insert,30,200,200,53,0.993078,0.993078,0.0,0.98634511,0.960597,0.965369,0.987362,0.993078,0.993078,0,0,0,1,1
sciml_lorenz63,sciml,6,ls_insert,31,200,200,62,0.993078,0.993078,0.0,0.98788328,0.967566,0.967566,0.991944,0.993078,0.993078,0,0,0,1,1
sciml_lorenz63,sciml,6,ls_insert,32,200,200,5,0.993078,0.993078,0.0,0.99247211,0.993078,0.993078,0.993078,0.993078,0.993078,1,1,1,1,1
sciml_lorenz63,sciml,6,ls_insert,33,200,200,49,0.993078,0.993078,0.0,0.98713578,0.961289,0.965283,0.993078,0.993078,0.993078,0,0,1,1,1
sciml_lorenz63,sciml,6,ls_insert,34,200,200,17,0.993078,0.993078,0.0,0.99097009,0.967566,0.993078,0.993078,0.993078,0.993078,0,1,1,1,1
sciml_lorenz63,sciml,6,ls_insert,35,200,200,39,0.993078,0.993078,0.0,0.99284191,0.991944,0.99222,0.993078,0.993078,0.993078,0,0,1,1,1
sciml_lorenz63,sciml,6,ls_insert,36,200,200,57,0.993078,0.993078,0.0,0.98662627,0.963447,0.967442,0.988571,0.993078,0.993078,0,0,0,1,1
sciml_lorenz63,sciml,6,ls_insert,37,200,200,55,0.993078,0.993078,0.0,0.98986555,0.96864,0.987839,0.991944,0.993078,0.993078,0,0,0,1,1
sciml_lorenz63,sciml,6,ls_insert,38,200,200,77,0.993078,0.993078,0.0,0.98980421,0.981066,0.981066,0.990689,0.993078,0.993078,0,0,0,1,1
sciml_lorenz63,sciml,6,ls_insert,39,200,200,22,0.993078,0.993078,0.0,0.99260476,0.988571,0.993078,0.993078,0.993078,0.993078,0,1,1,1,1
sciml_lorenz63,sciml,6,ls_inversion,0,200,200,75,0.993078,0.993078,0.0,0.99181836,0.987462,0.991255,0.991944,0.993078,0.993078,0,0,0,1,1
sciml_lorenz63,sciml,6,ls_inversion,1,200,200,186,0.993078,0.993078,0.0,0.9902487,0.979687,0.991559,0.991944,0.991944,0.993078,0,0,0,0,1
sciml_lorenz63,sciml,6,ls_inversion,2,200,200,97,0.993078,0.993078,0.0,0.99159457,0.987462,0.991255,0.991944,0.993078,0.993078,0,0,0,1,1
sciml_lorenz63,sciml,6,ls_inversion,3,200,200,30,0.993078,0.993078,0.0,0.99133172,0.988571,0.988571,0.993078,0.993078,0.993078,0,0,1,1,1
sciml_lorenz63,sciml,6,ls_inversion,4,200,200,31,0.993078,0.993078,0.0,0.9910495,0.988116,0.988571,0.993078,0.993078,0.993078,0,0,1,1,1
sciml_lorenz63,sciml,6,ls_inversion,5,200,200,200,0.993078,0.993078,0.0,0.99008578,0.986859,0.987341,0.987341,0.991944,0.993078,0,0,0,0,1
sciml_lorenz63,sciml,6,ls_inversion,6,200,200,110,0.993078,0.993078,0.0,0.99162382,0.987352,0.988973,0.991944,0.991944,0.993078,0,0,0,0,1
sciml_lorenz63,sciml,6,ls_inversion,7,200,200,,0.99222,0.993078,0.000858,0.98902828,0.965991,0.987362,0.991255,0.991944,0.99222,0,0,0,0,0
sciml_lorenz63,sciml,6,ls_inversion,8,200,200,63,0.993078,0.993078,0.0,0.99219192,0.99222,0.99222,0.99222,0.993078,0.993078,0,0,0,1,1
sciml_lorenz63,sciml,6,ls_inversion,9,200,200,,0.991944,0.993078,0.001134,0.99100489,0.987462,0.991255,0.991944,0.991944,0.991944,0,0,0,0,0
sciml_lorenz63,sciml,6,ls_inversion,10,200,200,,0.991944,0.993078,0.001134,0.99100416,0.987462,0.991255,0.991944,0.991944,0.991944,0,0,0,0,0
sciml_lorenz63,sciml,6,ls_inversion,11,200,200,79,0.993078,0.993078,0.0,0.99121194,0.991255,0.991931,0.991944,0.993078,0.993078,0,0,0,1,1
sciml_lorenz63,sciml,6,ls_inversion,12,200,200,53,0.993078,0.993078,0.0,0.99277608,0.991944,0.991944,0.991944,0.993078,0.993078,0,0,0,1,1
sciml_lorenz63,sciml,6,ls_inversion,13,200,200,124,0.993078,0.993078,0.0,0.99206171,0.99222,0.99222,0.99222,0.99222,0.993078,0,0,0,0,1
sciml_lorenz63,sciml,6,ls_inversion,14,200,200,130,0.993078,0.993078,0.0,0.99130991,0.987311,0.988571,0.991944,0.991944,0.993078,0,0,0,0,1
sciml_lorenz63,sciml,6,ls_inversion,15,200,200,48,0.993078,0.993078,0.0,0.99207929,0.991559,0.991944,0.993078,0.993078,0.993078,0,0,1,1,1
sciml_lorenz63,sciml,6,ls_inversion,16,200,200,115,0.993078,0.993078,0.0,0.99040977,0.976955,0.991866,0.99222,0.99222,0.993078,0,0,0,0,1
sciml_lorenz63,sciml,6,ls_inversion,17,200,200,123,0.993078,0.993078,0.0,0.99143564,0.992205,0.99222,0.99222,0.99222,0.993078,0,0,0,0,1
sciml_lorenz63,sciml,6,ls_inversion,18,200,200,17,0.993078,0.993078,0.0,0.99082556,0.976532,0.993078,0.993078,0.993078,0.993078,0,1,1,1,1
sciml_lorenz63,sciml,6,ls_inversion,19,200,200,49,0.993078,0.993078,0.0,0.99031229,0.97933,0.991494,0.993078,0.993078,0.993078,0,0,1,1,1
sciml_lorenz63,sciml,6,ls_inversion,20,200,200,87,0.993078,0.993078,0.0,0.99106717,0.987839,0.991944,0.991944,0.993078,0.993078,0,0,0,1,1
sciml_lorenz63,sciml,6,ls_inversion,21,200,200,97,0.993078,0.993078,0.0,0.98881218,0.965744,0.986527,0.988571,0.993078,0.993078,0,0,0,1,1
sciml_lorenz63,sciml,6,ls_inversion,22,200,200,73,0.993078,0.993078,0.0,0.99070706,0.986811,0.987311,0.991944,0.993078,0.993078,0,0,0,1,1
sciml_lorenz63,sciml,6,ls_inversion,23,200,200,50,0.993078,0.993078,0.0,0.99203221,0.987462,0.990632,0.993078,0.993078,0.993078,0,0,1,1,1
sciml_lorenz63,sciml,6,ls_inversion,24,200,200,112,0.993078,0.993078,0.0,0.99195985,0.991255,0.991931,0.991944,0.991944,0.993078,0,0,0,0,1
sciml_lorenz63,sciml,6,ls_inversion,25,200,200,189,0.993078,0.993078,0.0,0.99213171,0.991944,0.991944,0.991944,0.991944,0.993078,0,0,0,0,1
sciml_lorenz63,sciml,6,ls_inversion,26,200,200,38,0.993078,0.993078,0.0,0.992212,0.986726,0.986726,0.993078,0.993078,0.993078,0,0,1,1,1
sciml_lorenz63,sciml,6,ls_inversion,27,200,200,30,0.993078,0.993078,0.0,0.99230746,0.988571,0.988571,0.993078,0.993078,0.993078,0,0,1,1,1
sciml_lorenz63,sciml,6,ls_inversion,28,200,200,121,0.993078,0.993078,0.0,0.99133333,0.986858,0.987338,0.991944,0.991944,0.993078,0,0,0,0,1
sciml_lorenz63,sciml,6,ls_inversion,29,200,200,148,0.993078,0.993078,0.0,0.99072571,0.982571,0.986726,0.987462,0.99222,0.993078,0,0,0,0,1
sciml_lorenz63,sciml,6,ls_inversion,30,200,200,48,0.993078,0.993078,0.0,0.99128968,0.987839,0.991944,0.993078,0.993078,0.993078,0,0,1,1,1
sciml_lorenz63,sciml,6,ls_inversion,31,200,200,104,0.993078,0.993078,0.0,0.99041949,0.979818,0.99222,0.99222,0.99222,0.993078,0,0,0,0,1
sciml_lorenz63,sciml,6,ls_inversion,32,200,200,19,0.993078,0.993078,0.0,0.99135805,0.977131,0.993078,0.993078,0.993078,0.993078,0,1,1,1,1
sciml_lorenz63,sciml,6,ls_inversion,33,200,200,36,0.993078,0.993078,0.0,0.99133624,0.987839,0.987839,0.993078,0.993078,0.993078,0,0,1,1,1
sciml_lorenz63,sciml,6,ls_inversion,34,200,200,14,0.993078,0.993078,0.0,0.99213331,0.993078,0.993078,0.993078,0.993078,0.993078,1,1,1,1,1
sciml_lorenz63,sciml,6,ls_inversion,35,200,200,94,0.993078,0.993078,0.0,0.99223031,0.991255,0.991255,0.991255,0.993078,0.993078,0,0,0,1,1
sciml_lorenz63,sciml,6,ls_inversion,36,200,200,96,0.993078,0.993078,0.0,0.99023558,0.981526,0.981913,0.991944,0.993078,0.993078,0,0,0,1,1
sciml_lorenz63,sciml,6,ls_inversion,37,200,200,157,0.993078,0.993078,0.0,0.99022391,0.985866,0.986527,0.991944,0.991944,0.993078,0,0,0,0,1
sciml_lorenz63,sciml,6,ls_inversion,38,200,200,168,0.993078,0.993078,0.0,0.99030467,0.981483,0.98187,0.991944,0.992205,0.993078,0,0,0,0,1
sciml_lorenz63,sciml,6,ls_inversion,39,200,200,16,0.993078,0.993078,0.0,0.99273998,0.988571,0.993078,0.993078,0.993078,0.993078,0,1,1,1,1
sciml_lorenz63,sciml,6,simulated_annealing,0,200,200,134,0.993078,0.993078,0.0,0.99226257,0.991594,0.991594,0.991931,0.992773,0.993078,0,0,0,0,1
sciml_lorenz63,sciml,6,simulated_annealing,1,200,200,65,0.993078,0.993078,0.0,0.98837108,0.962601,0.962601,0.991931,0.993078,0.993078,0,0,0,1,1
sciml_lorenz63,sciml,6,simulated_annealing,2,200,200,139,0.993078,0.993078,0.0,0.9914695,0.987462,0.987462,0.991217,0.99222,0.993078,0,0,0,0,1
sciml_lorenz63,sciml,6,simulated_annealing,3,200,200,164,0.993078,0.993078,0.0,0.99101879,0.988116,0.991203,0.991217,0.991878,0.993078,0,0,0,0,1
sciml_lorenz63,sciml,6,simulated_annealing,4,200,200,64,0.993078,0.993078,0.0,0.98824231,0.965463,0.967288,0.988571,0.993078,0.993078,0,0,0,1,1
sciml_lorenz63,sciml,6,simulated_annealing,5,200,200,72,0.993078,0.993078,0.0,0.99062551,0.981935,0.981935,0.991944,0.993078,0.993078,0,0,0,1,1
sciml_lorenz63,sciml,6,simulated_annealing,6,200,200,190,0.993078,0.993078,0.0,0.99156358,0.987352,0.991559,0.991878,0.99222,0.993078,0,0,0,0,1
sciml_lorenz63,sciml,6,simulated_annealing,7,200,200,9,0.993078,0.993078,0.0,0.99206916,0.993078,0.993078,0.993078,0.993078,0.993078,1,1,1,1,1
sciml_lorenz63,sciml,6,simulated_annealing,8,200,200,130,0.993078,0.993078,0.0,0.99185811,0.987839,0.987839,0.991944,0.992773,0.993078,0,0,0,0,1
sciml_lorenz63,sciml,6,simulated_annealing,9,200,200,60,0.993078,0.993078,0.0,0.99193595,0.987362,0.991931,0.991931,0.993078,0.993078,0,0,0,1,1
sciml_lorenz63,sciml,6,simulated_annealing,10,200,200,136,0.993078,0.993078,0.0,0.99085452,0.987362,0.988973,0.988973,0.992773,0.993078,0,0,0,0,1
sciml_lorenz63,sciml,6,simulated_annealing,11,200,200,192,0.993078,0.993078,0.0,0.99105471,0.99222,0.99222,0.99222,0.99222,0.993078,0,0,0,0,1
sciml_lorenz63,sciml,6,simulated_annealing,12,200,200,37,0.993078,0.993078,0.0,0.99278007,0.991255,0.991559,0.993078,0.993078,0.993078,0,0,1,1,1
sciml_lorenz63,sciml,6,simulated_annealing,13,200,200,53,0.993078,0.993078,0.0,0.9916532,0.991559,0.991944,0.991944,0.993078,0.993078,0,0,0,1,1
sciml_lorenz63,sciml,6,simulated_annealing,14,200,200,131,0.993078,0.993078,0.0,0.98914302,0.96864,0.96864,0.992773,0.992773,0.993078,0,0,0,0,1
sciml_lorenz63,sciml,6,simulated_annealing,15,200,200,93,0.993078,0.993078,0.0,0.99236346,0.991944,0.991944,0.991944,0.993078,0.993078,0,0,0,1,1
sciml_lorenz63,sciml,6,simulated_annealing,16,200,200,153,0.993078,0.993078,0.0,0.99080691,0.991255,0.991255,0.991255,0.99222,0.993078,0,0,0,0,1
sciml_lorenz63,sciml,6,simulated_annealing,17,200,200,31,0.993078,0.993078,0.0,0.99143038,0.991594,0.992773,0.993078,0.993078,0.993078,0,0,1,1,1
sciml_lorenz63,sciml,6,simulated_annealing,18,200,200,47,0.993078,0.993078,0.0,0.99193776,0.991217,0.991217,0.993078,0.993078,0.993078,0,0,1,1,1
sciml_lorenz63,sciml,6,simulated_annealing,19,200,200,41,0.993078,0.993078,0.0,0.98849281,0.965283,0.979759,0.993078,0.993078,0.993078,0,0,1,1,1
sciml_lorenz63,sciml,6,simulated_annealing,20,200,200,,0.992773,0.993078,0.000305,0.99015879,0.991255,0.99222,0.99222,0.992773,0.992773,0,0,0,0,0
sciml_lorenz63,sciml,6,simulated_annealing,21,200,200,55,0.993078,0.993078,0.0,0.99161941,0.987462,0.990646,0.99222,0.993078,0.993078,0,0,0,1,1
sciml_lorenz63,sciml,6,simulated_annealing,22,200,200,27,0.993078,0.993078,0.0,0.99049813,0.965543,0.987314,0.993078,0.993078,0.993078,0,0,1,1,1
sciml_lorenz63,sciml,6,simulated_annealing,23,200,200,130,0.993078,0.993078,0.0,0.9920434,0.991217,0.991541,0.992205,0.992205,0.993078,0,0,0,0,1
sciml_lorenz63,sciml,6,simulated_annealing,24,200,200,,0.992773,0.993078,0.000305,0.99221808,0.992205,0.992205,0.992205,0.992773,0.992773,0,0,0,0,0
sciml_lorenz63,sciml,6,simulated_annealing,25,200,200,66,0.993078,0.993078,0.0,0.99278615,0.99222,0.99222,0.99222,0.993078,0.993078,0,0,0,1,1
sciml_lorenz63,sciml,6,simulated_annealing,26,200,200,90,0.993078,0.993078,0.0,0.99184787,0.987462,0.987462,0.991944,0.993078,0.993078,0,0,0,1,1
sciml_lorenz63,sciml,6,simulated_annealing,27,200,200,82,0.993078,0.993078,0.0,0.99166011,0.988571,0.991931,0.991931,0.993078,0.993078,0,0,0,1,1
sciml_lorenz63,sciml,6,simulated_annealing,28,200,200,41,0.993078,0.993078,0.0,0.99142893,0.987362,0.991878,0.993078,0.993078,0.993078,0,0,1,1,1
sciml_lorenz63,sciml,6,simulated_annealing,29,200,200,101,0.993078,0.993078,0.0,0.99184529,0.991255,0.991255,0.991541,0.991944,0.993078,0,0,0,0,1
sciml_lorenz63,sciml,6,simulated_annealing,30,200,200,188,0.993078,0.993078,0.0,0.9914322,0.991944,0.991944,0.992205,0.992205,0.993078,0,0,0,0,1
sciml_lorenz63,sciml,6,simulated_annealing,31,200,200,148,0.993078,0.993078,0.0,0.99006721,0.986992,0.990689,0.991559,0.991944,0.993078,0,0,0,0,1
sciml_lorenz63,sciml,6,simulated_annealing,32,200,200,98,0.993078,0.993078,0.0,0.98860742,0.962675,0.987325,0.988973,0.993078,0.993078,0,0,0,1,1
sciml_lorenz63,sciml,6,simulated_annealing,33,200,200,70,0.993078,0.993078,0.0,0.99079953,0.988571,0.988571,0.99222,0.993078,0.993078,0,0,0,1,1
sciml_lorenz63,sciml,6,simulated_annealing,34,200,200,140,0.993078,0.993078,0.0,0.98890474,0.965543,0.986992,0.991255,0.991944,0.993078,0,0,0,0,1
sciml_lorenz63,sciml,6,simulated_annealing,35,200,200,146,0.993078,0.993078,0.0,0.99206346,0.991255,0.991255,0.991255,0.991594,0.993078,0,0,0,0,1
sciml_lorenz63,sciml,6,simulated_annealing,36,200,200,116,0.993078,0.993078,0.0,0.98943997,0.96864,0.981066,0.991594,0.991866,0.993078,0,0,0,0,1
sciml_lorenz63,sciml,6,simulated_annealing,37,200,200,64,0.993078,0.993078,0.0,0.99105771,0.990632,0.990632,0.991866,0.993078,0.993078,0,0,0,1,1
sciml_lorenz63,sciml,6,simulated_annealing,38,200,200,35,0.993078,0.993078,0.0,0.99244906,0.991203,0.991878,0.993078,0.993078,0.993078,0,0,1,1,1
sciml_lorenz63,sciml,6,simulated_annealing,39,200,200,90,0.993078,0.993078,0.0,0.99231505,0.988571,0.991559,0.992205,0.993078,0.993078,0,0,0,1,1
sciml_lorenz63,sciml,6,iterated_local_search,0,200,200,59,0.993078,0.993078,0.0,0.99185208,0.985866,0.991559,0.991944,0.993078,0.993078,0,0,0,1,1
sciml_lorenz63,sciml,6,iterated_local_search,1,200,200,51,0.993078,0.993078,0.0,0.98697774,0.966212,0.966212,0.991559,0.993078,0.993078,0,0,0,1,1
sciml_lorenz63,sciml,6,iterated_local_search,2,200,200,58,0.993078,0.993078,0.0,0.99191099,0.985866,0.991255,0.99222,0.993078,0.993078,0,0,0,1,1
sciml_lorenz63,sciml,6,iterated_local_search,3,200,200,61,0.993078,0.993078,0.0,0.99076362,0.986467,0.986467,0.991931,0.993078,0.993078,0,0,0,1,1
sciml_lorenz63,sciml,6,iterated_local_search,4,200,200,27,0.993078,0.993078,0.0,0.99062302,0.966556,0.991541,0.993078,0.993078,0.993078,0,0,1,1,1
sciml_lorenz63,sciml,6,iterated_local_search,5,200,200,47,0.993078,0.993078,0.0,0.99184203,0.991594,0.991594,0.993078,0.993078,0.993078,0,0,1,1,1
sciml_lorenz63,sciml,6,iterated_local_search,6,200,200,32,0.993078,0.993078,0.0,0.99197908,0.983089,0.991878,0.993078,0.993078,0.993078,0,0,1,1,1
sciml_lorenz63,sciml,6,iterated_local_search,7,200,200,39,0.993078,0.993078,0.0,0.991266,0.987362,0.987362,0.993078,0.993078,0.993078,0,0,1,1,1
sciml_lorenz63,sciml,6,iterated_local_search,8,200,200,35,0.993078,0.993078,0.0,0.99225003,0.99222,0.99222,0.993078,0.993078,0.993078,0,0,1,1,1
sciml_lorenz63,sciml,6,iterated_local_search,9,200,200,58,0.993078,0.993078,0.0,0.99191099,0.985866,0.991255,0.99222,0.993078,0.993078,0,0,0,1,1
sciml_lorenz63,sciml,6,iterated_local_search,10,200,200,62,0.993078,0.993078,0.0,0.99151137,0.991255,0.991255,0.991944,0.993078,0.993078,0,0,0,1,1
sciml_lorenz63,sciml,6,iterated_local_search,11,200,200,58,0.993078,0.993078,0.0,0.9908589,0.991255,0.991255,0.99222,0.993078,0.993078,0,0,0,1,1
sciml_lorenz63,sciml,6,iterated_local_search,12,200,200,43,0.993078,0.993078,0.0,0.99281704,0.991931,0.991931,0.993078,0.993078,0.993078,0,0,1,1,1
sciml_lorenz63,sciml,6,iterated_local_search,13,200,200,27,0.993078,0.993078,0.0,0.99025355,0.976532,0.976532,0.993078,0.993078,0.993078,0,0,1,1,1
sciml_lorenz63,sciml,6,iterated_local_search,14,200,200,30,0.993078,0.993078,0.0,0.99109454,0.976955,0.987362,0.993078,0.993078,0.993078,0,0,1,1,1
sciml_lorenz63,sciml,6,iterated_local_search,15,200,200,48,0.993078,0.993078,0.0,0.99154649,0.987396,0.987396,0.993078,0.993078,0.993078,0,0,1,1,1
sciml_lorenz63,sciml,6,iterated_local_search,16,200,200,43,0.993078,0.993078,0.0,0.99057249,0.964181,0.99222,0.993078,0.993078,0.993078,0,0,1,1,1
sciml_lorenz63,sciml,6,iterated_local_search,17,200,200,54,0.993078,0.993078,0.0,0.98719542,0.966183,0.967288,0.988571,0.993078,0.993078,0,0,0,1,1
sciml_lorenz63,sciml,6,iterated_local_search,18,200,200,50,0.993078,0.993078,0.0,0.98894044,0.962259,0.974758,0.993078,0.993078,0.993078,0,0,1,1,1
sciml_lorenz63,sciml,6,iterated_local_search,19,200,200,42,0.993078,0.993078,0.0,0.9867194,0.965467,0.965467,0.993078,0.993078,0.993078,0,0,1,1,1
sciml_lorenz63,sciml,6,iterated_local_search,20,200,200,53,0.993078,0.993078,0.0,0.98634511,0.960597,0.965369,0.987362,0.993078,0.993078,0,0,0,1,1
sciml_lorenz63,sciml,6,iterated_local_search,21,200,200,44,0.993078,0.993078,0.0,0.99112898,0.99222,0.99222,0.993078,0.993078,0.993078,0,0,1,1,1
sciml_lorenz63,sciml,6,iterated_local_search,22,200,200,47,0.993078,0.993078,0.0,0.99094044,0.988116,0.991594,0.993078,0.993078,0.993078,0,0,1,1,1
sciml_lorenz63,sciml,6,iterated_local_search,23,200,200,32,0.993078,0.993078,0.0,0.9925584,0.991878,0.991878,0.993078,0.993078,0.993078,0,0,1,1,1
sciml_lorenz63,sciml,6,iterated_local_search,24,200,200,44,0.993078,0.993078,0.0,0.99240876,0.991931,0.991931,0.993078,0.993078,0.993078,0,0,1,1,1
sciml_lorenz63,sciml,6,iterated_local_search,25,200,200,20,0.993078,0.993078,0.0,0.99296988,0.991944,0.993078,0.993078,0.993078,0.993078,0,1,1,1,1
sciml_lorenz63,sciml,6,iterated_local_search,26,200,200,39,0.993078,0.993078,0.0,0.9925072,0.988973,0.99222,0.993078,0.993078,0.993078,0,0,1,1,1
sciml_lorenz63,sciml,6,iterated_local_search,27,200,200,41,0.993078,0.993078,0.0,0.99181644,0.988571,0.988571,0.993078,0.993078,0.993078,0,0,1,1,1
sciml_lorenz63,sciml,6,iterated_local_search,28,200,200,62,0.993078,0.993078,0.0,0.99152921,0.991217,0.991217,0.991944,0.993078,0.993078,0,0,0,1,1
sciml_lorenz63,sciml,6,iterated_local_search,29,200,200,39,0.993078,0.993078,0.0,0.99189242,0.983089,0.99222,0.993078,0.993078,0.993078,0,0,1,1,1
sciml_lorenz63,sciml,6,iterated_local_search,30,200,200,53,0.993078,0.993078,0.0,0.98634511,0.960597,0.965369,0.987362,0.993078,0.993078,0,0,0,1,1
sciml_lorenz63,sciml,6,iterated_local_search,31,200,200,62,0.993078,0.993078,0.0,0.98788328,0.967566,0.967566,0.991944,0.993078,0.993078,0,0,0,1,1
sciml_lorenz63,sciml,6,iterated_local_search,32,200,200,5,0.993078,0.993078,0.0,0.99247211,0.993078,0.993078,0.993078,0.993078,0.993078,1,1,1,1,1
sciml_lorenz63,sciml,6,iterated_local_search,33,200,200,49,0.993078,0.993078,0.0,0.98713578,0.961289,0.965283,0.993078,0.993078,0.993078,0,0,1,1,1
sciml_lorenz63,sciml,6,iterated_local_search,34,200,200,17,0.993078,0.993078,0.0,0.99097009,0.967566,0.993078,0.993078,0.993078,0.993078,0,1,1,1,1
sciml_lorenz63,sciml,6,iterated_local_search,35,200,200,39,0.993078,0.993078,0.0,0.99284191,0.991944,0.99222,0.993078,0.993078,0.993078,0,0,1,1,1
sciml_lorenz63,sciml,6,iterated_local_search,36,200,200,57,0.993078,0.993078,0.0,0.98662627,0.963447,0.967442,0.988571,0.993078,0.993078,0,0,0,1,1
sciml_lorenz63,sciml,6,iterated_local_search,37,200,200,55,0.993078,0.993078,0.0,0.98986555,0.96864,0.987839,0.991944,0.993078,0.993078,0,0,0,1,1
sciml_lorenz63,sciml,6,iterated_local_search,38,200,200,77,0.993078,0.993078,0.0,0.98980421,0.981066,0.981066,0.990689,0.993078,0.993078,0,0,0,1,1
sciml_lorenz63,sciml,6,iterated_local_search,39,200,200,22,0.993078,0.993078,0.0,0.99260476,0.988571,0.993078,0.993078,0.993078,0.993078,0,1,1,1,1
sciml_lorenz63,sciml,6,ea_elitist,0,200,200,45,0.993078,0.993078,0.0,0.99256608,0.991931,0.991931,0.993078,0.993078,0.993078,0,0,1,1,1
sciml_lorenz63,sciml,6,ea_elitist,1,200,200,63,0.993078,0.993078,0.0,0.99150295,0.987006,0.987839,0.991944,0.993078,0.993078,0,0,0,1,1
sciml_lorenz63,sciml,6,ea_elitist,2,200,200,45,0.993078,0.993078,0.0,0.99262659,0.991866,0.991878,0.993078,0.993078,0.993078,0,0,1,1,1
sciml_lorenz63,sciml,6,ea_elitist,3,200,200,42,0.993078,0.993078,0.0,0.99236722,0.987462,0.99222,0.993078,0.993078,0.993078,0,0,1,1,1
sciml_lorenz63,sciml,6,ea_elitist,4,200,200,177,0.993078,0.993078,0.0,0.9915915,0.991255,0.991594,0.991594,0.992205,0.993078,0,0,0,0,1
sciml_lorenz63,sciml,6,ea_elitist,5,200,200,143,0.993078,0.993078,0.0,0.99182497,0.991217,0.991217,0.992205,0.99222,0.993078,0,0,0,0,1
sciml_lorenz63,sciml,6,ea_elitist,6,200,200,59,0.993078,0.993078,0.0,0.99260435,0.991866,0.991866,0.992773,0.993078,0.993078,0,0,0,1,1
sciml_lorenz63,sciml,6,ea_elitist,7,200,200,100,0.993078,0.993078,0.0,0.99067963,0.987362,0.987362,0.988571,0.993078,0.993078,0,0,0,1,1
sciml_lorenz63,sciml,6,ea_elitist,8,200,200,37,0.993078,0.993078,0.0,0.99195246,0.987462,0.987462,0.993078,0.993078,0.993078,0,0,1,1,1
sciml_lorenz63,sciml,6,ea_elitist,9,200,200,68,0.993078,0.993078,0.0,0.99225881,0.991494,0.99222,0.99222,0.993078,0.993078,0,0,0,1,1
sciml_lorenz63,sciml,6,ea_elitist,10,200,200,,0.99222,0.993078,0.000858,0.99166276,0.991255,0.991255,0.991255,0.991944,0.99222,0,0,0,0,0
sciml_lorenz63,sciml,6,ea_elitist,11,200,200,35,0.993078,0.993078,0.0,0.99191698,0.987839,0.987839,0.993078,0.993078,0.993078,0,0,1,1,1
sciml_lorenz63,sciml,6,ea_elitist,12,200,200,34,0.993078,0.993078,0.0,0.9928709,0.991931,0.991931,0.993078,0.993078,0.993078,0,0,1,1,1
sciml_lorenz63,sciml,6,ea_elitist,13,200,200,100,0.993078,0.993078,0.0,0.99179505,0.987362,0.991559,0.991866,0.993078,0.993078,0,0,0,1,1
sciml_lorenz63,sciml,6,ea_elitist,14,200,200,51,0.993078,0.993078,0.0,0.99231665,0.992773,0.992773,0.992773,0.993078,0.993078,0,0,0,1,1
sciml_lorenz63,sciml,6,ea_elitist,15,200,200,120,0.993078,0.993078,0.0,0.99134614,0.982571,0.990646,0.991559,0.992205,0.993078,0,0,0,0,1
sciml_lorenz63,sciml,6,ea_elitist,16,200,200,20,0.993078,0.993078,0.0,0.99239493,0.990651,0.993078,0.993078,0.993078,0.993078,0,1,1,1,1
sciml_lorenz63,sciml,6,ea_elitist,17,200,200,65,0.993078,0.993078,0.0,0.99228828,0.991559,0.992773,0.992773,0.993078,0.993078,0,0,0,1,1
sciml_lorenz63,sciml,6,ea_elitist,18,200,200,43,0.993078,0.993078,0.0,0.99196703,0.990651,0.991878,0.993078,0.993078,0.993078,0,0,1,1,1
sciml_lorenz63,sciml,6,ea_elitist,19,200,200,24,0.993078,0.993078,0.0,0.9915402,0.988571,0.993078,0.993078,0.993078,0.993078,0,1,1,1,1
sciml_lorenz63,sciml,6,ea_elitist,20,200,200,42,0.993078,0.993078,0.0,0.99225612,0.991559,0.991559,0.993078,0.993078,0.993078,0,0,1,1,1
sciml_lorenz63,sciml,6,ea_elitist,21,200,200,7,0.993078,0.993078,0.0,0.99246218,0.993078,0.993078,0.993078,0.993078,0.993078,1,1,1,1,1
sciml_lorenz63,sciml,6,ea_elitist,22,200,200,104,0.993078,0.993078,0.0,0.9916254,0.991255,0.991255,0.991255,0.99222,0.993078,0,0,0,0,1
sciml_lorenz63,sciml,6,ea_elitist,23,200,200,39,0.993078,0.993078,0.0,0.99218349,0.987462,0.991931,0.993078,0.993078,0.993078,0,0,1,1,1
sciml_lorenz63,sciml,6,ea_elitist,24,200,200,30,0.993078,0.993078,0.0,0.9907238,0.975798,0.987352,0.993078,0.993078,0.993078,0,0,1,1,1
sciml_lorenz63,sciml,6,ea_elitist,25,200,200,53,0.993078,0.993078,0.0,0.99277978,0.991931,0.991931,0.991931,0.993078,0.993078,0,0,0,1,1
sciml_lorenz63,sciml,6,ea_elitist,26,200,200,11,0.993078,0.993078,0.0,0.9927604,0.993078,0.993078,0.993078,0.993078,0.993078,1,1,1,1,1
sciml_lorenz63,sciml,6,ea_elitist,27,200,200,17,0.993078,0.993078,0.0,0.99198092,0.979721,0.993078,0.993078,0.993078,0.993078,0,1,1,1,1
sciml_lorenz63,sciml,6,ea_elitist,28,200,200,52,0.993078,0.993078,0.0,0.99216823,0.991931,0.991931,0.99222,0.993078,0.993078,0,0,0,1,1
sciml_lorenz63,sciml,6,ea_elitist,29,200,200,9,0.993078,0.993078,0.0,0.99270095,0.993078,0.993078,0.993078,0.993078,0.993078,1,1,1,1,1
sciml_lorenz63,sciml,6,ea_elitist,30,200,200,33,0.993078,0.993078,0.0,0.99162717,0.991203,0.991203,0.993078,0.993078,0.993078,0,0,1,1,1
sciml_lorenz63,sciml,6,ea_elitist,31,200,200,80,0.993078,0.993078,0.0,0.99000479,0.987352,0.991878,0.991878,0.993078,0.993078,0,0,0,1,1
sciml_lorenz63,sciml,6,ea_elitist,32,200,200,47,0.993078,0.993078,0.0,0.99196794,0.987311,0.991866,0.993078,0.993078,0.993078,0,0,1,1,1
sciml_lorenz63,sciml,6,ea_elitist,33,200,200,40,0.993078,0.993078,0.0,0.99123863,0.988973,0.988973,0.993078,0.993078,0.993078,0,0,1,1,1
sciml_lorenz63,sciml,6,ea_elitist,34,200,200,64,0.993078,0.993078,0.0,0.99190248,0.991594,0.991594,0.991594,0.993078,0.993078,0,0,0,1,1
sciml_lorenz63,sciml,6,ea_elitist,35,200,200,62,0.993078,0.993078,0.0,0.9925874,0.991255,0.991255,0.991878,0.993078,0.993078,0,0,0,1,1
sciml_lorenz63,sciml,6,ea_elitist,36,200,200,101,0.993078,0.993078,0.0,0.99056462,0.987462,0.991878,0.991878,0.99222,0.993078,0,0,0,0,1
sciml_lorenz63,sciml,6,ea_elitist,37,200,200,183,0.993078,0.993078,0.0,0.99192499,0.992205,0.992205,0.99222,0.99222,0.993078,0,0,0,0,1
sciml_lorenz63,sciml,6,ea_elitist,38,200,200,,0.99222,0.993078,0.000858,0.99044324,0.983089,0.987462,0.99222,0.99222,0.99222,0,0,0,0,0
sciml_lorenz63,sciml,6,ea_elitist,39,200,200,162,0.993078,0.993078,0.0,0.99221401,0.991255,0.991255,0.99222,0.99222,0.993078,0,0,0,0,1
sciml_lorenz63,sciml,6,ea_aging,0,200,200,161,0.993078,0.993078,0.0,0.99210024,0.991931,0.99222,0.99222,0.99222,0.993078,0,0,0,0,1
sciml_lorenz63,sciml,6,ea_aging,1,200,200,62,0.993078,0.993078,0.0,0.99121929,0.987006,0.987311,0.991541,0.993078,0.993078,0,0,0,1,1
sciml_lorenz63,sciml,6,ea_aging,2,200,200,26,0.993078,0.993078,0.0,0.99272717,0.991866,0.991878,0.993078,0.993078,0.993078,0,0,1,1,1
sciml_lorenz63,sciml,6,ea_aging,3,200,200,29,0.993078,0.993078,0.0,0.99242299,0.987462,0.99222,0.993078,0.993078,0.993078,0,0,1,1,1
sciml_lorenz63,sciml,6,ea_aging,4,200,200,60,0.993078,0.993078,0.0,0.99215794,0.991255,0.991255,0.99222,0.993078,0.993078,0,0,0,1,1
sciml_lorenz63,sciml,6,ea_aging,5,200,200,31,0.993078,0.993078,0.0,0.99231578,0.991217,0.991217,0.993078,0.993078,0.993078,0,0,1,1,1
sciml_lorenz63,sciml,6,ea_aging,6,200,200,119,0.993078,0.993078,0.0,0.99216266,0.991866,0.991878,0.991944,0.991944,0.993078,0,0,0,0,1
sciml_lorenz63,sciml,6,ea_aging,7,200,200,40,0.993078,0.993078,0.0,0.99191743,0.987362,0.987362,0.993078,0.993078,0.993078,0,0,1,1,1
sciml_lorenz63,sciml,6,ea_aging,8,200,200,33,0.993078,0.993078,0.0,0.99213132,0.987462,0.988571,0.993078,0.993078,0.993078,0,0,1,1,1
sciml_lorenz63,sciml,6,ea_aging,9,200,200,54,0.993078,0.993078,0.0,0.99228068,0.991494,0.991931,0.991931,0.993078,0.993078,0,0,0,1,1
sciml_lorenz63,sciml,6,ea_aging,10,200,200,167,0.993078,0.993078,0.0,0.99186843,0.991255,0.991255,0.991931,0.991931,0.993078,0,0,0,0,1
sciml_lorenz63,sciml,6,ea_aging,11,200,200,127,0.993078,0.993078,0.0,0.99134465,0.987839,0.987839,0.991164,0.992205,0.993078,0,0,0,0,1
sciml_lorenz63,sciml,6,ea_aging,12,200,200,,0.991944,0.993078,0.001134,0.99192349,0.991931,0.991931,0.991944,0.991944,0.991944,0,0,0,0,0
sciml_lorenz63,sciml,6,ea_aging,13,200,200,,0.991944,0.993078,0.001134,0.9911502,0.987362,0.991559,0.991559,0.991944,0.991944,0,0,0,0,0
sciml_lorenz63,sciml,6,ea_aging,14,200,200,,0.992773,0.993078,0.000305,0.9920879,0.992773,0.992773,0.992773,0.992773,0.992773,0,0,0,0,0
sciml_lorenz63,sciml,6,ea_aging,15,200,200,107,0.993078,0.993078,0.0,0.9914062,0.982571,0.991594,0.991594,0.991931,0.993078,0,0,0,0,1
sciml_lorenz63,sciml,6,ea_aging,16,200,200,20,0.993078,0.993078,0.0,0.99239493,0.990651,0.993078,0.993078,0.993078,0.993078,0,1,1,1,1
sciml_lorenz63,sciml,6,ea_aging,17,200,200,38,0.993078,0.993078,0.0,0.99225143,0.991559,0.991559,0.993078,0.993078,0.993078,0,0,1,1,1
sciml_lorenz63,sciml,6,ea_aging,18,200,200,,0.99222,0.993078,0.000858,0.99121745,0.990651,0.991878,0.991944,0.99222,0.99222,0,0,0,0,0
sciml_lorenz63,sciml,6,ea_aging,19,200,200,58,0.993078,0.993078,0.0,0.99097246,0.988571,0.988571,0.991217,0.993078,0.993078,0,0,0,1,1
sciml_lorenz63,sciml,6,ea_aging,20,200,200,112,0.993078,0.993078,0.0,0.99185276,0.991559,0.991559,0.991878,0.991944,0.993078,0,0,0,0,1
sciml_lorenz63,sciml,6,ea_aging,21,200,200,7,0.993078,0.993078,0.0,0.99246218,0.993078,0.993078,0.993078,0.993078,0.993078,1,1,1,1,1
sciml_lorenz63,sciml,6,ea_aging,22,200,200,88,0.993078,0.993078,0.0,0.99173578,0.991255,0.991559,0.991931,0.993078,0.993078,0,0,0,1,1
sciml_lorenz63,sciml,6,ea_aging,23,200,200,53,0.993078,0.993078,0.0,0.9921032,0.987462,0.991931,0.991931,0.993078,0.993078,0,0,0,1,1
sciml_lorenz63,sciml,6,ea_aging,24,200,200,30,0.993078,0.993078,0.0,0.9907017,0.975798,0.987352,0.993078,0.993078,0.993078,0,0,1,1,1
sciml_lorenz63,sciml,6,ea_aging,25,200,200,69,0.993078,0.993078,0.0,0.99268834,0.991931,0.991931,0.991931,0.993078,0.993078,0,0,0,1,1
sciml_lorenz63,sciml,6,ea_aging,26,200,200,11,0.993078,0.993078,0.0,0.9927604,0.993078,0.993078,0.993078,0.993078,0.993078,1,1,1,1,1
sciml_lorenz63,sciml,6,ea_aging,27,200,200,17,0.993078,0.993078,0.0,0.99198092,0.979721,0.993078,0.993078,0.993078,0.993078,0,1,1,1,1
sciml_lorenz63,sciml,6,ea_aging,28,200,200,90,0.993078,0.993078,0.0,0.99191789,0.991931,0.991931,0.991931,0.993078,0.993078,0,0,0,1,1
sciml_lorenz63,sciml,6,ea_aging,29,200,200,9,0.993078,0.993078,0.0,0.99270095,0.993078,0.993078,0.993078,0.993078,0.993078,1,1,1,1,1
sciml_lorenz63,sciml,6,ea_aging,30,200,200,162,0.993078,0.993078,0.0,0.99104803,0.991203,0.991203,0.991203,0.992773,0.993078,0,0,0,0,1
sciml_lorenz63,sciml,6,ea_aging,31,200,200,50,0.993078,0.993078,0.0,0.98962275,0.987352,0.987773,0.993078,0.993078,0.993078,0,0,1,1,1
sciml_lorenz63,sciml,6,ea_aging,32,200,200,44,0.993078,0.993078,0.0,0.99198113,0.987311,0.991866,0.993078,0.993078,0.993078,0,0,1,1,1
sciml_lorenz63,sciml,6,ea_aging,33,200,200,74,0.993078,0.993078,0.0,0.99054078,0.988973,0.988973,0.988973,0.993078,0.993078,0,0,0,1,1
sciml_lorenz63,sciml,6,ea_aging,34,200,200,58,0.993078,0.993078,0.0,0.99195639,0.991594,0.991594,0.99222,0.993078,0.993078,0,0,0,1,1
sciml_lorenz63,sciml,6,ea_aging,35,200,200,120,0.993078,0.993078,0.0,0.99226203,0.991255,0.991255,0.991944,0.991944,0.993078,0,0,0,0,1
sciml_lorenz63,sciml,6,ea_aging,36,200,200,122,0.993078,0.993078,0.0,0.99040911,0.987462,0.991203,0.991541,0.99222,0.993078,0,0,0,0,1
sciml_lorenz63,sciml,6,ea_aging,37,200,200,25,0.993078,0.993078,0.0,0.9926043,0.992205,0.993078,0.993078,0.993078,0.993078,0,1,1,1,1
sciml_lorenz63,sciml,6,ea_aging,38,200,200,66,0.993078,0.993078,0.0,0.99114159,0.983089,0.983089,0.992773,0.993078,0.993078,0,0,0,1,1
sciml_lorenz63,sciml,6,ea_aging,39,200,200,63,0.993078,0.993078,0.0,0.99248527,0.991255,0.991255,0.991255,0.993078,0.993078,0,0,0,1,1
sciml_lorenz63,sciml,6,ea_portfolio,0,200,200,73,0.993078,0.993078,0.0,0.99245608,0.991931,0.991931,0.99222,0.993078,0.993078,0,0,0,1,1
sciml_lorenz63,sciml,6,ea_portfolio,1,200,200,45,0.993078,0.993078,0.0,0.99160774,0.987006,0.987325,0.993078,0.993078,0.993078,0,0,1,1,1
sciml_lorenz63,sciml,6,ea_portfolio,2,200,200,32,0.993078,0.993078,0.0,0.99269117,0.991866,0.991878,0.993078,0.993078,0.993078,0,0,1,1,1
sciml_lorenz63,sciml,6,ea_portfolio,3,200,200,36,0.993078,0.993078,0.0,0.99239296,0.987462,0.99222,0.993078,0.993078,0.993078,0,0,1,1,1
sciml_lorenz63,sciml,6,ea_portfolio,4,200,200,52,0.993078,0.993078,0.0,0.99219557,0.991255,0.991255,0.991944,0.993078,0.993078,0,0,0,1,1
sciml_lorenz63,sciml,6,ea_portfolio,5,200,200,70,0.993078,0.993078,0.0,0.99225687,0.991217,0.991217,0.992773,0.993078,0.993078,0,0,0,1,1
sciml_lorenz63,sciml,6,ea_portfolio,6,200,200,73,0.993078,0.993078,0.0,0.99241003,0.991866,0.991866,0.991931,0.993078,0.993078,0,0,0,1,1
sciml_lorenz63,sciml,6,ea_portfolio,7,200,200,66,0.993078,0.993078,0.0,0.99172155,0.987362,0.987362,0.991944,0.993078,0.993078,0,0,0,1,1
sciml_lorenz63,sciml,6,ea_portfolio,8,200,200,134,0.993078,0.993078,0.0,0.99184275,0.987462,0.992205,0.992205,0.99222,0.993078,0,0,0,0,1
sciml_lorenz63,sciml,6,ea_portfolio,9,200,200,66,0.993078,0.993078,0.0,0.99220278,0.991494,0.991559,0.991944,0.993078,0.993078,0,0,0,1,1
sciml_lorenz63,sciml,6,ea_portfolio,10,200,200,120,0.993078,0.993078,0.0,0.99194052,0.991255,0.991255,0.991255,0.991559,0.993078,0,0,0,0,1
sciml_lorenz63,sciml,6,ea_portfolio,11,200,200,67,0.993078,0.993078,0.0,0.9918659,0.987839,0.991494,0.991559,0.993078,0.993078,0,0,0,1,1
sciml_lorenz63,sciml,6,ea_portfolio,12,200,200,74,0.993078,0.993078,0.0,0.99264201,0.991931,0.991931,0.991931,0.993078,0.993078,0,0,0,1,1
sciml_lorenz63,sciml,6,ea_portfolio,13,200,200,26,0.993078,0.993078,0.0,0.9922373,0.987362,0.991559,0.993078,0.993078,0.993078,0,0,1,1,1
sciml_lorenz63,sciml,6,ea_portfolio,14,200,200,59,0.993078,0.993078,0.0,0.99230445,0.992773,0.992773,0.992773,0.993078,0.993078,0,0,0,1,1
sciml_lorenz63,sciml,6,ea_portfolio,15,200,200,121,0.993078,0.993078,0.0,0.99162392,0.982571,0.991594,0.992205,0.992773,0.993078,0,0,0,0,1
sciml_lorenz63,sciml,6,ea_portfolio,16,200,200,20,0.993078,0.993078,0.0,0.99239493,0.990651,0.993078,0.993078,0.993078,0.993078,0,1,1,1,1
sciml_lorenz63,sciml,6,ea_portfolio,17,200,200,32,0.993078,0.993078,0.0,0.99228397,0.991559,0.991559,0.993078,0.993078,0.993078,0,0,1,1,1
sciml_lorenz63,sciml,6,ea_portfolio,18,200,200,30,0.993078,0.993078,0.0,0.99202109,0.990651,0.991878,0.993078,0.993078,0.993078,0,0,1,1,1
sciml_lorenz63,sciml,6,ea_portfolio,19,200,200,40,0.993078,0.993078,0.0,0.99117964,0.988571,0.988571,0.993078,0.993078,0.993078,0,0,1,1,1
sciml_lorenz63,sciml,6,ea_portfolio,20,200,200,46,0.993078,0.993078,0.0,0.9922559,0.991559,0.991559,0.993078,0.993078,0.993078,0,0,1,1,1
sciml_lorenz63,sciml,6,ea_portfolio,21,200,200,7,0.993078,0.993078,0.0,0.99246218,0.993078,0.993078,0.993078,0.993078,0.993078,1,1,1,1,1
sciml_lorenz63,sciml,6,ea_portfolio,22,200,200,65,0.993078,0.993078,0.0,0.99180098,0.991255,0.991255,0.991878,0.993078,0.993078,0,0,0,1,1
sciml_lorenz63,sciml,6,ea_portfolio,23,200,200,60,0.993078,0.993078,0.0,0.9921022,0.987462,0.991931,0.99222,0.993078,0.993078,0,0,0,1,1
sciml_lorenz63,sciml,6,ea_portfolio,24,200,200,57,0.993078,0.993078,0.0,0.99009013,0.975798,0.988571,0.988571,0.993078,0.993078,0,0,0,1,1
sciml_lorenz63,sciml,6,ea_portfolio,25,200,200,71,0.993078,0.993078,0.0,0.99267701,0.991931,0.991931,0.991931,0.993078,0.993078,0,0,0,1,1
sciml_lorenz63,sciml,6,ea_portfolio,26,200,200,11,0.993078,0.993078,0.0,0.9927604,0.993078,0.993078,0.993078,0.993078,0.993078,1,1,1,1,1
sciml_lorenz63,sciml,6,ea_portfolio,27,200,200,17,0.993078,0.993078,0.0,0.99198092,0.979721,0.993078,0.993078,0.993078,0.993078,0,1,1,1,1
sciml_lorenz63,sciml,6,ea_portfolio,28,200,200,67,0.993078,0.993078,0.0,0.99204792,0.991931,0.991931,0.991931,0.993078,0.993078,0,0,0,1,1
sciml_lorenz63,sciml,6,ea_portfolio,29,200,200,9,0.993078,0.993078,0.0,0.99270095,0.993078,0.993078,0.993078,0.993078,0.993078,1,1,1,1,1
sciml_lorenz63,sciml,6,ea_portfolio,30,200,200,69,0.993078,0.993078,0.0,0.99136076,0.991203,0.991203,0.991866,0.993078,0.993078,0,0,0,1,1
sciml_lorenz63,sciml,6,ea_portfolio,31,200,200,80,0.993078,0.993078,0.0,0.98976715,0.987352,0.987773,0.991944,0.993078,0.993078,0,0,0,1,1
sciml_lorenz63,sciml,6,ea_portfolio,32,200,200,64,0.993078,0.993078,0.0,0.99193255,0.987311,0.991866,0.992773,0.993078,0.993078,0,0,0,1,1
sciml_lorenz63,sciml,6,ea_portfolio,33,200,200,41,0.993078,0.993078,0.0,0.9912181,0.988973,0.988973,0.993078,0.993078,0.993078,0,0,1,1,1
sciml_lorenz63,sciml,6,ea_portfolio,34,200,200,32,0.993078,0.993078,0.0,0.99210549,0.991594,0.991594,0.993078,0.993078,0.993078,0,0,1,1,1
sciml_lorenz63,sciml,6,ea_portfolio,35,200,200,73,0.993078,0.993078,0.0,0.99253059,0.991255,0.991255,0.991944,0.993078,0.993078,0,0,0,1,1
sciml_lorenz63,sciml,6,ea_portfolio,36,200,200,29,0.993078,0.993078,0.0,0.99092516,0.987462,0.991203,0.993078,0.993078,0.993078,0,0,1,1,1
sciml_lorenz63,sciml,6,ea_portfolio,37,200,200,25,0.993078,0.993078,0.0,0.9926043,0.992205,0.993078,0.993078,0.993078,0.993078,0,1,1,1,1
sciml_lorenz63,sciml,6,ea_portfolio,38,200,200,65,0.993078,0.993078,0.0,0.99029691,0.983089,0.983089,0.988571,0.993078,0.993078,0,0,0,1,1
sciml_lorenz63,sciml,6,ea_portfolio,39,200,200,86,0.993078,0.993078,0.0,0.9923719,0.991255,0.991255,0.991594,0.993078,0.993078,0,0,0,1,1
sciml_lorenz63,sciml,6,surrogate_positional,0,200,200,,0.99222,0.993078,0.000858,0.99176004,0.991931,0.991931,0.991931,0.991931,0.99222,0,0,0,0,0
sciml_lorenz63,sciml,6,surrogate_positional,1,200,200,,0.988571,0.993078,0.004507,0.98680137,0.981935,0.981935,0.98649,0.988571,0.988571,0,0,0,0,0
sciml_lorenz63,sciml,6,surrogate_positional,2,200,200,20,0.993078,0.993078,0.0,0.99276317,0.991866,0.993078,0.993078,0.993078,0.993078,0,1,1,1,1
sciml_lorenz63,sciml,6,surrogate_positional,3,200,200,58,0.993078,0.993078,0.0,0.99157827,0.988571,0.988571,0.988571,0.993078,0.993078,0,0,0,1,1
sciml_lorenz63,sciml,6,surrogate_positional,4,200,200,,0.991944,0.993078,0.001134,0.99142833,0.991931,0.991931,0.991931,0.991931,0.991944,0,0,0,0,0
sciml_lorenz63,sciml,6,surrogate_positional,5,200,200,53,0.993078,0.993078,0.0,0.9923289,0.991217,0.992773,0.992773,0.993078,0.993078,0,0,0,1,1
sciml_lorenz63,sciml,6,surrogate_positional,6,200,200,37,0.993078,0.993078,0.0,0.99257226,0.991494,0.991494,0.993078,0.993078,0.993078,0,0,1,1,1
sciml_lorenz63,sciml,6,surrogate_positional,7,200,200,127,0.993078,0.993078,0.0,0.99041764,0.987362,0.988571,0.988571,0.990689,0.993078,0,0,0,0,1
sciml_lorenz63,sciml,6,surrogate_positional,8,200,200,70,0.993078,0.993078,0.0,0.99216129,0.987462,0.987462,0.992773,0.993078,0.993078,0,0,0,1,1
sciml_lorenz63,sciml,6,surrogate_positional,9,200,200,,0.991541,0.993078,0.001537,0.9910852,0.991494,0.991494,0.991541,0.991541,0.991541,0,0,0,0,0
sciml_lorenz63,sciml,6,surrogate_positional,10,200,200,,0.991944,0.993078,0.001134,0.99142836,0.991255,0.991255,0.991255,0.991255,0.991944,0,0,0,0,0
sciml_lorenz63,sciml,6,surrogate_positional,11,200,200,,0.99222,0.993078,0.000858,0.99126642,0.987839,0.987839,0.99222,0.99222,0.99222,0,0,0,0,0
sciml_lorenz63,sciml,6,surrogate_positional,12,200,200,,0.99222,0.993078,0.000858,0.99210244,0.991931,0.991931,0.991931,0.99222,0.99222,0,0,0,0,0
sciml_lorenz63,sciml,6,surrogate_positional,13,200,200,42,0.993078,0.993078,0.0,0.99240786,0.99222,0.99222,0.993078,0.993078,0.993078,0,0,1,1,1
sciml_lorenz63,sciml,6,surrogate_positional,14,200,200,69,0.993078,0.993078,0.0,0.9922892,0.992773,0.992773,0.992773,0.993078,0.993078,0,0,0,1,1
sciml_lorenz63,sciml,6,surrogate_positional,15,200,200,,0.992773,0.993078,0.000305,0.99166471,0.986813,0.992773,0.992773,0.992773,0.992773,0,0,0,0,0
sciml_lorenz63,sciml,6,surrogate_positional,16,200,200,,0.99222,0.993078,0.000858,0.99159381,0.990651,0.991944,0.99222,0.99222,0.99222,0,0,0,0,0
sciml_lorenz63,sciml,6,surrogate_positional,17,200,200,74,0.993078,0.993078,0.0,0.99196499,0.991559,0.991559,0.991559,0.993078,0.993078,0,0,0,1,1
sciml_lorenz63,sciml,6,surrogate_positional,18,200,200,70,0.993078,0.993078,0.0,0.99191708,0.99222,0.99222,0.99222,0.993078,0.993078,0,0,0,1,1
sciml_lorenz63,sciml,6,surrogate_positional,19,200,200,103,0.993078,0.993078,0.0,0.98984034,0.988571,0.988571,0.988571,0.991541,0.993078,0,0,0,0,1
sciml_lorenz63,sciml,6,surrogate_positional,20,200,200,,0.992773,0.993078,0.000305,0.99159641,0.991559,0.991559,0.991594,0.99222,0.992773,0,0,0,0,0
sciml_lorenz63,sciml,6,surrogate_positional,21,200,200,7,0.993078,0.993078,0.0,0.99246218,0.993078,0.993078,0.993078,0.993078,0.993078,1,1,1,1,1
sciml_lorenz63,sciml,6,surrogate_positional,22,200,200,55,0.993078,0.993078,0.0,0.99195277,0.991255,0.991255,0.99222,0.993078,0.993078,0,0,0,1,1
sciml_lorenz63,sciml,6,surrogate_positional,23,200,200,,0.991944,0.993078,0.001134,0.99019471,0.987462,0.988571,0.988571,0.991255,0.991944,0,0,0,0,0
sciml_lorenz63,sciml,6,surrogate_positional,24,200,200,73,0.993078,0.993078,0.0,0.98934498,0.968809,0.986858,0.991217,0.993078,0.993078,0,0,0,1,1
sciml_lorenz63,sciml,6,surrogate_positional,25,200,200,51,0.993078,0.993078,0.0,0.99279125,0.991931,0.991931,0.991931,0.993078,0.993078,0,0,0,1,1
sciml_lorenz63,sciml,6,surrogate_positional,26,200,200,93,0.993078,0.993078,0.0,0.99196704,0.986726,0.991878,0.991944,0.993078,0.993078,0,0,0,1,1
sciml_lorenz63,sciml,6,surrogate_positional,27,200,200,24,0.993078,0.993078,0.0,0.99196353,0.986531,0.993078,0.993078,0.993078,0.993078,0,1,1,1,1
sciml_lorenz63,sciml,6,surrogate_positional,28,200,200,73,0.993078,0.993078,0.0,0.99207258,0.991217,0.991217,0.992773,0.993078,0.993078,0,0,0,1,1
sciml_lorenz63,sciml,6,surrogate_positional,29,200,200,9,0.993078,0.993078,0.0,0.99270095,0.993078,0.993078,0.993078,0.993078,0.993078,1,1,1,1,1
sciml_lorenz63,sciml,6,surrogate_positional,30,200,200,31,0.993078,0.993078,0.0,0.99167665,0.991203,0.99222,0.993078,0.993078,0.993078,0,0,1,1,1
sciml_lorenz63,sciml,6,surrogate_positional,31,200,200,72,0.993078,0.993078,0.0,0.98452865,0.966012,0.966012,0.976955,0.993078,0.993078,0,0,0,1,1
sciml_lorenz63,sciml,6,surrogate_positional,32,200,200,,0.991944,0.993078,0.001134,0.99110565,0.988571,0.991931,0.991931,0.991944,0.991944,0,0,0,0,0
sciml_lorenz63,sciml,6,surrogate_positional,33,200,200,,0.991559,0.993078,0.001519,0.9885405,0.986979,0.986979,0.986979,0.991559,0.991559,0,0,0,0,0
sciml_lorenz63,sciml,6,surrogate_positional,34,200,200,45,0.993078,0.993078,0.0,0.99205213,0.991594,0.991594,0.993078,0.993078,0.993078,0,0,1,1,1
sciml_lorenz63,sciml,6,surrogate_positional,35,200,200,,0.991944,0.993078,0.001134,0.99184065,0.991255,0.991255,0.991944,0.991944,0.991944,0,0,0,0,0
sciml_lorenz63,sciml,6,surrogate_positional,36,200,200,,0.991594,0.993078,0.001484,0.977904,0.965369,0.965825,0.967288,0.967442,0.991594,0,0,0,0,0
sciml_lorenz63,sciml,6,surrogate_positional,37,200,200,,0.99222,0.993078,0.000858,0.99184792,0.992205,0.992205,0.99222,0.99222,0.99222,0,0,0,0,0
sciml_lorenz63,sciml,6,surrogate_positional,38,200,200,,0.988571,0.993078,0.004507,0.98550248,0.981548,0.981548,0.986979,0.986979,0.988571,0,0,0,0,0
sciml_lorenz63,sciml,6,surrogate_positional,39,200,200,48,0.993078,0.993078,0.0,0.99275735,0.991594,0.991931,0.993078,0.993078,0.993078,0,0,1,1,1
sciml_lorenz63,sciml,6,surrogate_precedence,0,200,200,41,0.993078,0.993078,0.0,0.99261008,0.991931,0.991931,0.993078,0.993078,0.993078,0,0,1,1,1
sciml_lorenz63,sciml,6,surrogate_precedence,1,200,200,61,0.993078,0.993078,0.0,0.99192254,0.990646,0.99222,0.99222,0.993078,0.993078,0,0,0,1,1
sciml_lorenz63,sciml,6,surrogate_precedence,2,200,200,21,0.993078,0.993078,0.0,0.99275756,0.991866,0.993078,0.993078,0.993078,0.993078,0,1,1,1,1
sciml_lorenz63,sciml,6,surrogate_precedence,3,200,200,29,0.993078,0.993078,0.0,0.99230658,0.987839,0.991944,0.993078,0.993078,0.993078,0,0,1,1,1
sciml_lorenz63,sciml,6,surrogate_precedence,4,200,200,23,0.993078,0.993078,0.0,0.99242647,0.991255,0.993078,0.993078,0.993078,0.993078,0,1,1,1,1
sciml_lorenz63,sciml,6,surrogate_precedence,5,200,200,39,0.993078,0.993078,0.0,0.99229845,0.991217,0.991931,0.993078,0.993078,0.993078,0,0,1,1,1
sciml_lorenz63,sciml,6,surrogate_precedence,6,200,200,33,0.993078,0.993078,0.0,0.99260394,0.991494,0.991494,0.993078,0.993078,0.993078,0,0,1,1,1
sciml_lorenz63,sciml,6,surrogate_precedence,7,200,200,17,0.993078,0.993078,0.0,0.99230742,0.988973,0.993078,0.993078,0.993078,0.993078,0,1,1,1,1
sciml_lorenz63,sciml,6,surrogate_precedence,8,200,200,59,0.993078,0.993078,0.0,0.99226624,0.987462,0.99222,0.99222,0.993078,0.993078,0,0,0,1,1
sciml_lorenz63,sciml,6,surrogate_precedence,9,200,200,69,0.993078,0.993078,0.0,0.992155,0.991559,0.991559,0.991944,0.993078,0.993078,0,0,0,1,1
sciml_lorenz63,sciml,6,surrogate_precedence,10,200,200,55,0.993078,0.993078,0.0,0.99256896,0.991944,0.991944,0.991944,0.993078,0.993078,0,0,0,1,1
sciml_lorenz63,sciml,6,surrogate_precedence,11,200,200,30,0.993078,0.993078,0.0,0.99231478,0.987839,0.991944,0.993078,0.993078,0.993078,0,0,1,1,1
sciml_lorenz63,sciml,6,surrogate_precedence,12,200,200,40,0.993078,0.993078,0.0,0.99283798,0.991931,0.991944,0.993078,0.993078,0.993078,0,0,1,1,1
sciml_lorenz63,sciml,6,surrogate_precedence,13,200,200,69,0.993078,0.993078,0.0,0.99217123,0.987311,0.992205,0.992773,0.993078,0.993078,0,0,0,1,1
sciml_lorenz63,sciml,6,surrogate_precedence,14,200,200,14,0.993078,0.993078,0.0,0.99237308,0.993078,0.993078,0.993078,0.993078,0.993078,1,1,1,1,1
sciml_lorenz63,sciml,6,surrogate_precedence,15,200,200,,0.992773,0.993078,0.000305,0.99153266,0.97939,0.991541,0.992773,0.992773,0.992773,0,0,0,0,0
sciml_lorenz63,sciml,6,surrogate_precedence,16,200,200,36,0.993078,0.993078,0.0,0.99228053,0.990651,0.991878,0.993078,0.993078,0.993078,0,0,1,1,1
sciml_lorenz63,sciml,6,surrogate_precedence,17,200,200,25,0.993078,0.993078,0.0,0.99235887,0.991878,0.993078,0.993078,0.993078,0.993078,0,1,1,1,1
sciml_lorenz63,sciml,6,surrogate_precedence,18,200,200,78,0.993078,0.993078,0.0,0.99180025,0.990651,0.99222,0.99222,0.993078,0.993078,0,0,0,1,1
sciml_lorenz63,sciml,6,surrogate_precedence,19,200,200,33,0.993078,0.993078,0.0,0.99142854,0.988571,0.988571,0.993078,0.993078,0.993078,0,0,1,1,1
sciml_lorenz63,sciml,6,surrogate_precedence,20,200,200,106,0.993078,0.993078,0.0,0.99205268,0.991559,0.99222,0.99222,0.99222,0.993078,0,0,0,0,1
sciml_lorenz63,sciml,6,surrogate_precedence,21,200,200,7,0.993078,0.993078,0.0,0.99246218,0.993078,0.993078,0.993078,0.993078,0.993078,1,1,1,1,1
sciml_lorenz63,sciml,6,surrogate_precedence,22,200,200,39,0.993078,0.993078,0.0,0.99208982,0.991255,0.992773,0.993078,0.993078,0.993078,0,0,1,1,1
sciml_lorenz63,sciml,6,surrogate_precedence,23,200,200,11,0.993078,0.993078,0.0,0.99252283,0.993078,0.993078,0.993078,0.993078,0.993078,1,1,1,1,1
sciml_lorenz63,sciml,6,surrogate_precedence,24,200,200,73,0.993078,0.993078,0.0,0.99093727,0.990651,0.99222,0.99222,0.993078,0.993078,0,0,0,1,1
sciml_lorenz63,sciml,6,surrogate_precedence,25,200,200,20,0.993078,0.993078,0.0,0.99296962,0.991944,0.993078,0.993078,0.993078,0.993078,0,1,1,1,1
sciml_lorenz63,sciml,6,surrogate_precedence,26,200,200,41,0.993078,0.993078,0.0,0.99252459,0.99222,0.99222,0.993078,0.993078,0.993078,0,0,1,1,1
sciml_lorenz63,sciml,6,surrogate_precedence,27,200,200,41,0.993078,0.993078,0.0,0.99147714,0.981017,0.988973,0.993078,0.993078,0.993078,0,0,1,1,1
sciml_lorenz63,sciml,6,surrogate_precedence,28,200,200,36,0.993078,0.993078,0.0,0.99214509,0.991217,0.991217,0.993078,0.993078,0.993078,0,0,1,1,1
sciml_lorenz63,sciml,6,surrogate_precedence,29,200,200,9,0.993078,0.993078,0.0,0.99270095,0.993078,0.993078,0.993078,0.993078,0.993078,1,1,1,1,1
sciml_lorenz63,sciml,6,surrogate_precedence,30,200,200,32,0.993078,0.993078,0.0,0.99168276,0.991203,0.99222,0.993078,0.993078,0.993078,0,0,1,1,1
sciml_lorenz63,sciml,6,surrogate_precedence,31,200,200,44,0.993078,0.993078,0.0,0.98606097,0.961921,0.964977,0.993078,0.993078,0.993078,0,0,1,1,1
sciml_lorenz63,sciml,6,surrogate_precedence,32,200,200,40,0.993078,0.993078,0.0,0.99200388,0.987311,0.991944,0.993078,0.993078,0.993078,0,0,1,1,1
sciml_lorenz63,sciml,6,surrogate_precedence,33,200,200,81,0.993078,0.993078,0.0,0.99144705,0.990689,0.991255,0.99222,0.993078,0.993078,0,0,0,1,1
sciml_lorenz63,sciml,6,surrogate_precedence,34,200,200,33,0.993078,0.993078,0.0,0.99213657,0.991944,0.991944,0.993078,0.993078,0.993078,0,0,1,1,1
sciml_lorenz63,sciml,6,surrogate_precedence,35,200,200,41,0.993078,0.993078,0.0,0.9927881,0.991559,0.991878,0.993078,0.993078,0.993078,0,0,1,1,1
sciml_lorenz63,sciml,6,surrogate_precedence,36,200,200,,0.975779,0.993078,0.017299,0.96903316,0.965369,0.965369,0.965825,0.967442,0.975779,0,0,0,0,0
sciml_lorenz63,sciml,6,surrogate_precedence,37,200,200,75,0.993078,0.993078,0.0,0.99239257,0.992205,0.99222,0.99222,0.993078,0.993078,0,0,0,1,1
sciml_lorenz63,sciml,6,surrogate_precedence,38,200,200,45,0.993078,0.993078,0.0,0.99107058,0.985325,0.987462,0.993078,0.993078,0.993078,0,0,1,1,1
sciml_lorenz63,sciml,6,surrogate_precedence,39,200,200,66,0.993078,0.993078,0.0,0.99263706,0.991944,0.991944,0.991944,0.993078,0.993078,0,0,0,1,1
sciml_lorenz63,sciml,6,eda_precedence,0,200,200,17,0.993078,0.993078,0.0,0.99272666,0.991931,0.993078,0.993078,0.993078,0.993078,0,1,1,1,1
sciml_lorenz63,sciml,6,eda_precedence,1,200,200,84,0.993078,0.993078,0.0,0.99177815,0.991255,0.991255,0.991559,0.993078,0.993078,0,0,0,1,1
sciml_lorenz63,sciml,6,eda_precedence,2,200,200,,0.992773,0.993078,0.000305,0.99220632,0.991878,0.991944,0.991944,0.992773,0.992773,0,0,0,0,0
sciml_lorenz63,sciml,6,eda_precedence,3,200,200,13,0.993078,0.993078,0.0,0.9926055,0.993078,0.993078,0.993078,0.993078,0.993078,1,1,1,1,1
sciml_lorenz63,sciml,6,eda_precedence,4,200,200,22,0.993078,0.993078,0.0,0.992435,0.991255,0.993078,0.993078,0.993078,0.993078,0,1,1,1,1
sciml_lorenz63,sciml,6,eda_precedence,5,200,200,95,0.993078,0.993078,0.0,0.99182138,0.991217,0.991217,0.991494,0.993078,0.993078,0,0,0,1,1
sciml_lorenz63,sciml,6,eda_precedence,6,200,200,27,0.993078,0.993078,0.0,0.99265146,0.991494,0.991494,0.993078,0.993078,0.993078,0,0,1,1,1
sciml_lorenz63,sciml,6,eda_precedence,7,200,200,42,0.993078,0.993078,0.0,0.99213159,0.991559,0.991559,0.993078,0.993078,0.993078,0,0,1,1,1
sciml_lorenz63,sciml,6,eda_precedence,8,200,200,,0.992773,0.993078,0.000305,0.99153453,0.987462,0.987462,0.991494,0.99222,0.992773,0,0,0,0,0
sciml_lorenz63,sciml,6,eda_precedence,9,200,200,67,0.993078,0.993078,0.0,0.99214953,0.991494,0.991494,0.991878,0.993078,0.993078,0,0,0,1,1
sciml_lorenz63,sciml,6,eda_precedence,10,200,200,30,0.993078,0.993078,0.0,0.99268312,0.991255,0.991559,0.993078,0.993078,0.993078,0,0,1,1,1
sciml_lorenz63,sciml,6,eda_precedence,11,200,200,87,0.993078,0.993078,0.0,0.99186217,0.987839,0.991255,0.991931,0.993078,0.993078,0,0,0,1,1
sciml_lorenz63,sciml,6,eda_precedence,12,200,200,198,0.993078,0.993078,0.0,0.99204036,0.991944,0.991944,0.991944,0.991944,0.993078,0,0,0,0,1
sciml_lorenz63,sciml,6,eda_precedence,13,200,200,31,0.993078,0.993078,0.0,0.99221091,0.988571,0.99222,0.993078,0.993078,0.993078,0,0,1,1,1
sciml_lorenz63,sciml,6,eda_precedence,14,200,200,181,0.993078,0.993078,0.0,0.9921184,0.992773,0.992773,0.992773,0.992773,0.993078,0,0,0,0,1
sciml_lorenz63,sciml,6,eda_precedence,15,200,200,50,0.993078,0.993078,0.0,0.99211353,0.991878,0.991878,0.993078,0.993078,0.993078,0,0,1,1,1
sciml_lorenz63,sciml,6,eda_precedence,16,200,200,137,0.993078,0.993078,0.0,0.99173263,0.990651,0.990651,0.991944,0.99222,0.993078,0,0,0,0,1
sciml_lorenz63,sciml,6,eda_precedence,17,200,200,77,0.993078,0.993078,0.0,0.99204741,0.991559,0.991944,0.991944,0.993078,0.993078,0,0,0,1,1
sciml_lorenz63,sciml,6,eda_precedence,18,200,200,136,0.993078,0.993078,0.0,0.99143865,0.990651,0.990651,0.99222,0.99222,0.993078,0,0,0,0,1
sciml_lorenz63,sciml,6,eda_precedence,19,200,200,69,0.993078,0.993078,0.0,0.99110504,0.988571,0.988571,0.991494,0.993078,0.993078,0,0,0,1,1
sciml_lorenz63,sciml,6,eda_precedence,20,200,200,47,0.993078,0.993078,0.0,0.9922644,0.991559,0.991878,0.993078,0.993078,0.993078,0,0,1,1,1
sciml_lorenz63,sciml,6,eda_precedence,21,200,200,7,0.993078,0.993078,0.0,0.99246218,0.993078,0.993078,0.993078,0.993078,0.993078,1,1,1,1,1
sciml_lorenz63,sciml,6,eda_precedence,22,200,200,,0.992205,0.993078,0.000873,0.99138153,0.991944,0.991944,0.992205,0.992205,0.992205,0,0,0,0,0
sciml_lorenz63,sciml,6,eda_precedence,23,200,200,21,0.993078,0.993078,0.0,0.9924565,0.991559,0.993078,0.993078,0.993078,0.993078,0,1,1,1,1
sciml_lorenz63,sciml,6,eda_precedence,24,200,200,14,0.993078,0.993078,0.0,0.99133315,0.993078,0.993078,0.993078,0.993078,0.993078,1,1,1,1,1
sciml_lorenz63,sciml,6,eda_precedence,25,200,200,42,0.993078,0.993078,0.0,0.99295232,0.991931,0.992773,0.993078,0.993078,0.993078,0,0,1,1,1
sciml_lorenz63,sciml,6,eda_precedence,26,200,200,40,0.993078,0.993078,0.0,0.99251002,0.991494,0.992205,0.993078,0.993078,0.993078,0,0,1,1,1
sciml_lorenz63,sciml,6,eda_precedence,27,200,200,39,0.993078,0.993078,0.0,0.9915927,0.987362,0.987362,0.993078,0.993078,0.993078,0,0,1,1,1
sciml_lorenz63,sciml,6,eda_precedence,28,200,200,34,0.993078,0.993078,0.0,0.9922274,0.991217,0.992205,0.993078,0.993078,0.993078,0,0,1,1,1
sciml_lorenz63,sciml,6,eda_precedence,29,200,200,9,0.993078,0.993078,0.0,0.99270095,0.993078,0.993078,0.993078,0.993078,0.993078,1,1,1,1,1
sciml_lorenz63,sciml,6,eda_precedence,30,200,200,39,0.993078,0.993078,0.0,0.99168323,0.99222,0.99222,0.993078,0.993078,0.993078,0,0,1,1,1
sciml_lorenz63,sciml,6,eda_precedence,31,200,200,51,0.993078,0.993078,0.0,0.9874847,0.961921,0.962675,0.987462,0.993078,0.993078,0,0,0,1,1
sciml_lorenz63,sciml,6,eda_precedence,32,200,200,31,0.993078,0.993078,0.0,0.9922284,0.991878,0.991944,0.993078,0.993078,0.993078,0,0,1,1,1
sciml_lorenz63,sciml,6,eda_precedence,33,200,200,179,0.993078,0.993078,0.0,0.99110676,0.99222,0.99222,0.99222,0.99222,0.993078,0,0,0,0,1
sciml_lorenz63,sciml,6,eda_precedence,34,200,200,16,0.993078,0.993078,0.0,0.99222421,0.991594,0.993078,0.993078,0.993078,0.993078,0,1,1,1,1
sciml_lorenz63,sciml,6,eda_precedence,35,200,200,104,0.993078,0.993078,0.0,0.99239025,0.991255,0.991255,0.991944,0.991944,0.993078,0,0,0,0,1
sciml_lorenz63,sciml,6,eda_precedence,36,200,200,83,0.993078,0.993078,0.0,0.98887669,0.965369,0.965369,0.991494,0.993078,0.993078,0,0,0,1,1
sciml_lorenz63,sciml,6,eda_precedence,37,200,200,151,0.993078,0.993078,0.0,0.99206459,0.99222,0.99222,0.99222,0.99222,0.993078,0,0,0,0,1
sciml_lorenz63,sciml,6,eda_precedence,38,200,200,29,0.993078,0.993078,0.0,0.99191728,0.991878,0.991944,0.993078,0.993078,0.993078,0,0,1,1,1
sciml_lorenz63,sciml,6,eda_precedence,39,200,200,55,0.993078,0.993078,0.0,0.99274918,0.991944,0.991944,0.992773,0.993078,0.993078,0,0,0,1,1
sciml_lorenz63,sciml,6,prism_protocol,0,200,200,70,0.993078,0.993078,0.0,0.99120216,0.988571,0.988571,0.988571,0.993078,0.993078,0,0,0,1,1
sciml_lorenz63,sciml,6,prism_protocol,1,200,200,110,0.993078,0.993078,0.0,0.99098832,0.986537,0.991255,0.991594,0.991944,0.993078,0,0,0,0,1
sciml_lorenz63,sciml,6,prism_protocol,2,200,200,196,0.993078,0.993078,0.0,0.99025598,0.990593,0.990593,0.991559,0.991931,0.993078,0,0,0,0,1
sciml_lorenz63,sciml,6,prism_protocol,3,200,200,143,0.993078,0.993078,0.0,0.99213169,0.991203,0.991203,0.991255,0.99222,0.993078,0,0,0,0,1
sciml_lorenz63,sciml,6,prism_protocol,4,200,200,,0.99222,0.993078,0.000858,0.99111958,0.986575,0.987362,0.991931,0.99222,0.99222,0,0,0,0,0
sciml_lorenz63,sciml,6,prism_protocol,5,200,200,116,0.993078,0.993078,0.0,0.9911963,0.991494,0.991494,0.991494,0.991931,0.993078,0,0,0,0,1
sciml_lorenz63,sciml,6,prism_protocol,6,200,200,117,0.993078,0.993078,0.0,0.99127216,0.988571,0.988571,0.991878,0.992773,0.993078,0,0,0,0,1
sciml_lorenz63,sciml,6,prism_protocol,7,200,200,82,0.993078,0.993078,0.0,0.99143265,0.987352,0.987352,0.991494,0.993078,0.993078,0,0,0,1,1
sciml_lorenz63,sciml,6,prism_protocol,8,200,200,43,0.993078,0.993078,0.0,0.99211624,0.991164,0.991164,0.993078,0.993078,0.993078,0,0,1,1,1
sciml_lorenz63,sciml,6,prism_protocol,9,200,200,,0.992773,0.993078,0.000305,0.99184678,0.991931,0.991931,0.991931,0.992773,0.992773,0,0,0,0,0
sciml_lorenz63,sciml,6,prism_protocol,10,200,200,,0.99222,0.993078,0.000858,0.99063258,0.990689,0.990689,0.991594,0.991594,0.99222,0,0,0,0,0
sciml_lorenz63,sciml,6,prism_protocol,11,200,200,73,0.993078,0.993078,0.0,0.99046418,0.976662,0.990651,0.990651,0.993078,0.993078,0,0,0,1,1
sciml_lorenz63,sciml,6,prism_protocol,12,200,200,194,0.993078,0.993078,0.0,0.9906747,0.980963,0.991931,0.991931,0.99222,0.993078,0,0,0,0,1
sciml_lorenz63,sciml,6,prism_protocol,13,200,200,87,0.993078,0.993078,0.0,0.99189855,0.990689,0.991944,0.991944,0.993078,0.993078,0,0,0,1,1
sciml_lorenz63,sciml,6,prism_protocol,14,200,200,193,0.993078,0.993078,0.0,0.98938375,0.987462,0.987462,0.988571,0.991494,0.993078,0,0,0,0,1
sciml_lorenz63,sciml,6,prism_protocol,15,200,200,24,0.993078,0.993078,0.0,0.99143942,0.991494,0.993078,0.993078,0.993078,0.993078,0,1,1,1,1
sciml_lorenz63,sciml,6,prism_protocol,16,200,200,68,0.993078,0.993078,0.0,0.99105053,0.987462,0.991594,0.991594,0.993078,0.993078,0,0,0,1,1
sciml_lorenz63,sciml,6,prism_protocol,17,200,200,182,0.993078,0.993078,0.0,0.98950176,0.976532,0.976532,0.991494,0.992205,0.993078,0,0,0,0,1
sciml_lorenz63,sciml,6,prism_protocol,18,200,200,12,0.993078,0.993078,0.0,0.99292877,0.993078,0.993078,0.993078,0.993078,0.993078,1,1,1,1,1
sciml_lorenz63,sciml,6,prism_protocol,19,200,200,82,0.993078,0.993078,0.0,0.99150748,0.986537,0.987462,0.991559,0.993078,0.993078,0,0,0,1,1
sciml_lorenz63,sciml,6,prism_protocol,20,200,200,8,0.993078,0.993078,0.0,0.9922947,0.993078,0.993078,0.993078,0.993078,0.993078,1,1,1,1,1
sciml_lorenz63,sciml,6,prism_protocol,21,200,200,56,0.993078,0.993078,0.0,0.99011255,0.968604,0.987462,0.991217,0.993078,0.993078,0,0,0,1,1
sciml_lorenz63,sciml,6,prism_protocol,22,200,200,173,0.993078,0.993078,0.0,0.98967652,0.988116,0.988116,0.988571,0.99222,0.993078,0,0,0,0,1
sciml_lorenz63,sciml,6,prism_protocol,23,200,200,100,0.993078,0.993078,0.0,0.99157268,0.991878,0.991878,0.991878,0.993078,0.993078,0,0,0,1,1
sciml_lorenz63,sciml,6,prism_protocol,24,200,200,109,0.993078,0.993078,0.0,0.99025204,0.986554,0.986554,0.990651,0.991944,0.993078,0,0,0,0,1
sciml_lorenz63,sciml,6,prism_protocol,25,200,200,,0.992205,0.993078,0.000873,0.99168999,0.990646,0.991255,0.991559,0.991559,0.992205,0,0,0,0,0
sciml_lorenz63,sciml,6,prism_protocol,26,200,200,60,0.993078,0.993078,0.0,0.99081818,0.976869,0.991255,0.991255,0.993078,0.993078,0,0,0,1,1
sciml_lorenz63,sciml,6,prism_protocol,27,200,200,14,0.993078,0.993078,0.0,0.99240219,0.993078,0.993078,0.993078,0.993078,0.993078,1,1,1,1,1
sciml_lorenz63,sciml,6,prism_protocol,28,200,200,192,0.993078,0.993078,0.0,0.99161704,0.991931,0.991931,0.991931,0.991944,0.993078,0,0,0,0,1
sciml_lorenz63,sciml,6,prism_protocol,29,200,200,16,0.993078,0.993078,0.0,0.99273998,0.988571,0.993078,0.993078,0.993078,0.993078,0,1,1,1,1
sciml_lorenz63,sciml,6,prism_protocol,30,200,200,81,0.993078,0.993078,0.0,0.99181985,0.988571,0.988571,0.991944,0.993078,0.993078,0,0,0,1,1
sciml_lorenz63,sciml,6,prism_protocol,31,200,200,137,0.993078,0.993078,0.0,0.99054087,0.979725,0.981017,0.992773,0.992773,0.993078,0,0,0,0,1
sciml_lorenz63,sciml,6,prism_protocol,32,200,200,91,0.993078,0.993078,0.0,0.99121972,0.979721,0.992773,0.992773,0.993078,0.993078,0,0,0,1,1
sciml_lorenz63,sciml,6,prism_protocol,33,200,200,15,0.993078,0.993078,0.0,0.99150538,0.993078,0.993078,0.993078,0.993078,0.993078,1,1,1,1,1
sciml_lorenz63,sciml,6,prism_protocol,34,200,200,,0.99222,0.993078,0.000858,0.99029196,0.986859,0.986859,0.990593,0.99222,0.99222,0,0,0,0,0
sciml_lorenz63,sciml,6,prism_protocol,35,200,200,,0.99222,0.993078,0.000858,0.99041474,0.986726,0.988571,0.988571,0.991494,0.99222,0,0,0,0,0
sciml_lorenz63,sciml,6,prism_protocol,36,200,200,105,0.993078,0.993078,0.0,0.9921053,0.991931,0.991931,0.992773,0.992773,0.993078,0,0,0,0,1
sciml_lorenz63,sciml,6,prism_protocol,37,200,200,109,0.993078,0.993078,0.0,0.99142528,0.991541,0.991541,0.991541,0.99222,0.993078,0,0,0,0,1
sciml_lorenz63,sciml,6,prism_protocol,38,200,200,84,0.993078,0.993078,0.0,0.99137763,0.986979,0.992205,0.992205,0.993078,0.993078,0,0,0,1,1
sciml_lorenz63,sciml,6,prism_protocol,39,200,200,31,0.993078,0.993078,0.0,0.99071453,0.976955,0.991494,0.993078,0.993078,0.993078,0,0,1,1,1
deceptive_n7,synthetic,7,uniform,0,200,200,,1.0,2.0,1.0,1.0,1.0,1.0,1.0,1.0,1.0,0,0,0,0,0
deceptive_n7,synthetic,7,uniform,1,200,200,,1.0,2.0,1.0,0.99714286,1.0,1.0,1.0,1.0,1.0,0,0,0,0,0
deceptive_n7,synthetic,7,uniform,2,200,200,,1.0,2.0,1.0,1.0,1.0,1.0,1.0,1.0,1.0,0,0,0,0,0
deceptive_n7,synthetic,7,uniform,3,200,200,,1.0,2.0,1.0,1.0,1.0,1.0,1.0,1.0,1.0,0,0,0,0,0
deceptive_n7,synthetic,7,uniform,4,200,200,,1.0,2.0,1.0,0.99857143,1.0,1.0,1.0,1.0,1.0,0,0,0,0,0
deceptive_n7,synthetic,7,uniform,5,200,200,,1.0,2.0,1.0,0.99357143,1.0,1.0,1.0,1.0,1.0,0,0,0,0,0
deceptive_n7,synthetic,7,uniform,6,200,200,,1.0,2.0,1.0,0.99285714,1.0,1.0,1.0,1.0,1.0,0,0,0,0,0
deceptive_n7,synthetic,7,uniform,7,200,200,,1.0,2.0,1.0,0.99785714,1.0,1.0,1.0,1.0,1.0,0,0,0,0,0
deceptive_n7,synthetic,7,uniform,8,200,200,,1.0,2.0,1.0,1.0,1.0,1.0,1.0,1.0,1.0,0,0,0,0,0
deceptive_n7,synthetic,7,uniform,9,200,200,,1.0,2.0,1.0,1.0,1.0,1.0,1.0,1.0,1.0,0,0,0,0,0
deceptive_n7,synthetic,7,uniform,10,200,200,,1.0,2.0,1.0,0.99642857,1.0,1.0,1.0,1.0,1.0,0,0,0,0,0
deceptive_n7,synthetic,7,uniform,11,200,200,,1.0,2.0,1.0,0.99785714,1.0,1.0,1.0,1.0,1.0,0,0,0,0,0
deceptive_n7,synthetic,7,uniform,12,200,200,,1.0,2.0,1.0,1.0,1.0,1.0,1.0,1.0,1.0,0,0,0,0,0
deceptive_n7,synthetic,7,uniform,13,200,200,,1.0,2.0,1.0,1.0,1.0,1.0,1.0,1.0,1.0,0,0,0,0,0
deceptive_n7,synthetic,7,uniform,14,200,200,,1.0,2.0,1.0,0.99785714,1.0,1.0,1.0,1.0,1.0,0,0,0,0,0
deceptive_n7,synthetic,7,uniform,15,200,200,,1.0,2.0,1.0,0.99857143,1.0,1.0,1.0,1.0,1.0,0,0,0,0,0
deceptive_n7,synthetic,7,uniform,16,200,200,,1.0,2.0,1.0,0.99714286,1.0,1.0,1.0,1.0,1.0,0,0,0,0,0
deceptive_n7,synthetic,7,uniform,17,200,200,,1.0,2.0,1.0,1.0,1.0,1.0,1.0,1.0,1.0,0,0,0,0,0
deceptive_n7,synthetic,7,uniform,18,200,200,,1.0,2.0,1.0,0.99428571,1.0,1.0,1.0,1.0,1.0,0,0,0,0,0
deceptive_n7,synthetic,7,uniform,19,200,200,,1.0,2.0,1.0,0.99857143,1.0,1.0,1.0,1.0,1.0,0,0,0,0,0
deceptive_n7,synthetic,7,uniform,20,200,200,,1.0,2.0,1.0,0.99714286,1.0,1.0,1.0,1.0,1.0,0,0,0,0,0
deceptive_n7,synthetic,7,uniform,21,200,200,,1.0,2.0,1.0,1.0,1.0,1.0,1.0,1.0,1.0,0,0,0,0,0
deceptive_n7,synthetic,7,uniform,22,200,200,,1.0,2.0,1.0,1.0,1.0,1.0,1.0,1.0,1.0,0,0,0,0,0
deceptive_n7,synthetic,7,uniform,23,200,200,,1.0,2.0,1.0,1.0,1.0,1.0,1.0,1.0,1.0,0,0,0,0,0
deceptive_n7,synthetic,7,uniform,24,200,200,,1.0,2.0,1.0,0.99785714,1.0,1.0,1.0,1.0,1.0,0,0,0,0,0
deceptive_n7,synthetic,7,uniform,25,200,200,,1.0,2.0,1.0,0.99857143,1.0,1.0,1.0,1.0,1.0,0,0,0,0,0
deceptive_n7,synthetic,7,uniform,26,200,200,,1.0,2.0,1.0,0.99571429,1.0,1.0,1.0,1.0,1.0,0,0,0,0,0
deceptive_n7,synthetic,7,uniform,27,200,200,,1.0,2.0,1.0,0.99785714,1.0,1.0,1.0,1.0,1.0,0,0,0,0,0
deceptive_n7,synthetic,7,uniform,28,200,200,,1.0,2.0,1.0,1.0,1.0,1.0,1.0,1.0,1.0,0,0,0,0,0
deceptive_n7,synthetic,7,uniform,29,200,200,,1.0,2.0,1.0,0.99928571,1.0,1.0,1.0,1.0,1.0,0,0,0,0,0
deceptive_n7,synthetic,7,uniform,30,200,200,,1.0,2.0,1.0,1.0,1.0,1.0,1.0,1.0,1.0,0,0,0,0,0
deceptive_n7,synthetic,7,uniform,31,200,200,,1.0,2.0,1.0,0.995,1.0,1.0,1.0,1.0,1.0,0,0,0,0,0
deceptive_n7,synthetic,7,uniform,32,200,200,,1.0,2.0,1.0,0.99285714,1.0,1.0,1.0,1.0,1.0,0,0,0,0,0
deceptive_n7,synthetic,7,uniform,33,200,200,,1.0,2.0,1.0,0.99857143,1.0,1.0,1.0,1.0,1.0,0,0,0,0,0
deceptive_n7,synthetic,7,uniform,34,200,200,,1.0,2.0,1.0,1.0,1.0,1.0,1.0,1.0,1.0,0,0,0,0,0
deceptive_n7,synthetic,7,uniform,35,200,200,139,2.0,2.0,0.0,1.31,1.0,1.0,1.0,1.0,2.0,0,0,0,0,1
deceptive_n7,synthetic,7,uniform,36,200,200,,1.0,2.0,1.0,1.0,1.0,1.0,1.0,1.0,1.0,0,0,0,0,0
deceptive_n7,synthetic,7,uniform,37,200,200,,1.0,2.0,1.0,1.0,1.0,1.0,1.0,1.0,1.0,0,0,0,0,0
deceptive_n7,synthetic,7,uniform,38,200,200,,1.0,2.0,1.0,1.0,1.0,1.0,1.0,1.0,1.0,0,0,0,0,0
deceptive_n7,synthetic,7,uniform,39,200,200,,1.0,2.0,1.0,1.0,1.0,1.0,1.0,1.0,1.0,0,0,0,0,0
deceptive_n7,synthetic,7,ls_swap,0,200,200,,1.0,2.0,1.0,1.0,1.0,1.0,1.0,1.0,1.0,0,0,0,0,0
deceptive_n7,synthetic,7,ls_swap,1,200,200,,1.0,2.0,1.0,1.0,1.0,1.0,1.0,1.0,1.0,0,0,0,0,0
deceptive_n7,synthetic,7,ls_swap,2,200,200,,1.0,2.0,1.0,0.97214286,0.85714286,0.85714286,1.0,1.0,1.0,0,0,0,0,0
deceptive_n7,synthetic,7,ls_swap,3,200,200,,1.0,2.0,1.0,0.98928571,1.0,1.0,1.0,1.0,1.0,0,0,0,0,0
deceptive_n7,synthetic,7,ls_swap,4,200,200,,1.0,2.0,1.0,0.98285714,0.85714286,1.0,1.0,1.0,1.0,0,0,0,0,0
deceptive_n7,synthetic,7,ls_swap,5,200,200,,1.0,2.0,1.0,0.97142857,0.85714286,0.85714286,1.0,1.0,1.0,0,0,0,0,0
deceptive_n7,synthetic,7,ls_swap,6,200,200,,1.0,2.0,1.0,0.98285714,0.85714286,1.0,1.0,1.0,1.0,0,0,0,0,0
deceptive_n7,synthetic,7,ls_swap,7,200,200,,1.0,2.0,1.0,0.99642857,1.0,1.0,1.0,1.0,1.0,0,0,0,0,0
deceptive_n7,synthetic,7,ls_swap,8,200,200,,1.0,2.0,1.0,1.0,1.0,1.0,1.0,1.0,1.0,0,0,0,0,0
deceptive_n7,synthetic,7,ls_swap,9,200,200,157,2.0,2.0,0.0,1.21714286,1.0,1.0,1.0,1.0,2.0,0,0,0,0,1
deceptive_n7,synthetic,7,ls_swap,10,200,200,,1.0,2.0,1.0,0.99642857,1.0,1.0,1.0,1.0,1.0,0,0,0,0,0
deceptive_n7,synthetic,7,ls_swap,11,200,200,,1.0,2.0,1.0,0.99142857,1.0,1.0,1.0,1.0,1.0,0,0,0,0,0
deceptive_n7,synthetic,7,ls_swap,12,200,200,156,2.0,2.0,0.0,1.225,1.0,1.0,1.0,1.0,2.0,0,0,0,0,1
deceptive_n7,synthetic,7,ls_swap,13,200,200,,1.0,2.0,1.0,0.99857143,1.0,1.0,1.0,1.0,1.0,0,0,0,0,0
deceptive_n7,synthetic,7,ls_swap,14,200,200,199,2.0,2.0,0.0,1.01,1.0,1.0,1.0,1.0,2.0,0,0,0,0,1
deceptive_n7,synthetic,7,ls_swap,15,200,200,,1.0,2.0,1.0,0.99642857,1.0,1.0,1.0,1.0,1.0,0,0,0,0,0
deceptive_n7,synthetic,7,ls_swap,16,200,200,,1.0,2.0,1.0,1.0,1.0,1.0,1.0,1.0,1.0,0,0,0,0,0
deceptive_n7,synthetic,7,ls_swap,17,200,200,,1.0,2.0,1.0,0.99642857,1.0,1.0,1.0,1.0,1.0,0,0,0,0,0
deceptive_n7,synthetic,7,ls_swap,18,200,200,,1.0,2.0,1.0,1.0,1.0,1.0,1.0,1.0,1.0,0,0,0,0,0
deceptive_n7,synthetic,7,ls_swap,19,200,200,,1.0,2.0,1.0,0.99571429,1.0,1.0,1.0,1.0,1.0,0,0,0,0,0
deceptive_n7,synthetic,7,ls_swap,20,200,200,,1.0,2.0,1.0,1.0,1.0,1.0,1.0,1.0,1.0,0,0,0,0,0
deceptive_n7,synthetic,7,ls_swap,21,200,200,,1.0,2.0,1.0,0.99928571,1.0,1.0,1.0,1.0,1.0,0,0,0,0,0
deceptive_n7,synthetic,7,ls_swap,22,200,200,,1.0,2.0,1.0,0.99857143,1.0,1.0,1.0,1.0,1.0,0,0,0,0,0
deceptive_n7,synthetic,7,ls_swap,23,200,200,,1.0,2.0,1.0,1.0,1.0,1.0,1.0,1.0,1.0,0,0,0,0,0
deceptive_n7,synthetic,7,ls_swap,24,200,200,,1.0,2.0,1.0,0.99,1.0,1.0,1.0,1.0,1.0,0,0,0,0,0
deceptive_n7,synthetic,7,ls_swap,25,200,200,,1.0,2.0,1.0,1.0,1.0,1.0,1.0,1.0,1.0,0,0,0,0,0
deceptive_n7,synthetic,7,ls_swap,26,200,200,,1.0,2.0,1.0,0.98142857,0.85714286,1.0,1.0,1.0,1.0,0,0,0,0,0
deceptive_n7,synthetic,7,ls_swap,27,200,200,,1.0,2.0,1.0,0.99857143,1.0,1.0,1.0,1.0,1.0,0,0,0,0,0
deceptive_n7,synthetic,7,ls_swap,28,200,200,,1.0,2.0,1.0,0.99928571,1.0,1.0,1.0,1.0,1.0,0,0,0,0,0
deceptive_n7,synthetic,7,ls_swap,29,200,200,,1.0,2.0,1.0,1.0,1.0,1.0,1.0,1.0,1.0,0,0,0,0,0
deceptive_n7,synthetic,7,ls_swap,30,200,200,,1.0,2.0,1.0,1.0,1.0,1.0,1.0,1.0,1.0,0,0,0,0,0
deceptive_n7,synthetic,7,ls_swap,31,200,200,,1.0,2.0,1.0,0.99571429,1.0,1.0,1.0,1.0,1.0,0,0,0,0,0
deceptive_n7,synthetic,7,ls_swap,32,200,200,,1.0,2.0,1.0,0.99928571,1.0,1.0,1.0,1.0,1.0,0,0,0,0,0
deceptive_n7,synthetic,7,ls_swap,33,200,200,,1.0,2.0,1.0,0.99214286,1.0,1.0,1.0,1.0,1.0,0,0,0,0,0
deceptive_n7,synthetic,7,ls_swap,34,200,200,,1.0,2.0,1.0,1.0,1.0,1.0,1.0,1.0,1.0,0,0,0,0,0
deceptive_n7,synthetic,7,ls_swap,35,200,200,,1.0,2.0,1.0,1.0,1.0,1.0,1.0,1.0,1.0,0,0,0,0,0
deceptive_n7,synthetic,7,ls_swap,36,200,200,,1.0,2.0,1.0,0.98,0.85714286,0.85714286,1.0,1.0,1.0,0,0,0,0,0
deceptive_n7,synthetic,7,ls_swap,37,200,200,,1.0,2.0,1.0,0.99714286,1.0,1.0,1.0,1.0,1.0,0,0,0,0,0
deceptive_n7,synthetic,7,ls_swap,38,200,200,,1.0,2.0,1.0,0.94357143,0.71428571,0.71428571,1.0,1.0,1.0,0,0,0,0,0
deceptive_n7,synthetic,7,ls_swap,39,200,200,,1.0,2.0,1.0,1.0,1.0,1.0,1.0,1.0,1.0,0,0,0,0,0
deceptive_n7,synthetic,7,ls_insert,0,200,200,,1.0,2.0,1.0,1.0,1.0,1.0,1.0,1.0,1.0,0,0,0,0,0
deceptive_n7,synthetic,7,ls_insert,1,200,200,,1.0,2.0,1.0,1.0,1.0,1.0,1.0,1.0,1.0,0,0,0,0,0
deceptive_n7,synthetic,7,ls_insert,2,200,200,,1.0,2.0,1.0,0.99357143,1.0,1.0,1.0,1.0,1.0,0,0,0,0,0
deceptive_n7,synthetic,7,ls_insert,3,200,200,,1.0,2.0,1.0,0.99571429,1.0,1.0,1.0,1.0,1.0,0,0,0,0,0
deceptive_n7,synthetic,7,ls_insert,4,200,200,,1.0,2.0,1.0,0.99285714,1.0,1.0,1.0,1.0,1.0,0,0,0,0,0
deceptive_n7,synthetic,7,ls_insert,5,200,200,,1.0,2.0,1.0,0.99285714,1.0,1.0,1.0,1.0,1.0,0,0,0,0,0
deceptive_n7,synthetic,7,ls_insert,6,200,200,,1.0,2.0,1.0,0.99285714,1.0,1.0,1.0,1.0,1.0,0,0,0,0,0
deceptive_n7,synthetic,7,ls_insert,7,200,200,,1.0,2.0,1.0,0.98357143,0.85714286,1.0,1.0,1.0,1.0,0,0,0,0,0
deceptive_n7,synthetic,7,ls_insert,8,200,200,,1.0,2.0,1.0,1.0,1.0,1.0,1.0,1.0,1.0,0,0,0,0,0
deceptive_n7,synthetic,7,ls_insert,9,200,200,,1.0,2.0,1.0,0.98642857,0.85714286,1.0,1.0,1.0,1.0,0,0,0,0,0
deceptive_n7,synthetic,7,ls_insert,10,200,200,,1.0,2.0,1.0,0.98571429,0.85714286,1.0,1.0,1.0,1.0,0,0,0,0,0
deceptive_n7,synthetic,7,ls_insert,11,200,200,,1.0,2.0,1.0,0.995,1.0,1.0,1.0,1.0,1.0,0,0,0,0,0
deceptive_n7,synthetic,7,ls_insert,12,200,200,,1.0,2.0,1.0,1.0,1.0,1.0,1.0,1.0,1.0,0,0,0,0,0
deceptive_n7,synthetic,7,ls_insert,13,200,200,,1.0,2.0,1.0,0.995,1.0,1.0,1.0,1.0,1.0,0,0,0,0,0
deceptive_n7,synthetic,7,ls_insert,14,200,200,,1.0,2.0,1.0,1.0,1.0,1.0,1.0,1.0,1.0,0,0,0,0,0
deceptive_n7,synthetic,7,ls_insert,15,200,200,111,2.0,2.0,0.0,1.44642857,1.0,1.0,1.0,1.0,2.0,0,0,0,0,1
deceptive_n7,synthetic,7,ls_insert,16,200,200,,1.0,2.0,1.0,1.0,1.0,1.0,1.0,1.0,1.0,0,0,0,0,0
deceptive_n7,synthetic,7,ls_insert,17,200,200,,1.0,2.0,1.0,0.98571429,0.85714286,1.0,1.0,1.0,1.0,0,0,0,0,0
deceptive_n7,synthetic,7,ls_insert,18,200,200,,1.0,2.0,1.0,1.0,1.0,1.0,1.0,1.0,1.0,0,0,0,0,0
deceptive_n7,synthetic,7,ls_insert,19,200,200,,1.0,2.0,1.0,0.98857143,0.85714286,1.0,1.0,1.0,1.0,0,0,0,0,0
deceptive_n7,synthetic,7,ls_insert,20,200,200,,1.0,2.0,1.0,1.0,1.0,1.0,1.0,1.0,1.0,0,0,0,0,0
deceptive_n7,synthetic,7,ls_insert,21,200,200,,1.0,2.0,1.0,0.99928571,1.0,1.0,1.0,1.0,1.0,0,0,0,0,0
deceptive_n7,synthetic,7,ls_insert,22,200,200,,1.0,2.0,1.0,0.99857143,1.0,1.0,1.0,1.0,1.0,0,0,0,0,0
deceptive_n7,synthetic,7,ls_insert,23,200,200,,1.0,2.0,1.0,1.0,1.0,1.0,1.0,1.0,1.0,0,0,0,0,0
deceptive_n7,synthetic,7,ls_insert,24,200,200,,1.0,2.0,1.0,0.99642857,1.0,1.0,1.0,1.0,1.0,0,0,0,0,0
deceptive_n7,synthetic,7,ls_insert,25,200,200,,1.0,2.0,1.0,1.0,1.0,1.0,1.0,1.0,1.0,0,0,0,0,0
deceptive_n7,synthetic,7,ls_insert,26,200,200,,1.0,2.0,1.0,0.99571429,1.0,1.0,1.0,1.0,1.0,0,0,0,0,0
deceptive_n7,synthetic,7,ls_insert,27,200,200,,1.0,2.0,1.0,0.995,1.0,1.0,1.0,1.0,1.0,0,0,0,0,0
deceptive_n7,synthetic,7,ls_insert,28,200,200,,1.0,2.0,1.0,0.99928571,1.0,1.0,1.0,1.0,1.0,0,0,0,0,0
deceptive_n7,synthetic,7,ls_insert,29,200,200,,1.0,2.0,1.0,1.0,1.0,1.0,1.0,1.0,1.0,0,0,0,0,0
deceptive_n7,synthetic,7,ls_insert,30,200,200,,1.0,2.0,1.0,1.0,1.0,1.0,1.0,1.0,1.0,0,0,0,0,0
deceptive_n7,synthetic,7,ls_insert,31,200,200,,1.0,2.0,1.0,0.98142857,0.85714286,0.85714286,1.0,1.0,1.0,0,0,0,0,0
deceptive_n7,synthetic,7,ls_insert,32,200,200,,1.0,2.0,1.0,0.99928571,1.0,1.0,1.0,1.0,1.0,0,0,0,0,0
deceptive_n7,synthetic,7,ls_insert,33,200,200,,1.0,2.0,1.0,0.98,0.85714286,0.85714286,1.0,1.0,1.0,0,0,0,0,0
deceptive_n7,synthetic,7,ls_insert,34,200,200,,1.0,2.0,1.0,1.0,1.0,1.0,1.0,1.0,1.0,0,0,0,0,0
deceptive_n7,synthetic,7,ls_insert,35,200,200,,1.0,2.0,1.0,1.0,1.0,1.0,1.0,1.0,1.0,0,0,0,0,0
deceptive_n7,synthetic,7,ls_insert,36,200,200,,1.0,2.0,1.0,0.99428571,1.0,1.0,1.0,1.0,1.0,0,0,0,0,0
deceptive_n7,synthetic,7,ls_insert,37,200,200,,1.0,2.0,1.0,0.98714286,0.85714286,1.0,1.0,1.0,1.0,0,0,0,0,0
deceptive_n7,synthetic,7,ls_insert,38,200,200,,1.0,2.0,1.0,0.98285714,1.0,1.0,1.0,1.0,1.0,0,0,0,0,0
deceptive_n7,synthetic,7,ls_insert,39,200,200,,1.0,2.0,1.0,1.0,1.0,1.0,1.0,1.0,1.0,0,0,0,0,0
deceptive_n7,synthetic,7,ls_inversion,0,200,200,,1.0,2.0,1.0,1.0,1.0,1.0,1.0,1.0,1.0,0,0,0,0,0
deceptive_n7,synthetic,7,ls_inversion,1,200,200,,1.0,2.0,1.0,1.0,1.0,1.0,1.0,1.0,1.0,0,0,0,0,0
deceptive_n7,synthetic,7,ls_inversion,2,200,200,,1.0,2.0,1.0,0.99,1.0,1.0,1.0,1.0,1.0,0,0,0,0,0
deceptive_n7,synthetic,7,ls_inversion,3,200,200,,1.0,2.0,1.0,0.99214286,1.0,1.0,1.0,1.0,1.0,0,0,0,0,0
deceptive_n7,synthetic,7,ls_inversion,4,200,200,,1.0,2.0,1.0,0.99285714,1.0,1.0,1.0,1.0,1.0,0,0,0,0,0
deceptive_n7,synthetic,7,ls_inversion,5,200,200,,1.0,2.0,1.0,0.98857143,1.0,1.0,1.0,1.0,1.0,0,0,0,0,0
deceptive_n7,synthetic,7,ls_inversion,6,200,200,,1.0,2.0,1.0,0.98857143,1.0,1.0,1.0,1.0,1.0,0,0,0,0,0
deceptive_n7,synthetic,7,ls_inversion,7,200,200,,1.0,2.0,1.0,0.99642857,1.0,1.0,1.0,1.0,1.0,0,0,0,0,0
deceptive_n7,synthetic,7,ls_inversion,8,200,200,,1.0,2.0,1.0,1.0,1.0,1.0,1.0,1.0,1.0,0,0,0,0,0
deceptive_n7,synthetic,7,ls_inversion,9,200,200,157,2.0,2.0,0.0,1.21714286,1.0,1.0,1.0,1.0,2.0,0,0,0,0,1
deceptive_n7,synthetic,7,ls_inversion,10,200,200,,1.0,2.0,1.0,0.99285714,1.0,1.0,1.0,1.0,1.0,0,0,0,0,0
deceptive_n7,synthetic,7,ls_inversion,11,200,200,158,2.0,2.0,0.0,1.20642857,1.0,1.0,1.0,1.0,2.0,0,0,0,0,1
deceptive_n7,synthetic,7,ls_inversion,12,200,200,158,2.0,2.0,0.0,1.215,1.0,1.0,1.0,1.0,2.0,0,0,0,0,1
deceptive_n7,synthetic,7,ls_inversion,13,200,200,,1.0,2.0,1.0,0.99857143,1.0,1.0,1.0,1.0,1.0,0,0,0,0,0
deceptive_n7,synthetic,7,ls_inversion,14,200,200,,1.0,2.0,1.0,1.0,1.0,1.0,1.0,1.0,1.0,0,0,0,0,0
deceptive_n7,synthetic,7,ls_inversion,15,200,200,,1.0,2.0,1.0,0.99642857,1.0,1.0,1.0,1.0,1.0,0,0,0,0,0
deceptive_n7,synthetic,7,ls_inversion,16,200,200,,1.0,2.0,1.0,1.0,1.0,1.0,1.0,1.0,1.0,0,0,0,0,0
deceptive_n7,synthetic,7,ls_inversion,17,200,200,,1.0,2.0,1.0,0.99214286,1.0,1.0,1.0,1.0,1.0,0,0,0,0,0
deceptive_n7,synthetic,7,ls_inversion,18,200,200,,1.0,2.0,1.0,1.0,1.0,1.0,1.0,1.0,1.0,0,0,0,0,0
deceptive_n7,synthetic,7,ls_inversion,19,200,200,,1.0,2.0,1.0,0.99571429,1.0,1.0,1.0,1.0,1.0,0,0,0,0,0
deceptive_n7,synthetic,7,ls_inversion,20,200,200,,1.0,2.0,1.0,1.0,1.0,1.0,1.0,1.0,1.0,0,0,0,0,0
deceptive_n7,synthetic,7,ls_inversion,21,200,200,,1.0,2.0,1.0,0.99928571,1.0,1.0,1.0,1.0,1.0,0,0,0,0,0
deceptive_n7,synthetic,7,ls_inversion,22,200,200,,1.0,2.0,1.0,0.99857143,1.0,1.0,1.0,1.0,1.0,0,0,0,0,0
deceptive_n7,synthetic,7,ls_inversion,23,200,200,,1.0,2.0,1.0,1.0,1.0,1.0,1.0,1.0,1.0,0,0,0,0,0
deceptive_n7,synthetic,7,ls_inversion,24,200,200,,1.0,2.0,1.0,0.99642857,1.0,1.0,1.0,1.0,1.0,0,0,0,0,0
deceptive_n7,synthetic,7,ls_inversion,25,200,200,,1.0,2.0,1.0,1.0,1.0,1.0,1.0,1.0,1.0,0,0,0,0,0
deceptive_n7,synthetic,7,ls_inversion,26,200,200,,1.0,2.0,1.0,0.99571429,1.0,1.0,1.0,1.0,1.0,0,0,0,0,0
deceptive_n7,synthetic,7,ls_inversion,27,200,200,,1.0,2.0,1.0,0.99857143,1.0,1.0,1.0,1.0,1.0,0,0,0,0,0
deceptive_n7,synthetic,7,ls_inversion,28,200,200,,1.0,2.0,1.0,0.99928571,1.0,1.0,1.0,1.0,1.0,0,0,0,0,0
deceptive_n7,synthetic,7,ls_inversion,29,200,200,,1.0,2.0,1.0,1.0,1.0,1.0,1.0,1.0,1.0,0,0,0,0,0
deceptive_n7,synthetic,7,ls_inversion,30,200,200,,1.0,2.0,1.0,1.0,1.0,1.0,1.0,1.0,1.0,0,0,0,0,0
deceptive_n7,synthetic,7,ls_inversion,31,200,200,,1.0,2.0,1.0,0.99571429,1.0,1.0,1.0,1.0,1.0,0,0,0,0,0
deceptive_n7,synthetic,7,ls_inversion,32,200,200,,1.0,2.0,1.0,0.99928571,1.0,1.0,1.0,1.0,1.0,0,0,0,0,0
deceptive_n7,synthetic,7,ls_inversion,33,200,200,,1.0,2.0,1.0,0.99571429,1.0,1.0,1.0,1.0,1.0,0,0,0,0,0
deceptive_n7,synthetic,7,ls_inversion,34,200,200,,1.0,2.0,1.0,1.0,1.0,1.0,1.0,1.0,1.0,0,0,0,0,0
deceptive_n7,synthetic,7,ls_inversion,35,200,200,,1.0,2.0,1.0,1.0,1.0,1.0,1.0,1.0,1.0,0,0,0,0,0
deceptive_n7,synthetic,7,ls_inversion,36,200,200,,1.0,2.0,1.0,0.97642857,0.85714286,0.85714286,1.0,1.0,1.0,0,0,0,0,0
deceptive_n7,synthetic,7,ls_inversion,37,200,200,,1.0,2.0,1.0,0.99642857,1.0,1.0,1.0,1.0,1.0,0,0,0,0,0
deceptive_n7,synthetic,7,ls_inversion,38,200,200,,1.0,2.0,1.0,0.98214286,1.0,1.0,1.0,1.0,1.0,0,0,0,0,0
deceptive_n7,synthetic,7,ls_inversion,39,200,200,,1.0,2.0,1.0,1.0,1.0,1.0,1.0,1.0,1.0,0,0,0,0,0
deceptive_n7,synthetic,7,simulated_annealing,0,200,200,,1.0,2.0,1.0,1.0,1.0,1.0,1.0,1.0,1.0,0,0,0,0,0
deceptive_n7,synthetic,7,simulated_annealing,1,200,200,,1.0,2.0,1.0,1.0,1.0,1.0,1.0,1.0,1.0,0,0,0,0,0
deceptive_n7,synthetic,7,simulated_annealing,2,200,200,,1.0,2.0,1.0,0.99642857,1.0,1.0,1.0,1.0,1.0,0,0,0,0,0
deceptive_n7,synthetic,7,simulated_annealing,3,200,200,,1.0,2.0,1.0,0.99642857,1.0,1.0,1.0,1.0,1.0,0,0,0,0,0
deceptive_n7,synthetic,7,simulated_annealing,4,200,200,,1.0,2.0,1.0,0.99571429,1.0,1.0,1.0,1.0,1.0,0,0,0,0,0
deceptive_n7,synthetic,7,simulated_annealing,5,200,200,,1.0,2.0,1.0,0.99785714,1.0,1.0,1.0,1.0,1.0,0,0,0,0,0
deceptive_n7,synthetic,7,simulated_annealing,6,200,200,,1.0,2.0,1.0,0.99,1.0,1.0,1.0,1.0,1.0,0,0,0,0,0
deceptive_n7,synthetic,7,simulated_annealing,7,200,200,,1.0,2.0,1.0,0.99714286,1.0,1.0,1.0,1.0,1.0,0,0,0,0,0
deceptive_n7,synthetic,7,simulated_annealing,8,200,200,,1.0,2.0,1.0,1.0,1.0,1.0,1.0,1.0,1.0,0,0,0,0,0
deceptive_n7,synthetic,7,simulated_annealing,9,200,200,,1.0,2.0,1.0,0.99928571,1.0,1.0,1.0,1.0,1.0,0,0,0,0,0
deceptive_n7,synthetic,7,simulated_annealing,10,200,200,,1.0,2.0,1.0,0.99785714,1.0,1.0,1.0,1.0,1.0,0,0,0,0,0
deceptive_n7,synthetic,7,simulated_annealing,11,200,200,,1.0,2.0,1.0,0.99785714,1.0,1.0,1.0,1.0,1.0,0,0,0,0,0
deceptive_n7,synthetic,7,simulated_annealing,12,200,200,,1.0,2.0,1.0,1.0,1.0,1.0,1.0,1.0,1.0,0,0,0,0,0
deceptive_n7,synthetic,7,simulated_annealing,13,200,200,,1.0,2.0,1.0,0.99642857,1.0,1.0,1.0,1.0,1.0,0,0,0,0,0
deceptive_n7,synthetic,7,simulated_annealing,14,200,200,,1.0,2.0,1.0,1.0,1.0,1.0,1.0,1.0,1.0,0,0,0,0,0
deceptive_n7,synthetic,7,simulated_annealing,15,200,200,,1.0,2.0,1.0,0.99857143,1.0,1.0,1.0,1.0,1.0,0,0,0,0,0
deceptive_n7,synthetic,7,simulated_annealing,16,200,200,,1.0,2.0,1.0,1.0,1.0,1.0,1.0,1.0,1.0,0,0,0,0,0
deceptive_n7,synthetic,7,simulated_annealing,17,200,200,,1.0,2.0,1.0,0.99857143,1.0,1.0,1.0,1.0,1.0,0,0,0,0,0
deceptive_n7,synthetic,7,simulated_annealing,18,200,200,,1.0,2.0,1.0,1.0,1.0,1.0,1.0,1.0,1.0,0,0,0,0,0
deceptive_n7,synthetic,7,simulated_annealing,19,200,200,,1.0,2.0,1.0,0.99857143,1.0,1.0,1.0,1.0,1.0,0,0,0,0,0
deceptive_n7,synthetic,7,simulated_annealing,20,200,200,,1.0,2.0,1.0,1.0,1.0,1.0,1.0,1.0,1.0,0,0,0,0,0
deceptive_n7,synthetic,7,simulated_annealing,21,200,200,,1.0,2.0,1.0,0.99785714,1.0,1.0,1.0,1.0,1.0,0,0,0,0,0
deceptive_n7,synthetic,7,simulated_annealing,22,200,200,,1.0,2.0,1.0,0.99928571,1.0,1.0,1.0,1.0,1.0,0,0,0,0,0
deceptive_n7,synthetic,7,simulated_annealing,23,200,200,,1.0,2.0,1.0,1.0,1.0,1.0,1.0,1.0,1.0,0,0,0,0,0
deceptive_n7,synthetic,7,simulated_annealing,24,200,200,,1.0,2.0,1.0,0.99714286,1.0,1.0,1.0,1.0,1.0,0,0,0,0,0
deceptive_n7,synthetic,7,simulated_annealing,25,200,200,,1.0,2.0,1.0,1.0,1.0,1.0,1.0,1.0,1.0,0,0,0,0,0
deceptive_n7,synthetic,7,simulated_annealing,26,200,200,,1.0,2.0,1.0,0.99142857,1.0,1.0,1.0,1.0,1.0,0,0,0,0,0
deceptive_n7,synthetic,7,simulated_annealing,27,200,200,,1.0,2.0,1.0,0.99928571,1.0,1.0,1.0,1.0,1.0,0,0,0,0,0
deceptive_n7,synthetic,7,simulated_annealing,28,200,200,,1.0,2.0,1.0,0.99928571,1.0,1.0,1.0,1.0,1.0,0,0,0,0,0
deceptive_n7,synthetic,7,simulated_annealing,29,200,200,,1.0,2.0,1.0,1.0,1.0,1.0,1.0,1.0,1.0,0,0,0,0,0
deceptive_n7,synthetic,7,simulated_annealing,30,200,200,,1.0,2.0,1.0,1.0,1.0,1.0,1.0,1.0,1.0,0,0,0,0,0
deceptive_n7,synthetic,7,simulated_annealing,31,200,200,,1.0,2.0,1.0,0.99428571,1.0,1.0,1.0,1.0,1.0,0,0,0,0,0
deceptive_n7,synthetic,7,simulated_annealing,32,200,200,,1.0,2.0,1.0,0.99857143,1.0,1.0,1.0,1.0,1.0,0,0,0,0,0
deceptive_n7,synthetic,7,simulated_annealing,33,200,200,,1.0,2.0,1.0,0.995,1.0,1.0,1.0,1.0,1.0,0,0,0,0,0
deceptive_n7,synthetic,7,simulated_annealing,34,200,200,,1.0,2.0,1.0,1.0,1.0,1.0,1.0,1.0,1.0,0,0,0,0,0
deceptive_n7,synthetic,7,simulated_annealing,35,200,200,,1.0,2.0,1.0,1.0,1.0,1.0,1.0,1.0,1.0,0,0,0,0,0
deceptive_n7,synthetic,7,simulated_annealing,36,200,200,,1.0,2.0,1.0,0.98785714,1.0,1.0,1.0,1.0,1.0,0,0,0,0,0
deceptive_n7,synthetic,7,simulated_annealing,37,200,200,,1.0,2.0,1.0,0.99,1.0,1.0,1.0,1.0,1.0,0,0,0,0,0
deceptive_n7,synthetic,7,simulated_annealing,38,200,200,,1.0,2.0,1.0,0.99142857,1.0,1.0,1.0,1.0,1.0,0,0,0,0,0
deceptive_n7,synthetic,7,simulated_annealing,39,200,200,,1.0,2.0,1.0,1.0,1.0,1.0,1.0,1.0,1.0,0,0,0,0,0
deceptive_n7,synthetic,7,iterated_local_search,0,200,200,,1.0,2.0,1.0,1.0,1.0,1.0,1.0,1.0,1.0,0,0,0,0,0
deceptive_n7,synthetic,7,iterated_local_search,1,200,200,,1.0,2.0,1.0,1.0,1.0,1.0,1.0,1.0,1.0,0,0,0,0,0
deceptive_n7,synthetic,7,iterated_local_search,2,200,200,,1.0,2.0,1.0,0.99357143,1.0,1.0,1.0,1.0,1.0,0,0,0,0,0
deceptive_n7,synthetic,7,iterated_local_search,3,200,200,,1.0,2.0,1.0,0.99571429,1.0,1.0,1.0,1.0,1.0,0,0,0,0,0
deceptive_n7,synthetic,7,iterated_local_search,4,200,200,,1.0,2.0,1.0,0.99285714,1.0,1.0,1.0,1.0,1.0,0,0,0,0,0
deceptive_n7,synthetic,7,iterated_local_search,5,200,200,,1.0,2.0,1.0,0.99285714,1.0,1.0,1.0,1.0,1.0,0,0,0,0,0
deceptive_n7,synthetic,7,iterated_local_search,6,200,200,,1.0,2.0,1.0,0.99285714,1.0,1.0,1.0,1.0,1.0,0,0,0,0,0
deceptive_n7,synthetic,7,iterated_local_search,7,200,200,,1.0,2.0,1.0,0.98357143,0.85714286,1.0,1.0,1.0,1.0,0,0,0,0,0
deceptive_n7,synthetic,7,iterated_local_search,8,200,200,,1.0,2.0,1.0,1.0,1.0,1.0,1.0,1.0,1.0,0,0,0,0,0
deceptive_n7,synthetic,7,iterated_local_search,9,200,200,,1.0,2.0,1.0,0.98642857,0.85714286,1.0,1.0,1.0,1.0,0,0,0,0,0
deceptive_n7,synthetic,7,iterated_local_search,10,200,200,,1.0,2.0,1.0,0.98571429,0.85714286,1.0,1.0,1.0,1.0,0,0,0,0,0
deceptive_n7,synthetic,7,iterated_local_search,11,200,200,145,2.0,2.0,0.0,1.275,1.0,1.0,1.0,1.0,2.0,0,0,0,0,1
deceptive_n7,synthetic,7,iterated_local_search,12,200,200,,1.0,2.0,1.0,1.0,1.0,1.0,1.0,1.0,1.0,0,0,0,0,0
deceptive_n7,synthetic,7,iterated_local_search,13,200,200,,1.0,2.0,1.0,0.995,1.0,1.0,1.0,1.0,1.0,0,0,0,0,0
deceptive_n7,synthetic,7,iterated_local_search,14,200,200,,1.0,2.0,1.0,1.0,1.0,1.0,1.0,1.0,1.0,0,0,0,0,0
deceptive_n7,synthetic,7,iterated_local_search,15,200,200,,1.0,2.0,1.0,0.99642857,1.0,1.0,1.0,1.0,1.0,0,0,0,0,0
deceptive_n7,synthetic,7,iterated_local_search,16,200,200,,1.0,2.0,1.0,1.0,1.0,1.0,1.0,1.0,1.0,0,0,0,0,0
deceptive_n7,synthetic,7,iterated_local_search,17,200,200,,1.0,2.0,1.0,0.98571429,0.85714286,1.0,1.0,1.0,1.0,0,0,0,0,0
deceptive_n7,synthetic,7,iterated_local_search,18,200,200,,1.0,2.0,1.0,1.0,1.0,1.0,1.0,1.0,1.0,0,0,0,0,0
deceptive_n7,synthetic,7,iterated_local_search,19,200,200,,1.0,2.0,1.0,0.98857143,0.85714286,1.0,1.0,1.0,1.0,0,0,0,0,0
deceptive_n7,synthetic,7,iterated_local_search,20,200,200,,1.0,2.0,1.0,1.0,1.0,1.0,1.0,1.0,1.0,0,0,0,0,0
deceptive_n7,synthetic,7,iterated_local_search,21,200,200,,1.0,2.0,1.0,0.99928571,1.0,1.0,1.0,1.0,1.0,0,0,0,0,0
deceptive_n7,synthetic,7,iterated_local_search,22,200,200,,1.0,2.0,1.0,0.99857143,1.0,1.0,1.0,1.0,1.0,0,0,0,0,0
deceptive_n7,synthetic,7,iterated_local_search,23,200,200,,1.0,2.0,1.0,1.0,1.0,1.0,1.0,1.0,1.0,0,0,0,0,0
deceptive_n7,synthetic,7,iterated_local_search,24,200,200,,1.0,2.0,1.0,0.99642857,1.0,1.0,1.0,1.0,1.0,0,0,0,0,0
deceptive_n7,synthetic,7,iterated_local_search,25,200,200,,1.0,2.0,1.0,1.0,1.0,1.0,1.0,1.0,1.0,0,0,0,0,0
deceptive_n7,synthetic,7,iterated_local_search,26,200,200,,1.0,2.0,1.0,0.99571429,1.0,1.0,1.0,1.0,1.0,0,0,0,0,0
deceptive_n7,synthetic,7,iterated_local_search,27,200,200,,1.0,2.0,1.0,0.995,1.0,1.0,1.0,1.0,1.0,0,0,0,0,0
deceptive_n7,synthetic,7,iterated_local_search,28,200,200,,1.0,2.0,1.0,0.99928571,1.0,1.0,1.0,1.0,1.0,0,0,0,0,0
deceptive_n7,synthetic,7,iterated_local_search,29,200,200,,1.0,2.0,1.0,1.0,1.0,1.0,1.0,1.0,1.0,0,0,0,0,0
deceptive_n7,synthetic,7,iterated_local_search,30,200,200,,1.0,2.0,1.0,1.0,1.0,1.0,1.0,1.0,1.0,0,0,0,0,0
deceptive_n7,synthetic,7,iterated_local_search,31,200,200,,1.0,2.0,1.0,0.98142857,0.85714286,0.85714286,1.0,1.0,1.0,0,0,0,0,0
deceptive_n7,synthetic,7,iterated_local_search,32,200,200,,1.0,2.0,1.0,0.99928571,1.0,1.0,1.0,1.0,1.0,0,0,0,0,0
deceptive_n7,synthetic,7,iterated_local_search,33,200,200,,1.0,2.0,1.0,0.98,0.85714286,0.85714286,1.0,1.0,1.0,0,0,0,0,0
deceptive_n7,synthetic,7,iterated_local_search,34,200,200,,1.0,2.0,1.0,1.0,1.0,1.0,1.0,1.0,1.0,0,0,0,0,0
deceptive_n7,synthetic,7,iterated_local_search,35,200,200,,1.0,2.0,1.0,1.0,1.0,1.0,1.0,1.0,1.0,0,0,0,0,0
deceptive_n7,synthetic,7,iterated_local_search,36,200,200,,1.0,2.0,1.0,0.99428571,1.0,1.0,1.0,1.0,1.0,0,0,0,0,0
deceptive_n7,synthetic,7,iterated_local_search,37,200,200,,1.0,2.0,1.0,0.98714286,0.85714286,1.0,1.0,1.0,1.0,0,0,0,0,0
deceptive_n7,synthetic,7,iterated_local_search,38,200,200,,1.0,2.0,1.0,0.98285714,1.0,1.0,1.0,1.0,1.0,0,0,0,0,0
deceptive_n7,synthetic,7,iterated_local_search,39,200,200,,1.0,2.0,1.0,1.0,1.0,1.0,1.0,1.0,1.0,0,0,0,0,0
deceptive_n7,synthetic,7,ea_elitist,0,200,200,,1.0,2.0,1.0,1.0,1.0,1.0,1.0,1.0,1.0,0,0,0,0,0
deceptive_n7,synthetic,7,ea_elitist,1,200,200,,1.0,2.0,1.0,1.0,1.0,1.0,1.0,1.0,1.0,0,0,0,0,0
deceptive_n7,synthetic,7,ea_elitist,2,200,200,,1.0,2.0,1.0,0.99642857,1.0,1.0,1.0,1.0,1.0,0,0,0,0,0
deceptive_n7,synthetic,7,ea_elitist,3,200,200,,1.0,2.0,1.0,0.99857143,1.0,1.0,1.0,1.0,1.0,0,0,0,0,0
deceptive_n7,synthetic,7,ea_elitist,4,200,200,,1.0,2.0,1.0,0.99214286,1.0,1.0,1.0,1.0,1.0,0,0,0,0,0
deceptive_n7,synthetic,7,ea_elitist,5,200,200,,1.0,2.0,1.0,0.99428571,1.0,1.0,1.0,1.0,1.0,0,0,0,0,0
deceptive_n7,synthetic,7,ea_elitist,6,200,200,,1.0,2.0,1.0,0.99857143,1.0,1.0,1.0,1.0,1.0,0,0,0,0,0
deceptive_n7,synthetic,7,ea_elitist,7,200,200,,1.0,2.0,1.0,0.99357143,1.0,1.0,1.0,1.0,1.0,0,0,0,0,0
deceptive_n7,synthetic,7,ea_elitist,8,200,200,,1.0,2.0,1.0,1.0,1.0,1.0,1.0,1.0,1.0,0,0,0,0,0
deceptive_n7,synthetic,7,ea_elitist,9,200,200,,1.0,2.0,1.0,0.99857143,1.0,1.0,1.0,1.0,1.0,0,0,0,0,0
deceptive_n7,synthetic,7,ea_elitist,10,200,200,,1.0,2.0,1.0,0.99928571,1.0,1.0,1.0,1.0,1.0,0,0,0,0,0
deceptive_n7,synthetic,7,ea_elitist,11,200,200,,1.0,2.0,1.0,0.99642857,1.0,1.0,1.0,1.0,1.0,0,0,0,0,0
deceptive_n7,synthetic,7,ea_elitist,12,200,200,,1.0,2.0,1.0,1.0,1.0,1.0,1.0,1.0,1.0,0,0,0,0,0
deceptive_n7,synthetic,7,ea_elitist,13,200,200,,1.0,2.0,1.0,0.99928571,1.0,1.0,1.0,1.0,1.0,0,0,0,0,0
deceptive_n7,synthetic,7,ea_elitist,14,200,200,,1.0,2.0,1.0,1.0,1.0,1.0,1.0,1.0,1.0,0,0,0,0,0
deceptive_n7,synthetic,7,ea_elitist,15,200,200,,1.0,2.0,1.0,0.99928571,1.0,1.0,1.0,1.0,1.0,0,0,0,0,0
deceptive_n7,synthetic,7,ea_elitist,16,200,200,,1.0,2.0,1.0,1.0,1.0,1.0,1.0,1.0,1.0,0,0,0,0,0
deceptive_n7,synthetic,7,ea_elitist,17,200,200,,1.0,2.0,1.0,0.99857143,1.0,1.0,1.0,1.0,1.0,0,0,0,0,0
deceptive_n7,synthetic,7,ea_elitist,18,200,200,,1.0,2.0,1.0,1.0,1.0,1.0,1.0,1.0,1.0,0,0,0,0,0
deceptive_n7,synthetic,7,ea_elitist,19,200,200,,1.0,2.0,1.0,0.99857143,1.0,1.0,1.0,1.0,1.0,0,0,0,0,0
deceptive_n7,synthetic,7,ea_elitist,20,200,200,,1.0,2.0,1.0,1.0,1.0,1.0,1.0,1.0,1.0,0,0,0,0,0
deceptive_n7,synthetic,7,ea_elitist,21,200,200,,1.0,2.0,1.0,0.99714286,1.0,1.0,1.0,1.0,1.0,0,0,0,0,0
deceptive_n7,synthetic,7,ea_elitist,22,200,200,,1.0,2.0,1.0,0.99785714,1.0,1.0,1.0,1.0,1.0,0,0,0,0,0
deceptive_n7,synthetic,7,ea_elitist,23,200,200,,1.0,2.0,1.0,1.0,1.0,1.0,1.0,1.0,1.0,0,0,0,0,0
deceptive_n7,synthetic,7,ea_elitist,24,200,200,,1.0,2.0,1.0,0.99285714,1.0,1.0,1.0,1.0,1.0,0,0,0,0,0
deceptive_n7,synthetic,7,ea_elitist,25,200,200,,1.0,2.0,1.0,1.0,1.0,1.0,1.0,1.0,1.0,0,0,0,0,0
deceptive_n7,synthetic,7,ea_elitist,26,200,200,,1.0,2.0,1.0,0.99642857,1.0,1.0,1.0,1.0,1.0,0,0,0,0,0
deceptive_n7,synthetic,7,ea_elitist,27,200,200,,1.0,2.0,1.0,0.99714286,1.0,1.0,1.0,1.0,1.0,0,0,0,0,0
deceptive_n7,synthetic,7,ea_elitist,28,200,200,,1.0,2.0,1.0,0.99428571,1.0,1.0,1.0,1.0,1.0,0,0,0,0,0
deceptive_n7,synthetic,7,ea_elitist,29,200,200,,1.0,2.0,1.0,1.0,1.0,1.0,1.0,1.0,1.0,0,0,0,0,0
deceptive_n7,synthetic,7,ea_elitist,30,200,200,,1.0,2.0,1.0,1.0,1.0,1.0,1.0,1.0,1.0,0,0,0,0,0
deceptive_n7,synthetic,7,ea_elitist,31,200,200,,1.0,2.0,1.0,0.99785714,1.0,1.0,1.0,1.0,1.0,0,0,0,0,0
deceptive_n7,synthetic,7,ea_elitist,32,200,200,,1.0,2.0,1.0,0.99928571,1.0,1.0,1.0,1.0,1.0,0,0,0,0,0
deceptive_n7,synthetic,7,ea_elitist,33,200,200,,1.0,2.0,1.0,0.98928571,1.0,1.0,1.0,1.0,1.0,0,0,0,0,0
deceptive_n7,synthetic,7,ea_elitist,34,200,200,,1.0,2.0,1.0,1.0,1.0,1.0,1.0,1.0,1.0,0,0,0,0,0
deceptive_n7,synthetic,7,ea_elitist,35,200,200,,1.0,2.0,1.0,1.0,1.0,1.0,1.0,1.0,1.0,0,0,0,0,0
deceptive_n7,synthetic,7,ea_elitist,36,200,200,,1.0,2.0,1.0,0.99428571,1.0,1.0,1.0,1.0,1.0,0,0,0,0,0
deceptive_n7,synthetic,7,ea_elitist,37,200,200,,1.0,2.0,1.0,0.99642857,1.0,1.0,1.0,1.0,1.0,0,0,0,0,0
deceptive_n7,synthetic,7,ea_elitist,38,200,200,,1.0,2.0,1.0,0.99214286,1.0,1.0,1.0,1.0,1.0,0,0,0,0,0
deceptive_n7,synthetic,7,ea_elitist,39,200,200,,1.0,2.0,1.0,1.0,1.0,1.0,1.0,1.0,1.0,0,0,0,0,0
deceptive_n7,synthetic,7,ea_aging,0,200,200,,1.0,2.0,1.0,1.0,1.0,1.0,1.0,1.0,1.0,0,0,0,0,0
deceptive_n7,synthetic,7,ea_aging,1,200,200,,1.0,2.0,1.0,1.0,1.0,1.0,1.0,1.0,1.0,0,0,0,0,0
deceptive_n7,synthetic,7,ea_aging,2,200,200,,1.0,2.0,1.0,0.99642857,1.0,1.0,1.0,1.0,1.0,0,0,0,0,0
deceptive_n7,synthetic,7,ea_aging,3,200,200,,1.0,2.0,1.0,0.99857143,1.0,1.0,1.0,1.0,1.0,0,0,0,0,0
deceptive_n7,synthetic,7,ea_aging,4,200,200,,1.0,2.0,1.0,0.99214286,1.0,1.0,1.0,1.0,1.0,0,0,0,0,0
deceptive_n7,synthetic,7,ea_aging,5,200,200,,1.0,2.0,1.0,0.99428571,1.0,1.0,1.0,1.0,1.0,0,0,0,0,0
deceptive_n7,synthetic,7,ea_aging,6,200,200,,1.0,2.0,1.0,0.99857143,1.0,1.0,1.0,1.0,1.0,0,0,0,0,0
deceptive_n7,synthetic,7,ea_aging,7,200,200,,1.0,2.0,1.0,0.99357143,1.0,1.0,1.0,1.0,1.0,0,0,0,0,0
deceptive_n7,synthetic,7,ea_aging,8,200,200,,1.0,2.0,1.0,1.0,1.0,1.0,1.0,1.0,1.0,0,0,0,0,0
deceptive_n7,synthetic,7,ea_aging,9,200,200,,1.0,2.0,1.0,0.99857143,1.0,1.0,1.0,1.0,1.0,0,0,0,0,0
deceptive_n7,synthetic,7,ea_aging,10,200,200,,1.0,2.0,1.0,0.99928571,1.0,1.0,1.0,1.0,1.0,0,0,0,0,0
deceptive_n7,synthetic,7,ea_aging,11,200,200,,1.0,2.0,1.0,0.99642857,1.0,1.0,1.0,1.0,1.0,0,0,0,0,0
deceptive_n7,synthetic,7,ea_aging,12,200,200,,1.0,2.0,1.0,1.0,1.0,1.0,1.0,1.0,1.0,0,0,0,0,0
deceptive_n7,synthetic,7,ea_aging,13,200,200,,1.0,2.0,1.0,0.99928571,1.0,1.0,1.0,1.0,1.0,0,0,0,0,0
deceptive_n7,synthetic,7,ea_aging,14,200,200,,1.0,2.0,1.0,1.0,1.0,1.0,1.0,1.0,1.0,0,0,0,0,0
deceptive_n7,synthetic,7,ea_aging,15,200,200,,1.0,2.0,1.0,0.99928571,1.0,1.0,1.0,1.0,1.0,0,0,0,0,0
deceptive_n7,synthetic,7,ea_aging,16,200,200,,1.0,2.0,1.0,1.0,1.0,1.0,1.0,1.0,1.0,0,0,0,0,0
deceptive_n7,synthetic,7,ea_aging,17,200,200,,1.0,2.0,1.0,0.99857143,1.0,1.0,1.0,1.0,1.0,0,0,0,0,0
deceptive_n7,synthetic,7,ea_aging,18,200,200,,1.0,2.0,1.0,1.0,1.0,1.0,1.0,1.0,1.0,0,0,0,0,0
deceptive_n7,synthetic,7,ea_aging,19,200,200,,1.0,2.0,1.0,0.99857143,1.0,1.0,1.0,1.0,1.0,0,0,0,0,0
deceptive_n7,synthetic,7,ea_aging,20,200,200,,1.0,2.0,1.0,1.0,1.0,1.0,1.0,1.0,1.0,0,0,0,0,0
deceptive_n7,synthetic,7,ea_aging,21,200,200,,1.0,2.0,1.0,0.99714286,1.0,1.0,1.0,1.0,1.0,0,0,0,0,0
deceptive_n7,synthetic,7,ea_aging,22,200,200,,1.0,2.0,1.0,0.99785714,1.0,1.0,1.0,1.0,1.0,0,0,0,0,0
deceptive_n7,synthetic,7,ea_aging,23,200,200,,1.0,2.0,1.0,1.0,1.0,1.0,1.0,1.0,1.0,0,0,0,0,0
deceptive_n7,synthetic,7,ea_aging,24,200,200,,1.0,2.0,1.0,0.99285714,1.0,1.0,1.0,1.0,1.0,0,0,0,0,0
deceptive_n7,synthetic,7,ea_aging,25,200,200,,1.0,2.0,1.0,1.0,1.0,1.0,1.0,1.0,1.0,0,0,0,0,0
deceptive_n7,synthetic,7,ea_aging,26,200,200,,1.0,2.0,1.0,0.99642857,1.0,1.0,1.0,1.0,1.0,0,0,0,0,0
deceptive_n7,synthetic,7,ea_aging,27,200,200,,1.0,2.0,1.0,0.99714286,1.0,1.0,1.0,1.0,1.0,0,0,0,0,0
deceptive_n7,synthetic,7,ea_aging,28,200,200,,1.0,2.0,1.0,0.99428571,1.0,1.0,1.0,1.0,1.0,0,0,0,0,0
deceptive_n7,synthetic,7,ea_aging,29,200,200,,1.0,2.0,1.0,1.0,1.0,1.0,1.0,1.0,1.0,0,0,0,0,0
deceptive_n7,synthetic,7,ea_aging,30,200,200,,1.0,2.0,1.0,1.0,1.0,1.0,1.0,1.0,1.0,0,0,0,0,0
deceptive_n7,synthetic,7,ea_aging,31,200,200,,1.0,2.0,1.0,0.99785714,1.0,1.0,1.0,1.0,1.0,0,0,0,0,0
deceptive_n7,synthetic,7,ea_aging,32,200,200,,1.0,2.0,1.0,0.99928571,1.0,1.0,1.0,1.0,1.0,0,0,0,0,0
deceptive_n7,synthetic,7,ea_aging,33,200,200,,1.0,2.0,1.0,0.98928571,1.0,1.0,1.0,1.0,1.0,0,0,0,0,0
deceptive_n7,synthetic,7,ea_aging,34,200,200,,1.0,2.0,1.0,1.0,1.0,1.0,1.0,1.0,1.0,0,0,0,0,0
deceptive_n7,synthetic,7,ea_aging,35,200,200,,1.0,2.0,1.0,1.0,1.0,1.0,1.0,1.0,1.0,0,0,0,0,0
deceptive_n7,synthetic,7,ea_aging,36,200,200,,1.0,2.0,1.0,0.99428571,1.0,1.0,1.0,1.0,1.0,0,0,0,0,0
deceptive_n7,synthetic,7,ea_aging,37,200,200,,1.0,2.0,1.0,0.99642857,1.0,1.0,1.0,1.0,1.0,0,0,0,0,0
deceptive_n7,synthetic,7,ea_aging,38,200,200,,1.0,2.0,1.0,0.99214286,1.0,1.0,1.0,1.0,1.0,0,0,0,0,0
deceptive_n7,synthetic,7,ea_aging,39,200,200,,1.0,2.0,1.0,1.0,1.0,1.0,1.0,1.0,1.0,0,0,0,0,0
deceptive_n7,synthetic,7,ea_portfolio,0,200,200,,1.0,2.0,1.0,1.0,1.0,1.0,1.0,1.0,1.0,0,0,0,0,0
deceptive_n7,synthetic,7,ea_portfolio,1,200,200,,1.0,2.0,1.0,1.0,1.0,1.0,1.0,1.0,1.0,0,0,0,0,0
deceptive_n7,synthetic,7,ea_portfolio,2,200,200,,1.0,2.0,1.0,0.99642857,1.0,1.0,1.0,1.0,1.0,0,0,0,0,0
deceptive_n7,synthetic,7,ea_portfolio,3,200,200,,1.0,2.0,1.0,0.99857143,1.0,1.0,1.0,1.0,1.0,0,0,0,0,0
deceptive_n7,synthetic,7,ea_portfolio,4,200,200,,1.0,2.0,1.0,0.99214286,1.0,1.0,1.0,1.0,1.0,0,0,0,0,0
deceptive_n7,synthetic,7,ea_portfolio,5,200,200,,1.0,2.0,1.0,0.99428571,1.0,1.0,1.0,1.0,1.0,0,0,0,0,0
deceptive_n7,synthetic,7,ea_portfolio,6,200,200,,1.0,2.0,1.0,0.99857143,1.0,1.0,1.0,1.0,1.0,0,0,0,0,0
deceptive_n7,synthetic,7,ea_portfolio,7,200,200,,1.0,2.0,1.0,0.99357143,1.0,1.0,1.0,1.0,1.0,0,0,0,0,0
deceptive_n7,synthetic,7,ea_portfolio,8,200,200,,1.0,2.0,1.0,1.0,1.0,1.0,1.0,1.0,1.0,0,0,0,0,0
deceptive_n7,synthetic,7,ea_portfolio,9,200,200,,1.0,2.0,1.0,0.99857143,1.0,1.0,1.0,1.0,1.0,0,0,0,0,0
deceptive_n7,synthetic,7,ea_portfolio,10,200,200,,1.0,2.0,1.0,0.99928571,1.0,1.0,1.0,1.0,1.0,0,0,0,0,0
deceptive_n7,synthetic,7,ea_portfolio,11,200,200,,1.0,2.0,1.0,0.99642857,1.0,1.0,1.0,1.0,1.0,0,0,0,0,0
deceptive_n7,synthetic,7,ea_portfolio,12,200,200,,1.0,2.0,1.0,1.0,1.0,1.0,1.0,1.0,1.0,0,0,0,0,0
deceptive_n7,synthetic,7,ea_portfolio,13,200,200,,1.0,2.0,1.0,0.99928571,1.0,1.0,1.0,1.0,1.0,0,0,0,0,0
deceptive_n7,synthetic,7,ea_portfolio,14,200,200,,1.0,2.0,1.0,1.0,1.0,1.0,1.0,1.0,1.0,0,0,0,0,0
deceptive_n7,synthetic,7,ea_portfolio,15,200,200,,1.0,2.0,1.0,0.99928571,1.0,1.0,1.0,1.0,1.0,0,0,0,0,0
deceptive_n7,synthetic,7,ea_portfolio,16,200,200,,1.0,2.0,1.0,1.0,1.0,1.0,1.0,1.0,1.0,0,0,0,0,0
deceptive_n7,synthetic,7,ea_portfolio,17,200,200,,1.0,2.0,1.0,0.99857143,1.0,1.0,1.0,1.0,1.0,0,0,0,0,0
deceptive_n7,synthetic,7,ea_portfolio,18,200,200,,1.0,2.0,1.0,1.0,1.0,1.0,1.0,1.0,1.0,0,0,0,0,0
deceptive_n7,synthetic,7,ea_portfolio,19,200,200,,1.0,2.0,1.0,0.99857143,1.0,1.0,1.0,1.0,1.0,0,0,0,0,0
deceptive_n7,synthetic,7,ea_portfolio,20,200,200,,1.0,2.0,1.0,1.0,1.0,1.0,1.0,1.0,1.0,0,0,0,0,0
deceptive_n7,synthetic,7,ea_portfolio,21,200,200,,1.0,2.0,1.0,0.99714286,1.0,1.0,1.0,1.0,1.0,0,0,0,0,0
deceptive_n7,synthetic,7,ea_portfolio,22,200,200,,1.0,2.0,1.0,0.99785714,1.0,1.0,1.0,1.0,1.0,0,0,0,0,0
deceptive_n7,synthetic,7,ea_portfolio,23,200,200,,1.0,2.0,1.0,1.0,1.0,1.0,1.0,1.0,1.0,0,0,0,0,0
deceptive_n7,synthetic,7,ea_portfolio,24,200,200,,1.0,2.0,1.0,0.99285714,1.0,1.0,1.0,1.0,1.0,0,0,0,0,0
deceptive_n7,synthetic,7,ea_portfolio,25,200,200,,1.0,2.0,1.0,1.0,1.0,1.0,1.0,1.0,1.0,0,0,0,0,0
deceptive_n7,synthetic,7,ea_portfolio,26,200,200,,1.0,2.0,1.0,0.99642857,1.0,1.0,1.0,1.0,1.0,0,0,0,0,0
deceptive_n7,synthetic,7,ea_portfolio,27,200,200,,1.0,2.0,1.0,0.99714286,1.0,1.0,1.0,1.0,1.0,0,0,0,0,0
deceptive_n7,synthetic,7,ea_portfolio,28,200,200,,1.0,2.0,1.0,0.99428571,1.0,1.0,1.0,1.0,1.0,0,0,0,0,0
deceptive_n7,synthetic,7,ea_portfolio,29,200,200,,1.0,2.0,1.0,1.0,1.0,1.0,1.0,1.0,1.0,0,0,0,0,0
deceptive_n7,synthetic,7,ea_portfolio,30,200,200,,1.0,2.0,1.0,1.0,1.0,1.0,1.0,1.0,1.0,0,0,0,0,0
deceptive_n7,synthetic,7,ea_portfolio,31,200,200,,1.0,2.0,1.0,0.99785714,1.0,1.0,1.0,1.0,1.0,0,0,0,0,0
deceptive_n7,synthetic,7,ea_portfolio,32,200,200,,1.0,2.0,1.0,0.99928571,1.0,1.0,1.0,1.0,1.0,0,0,0,0,0
deceptive_n7,synthetic,7,ea_portfolio,33,200,200,,1.0,2.0,1.0,0.98928571,1.0,1.0,1.0,1.0,1.0,0,0,0,0,0
deceptive_n7,synthetic,7,ea_portfolio,34,200,200,,1.0,2.0,1.0,1.0,1.0,1.0,1.0,1.0,1.0,0,0,0,0,0
deceptive_n7,synthetic,7,ea_portfolio,35,200,200,,1.0,2.0,1.0,1.0,1.0,1.0,1.0,1.0,1.0,0,0,0,0,0
deceptive_n7,synthetic,7,ea_portfolio,36,200,200,,1.0,2.0,1.0,0.99428571,1.0,1.0,1.0,1.0,1.0,0,0,0,0,0
deceptive_n7,synthetic,7,ea_portfolio,37,200,200,,1.0,2.0,1.0,0.99642857,1.0,1.0,1.0,1.0,1.0,0,0,0,0,0
deceptive_n7,synthetic,7,ea_portfolio,38,200,200,,1.0,2.0,1.0,0.99214286,1.0,1.0,1.0,1.0,1.0,0,0,0,0,0
deceptive_n7,synthetic,7,ea_portfolio,39,200,200,,1.0,2.0,1.0,1.0,1.0,1.0,1.0,1.0,1.0,0,0,0,0,0
deceptive_n7,synthetic,7,surrogate_positional,0,200,200,,1.0,2.0,1.0,1.0,1.0,1.0,1.0,1.0,1.0,0,0,0,0,0
deceptive_n7,synthetic,7,surrogate_positional,1,200,200,,1.0,2.0,1.0,1.0,1.0,1.0,1.0,1.0,1.0,0,0,0,0,0
deceptive_n7,synthetic,7,surrogate_positional,2,200,200,,1.0,2.0,1.0,0.99642857,1.0,1.0,1.0,1.0,1.0,0,0,0,0,0
deceptive_n7,synthetic,7,surrogate_positional,3,200,200,,1.0,2.0,1.0,0.99857143,1.0,1.0,1.0,1.0,1.0,0,0,0,0,0
deceptive_n7,synthetic,7,surrogate_positional,4,200,200,,1.0,2.0,1.0,0.99,1.0,1.0,1.0,1.0,1.0,0,0,0,0,0
deceptive_n7,synthetic,7,surrogate_positional,5,200,200,,1.0,2.0,1.0,0.99428571,1.0,1.0,1.0,1.0,1.0,0,0,0,0,0
deceptive_n7,synthetic,7,surrogate_positional,6,200,200,,1.0,2.0,1.0,0.99857143,1.0,1.0,1.0,1.0,1.0,0,0,0,0,0
deceptive_n7,synthetic,7,surrogate_positional,7,200,200,,1.0,2.0,1.0,0.99357143,1.0,1.0,1.0,1.0,1.0,0,0,0,0,0
deceptive_n7,synthetic,7,surrogate_positional,8,200,200,,1.0,2.0,1.0,1.0,1.0,1.0,1.0,1.0,1.0,0,0,0,0,0
deceptive_n7,synthetic,7,surrogate_positional,9,200,200,,1.0,2.0,1.0,0.99857143,1.0,1.0,1.0,1.0,1.0,0,0,0,0,0
deceptive_n7,synthetic,7,surrogate_positional,10,200,200,,1.0,2.0,1.0,0.99928571,1.0,1.0,1.0,1.0,1.0,0,0,0,0,0
deceptive_n7,synthetic,7,surrogate_positional,11,200,200,,1.0,2.0,1.0,0.99642857,1.0,1.0,1.0,1.0,1.0,0,0,0,0,0
deceptive_n7,synthetic,7,surrogate_positional,12,200,200,,1.0,2.0,1.0,1.0,1.0,1.0,1.0,1.0,1.0,0,0,0,0,0
deceptive_n7,synthetic,7,surrogate_positional,13,200,200,,1.0,2.0,1.0,0.99928571,1.0,1.0,1.0,1.0,1.0,0,0,0,0,0
deceptive_n7,synthetic,7,surrogate_positional,14,200,200,,1.0,2.0,1.0,1.0,1.0,1.0,1.0,1.0,1.0,0,0,0,0,0
deceptive_n7,synthetic,7,surrogate_positional,15,200,200,,1.0,2.0,1.0,0.99928571,1.0,1.0,1.0,1.0,1.0,0,0,0,0,0
deceptive_n7,synthetic,7,surrogate_positional,16,200,200,,1.0,2.0,1.0,1.0,1.0,1.0,1.0,1.0,1.0,0,0,0,0,0
deceptive_n7,synthetic,7,surrogate_positional,17,200,200,,1.0,2.0,1.0,0.99857143,1.0,1.0,1.0,1.0,1.0,0,0,0,0,0
deceptive_n7,synthetic,7,surrogate_positional,18,200,200,,1.0,2.0,1.0,1.0,1.0,1.0,1.0,1.0,1.0,0,0,0,0,0
deceptive_n7,synthetic,7,surrogate_positional,19,200,200,,1.0,2.0,1.0,0.99857143,1.0,1.0,1.0,1.0,1.0,0,0,0,0,0
deceptive_n7,synthetic,7,surrogate_positional,20,200,200,,1.0,2.0,1.0,1.0,1.0,1.0,1.0,1.0,1.0,0,0,0,0,0
deceptive_n7,synthetic,7,surrogate_positional,21,200,200,,1.0,2.0,1.0,0.99714286,1.0,1.0,1.0,1.0,1.0,0,0,0,0,0
deceptive_n7,synthetic,7,surrogate_positional,22,200,200,,1.0,2.0,1.0,0.99785714,1.0,1.0,1.0,1.0,1.0,0,0,0,0,0
deceptive_n7,synthetic,7,surrogate_positional,23,200,200,,1.0,2.0,1.0,1.0,1.0,1.0,1.0,1.0,1.0,0,0,0,0,0
deceptive_n7,synthetic,7,surrogate_positional,24,200,200,,1.0,2.0,1.0,0.99285714,1.0,1.0,1.0,1.0,1.0,0,0,0,0,0
deceptive_n7,synthetic,7,surrogate_positional,25,200,200,,1.0,2.0,1.0,1.0,1.0,1.0,1.0,1.0,1.0,0,0,0,0,0
deceptive_n7,synthetic,7,surrogate_positional,26,200,200,,1.0,2.0,1.0,0.99642857,1.0,1.0,1.0,1.0,1.0,0,0,0,0,0
deceptive_n7,synthetic,7,surrogate_positional,27,200,200,,1.0,2.0,1.0,0.99714286,1.0,1.0,1.0,1.0,1.0,0,0,0,0,0
deceptive_n7,synthetic,7,surrogate_positional,28,200,200,,1.0,2.0,1.0,0.99428571,1.0,1.0,1.0,1.0,1.0,0,0,0,0,0
deceptive_n7,synthetic,7,surrogate_positional,29,200,200,,1.0,2.0,1.0,1.0,1.0,1.0,1.0,1.0,1.0,0,0,0,0,0
deceptive_n7,synthetic,7,surrogate_positional,30,200,200,,1.0,2.0,1.0,1.0,1.0,1.0,1.0,1.0,1.0,0,0,0,0,0
deceptive_n7,synthetic,7,surrogate_positional,31,200,200,,1.0,2.0,1.0,0.99785714,1.0,1.0,1.0,1.0,1.0,0,0,0,0,0
deceptive_n7,synthetic,7,surrogate_positional,32,200,200,,1.0,2.0,1.0,0.99928571,1.0,1.0,1.0,1.0,1.0,0,0,0,0,0
deceptive_n7,synthetic,7,surrogate_positional,33,200,200,,1.0,2.0,1.0,0.98857143,1.0,1.0,1.0,1.0,1.0,0,0,0,0,0
deceptive_n7,synthetic,7,surrogate_positional,34,200,200,,1.0,2.0,1.0,1.0,1.0,1.0,1.0,1.0,1.0,0,0,0,0,0
deceptive_n7,synthetic,7,surrogate_positional,35,200,200,,1.0,2.0,1.0,1.0,1.0,1.0,1.0,1.0,1.0,0,0,0,0,0
deceptive_n7,synthetic,7,surrogate_positional,36,200,200,,1.0,2.0,1.0,0.99428571,1.0,1.0,1.0,1.0,1.0,0,0,0,0,0
deceptive_n7,synthetic,7,surrogate_positional,37,200,200,,1.0,2.0,1.0,0.99642857,1.0,1.0,1.0,1.0,1.0,0,0,0,0,0
deceptive_n7,synthetic,7,surrogate_positional,38,200,200,,1.0,2.0,1.0,0.99214286,1.0,1.0,1.0,1.0,1.0,0,0,0,0,0
deceptive_n7,synthetic,7,surrogate_positional,39,200,200,,1.0,2.0,1.0,1.0,1.0,1.0,1.0,1.0,1.0,0,0,0,0,0
deceptive_n7,synthetic,7,surrogate_precedence,0,200,200,,1.0,2.0,1.0,1.0,1.0,1.0,1.0,1.0,1.0,0,0,0,0,0
deceptive_n7,synthetic,7,surrogate_precedence,1,200,200,,1.0,2.0,1.0,1.0,1.0,1.0,1.0,1.0,1.0,0,0,0,0,0
deceptive_n7,synthetic,7,surrogate_precedence,2,200,200,,1.0,2.0,1.0,0.99642857,1.0,1.0,1.0,1.0,1.0,0,0,0,0,0
deceptive_n7,synthetic,7,surrogate_precedence,3,200,200,,1.0,2.0,1.0,0.99857143,1.0,1.0,1.0,1.0,1.0,0,0,0,0,0
deceptive_n7,synthetic,7,surrogate_precedence,4,200,200,,1.0,2.0,1.0,0.99,1.0,1.0,1.0,1.0,1.0,0,0,0,0,0
deceptive_n7,synthetic,7,surrogate_precedence,5,200,200,,1.0,2.0,1.0,0.99428571,1.0,1.0,1.0,1.0,1.0,0,0,0,0,0
deceptive_n7,synthetic,7,surrogate_precedence,6,200,200,,1.0,2.0,1.0,0.99857143,1.0,1.0,1.0,1.0,1.0,0,0,0,0,0
deceptive_n7,synthetic,7,surrogate_precedence,7,200,200,,1.0,2.0,1.0,0.99357143,1.0,1.0,1.0,1.0,1.0,0,0,0,0,0
deceptive_n7,synthetic,7,surrogate_precedence,8,200,200,,1.0,2.0,1.0,1.0,1.0,1.0,1.0,1.0,1.0,0,0,0,0,0
deceptive_n7,synthetic,7,surrogate_precedence,9,200,200,,1.0,2.0,1.0,0.99857143,1.0,1.0,1.0,1.0,1.0,0,0,0,0,0
deceptive_n7,synthetic,7,surrogate_precedence,10,200,200,,1.0,2.0,1.0,0.99928571,1.0,1.0,1.0,1.0,1.0,0,0,0,0,0
deceptive_n7,synthetic,7,surrogate_precedence,11,200,200,,1.0,2.0,1.0,0.99642857,1.0,1.0,1.0,1.0,1.0,0,0,0,0,0
deceptive_n7,synthetic,7,surrogate_precedence,12,200,200,,1.0,2.0,1.0,1.0,1.0,1.0,1.0,1.0,1.0,0,0,0,0,0
deceptive_n7,synthetic,7,surrogate_precedence,13,200,200,,1.0,2.0,1.0,0.99928571,1.0,1.0,1.0,1.0,1.0,0,0,0,0,0
deceptive_n7,synthetic,7,surrogate_precedence,14,200,200,,1.0,2.0,1.0,1.0,1.0,1.0,1.0,1.0,1.0,0,0,0,0,0
deceptive_n7,synthetic,7,surrogate_precedence,15,200,200,,1.0,2.0,1.0,0.99928571,1.0,1.0,1.0,1.0,1.0,0,0,0,0,0
deceptive_n7,synthetic,7,surrogate_precedence,16,200,200,,1.0,2.0,1.0,1.0,1.0,1.0,1.0,1.0,1.0,0,0,0,0,0
deceptive_n7,synthetic,7,surrogate_precedence,17,200,200,,1.0,2.0,1.0,0.99857143,1.0,1.0,1.0,1.0,1.0,0,0,0,0,0
deceptive_n7,synthetic,7,surrogate_precedence,18,200,200,,1.0,2.0,1.0,1.0,1.0,1.0,1.0,1.0,1.0,0,0,0,0,0
deceptive_n7,synthetic,7,surrogate_precedence,19,200,200,,1.0,2.0,1.0,0.99857143,1.0,1.0,1.0,1.0,1.0,0,0,0,0,0
deceptive_n7,synthetic,7,surrogate_precedence,20,200,200,,1.0,2.0,1.0,1.0,1.0,1.0,1.0,1.0,1.0,0,0,0,0,0
deceptive_n7,synthetic,7,surrogate_precedence,21,200,200,,1.0,2.0,1.0,0.99714286,1.0,1.0,1.0,1.0,1.0,0,0,0,0,0
deceptive_n7,synthetic,7,surrogate_precedence,22,200,200,,1.0,2.0,1.0,0.99785714,1.0,1.0,1.0,1.0,1.0,0,0,0,0,0
deceptive_n7,synthetic,7,surrogate_precedence,23,200,200,,1.0,2.0,1.0,1.0,1.0,1.0,1.0,1.0,1.0,0,0,0,0,0
deceptive_n7,synthetic,7,surrogate_precedence,24,200,200,,1.0,2.0,1.0,0.99285714,1.0,1.0,1.0,1.0,1.0,0,0,0,0,0
deceptive_n7,synthetic,7,surrogate_precedence,25,200,200,,1.0,2.0,1.0,1.0,1.0,1.0,1.0,1.0,1.0,0,0,0,0,0
deceptive_n7,synthetic,7,surrogate_precedence,26,200,200,,1.0,2.0,1.0,0.99642857,1.0,1.0,1.0,1.0,1.0,0,0,0,0,0
deceptive_n7,synthetic,7,surrogate_precedence,27,200,200,,1.0,2.0,1.0,0.99714286,1.0,1.0,1.0,1.0,1.0,0,0,0,0,0
deceptive_n7,synthetic,7,surrogate_precedence,28,200,200,,1.0,2.0,1.0,0.99428571,1.0,1.0,1.0,1.0,1.0,0,0,0,0,0
deceptive_n7,synthetic,7,surrogate_precedence,29,200,200,,1.0,2.0,1.0,1.0,1.0,1.0,1.0,1.0,1.0,0,0,0,0,0
deceptive_n7,synthetic,7,surrogate_precedence,30,200,200,,1.0,2.0,1.0,1.0,1.0,1.0,1.0,1.0,1.0,0,0,0,0,0
deceptive_n7,synthetic,7,surrogate_precedence,31,200,200,,1.0,2.0,1.0,0.99785714,1.0,1.0,1.0,1.0,1.0,0,0,0,0,0
deceptive_n7,synthetic,7,surrogate_precedence,32,200,200,,1.0,2.0,1.0,0.99928571,1.0,1.0,1.0,1.0,1.0,0,0,0,0,0
deceptive_n7,synthetic,7,surrogate_precedence,33,200,200,,1.0,2.0,1.0,0.98928571,1.0,1.0,1.0,1.0,1.0,0,0,0,0,0
deceptive_n7,synthetic,7,surrogate_precedence,34,200,200,,1.0,2.0,1.0,1.0,1.0,1.0,1.0,1.0,1.0,0,0,0,0,0
deceptive_n7,synthetic,7,surrogate_precedence,35,200,200,,1.0,2.0,1.0,1.0,1.0,1.0,1.0,1.0,1.0,0,0,0,0,0
deceptive_n7,synthetic,7,surrogate_precedence,36,200,200,,1.0,2.0,1.0,0.99428571,1.0,1.0,1.0,1.0,1.0,0,0,0,0,0
deceptive_n7,synthetic,7,surrogate_precedence,37,200,200,,1.0,2.0,1.0,0.99642857,1.0,1.0,1.0,1.0,1.0,0,0,0,0,0
deceptive_n7,synthetic,7,surrogate_precedence,38,200,200,,1.0,2.0,1.0,0.99214286,1.0,1.0,1.0,1.0,1.0,0,0,0,0,0
deceptive_n7,synthetic,7,surrogate_precedence,39,200,200,,1.0,2.0,1.0,1.0,1.0,1.0,1.0,1.0,1.0,0,0,0,0,0
deceptive_n7,synthetic,7,eda_precedence,0,200,200,,1.0,2.0,1.0,1.0,1.0,1.0,1.0,1.0,1.0,0,0,0,0,0
deceptive_n7,synthetic,7,eda_precedence,1,200,200,,1.0,2.0,1.0,1.0,1.0,1.0,1.0,1.0,1.0,0,0,0,0,0
deceptive_n7,synthetic,7,eda_precedence,2,200,200,,1.0,2.0,1.0,0.99642857,1.0,1.0,1.0,1.0,1.0,0,0,0,0,0
deceptive_n7,synthetic,7,eda_precedence,3,200,200,,1.0,2.0,1.0,0.99857143,1.0,1.0,1.0,1.0,1.0,0,0,0,0,0
deceptive_n7,synthetic,7,eda_precedence,4,200,200,,1.0,2.0,1.0,0.99214286,1.0,1.0,1.0,1.0,1.0,0,0,0,0,0
deceptive_n7,synthetic,7,eda_precedence,5,200,200,,1.0,2.0,1.0,0.99428571,1.0,1.0,1.0,1.0,1.0,0,0,0,0,0
deceptive_n7,synthetic,7,eda_precedence,6,200,200,,1.0,2.0,1.0,0.99857143,1.0,1.0,1.0,1.0,1.0,0,0,0,0,0
deceptive_n7,synthetic,7,eda_precedence,7,200,200,,1.0,2.0,1.0,0.99357143,1.0,1.0,1.0,1.0,1.0,0,0,0,0,0
deceptive_n7,synthetic,7,eda_precedence,8,200,200,,1.0,2.0,1.0,1.0,1.0,1.0,1.0,1.0,1.0,0,0,0,0,0
deceptive_n7,synthetic,7,eda_precedence,9,200,200,,1.0,2.0,1.0,0.99857143,1.0,1.0,1.0,1.0,1.0,0,0,0,0,0
deceptive_n7,synthetic,7,eda_precedence,10,200,200,,1.0,2.0,1.0,0.99928571,1.0,1.0,1.0,1.0,1.0,0,0,0,0,0
deceptive_n7,synthetic,7,eda_precedence,11,200,200,,1.0,2.0,1.0,0.99642857,1.0,1.0,1.0,1.0,1.0,0,0,0,0,0
deceptive_n7,synthetic,7,eda_precedence,12,200,200,,1.0,2.0,1.0,1.0,1.0,1.0,1.0,1.0,1.0,0,0,0,0,0
deceptive_n7,synthetic,7,eda_precedence,13,200,200,,1.0,2.0,1.0,0.99928571,1.0,1.0,1.0,1.0,1.0,0,0,0,0,0
deceptive_n7,synthetic,7,eda_precedence,14,200,200,,1.0,2.0,1.0,1.0,1.0,1.0,1.0,1.0,1.0,0,0,0,0,0
deceptive_n7,synthetic,7,eda_precedence,15,200,200,,1.0,2.0,1.0,0.99928571,1.0,1.0,1.0,1.0,1.0,0,0,0,0,0
deceptive_n7,synthetic,7,eda_precedence,16,200,200,,1.0,2.0,1.0,1.0,1.0,1.0,1.0,1.0,1.0,0,0,0,0,0
deceptive_n7,synthetic,7,eda_precedence,17,200,200,,1.0,2.0,1.0,0.99857143,1.0,1.0,1.0,1.0,1.0,0,0,0,0,0
deceptive_n7,synthetic,7,eda_precedence,18,200,200,,1.0,2.0,1.0,1.0,1.0,1.0,1.0,1.0,1.0,0,0,0,0,0
deceptive_n7,synthetic,7,eda_precedence,19,200,200,,1.0,2.0,1.0,0.99857143,1.0,1.0,1.0,1.0,1.0,0,0,0,0,0
deceptive_n7,synthetic,7,eda_precedence,20,200,200,,1.0,2.0,1.0,1.0,1.0,1.0,1.0,1.0,1.0,0,0,0,0,0
deceptive_n7,synthetic,7,eda_precedence,21,200,200,,1.0,2.0,1.0,0.99714286,1.0,1.0,1.0,1.0,1.0,0,0,0,0,0
deceptive_n7,synthetic,7,eda_precedence,22,200,200,,1.0,2.0,1.0,0.99785714,1.0,1.0,1.0,1.0,1.0,0,0,0,0,0
deceptive_n7,synthetic,7,eda_precedence,23,200,200,,1.0,2.0,1.0,1.0,1.0,1.0,1.0,1.0,1.0,0,0,0,0,0
deceptive_n7,synthetic,7,eda_precedence,24,200,200,,1.0,2.0,1.0,0.99285714,1.0,1.0,1.0,1.0,1.0,0,0,0,0,0
deceptive_n7,synthetic,7,eda_precedence,25,200,200,,1.0,2.0,1.0,1.0,1.0,1.0,1.0,1.0,1.0,0,0,0,0,0
deceptive_n7,synthetic,7,eda_precedence,26,200,200,17,2.0,2.0,0.0,1.91642857,1.0,2.0,2.0,2.0,2.0,0,1,1,1,1
deceptive_n7,synthetic,7,eda_precedence,27,200,200,,1.0,2.0,1.0,0.99714286,1.0,1.0,1.0,1.0,1.0,0,0,0,0,0
deceptive_n7,synthetic,7,eda_precedence,28,200,200,,1.0,2.0,1.0,0.99428571,1.0,1.0,1.0,1.0,1.0,0,0,0,0,0
deceptive_n7,synthetic,7,eda_precedence,29,200,200,,1.0,2.0,1.0,1.0,1.0,1.0,1.0,1.0,1.0,0,0,0,0,0
deceptive_n7,synthetic,7,eda_precedence,30,200,200,,1.0,2.0,1.0,1.0,1.0,1.0,1.0,1.0,1.0,0,0,0,0,0
deceptive_n7,synthetic,7,eda_precedence,31,200,200,,1.0,2.0,1.0,0.99785714,1.0,1.0,1.0,1.0,1.0,0,0,0,0,0
deceptive_n7,synthetic,7,eda_precedence,32,200,200,,1.0,2.0,1.0,0.99928571,1.0,1.0,1.0,1.0,1.0,0,0,0,0,0
deceptive_n7,synthetic,7,eda_precedence,33,200,200,,1.0,2.0,1.0,0.98642857,1.0,1.0,1.0,1.0,1.0,0,0,0,0,0
deceptive_n7,synthetic,7,eda_precedence,34,200,200,,1.0,2.0,1.0,1.0,1.0,1.0,1.0,1.0,1.0,0,0,0,0,0
deceptive_n7,synthetic,7,eda_precedence,35,200,200,,1.0,2.0,1.0,1.0,1.0,1.0,1.0,1.0,1.0,0,0,0,0,0
deceptive_n7,synthetic,7,eda_precedence,36,200,200,,1.0,2.0,1.0,0.99428571,1.0,1.0,1.0,1.0,1.0,0,0,0,0,0
deceptive_n7,synthetic,7,eda_precedence,37,200,200,,1.0,2.0,1.0,0.99642857,1.0,1.0,1.0,1.0,1.0,0,0,0,0,0
deceptive_n7,synthetic,7,eda_precedence,38,200,200,,1.0,2.0,1.0,0.99214286,1.0,1.0,1.0,1.0,1.0,0,0,0,0,0
deceptive_n7,synthetic,7,eda_precedence,39,200,200,,1.0,2.0,1.0,1.0,1.0,1.0,1.0,1.0,1.0,0,0,0,0,0
deceptive_n7,synthetic,7,prism_protocol,0,200,200,,1.0,2.0,1.0,1.0,1.0,1.0,1.0,1.0,1.0,0,0,0,0,0
deceptive_n7,synthetic,7,prism_protocol,1,200,200,,1.0,2.0,1.0,1.0,1.0,1.0,1.0,1.0,1.0,0,0,0,0,0
deceptive_n7,synthetic,7,prism_protocol,2,200,200,,1.0,2.0,1.0,1.0,1.0,1.0,1.0,1.0,1.0,0,0,0,0,0
deceptive_n7,synthetic,7,prism_protocol,3,200,200,,1.0,2.0,1.0,0.99714286,1.0,1.0,1.0,1.0,1.0,0,0,0,0,0
deceptive_n7,synthetic,7,prism_protocol,4,200,200,,1.0,2.0,1.0,0.99142857,1.0,1.0,1.0,1.0,1.0,0,0,0,0,0
deceptive_n7,synthetic,7,prism_protocol,5,200,200,,1.0,2.0,1.0,0.99928571,1.0,1.0,1.0,1.0,1.0,0,0,0,0,0
deceptive_n7,synthetic,7,prism_protocol,6,200,200,,1.0,2.0,1.0,0.99071429,1.0,1.0,1.0,1.0,1.0,0,0,0,0,0
deceptive_n7,synthetic,7,prism_protocol,7,200,200,,1.0,2.0,1.0,0.99571429,1.0,1.0,1.0,1.0,1.0,0,0,0,0,0
deceptive_n7,synthetic,7,prism_protocol,8,200,200,,1.0,2.0,1.0,0.99571429,1.0,1.0,1.0,1.0,1.0,0,0,0,0,0
deceptive_n7,synthetic,7,prism_protocol,9,200,200,,1.0,2.0,1.0,1.0,1.0,1.0,1.0,1.0,1.0,0,0,0,0,0
deceptive_n7,synthetic,7,prism_protocol,10,200,200,,1.0,2.0,1.0,0.99357143,1.0,1.0,1.0,1.0,1.0,0,0,0,0,0
deceptive_n7,synthetic,7,prism_protocol,11,200,200,,1.0,2.0,1.0,1.0,1.0,1.0,1.0,1.0,1.0,0,0,0,0,0
deceptive_n7,synthetic,7,prism_protocol,12,200,200,,1.0,2.0,1.0,1.0,1.0,1.0,1.0,1.0,1.0,0,0,0,0,0
deceptive_n7,synthetic,7,prism_protocol,13,200,200,,1.0,2.0,1.0,1.0,1.0,1.0,1.0,1.0,1.0,0,0,0,0,0
deceptive_n7,synthetic,7,prism_protocol,14,200,200,,1.0,2.0,1.0,1.0,1.0,1.0,1.0,1.0,1.0,0,0,0,0,0
deceptive_n7,synthetic,7,prism_protocol,15,200,200,,1.0,2.0,1.0,1.0,1.0,1.0,1.0,1.0,1.0,0,0,0,0,0
deceptive_n7,synthetic,7,prism_protocol,16,200,200,,1.0,2.0,1.0,0.99857143,1.0,1.0,1.0,1.0,1.0,0,0,0,0,0
deceptive_n7,synthetic,7,prism_protocol,17,200,200,,1.0,2.0,1.0,0.99571429,1.0,1.0,1.0,1.0,1.0,0,0,0,0,0
deceptive_n7,synthetic,7,prism_protocol,18,200,200,,1.0,2.0,1.0,1.0,1.0,1.0,1.0,1.0,1.0,0,0,0,0,0
deceptive_n7,synthetic,7,prism_protocol,19,200,200,,1.0,2.0,1.0,0.99714286,1.0,1.0,1.0,1.0,1.0,0,0,0,0,0
deceptive_n7,synthetic,7,prism_protocol,20,200,200,,1.0,2.0,1.0,0.99857143,1.0,1.0,1.0,1.0,1.0,0,0,0,0,0
deceptive_n7,synthetic,7,prism_protocol,21,200,200,,1.0,2.0,1.0,1.0,1.0,1.0,1.0,1.0,1.0,0,0,0,0,0
deceptive_n7,synthetic,7,prism_protocol,22,200,200,,1.0,2.0,1.0,0.99857143,1.0,1.0,1.0,1.0,1.0,0,0,0,0,0
deceptive_n7,synthetic,7,prism_protocol,23,200,200,,1.0,2.0,1.0,0.99642857,1.0,1.0,1.0,1.0,1.0,0,0,0,0,0
deceptive_n7,synthetic,7,prism_protocol,24,200,200,,1.0,2.0,1.0,0.99642857,1.0,1.0,1.0,1.0,1.0,0,0,0,0,0
deceptive_n7,synthetic,7,prism_protocol,25,200,200,,1.0,2.0,1.0,0.99928571,1.0,1.0,1.0,1.0,1.0,0,0,0,0,0
deceptive_n7,synthetic,7,prism_protocol,26,200,200,,1.0,2.0,1.0,1.0,1.0,1.0,1.0,1.0,1.0,0,0,0,0,0
deceptive_n7,synthetic,7,prism_protocol,27,200,200,,1.0,2.0,1.0,0.99357143,1.0,1.0,1.0,1.0,1.0,0,0,0,0,0
deceptive_n7,synthetic,7,prism_protocol,28,200,200,,1.0,2.0,1.0,0.99785714,1.0,1.0,1.0,1.0,1.0,0,0,0,0,0
deceptive_n7,synthetic,7,prism_protocol,29,200,200,,1.0,2.0,1.0,0.99857143,1.0,1.0,1.0,1.0,1.0,0,0,0,0,0
deceptive_n7,synthetic,7,prism_protocol,30,200,200,,1.0,2.0,1.0,0.99714286,1.0,1.0,1.0,1.0,1.0,0,0,0,0,0
deceptive_n7,synthetic,7,prism_protocol,31,200,200,,1.0,2.0,1.0,1.0,1.0,1.0,1.0,1.0,1.0,0,0,0,0,0
deceptive_n7,synthetic,7,prism_protocol,32,200,200,,1.0,2.0,1.0,1.0,1.0,1.0,1.0,1.0,1.0,0,0,0,0,0
deceptive_n7,synthetic,7,prism_protocol,33,200,200,,1.0,2.0,1.0,1.0,1.0,1.0,1.0,1.0,1.0,0,0,0,0,0
deceptive_n7,synthetic,7,prism_protocol,34,200,200,,1.0,2.0,1.0,1.0,1.0,1.0,1.0,1.0,1.0,0,0,0,0,0
deceptive_n7,synthetic,7,prism_protocol,35,200,200,,1.0,2.0,1.0,1.0,1.0,1.0,1.0,1.0,1.0,0,0,0,0,0
deceptive_n7,synthetic,7,prism_protocol,36,200,200,,1.0,2.0,1.0,1.0,1.0,1.0,1.0,1.0,1.0,0,0,0,0,0
deceptive_n7,synthetic,7,prism_protocol,37,200,200,,1.0,2.0,1.0,0.99642857,1.0,1.0,1.0,1.0,1.0,0,0,0,0,0
deceptive_n7,synthetic,7,prism_protocol,38,200,200,,1.0,2.0,1.0,0.99428571,1.0,1.0,1.0,1.0,1.0,0,0,0,0,0
deceptive_n7,synthetic,7,prism_protocol,39,200,200,,1.0,2.0,1.0,1.0,1.0,1.0,1.0,1.0,1.0,0,0,0,0,0
