perm,qidx,correct
"[7, 4, 3, 0, 5, 6, 2, 1]",0,0
"[7, 4, 3, 0, 5, 6, 2, 1]",1,0
"[7, 4, 3, 0, 5, 6, 2, 1]",2,0
"[7, 4, 3, 0, 5, 6, 2, 1]",3,0
"[7, 4, 3, 0, 5, 6, 2, 1]",4,0
"[7, 4, 3, 0, 5, 6, 2, 1]",5,0
"[7, 4, 3, 0, 5, 6, 2, 1]",6,0
"[7, 4, 3, 0, 5, 6, 2, 1]",7,0
"[7, 4, 3, 0, 5, 6, 2, 1]",8,0
"[7, 4, 3, 0, 5, 6, 2, 1]",9,1
"[7, 4, 3, 0, 5, 6, 2, 1]",10,0
"[7, 4, 3, 0, 5, 6, 2, 1]",11,0
"[7, 4, 3, 0, 5, 6, 2, 1]",12,0
"[7, 4, 3, 0, 5, 6, 2, 1]",13,1
"[7, 4, 3, 0, 5, 6, 2, 1]",14,0
"[7, 4, 3, 0, 5, 6, 2, 1]",15,1
"[7, 4, 3, 0, 5, 6, 2, 1]",16,0
"[7, 4, 3, 0, 5, 6, 2, 1]",17,0
"[7, 4, 3, 0, 5, 6, 2, 1]",18,0
"[7, 4, 3, 0, 5, 6, 2, 1]",19,0
"[4, 0, 5, 2, 7, 1, 3, 6]",0,0
"[4, 0, 5, 2, 7, 1, 3, 6]",1,0
"[4, 0, 5, 2, 7, 1, 3, 6]",2,0
"[4, 0, 5, 2, 7, 1, 3, 6]",3,0
"[4, 0, 5, 2, 7, 1, 3, 6]",4,0
"[4, 0, 5, 2, 7, 1, 3, 6]",5,0
"[4, 0, 5, 2, 7, 1, 3, 6]",6,0
"[4, 0, 5, 2, 7, 1, 3, 6]",7,1
"[4, 0, 5, 2, 7, 1, 3, 6]",8,0
"[4, 0, 5, 2, 7, 1, 3, 6]",9,1
"[4, 0, 5, 2, 7, 1, 3, 6]",10,0
"[4, 0, 5, 2, 7, 1, 3, 6]",11,0
"[4, 0, 5, 2, 7, 1, 3, 6]",12,0
"[4, 0, 5, 2, 7, 1, 3, 6]",13,0
"[4, 0, 5, 2, 7, 1, 3, 6]",14,1
"[4, 0, 5, 2, 7, 1, 3, 6]",15,1
"[4, 0, 5, 2, 7, 1, 3, 6]",16,1
"[4, 0, 5, 2, 7, 1, 3, 6]",17,1
"[4, 0, 5, 2, 7, 1, 3, 6]",18,0
"[4, 0, 5, 2, 7, 1, 3, 6]",19,0
"[5, 1, 0, 3, 7, 6, 2, 4]",0,0
"[5, 1, 0, 3, 7, 6, 2, 4]",1,0
"[5, 1, 0, 3, 7, 6, 2, 4]",2,0
"[5, 1, 0, 3, 7, 6, 2, 4]",3,0
"[5, 1, 0, 3, 7, 6, 2, 4]",4,0
"[5, 1, 0, 3, 7, 6, 2, 4]",5,0
"[5, 1, 0, 3, 7, 6, 2, 4]",6,0
"[5, 1, 0, 3, 7, 6, 2, 4]",7,1
"[5, 1, 0, 3, 7, 6, 2, 4]",8,0
"[5, 1, 0, 3, 7, 6, 2, 4]",9,0
"[5, 1, 0, 3, 7, 6, 2, 4]",10,0
"[5, 1, 0, 3, 7, 6, 2, 4]",11,0
"[5, 1, 0, 3, 7, 6, 2, 4]",12,0
"[5, 1, 0, 3, 7, 6, 2, 4]",13,1
"[5, 1, 0, 3, 7, 6, 2, 4]",14,1
"[5, 1, 0, 3, 7, 6, 2, 4]",15,0
"[5, 1, 0, 3, 7, 6, 2, 4]",16,0
"[5, 1, 0, 3, 7, 6, 2, 4]",17,1
"[5, 1, 0, 3, 7, 6, 2, 4]",18,0
"[5, 1, 0, 3, 7, 6, 2, 4]",19,1
"[2, 6, 1, 7, 4, 3, 0, 5]",0,0
"[2, 6, 1, 7, 4, 3, 0, 5]",1,0
"[2, 6, 1, 7, 4, 3, 0, 5]",2,0
"[2, 6, 1, 7, 4, 3, 0, 5]",3,1
"[2, 6, 1, 7, 4, 3, 0, 5]",4,0
"[2, 6, 1, 7, 4, 3, 0, 5]",5,0
"[2, 6, 1, 7, 4, 3, 0, 5]",6,0
"[2, 6, 1, 7, 4, 3, 0, 5]",7,0
"[2, 6, 1, 7, 4, 3, 0, 5]",8,0
"[2, 6, 1, 7, 4, 3, 0, 5]",9,1
"[2, 6, 1, 7, 4, 3, 0, 5]",10,0
"[2, 6, 1, 7, 4, 3, 0, 5]",11,0
"[2, 6, 1, 7, 4, 3, 0, 5]",12,1
"[2, 6, 1, 7, 4, 3, 0, 5]",13,0
"[2, 6, 1, 7, 4, 3, 0, 5]",14,0
"[2, 6, 1, 7, 4, 3, 0, 5]",15,1
"[2, 6, 1, 7, 4, 3, 0, 5]",16,0
"[2, 6, 1, 7, 4, 3, 0, 5]",17,1
"[2, 6, 1, 7, 4, 3, 0, 5]",18,1
"[2, 6, 1, 7, 4, 3, 0, 5]",19,1
"[2, 5, 7, 6, 0, 3, 1, 4]",0,0
"[2, 5, 7, 6, 0, 3, 1, 4]",1,1
"[2, 5, 7, 6, 0, 3, 1, 4]",2,0
"[2, 5, 7, 6, 0, 3, 1, 4]",3,0
"[2, 5, 7, 6, 0, 3, 1, 4]",4,1
"[2, 5, 7, 6, 0, 3, 1, 4]",5,0
"[2, 5, 7, 6, 0, 3, 1, 4]",6,0
"[2, 5, 7, 6, 0, 3, 1, 4]",7,1
"[2, 5, 7, 6, 0, 3, 1, 4]",8,0
"[2, 5, 7, 6, 0, 3, 1, 4]",9,1
"[2, 5, 7, 6, 0, 3, 1, 4]",10,0
"[2, 5, 7, 6, 0, 3, 1, 4]",11,0
"[2, 5, 7, 6, 0, 3, 1, 4]",12,0
"[2, 5, 7, 6, 0, 3, 1, 4]",13,0
"[2, 5, 7, 6, 0, 3, 1, 4]",14,0
"[2, 5, 7, 6, 0, 3, 1, 4]",15,1
"[2, 5, 7, 6, 0, 3, 1, 4]",16,0
"[2, 5, 7, 6, 0, 3, 1, 4]",17,0
"[2, 5, 7, 6, 0, 3, 1, 4]",18,0
"[2, 5, 7, 6, 0, 3, 1, 4]",19,1
"[1, 5, 7, 2, 4, 0, 6, 3]",0,0
"[1, 5, 7, 2, 4, 0, 6, 3]",1,1
"[1, 5, 7, 2, 4, 0, 6, 3]",2,0
"[1, 5, 7, 2, 4, 0, 6, 3]",3,1
"[1, 5, 7, 2, 4, 0, 6, 3]",4,0
"[1, 5, 7, 2, 4, 0, 6, 3]",5,0
"[1, 5, 7, 2, 4, 0, 6, 3]",6,1
"[1, 5, 7, 2, 4, 0, 6, 3]",7,1
"[1, 5, 7, 2, 4, 0, 6, 3]",8,0
"[1, 5, 7, 2, 4, 0, 6, 3]",9,1
"[1, 5, 7, 2, 4, 0, 6, 3]",10,0
"[1, 5, 7, 2, 4, 0, 6, 3]",11,0
"[1, 5, 7, 2, 4, 0, 6, 3]",12,0
"[1, 5, 7, 2, 4, 0, 6, 3]",13,1
"[1, 5, 7, 2, 4, 0, 6, 3]",14,0
"[1, 5, 7, 2, 4, 0, 6, 3]",15,1
"[1, 5, 7, 2, 4, 0, 6, 3]",16,1
"[1, 5, 7, 2, 4, 0, 6, 3]",17,1
"[1, 5, 7, 2, 4, 0, 6, 3]",18,0
"[1, 5, 7, 2, 4, 0, 6, 3]",19,1
"[1, 6, 2, 4, 5, 0, 7, 3]",0,0
"[1, 6, 2, 4, 5, 0, 7, 3]",1,0
"[1, 6, 2, 4, 5, 0, 7, 3]",2,0
"[1, 6, 2, 4, 5, 0, 7, 3]",3,0
"[1, 6, 2, 4, 5, 0, 7, 3]",4,0
"[1, 6, 2, 4, 5, 0, 7, 3]",5,0
"[1, 6, 2, 4, 5, 0, 7, 3]",6,0
"[1, 6, 2, 4, 5, 0, 7, 3]",7,1
"[1, 6, 2, 4, 5, 0, 7, 3]",8,0
"[1, 6, 2, 4, 5, 0, 7, 3]",9,0
"[1, 6, 2, 4, 5, 0, 7, 3]",10,0
"[1, 6, 2, 4, 5, 0, 7, 3]",11,0
"[1, 6, 2, 4, 5, 0, 7, 3]",12,0
"[1, 6, 2, 4, 5, 0, 7, 3]",13,0
"[1, 6, 2, 4, 5, 0, 7, 3]",14,0
"[1, 6, 2, 4, 5, 0, 7, 3]",15,1
"[1, 6, 2, 4, 5, 0, 7, 3]",16,0
"[1, 6, 2, 4, 5, 0, 7, 3]",17,1
"[1, 6, 2, 4, 5, 0, 7, 3]",18,1
"[1, 6, 2, 4, 5, 0, 7, 3]",19,0
"[1, 0, 2, 3, 4, 7, 6, 5]",0,0
"[1, 0, 2, 3, 4, 7, 6, 5]",1,0
"[1, 0, 2, 3, 4, 7, 6, 5]",2,0
"[1, 0, 2, 3, 4, 7, 6, 5]",3,1
"[1, 0, 2, 3, 4, 7, 6, 5]",4,0
"[1, 0, 2, 3, 4, 7, 6, 5]",5,0
"[1, 0, 2, 3, 4, 7, 6, 5]",6,0
"[1, 0, 2, 3, 4, 7, 6, 5]",7,0
"[1, 0, 2, 3, 4, 7, 6, 5]",8,0
"[1, 0, 2, 3, 4, 7, 6, 5]",9,0
"[1, 0, 2, 3, 4, 7, 6, 5]",10,0
"[1, 0, 2, 3, 4, 7, 6, 5]",11,0
"[1, 0, 2, 3, 4, 7, 6, 5]",12,0
"[1, 0, 2, 3, 4, 7, 6, 5]",13,1
"[1, 0, 2, 3, 4, 7, 6, 5]",14,0
"[1, 0, 2, 3, 4, 7, 6, 5]",15,0
"[1, 0, 2, 3, 4, 7, 6, 5]",16,0
"[1, 0, 2, 3, 4, 7, 6, 5]",17,1
"[1, 0, 2, 3, 4, 7, 6, 5]",18,0
"[1, 0, 2, 3, 4, 7, 6, 5]",19,0
"[7, 6, 5, 0, 3, 2, 1, 4]",0,0
"[7, 6, 5, 0, 3, 2, 1, 4]",1,0
"[7, 6, 5, 0, 3, 2, 1, 4]",2,0
"[7, 6, 5, 0, 3, 2, 1, 4]",3,0
"[7, 6, 5, 0, 3, 2, 1, 4]",4,0
"[7, 6, 5, 0, 3, 2, 1, 4]",5,0
"[7, 6, 5, 0, 3, 2, 1, 4]",6,0
"[7, 6, 5, 0, 3, 2, 1, 4]",7,1
"[7, 6, 5, 0, 3, 2, 1, 4]",8,0
"[7, 6, 5, 0, 3, 2, 1, 4]",9,0
"[7, 6, 5, 0, 3, 2, 1, 4]",10,0
"[7, 6, 5, 0, 3, 2, 1, 4]",11,0
"[7, 6, 5, 0, 3, 2, 1, 4]",12,1
"[7, 6, 5, 0, 3, 2, 1, 4]",13,0
"[7, 6, 5, 0, 3, 2, 1, 4]",14,0
"[7, 6, 5, 0, 3, 2, 1, 4]",15,0
"[7, 6, 5, 0, 3, 2, 1, 4]",16,0
"[7, 6, 5, 0, 3, 2, 1, 4]",17,0
"[7, 6, 5, 0, 3, 2, 1, 4]",18,0
"[7, 6, 5, 0, 3, 2, 1, 4]",19,0
"[6, 2, 0, 1, 5, 4, 7, 3]",0,0
"[6, 2, 0, 1, 5, 4, 7, 3]",1,1
"[6, 2, 0, 1, 5, 4, 7, 3]",2,0
"[6, 2, 0, 1, 5, 4, 7, 3]",3,0
"[6, 2, 0, 1, 5, 4, 7, 3]",4,0
"[6, 2, 0, 1, 5, 4, 7, 3]",5,0
"[6, 2, 0, 1, 5, 4, 7, 3]",6,0
"[6, 2, 0, 1, 5, 4, 7, 3]",7,1
"[6, 2, 0, 1, 5, 4, 7, 3]",8,0
"[6, 2, 0, 1, 5, 4, 7, 3]",9,1
"[6, 2, 0, 1, 5, 4, 7, 3]",10,0
"[6, 2, 0, 1, 5, 4, 7, 3]",11,1
"[6, 2, 0, 1, 5, 4, 7, 3]",12,0
"[6, 2, 0, 1, 5, 4, 7, 3]",13,0
"[6, 2, 0, 1, 5, 4, 7, 3]",14,0
"[6, 2, 0, 1, 5, 4, 7, 3]",15,1
"[6, 2, 0, 1, 5, 4, 7, 3]",16,1
"[6, 2, 0, 1, 5, 4, 7, 3]",17,1
"[6, 2, 0, 1, 5, 4, 7, 3]",18,0
"[6, 2, 0, 1, 5, 4, 7, 3]",19,1
"[3, 0, 6, 2, 4, 5, 1, 7]",0,0
"[3, 0, 6, 2, 4, 5, 1, 7]",1,0
"[3, 0, 6, 2, 4, 5, 1, 7]",2,0
"[3, 0, 6, 2, 4, 5, 1, 7]",3,0
"[3, 0, 6, 2, 4, 5, 1, 7]",4,0
"[3, 0, 6, 2, 4, 5, 1, 7]",5,0
"[3, 0, 6, 2, 4, 5, 1, 7]",6,0
"[3, 0, 6, 2, 4, 5, 1, 7]",7,1
"[3, 0, 6, 2, 4, 5, 1, 7]",8,0
"[3, 0, 6, 2, 4, 5, 1, 7]",9,1
"[3, 0, 6, 2, 4, 5, 1, 7]",10,0
"[3, 0, 6, 2, 4, 5, 1, 7]",11,0
"[3, 0, 6, 2, 4, 5, 1, 7]",12,0
"[3, 0, 6, 2, 4, 5, 1, 7]",13,0
"[3, 0, 6, 2, 4, 5, 1, 7]",14,0
"[3, 0, 6, 2, 4, 5, 1, 7]",15,1
"[3, 0, 6, 2, 4, 5, 1, 7]",16,0
"[3, 0, 6, 2, 4, 5, 1, 7]",17,1
"[3, 0, 6, 2, 4, 5, 1, 7]",18,0
"[3, 0, 6, 2, 4, 5, 1, 7]",19,1
"[3, 0, 6, 2, 4, 5, 1, 7]",20,0
"[3, 0, 6, 2, 4, 5, 1, 7]",21,1
"[3, 0, 6, 2, 4, 5, 1, 7]",22,1
"[3, 0, 6, 2, 4, 5, 1, 7]",23,0
"[3, 0, 6, 2, 4, 5, 1, 7]",24,0
"[3, 1, 6, 2, 4, 5, 0, 7]",0,0
"[3, 1, 6, 2, 4, 5, 0, 7]",1,1
"[3, 1, 6, 2, 4, 5, 0, 7]",2,0
"[3, 1, 6, 2, 4, 5, 0, 7]",3,1
"[3, 1, 6, 2, 4, 5, 0, 7]",4,0
"[3, 1, 6, 2, 4, 5, 0, 7]",5,0
"[3, 1, 6, 2, 4, 5, 0, 7]",6,0
"[3, 1, 6, 2, 4, 5, 0, 7]",7,1
"[3, 1, 6, 2, 4, 5, 0, 7]",8,0
"[3, 1, 6, 2, 4, 5, 0, 7]",9,1
"[3, 1, 6, 2, 4, 5, 0, 7]",10,0
"[3, 1, 6, 2, 4, 5, 0, 7]",11,0
"[3, 1, 6, 2, 4, 5, 0, 7]",12,0
"[3, 1, 6, 2, 4, 5, 0, 7]",13,0
"[3, 1, 6, 2, 4, 5, 0, 7]",14,0
"[3, 1, 6, 2, 4, 5, 0, 7]",15,0
"[3, 1, 6, 2, 4, 5, 0, 7]",16,0
"[3, 1, 6, 2, 4, 5, 0, 7]",17,1
"[3, 1, 6, 2, 4, 5, 0, 7]",18,1
"[3, 1, 6, 2, 4, 5, 0, 7]",19,1
"[3, 1, 6, 2, 4, 5, 0, 7]",20,0
"[3, 1, 6, 2, 4, 5, 0, 7]",21,0
"[3, 1, 6, 2, 4, 5, 0, 7]",22,1
"[3, 1, 6, 2, 4, 5, 0, 7]",23,0
"[3, 1, 6, 2, 4, 5, 0, 7]",24,0
"[3, 6, 0, 1, 5, 2, 4, 7]",0,0
"[3, 6, 0, 1, 5, 2, 4, 7]",1,1
"[3, 6, 0, 1, 5, 2, 4, 7]",2,0
"[3, 6, 0, 1, 5, 2, 4, 7]",3,0
"[3, 6, 0, 1, 5, 2, 4, 7]",4,0
"[3, 6, 0, 1, 5, 2, 4, 7]",5,0
"[3, 6, 0, 1, 5, 2, 4, 7]",6,0
"[3, 6, 0, 1, 5, 2, 4, 7]",7,1
"[3, 6, 0, 1, 5, 2, 4, 7]",8,0
"[3, 6, 0, 1, 5, 2, 4, 7]",9,1
"[3, 6, 0, 1, 5, 2, 4, 7]",10,0
"[3, 6, 0, 1, 5, 2, 4, 7]",11,0
"[3, 6, 0, 1, 5, 2, 4, 7]",12,0
"[3, 6, 0, 1, 5, 2, 4, 7]",13,1
"[3, 6, 0, 1, 5, 2, 4, 7]",14,0
"[3, 6, 0, 1, 5, 2, 4, 7]",15,1
"[3, 6, 0, 1, 5, 2, 4, 7]",16,0
"[3, 6, 0, 1, 5, 2, 4, 7]",17,1
"[3, 6, 0, 1, 5, 2, 4, 7]",18,0
"[3, 6, 0, 1, 5, 2, 4, 7]",19,1
"[3, 6, 0, 1, 5, 2, 4, 7]",20,1
"[3, 6, 0, 1, 5, 2, 4, 7]",21,1
"[3, 6, 0, 1, 5, 2, 4, 7]",22,0
"[3, 6, 0, 1, 5, 2, 4, 7]",23,0
"[3, 6, 0, 1, 5, 2, 4, 7]",24,0
"[4, 6, 0, 1, 5, 2, 3, 7]",0,0
"[4, 6, 0, 1, 5, 2, 3, 7]",1,1
"[4, 6, 0, 1, 5, 2, 3, 7]",2,0
"[4, 6, 0, 1, 5, 2, 3, 7]",3,0
"[4, 6, 0, 1, 5, 2, 3, 7]",4,0
"[4, 6, 0, 1, 5, 2, 3, 7]",5,0
"[4, 6, 0, 1, 5, 2, 3, 7]",6,1
"[4, 6, 0, 1, 5, 2, 3, 7]",7,1
"[4, 6, 0, 1, 5, 2, 3, 7]",8,0
"[4, 6, 0, 1, 5, 2, 3, 7]",9,1
"[4, 6, 0, 1, 5, 2, 3, 7]",10,0
"[4, 6, 0, 1, 5, 2, 3, 7]",11,1
"[4, 6, 0, 1, 5, 2, 3, 7]",12,0
"[4, 6, 0, 1, 5, 2, 3, 7]",13,0
"[4, 6, 0, 1, 5, 2, 3, 7]",14,0
"[4, 6, 0, 1, 5, 2, 3, 7]",15,0
"[4, 6, 0, 1, 5, 2, 3, 7]",16,0
"[4, 6, 0, 1, 5, 2, 3, 7]",17,1
"[4, 6, 0, 1, 5, 2, 3, 7]",18,0
"[4, 6, 0, 1, 5, 2, 3, 7]",19,1
"[4, 6, 0, 1, 5, 2, 3, 7]",20,0
"[4, 6, 0, 1, 5, 2, 3, 7]",21,1
"[4, 6, 0, 1, 5, 2, 3, 7]",22,0
"[4, 6, 0, 1, 5, 2, 3, 7]",23,1
"[4, 6, 0, 1, 5, 2, 3, 7]",24,0
"[2, 5, 6, 4, 1, 7, 3, 0]",0,0
"[2, 5, 6, 4, 1, 7, 3, 0]",1,0
"[2, 5, 6, 4, 1, 7, 3, 0]",2,0
"[2, 5, 6, 4, 1, 7, 3, 0]",3,0
"[2, 5, 6, 4, 1, 7, 3, 0]",4,0
"[2, 5, 6, 4, 1, 7, 3, 0]",5,0
"[2, 5, 6, 4, 1, 7, 3, 0]",6,0
"[2, 5, 6, 4, 1, 7, 3, 0]",7,0
"[2, 5, 6, 4, 1, 7, 3, 0]",8,0
"[2, 5, 6, 4, 1, 7, 3, 0]",9,1
"[2, 5, 6, 4, 1, 7, 3, 0]",10,0
"[2, 5, 6, 4, 1, 7, 3, 0]",11,0
"[2, 5, 6, 4, 1, 7, 3, 0]",12,1
"[2, 5, 6, 4, 1, 7, 3, 0]",13,1
"[2, 5, 6, 4, 1, 7, 3, 0]",14,0
"[2, 5, 6, 4, 1, 7, 3, 0]",15,1
"[2, 5, 6, 4, 1, 7, 3, 0]",16,0
"[2, 5, 6, 4, 1, 7, 3, 0]",17,1
"[2, 5, 6, 4, 1, 7, 3, 0]",18,1
"[2, 5, 6, 4, 1, 7, 3, 0]",19,1
"[2, 5, 6, 4, 1, 7, 3, 0]",20,0
"[2, 5, 6, 4, 1, 7, 3, 0]",21,0
"[2, 5, 6, 4, 1, 7, 3, 0]",22,0
"[2, 5, 6, 4, 1, 7, 3, 0]",23,0
"[2, 5, 6, 4, 1, 7, 3, 0]",24,0
"[2, 5, 7, 4, 1, 6, 3, 0]",0,0
"[2, 5, 7, 4, 1, 6, 3, 0]",1,1
"[2, 5, 7, 4, 1, 6, 3, 0]",2,0
"[2, 5, 7, 4, 1, 6, 3, 0]",3,0
"[2, 5, 7, 4, 1, 6, 3, 0]",4,0
"[2, 5, 7, 4, 1, 6, 3, 0]",5,0
"[2, 5, 7, 4, 1, 6, 3, 0]",6,1
"[2, 5, 7, 4, 1, 6, 3, 0]",7,0
"[2, 5, 7, 4, 1, 6, 3, 0]",8,0
"[2, 5, 7, 4, 1, 6, 3, 0]",9,1
"[2, 5, 7, 4, 1, 6, 3, 0]",10,0
"[2, 5, 7, 4, 1, 6, 3, 0]",11,1
"[2, 5, 7, 4, 1, 6, 3, 0]",12,0
"[2, 5, 7, 4, 1, 6, 3, 0]",13,0
"[2, 5, 7, 4, 1, 6, 3, 0]",14,0
"[2, 5, 7, 4, 1, 6, 3, 0]",15,1
"[2, 5, 7, 4, 1, 6, 3, 0]",16,0
"[2, 5, 7, 4, 1, 6, 3, 0]",17,1
"[2, 5, 7, 4, 1, 6, 3, 0]",18,0
"[2, 5, 7, 4, 1, 6, 3, 0]",19,1
"[2, 5, 7, 4, 1, 6, 3, 0]",20,0
"[2, 5, 7, 4, 1, 6, 3, 0]",21,1
"[2, 5, 7, 4, 1, 6, 3, 0]",22,1
"[2, 5, 7, 4, 1, 6, 3, 0]",23,0
"[2, 5, 7, 4, 1, 6, 3, 0]",24,0
"[2, 1, 7, 6, 4, 0, 5, 3]",0,0
"[2, 1, 7, 6, 4, 0, 5, 3]",1,0
"[2, 1, 7, 6, 4, 0, 5, 3]",2,0
"[2, 1, 7, 6, 4, 0, 5, 3]",3,0
"[2, 1, 7, 6, 4, 0, 5, 3]",4,0
"[2, 1, 7, 6, 4, 0, 5, 3]",5,0
"[2, 1, 7, 6, 4, 0, 5, 3]",6,0
"[2, 1, 7, 6, 4, 0, 5, 3]",7,0
"[2, 1, 7, 6, 4, 0, 5, 3]",8,0
"[2, 1, 7, 6, 4, 0, 5, 3]",9,1
"[2, 1, 7, 6, 4, 0, 5, 3]",10,0
"[2, 1, 7, 6, 4, 0, 5, 3]",11,0
"[2, 1, 7, 6, 4, 0, 5, 3]",12,1
"[2, 1, 7, 6, 4, 0, 5, 3]",13,1
"[2, 1, 7, 6, 4, 0, 5, 3]",14,0
"[2, 1, 7, 6, 4, 0, 5, 3]",15,0
"[2, 1, 7, 6, 4, 0, 5, 3]",16,0
"[2, 1, 7, 6, 4, 0, 5, 3]",17,1
"[2, 1, 7, 6, 4, 0, 5, 3]",18,0
"[2, 1, 7, 6, 4, 0, 5, 3]",19,1
"[2, 1, 7, 6, 4, 0, 5, 3]",20,0
"[2, 1, 7, 6, 4, 0, 5, 3]",21,1
"[2, 1, 7, 6, 4, 0, 5, 3]",22,0
"[2, 1, 7, 6, 4, 0, 5, 3]",23,0
"[2, 1, 7, 6, 4, 0, 5, 3]",24,0
"[2, 1, 7, 6, 0, 4, 5, 3]",0,0
"[2, 1, 7, 6, 0, 4, 5, 3]",1,0
"[2, 1, 7, 6, 0, 4, 5, 3]",2,0
"[2, 1, 7, 6, 0, 4, 5, 3]",3,0
"[2, 1, 7, 6, 0, 4, 5, 3]",4,0
"[2, 1, 7, 6, 0, 4, 5, 3]",5,0
"[2, 1, 7, 6, 0, 4, 5, 3]",6,0
"[2, 1, 7, 6, 0, 4, 5, 3]",7,1
"[2, 1, 7, 6, 0, 4, 5, 3]",8,0
"[2, 1, 7, 6, 0, 4, 5, 3]",9,1
"[2, 1, 7, 6, 0, 4, 5, 3]",10,0
"[2, 1, 7, 6, 0, 4, 5, 3]",11,0
"[2, 1, 7, 6, 0, 4, 5, 3]",12,0
"[2, 1, 7, 6, 0, 4, 5, 3]",13,1
"[2, 1, 7, 6, 0, 4, 5, 3]",14,0
"[2, 1, 7, 6, 0, 4, 5, 3]",15,1
"[2, 1, 7, 6, 0, 4, 5, 3]",16,0
"[2, 1, 7, 6, 0, 4, 5, 3]",17,1
"[2, 1, 7, 6, 0, 4, 5, 3]",18,0
"[2, 1, 7, 6, 0, 4, 5, 3]",19,1
"[2, 1, 7, 6, 0, 4, 5, 3]",20,0
"[2, 1, 7, 6, 0, 4, 5, 3]",21,0
"[2, 1, 7, 6, 0, 4, 5, 3]",22,0
"[2, 1, 7, 6, 0, 4, 5, 3]",23,0
"[2, 1, 7, 6, 0, 4, 5, 3]",24,0
"[0, 2, 4, 3, 6, 7, 1, 5]",0,0
"[0, 2, 4, 3, 6, 7, 1, 5]",1,0
"[0, 2, 4, 3, 6, 7, 1, 5]",2,0
"[0, 2, 4, 3, 6, 7, 1, 5]",3,1
"[0, 2, 4, 3, 6, 7, 1, 5]",4,1
"[0, 2, 4, 3, 6, 7, 1, 5]",5,0
"[0, 2, 4, 3, 6, 7, 1, 5]",6,0
"[0, 2, 4, 3, 6, 7, 1, 5]",7,1
"[0, 2, 4, 3, 6, 7, 1, 5]",8,0
"[0, 2, 4, 3, 6, 7, 1, 5]",9,1
"[0, 2, 4, 3, 6, 7, 1, 5]",10,0
"[0, 2, 4, 3, 6, 7, 1, 5]",11,0
"[0, 2, 4, 3, 6, 7, 1, 5]",12,1
"[0, 2, 4, 3, 6, 7, 1, 5]",13,0
"[0, 2, 4, 3, 6, 7, 1, 5]",14,1
"[0, 2, 4, 3, 6, 7, 1, 5]",15,0
"[0, 2, 4, 3, 6, 7, 1, 5]",16,0
"[0, 2, 4, 3, 6, 7, 1, 5]",17,1
"[0, 2, 4, 3, 6, 7, 1, 5]",18,0
"[0, 2, 4, 3, 6, 7, 1, 5]",19,1
"[0, 2, 4, 3, 6, 7, 1, 5]",20,0
"[0, 2, 4, 3, 6, 7, 1, 5]",21,0
"[0, 2, 4, 3, 6, 7, 1, 5]",22,1
"[0, 2, 4, 3, 6, 7, 1, 5]",23,0
"[0, 2, 4, 3, 6, 7, 1, 5]",24,0
"[0, 2, 4, 3, 7, 6, 1, 5]",0,0
"[0, 2, 4, 3, 7, 6, 1, 5]",1,0
"[0, 2, 4, 3, 7, 6, 1, 5]",2,0
"[0, 2, 4, 3, 7, 6, 1, 5]",3,1
"[0, 2, 4, 3, 7, 6, 1, 5]",4,0
"[0, 2, 4, 3, 7, 6, 1, 5]",5,0
"[0, 2, 4, 3, 7, 6, 1, 5]",6,1
"[0, 2, 4, 3, 7, 6, 1, 5]",7,1
"[0, 2, 4, 3, 7, 6, 1, 5]",8,0
"[0, 2, 4, 3, 7, 6, 1, 5]",9,1
"[0, 2, 4, 3, 7, 6, 1, 5]",10,0
"[0, 2, 4, 3, 7, 6, 1, 5]",11,0
"[0, 2, 4, 3, 7, 6, 1, 5]",12,0
"[0, 2, 4, 3, 7, 6, 1, 5]",13,0
"[0, 2, 4, 3, 7, 6, 1, 5]",14,0
"[0, 2, 4, 3, 7, 6, 1, 5]",15,1
"[0, 2, 4, 3, 7, 6, 1, 5]",16,0
"[0, 2, 4, 3, 7, 6, 1, 5]",17,1
"[0, 2, 4, 3, 7, 6, 1, 5]",18,0
"[0, 2, 4, 3, 7, 6, 1, 5]",19,1
"[0, 2, 4, 3, 7, 6, 1, 5]",20,0
"[0, 2, 4, 3, 7, 6, 1, 5]",21,0
"[0, 2, 4, 3, 7, 6, 1, 5]",22,0
"[0, 2, 4, 3, 7, 6, 1, 5]",23,0
"[0, 2, 4, 3, 7, 6, 1, 5]",24,0
"[0, 2, 3, 4, 6, 5, 7, 1]",0,0
"[0, 2, 3, 4, 6, 5, 7, 1]",1,0
"[0, 2, 3, 4, 6, 5, 7, 1]",2,0
"[0, 2, 3, 4, 6, 5, 7, 1]",3,0
"[0, 2, 3, 4, 6, 5, 7, 1]",4,0
"[0, 2, 3, 4, 6, 5, 7, 1]",5,0
"[0, 2, 3, 4, 6, 5, 7, 1]",6,0
"[0, 2, 3, 4, 6, 5, 7, 1]",7,1
"[0, 2, 3, 4, 6, 5, 7, 1]",8,0
"[0, 2, 3, 4, 6, 5, 7, 1]",9,1
"[0, 2, 3, 4, 6, 5, 7, 1]",10,0
"[0, 2, 3, 4, 6, 5, 7, 1]",11,0
"[0, 2, 3, 4, 6, 5, 7, 1]",12,0
"[0, 2, 3, 4, 6, 5, 7, 1]",13,1
"[0, 2, 3, 4, 6, 5, 7, 1]",14,0
"[0, 2, 3, 4, 6, 5, 7, 1]",15,1
"[0, 2, 3, 4, 6, 5, 7, 1]",16,0
"[0, 2, 3, 4, 6, 5, 7, 1]",17,1
"[0, 2, 3, 4, 6, 5, 7, 1]",18,0
"[0, 2, 3, 4, 6, 5, 7, 1]",19,1
"[0, 2, 3, 4, 6, 5, 7, 1]",20,0
"[0, 2, 3, 4, 6, 5, 7, 1]",21,0
"[0, 2, 3, 4, 6, 5, 7, 1]",22,0
"[0, 2, 3, 4, 6, 5, 7, 1]",23,0
"[0, 2, 3, 4, 6, 5, 7, 1]",24,0
"[0, 3, 2, 4, 6, 5, 7, 1]",0,0
"[0, 3, 2, 4, 6, 5, 7, 1]",1,1
"[0, 3, 2, 4, 6, 5, 7, 1]",2,0
"[0, 3, 2, 4, 6, 5, 7, 1]",3,0
"[0, 3, 2, 4, 6, 5, 7, 1]",4,0
"[0, 3, 2, 4, 6, 5, 7, 1]",5,0
"[0, 3, 2, 4, 6, 5, 7, 1]",6,0
"[0, 3, 2, 4, 6, 5, 7, 1]",7,1
"[0, 3, 2, 4, 6, 5, 7, 1]",8,0
"[0, 3, 2, 4, 6, 5, 7, 1]",9,1
"[0, 3, 2, 4, 6, 5, 7, 1]",10,0
"[0, 3, 2, 4, 6, 5, 7, 1]",11,0
"[0, 3, 2, 4, 6, 5, 7, 1]",12,1
"[0, 3, 2, 4, 6, 5, 7, 1]",13,1
"[0, 3, 2, 4, 6, 5, 7, 1]",14,1
"[0, 3, 2, 4, 6, 5, 7, 1]",15,0
"[0, 3, 2, 4, 6, 5, 7, 1]",16,1
"[0, 3, 2, 4, 6, 5, 7, 1]",17,1
"[0, 3, 2, 4, 6, 5, 7, 1]",18,0
"[0, 3, 2, 4, 6, 5, 7, 1]",19,1
"[0, 3, 2, 4, 6, 5, 7, 1]",20,0
"[0, 3, 2, 4, 6, 5, 7, 1]",21,0
"[0, 3, 2, 4, 6, 5, 7, 1]",22,0
"[0, 3, 2, 4, 6, 5, 7, 1]",23,0
"[0, 3, 2, 4, 6, 5, 7, 1]",24,0
"[4, 0, 5, 1, 3, 2, 7, 6]",0,0
"[4, 0, 5, 1, 3, 2, 7, 6]",1,0
"[4, 0, 5, 1, 3, 2, 7, 6]",2,0
"[4, 0, 5, 1, 3, 2, 7, 6]",3,0
"[4, 0, 5, 1, 3, 2, 7, 6]",4,1
"[4, 0, 5, 1, 3, 2, 7, 6]",5,0
"[4, 0, 5, 1, 3, 2, 7, 6]",6,1
"[4, 0, 5, 1, 3, 2, 7, 6]",7,1
"[4, 0, 5, 1, 3, 2, 7, 6]",8,0
"[4, 0, 5, 1, 3, 2, 7, 6]",9,1
"[4, 0, 5, 1, 3, 2, 7, 6]",10,0
"[4, 0, 5, 1, 3, 2, 7, 6]",11,0
"[4, 0, 5, 1, 3, 2, 7, 6]",12,0
"[4, 0, 5, 1, 3, 2, 7, 6]",13,0
"[4, 0, 5, 1, 3, 2, 7, 6]",14,0
"[4, 0, 5, 1, 3, 2, 7, 6]",15,0
"[4, 0, 5, 1, 3, 2, 7, 6]",16,0
"[4, 0, 5, 1, 3, 2, 7, 6]",17,1
"[4, 0, 5, 1, 3, 2, 7, 6]",18,1
"[4, 0, 5, 1, 3, 2, 7, 6]",19,1
"[4, 0, 5, 1, 3, 2, 7, 6]",20,0
"[4, 0, 5, 1, 3, 2, 7, 6]",21,0
"[4, 0, 5, 1, 3, 2, 7, 6]",22,0
"[4, 0, 5, 1, 3, 2, 7, 6]",23,1
"[4, 0, 5, 1, 3, 2, 7, 6]",24,0
"[4, 0, 5, 1, 3, 7, 2, 6]",0,0
"[4, 0, 5, 1, 3, 7, 2, 6]",1,0
"[4, 0, 5, 1, 3, 7, 2, 6]",2,0
"[4, 0, 5, 1, 3, 7, 2, 6]",3,0
"[4, 0, 5, 1, 3, 7, 2, 6]",4,1
"[4, 0, 5, 1, 3, 7, 2, 6]",5,0
"[4, 0, 5, 1, 3, 7, 2, 6]",6,0
"[4, 0, 5, 1, 3, 7, 2, 6]",7,1
"[4, 0, 5, 1, 3, 7, 2, 6]",8,0
"[4, 0, 5, 1, 3, 7, 2, 6]",9,1
"[4, 0, 5, 1, 3, 7, 2, 6]",10,0
"[4, 0, 5, 1, 3, 7, 2, 6]",11,0
"[4, 0, 5, 1, 3, 7, 2, 6]",12,0
"[4, 0, 5, 1, 3, 7, 2, 6]",13,0
"[4, 0, 5, 1, 3, 7, 2, 6]",14,0
"[4, 0, 5, 1, 3, 7, 2, 6]",15,1
"[4, 0, 5, 1, 3, 7, 2, 6]",16,0
"[4, 0, 5, 1, 3, 7, 2, 6]",17,1
"[4, 0, 5, 1, 3, 7, 2, 6]",18,1
"[4, 0, 5, 1, 3, 7, 2, 6]",19,1
"[4, 0, 5, 1, 3, 7, 2, 6]",20,0
"[4, 0, 5, 1, 3, 7, 2, 6]",21,0
"[4, 0, 5, 1, 3, 7, 2, 6]",22,1
"[4, 0, 5, 1, 3, 7, 2, 6]",23,0
"[4, 0, 5, 1, 3, 7, 2, 6]",24,0
"[0, 2, 6, 4, 3, 5, 7, 1]",0,0
"[0, 2, 6, 4, 3, 5, 7, 1]",1,0
"[0, 2, 6, 4, 3, 5, 7, 1]",2,0
"[0, 2, 6, 4, 3, 5, 7, 1]",3,0
"[0, 2, 6, 4, 3, 5, 7, 1]",4,1
"[0, 2, 6, 4, 3, 5, 7, 1]",5,0
"[0, 2, 6, 4, 3, 5, 7, 1]",6,0
"[0, 2, 6, 4, 3, 5, 7, 1]",7,1
"[0, 2, 6, 4, 3, 5, 7, 1]",8,0
"[0, 2, 6, 4, 3, 5, 7, 1]",9,1
"[0, 2, 6, 4, 3, 5, 7, 1]",10,0
"[0, 2, 6, 4, 3, 5, 7, 1]",11,0
"[0, 2, 6, 4, 3, 5, 7, 1]",12,0
"[0, 2, 6, 4, 3, 5, 7, 1]",13,0
"[0, 2, 6, 4, 3, 5, 7, 1]",14,1
"[0, 2, 6, 4, 3, 5, 7, 1]",15,0
"[0, 2, 6, 4, 3, 5, 7, 1]",16,0
"[0, 2, 6, 4, 3, 5, 7, 1]",17,1
"[0, 2, 6, 4, 3, 5, 7, 1]",18,1
"[0, 2, 6, 4, 3, 5, 7, 1]",19,1
"[0, 2, 6, 4, 3, 5, 7, 1]",20,0
"[0, 2, 6, 4, 3, 5, 7, 1]",21,0
"[0, 2, 6, 4, 3, 5, 7, 1]",22,0
"[0, 2, 6, 4, 3, 5, 7, 1]",23,0
"[0, 2, 6, 4, 3, 5, 7, 1]",24,0
"[0, 2, 6, 4, 3, 1, 7, 5]",0,0
"[0, 2, 6, 4, 3, 1, 7, 5]",1,0
"[0, 2, 6, 4, 3, 1, 7, 5]",2,0
"[0, 2, 6, 4, 3, 1, 7, 5]",3,1
"[0, 2, 6, 4, 3, 1, 7, 5]",4,0
"[0, 2, 6, 4, 3, 1, 7, 5]",5,0
"[0, 2, 6, 4, 3, 1, 7, 5]",6,0
"[0, 2, 6, 4, 3, 1, 7, 5]",7,1
"[0, 2, 6, 4, 3, 1, 7, 5]",8,0
"[0, 2, 6, 4, 3, 1, 7, 5]",9,1
"[0, 2, 6, 4, 3, 1, 7, 5]",10,0
"[0, 2, 6, 4, 3, 1, 7, 5]",11,0
"[0, 2, 6, 4, 3, 1, 7, 5]",12,0
"[0, 2, 6, 4, 3, 1, 7, 5]",13,1
"[0, 2, 6, 4, 3, 1, 7, 5]",14,0
"[0, 2, 6, 4, 3, 1, 7, 5]",15,0
"[0, 2, 6, 4, 3, 1, 7, 5]",16,0
"[0, 2, 6, 4, 3, 1, 7, 5]",17,1
"[0, 2, 6, 4, 3, 1, 7, 5]",18,1
"[0, 2, 6, 4, 3, 1, 7, 5]",19,1
"[0, 2, 6, 4, 3, 1, 7, 5]",20,0
"[0, 2, 6, 4, 3, 1, 7, 5]",21,0
"[0, 2, 6, 4, 3, 1, 7, 5]",22,0
"[0, 2, 6, 4, 3, 1, 7, 5]",23,0
"[0, 2, 6, 4, 3, 1, 7, 5]",24,0
"[5, 0, 6, 3, 2, 1, 7, 4]",0,0
"[5, 0, 6, 3, 2, 1, 7, 4]",1,0
"[5, 0, 6, 3, 2, 1, 7, 4]",2,0
"[5, 0, 6, 3, 2, 1, 7, 4]",3,1
"[5, 0, 6, 3, 2, 1, 7, 4]",4,0
"[5, 0, 6, 3, 2, 1, 7, 4]",5,0
"[5, 0, 6, 3, 2, 1, 7, 4]",6,0
"[5, 0, 6, 3, 2, 1, 7, 4]",7,1
"[5, 0, 6, 3, 2, 1, 7, 4]",8,0
"[5, 0, 6, 3, 2, 1, 7, 4]",9,1
"[5, 0, 6, 3, 2, 1, 7, 4]",10,0
"[5, 0, 6, 3, 2, 1, 7, 4]",11,0
"[5, 0, 6, 3, 2, 1, 7, 4]",12,0
"[5, 0, 6, 3, 2, 1, 7, 4]",13,1
"[5, 0, 6, 3, 2, 1, 7, 4]",14,0
"[5, 0, 6, 3, 2, 1, 7, 4]",15,1
"[5, 0, 6, 3, 2, 1, 7, 4]",16,0
"[5, 0, 6, 3, 2, 1, 7, 4]",17,1
"[5, 0, 6, 3, 2, 1, 7, 4]",18,0
"[5, 0, 6, 3, 2, 1, 7, 4]",19,0
"[5, 0, 6, 3, 2, 1, 7, 4]",20,0
"[5, 0, 6, 3, 2, 1, 7, 4]",21,1
"[5, 0, 6, 3, 2, 1, 7, 4]",22,0
"[5, 0, 6, 3, 2, 1, 7, 4]",23,0
"[5, 0, 6, 3, 2, 1, 7, 4]",24,0
"[5, 0, 6, 1, 2, 3, 7, 4]",0,0
"[5, 0, 6, 1, 2, 3, 7, 4]",1,1
"[5, 0, 6, 1, 2, 3, 7, 4]",2,0
"[5, 0, 6, 1, 2, 3, 7, 4]",3,0
"[5, 0, 6, 1, 2, 3, 7, 4]",4,0
"[5, 0, 6, 1, 2, 3, 7, 4]",5,0
"[5, 0, 6, 1, 2, 3, 7, 4]",6,0
"[5, 0, 6, 1, 2, 3, 7, 4]",7,1
"[5, 0, 6, 1, 2, 3, 7, 4]",8,0
"[5, 0, 6, 1, 2, 3, 7, 4]",9,1
"[5, 0, 6, 1, 2, 3, 7, 4]",10,0
"[5, 0, 6, 1, 2, 3, 7, 4]",11,0
"[5, 0, 6, 1, 2, 3, 7, 4]",12,0
"[5, 0, 6, 1, 2, 3, 7, 4]",13,1
"[5, 0, 6, 1, 2, 3, 7, 4]",14,0
"[5, 0, 6, 1, 2, 3, 7, 4]",15,1
"[5, 0, 6, 1, 2, 3, 7, 4]",16,1
"[5, 0, 6, 1, 2, 3, 7, 4]",17,1
"[5, 0, 6, 1, 2, 3, 7, 4]",18,0
"[5, 0, 6, 1, 2, 3, 7, 4]",19,1
"[5, 0, 6, 1, 2, 3, 7, 4]",20,0
"[5, 0, 6, 1, 2, 3, 7, 4]",21,0
"[5, 0, 6, 1, 2, 3, 7, 4]",22,0
"[5, 0, 6, 1, 2, 3, 7, 4]",23,0
"[5, 0, 6, 1, 2, 3, 7, 4]",24,0
"[3, 0, 1, 4, 6, 5, 2, 7]",0,0
"[3, 0, 1, 4, 6, 5, 2, 7]",1,1
"[3, 0, 1, 4, 6, 5, 2, 7]",2,0
"[3, 0, 1, 4, 6, 5, 2, 7]",3,0
"[3, 0, 1, 4, 6, 5, 2, 7]",4,0
"[3, 0, 1, 4, 6, 5, 2, 7]",5,0
"[3, 0, 1, 4, 6, 5, 2, 7]",6,1
"[3, 0, 1, 4, 6, 5, 2, 7]",7,1
"[3, 0, 1, 4, 6, 5, 2, 7]",8,0
"[3, 0, 1, 4, 6, 5, 2, 7]",9,1
"[3, 0, 1, 4, 6, 5, 2, 7]",10,0
"[3, 0, 1, 4, 6, 5, 2, 7]",11,0
"[3, 0, 1, 4, 6, 5, 2, 7]",12,1
"[3, 0, 1, 4, 6, 5, 2, 7]",13,0
"[3, 0, 1, 4, 6, 5, 2, 7]",14,0
"[3, 0, 1, 4, 6, 5, 2, 7]",15,0
"[3, 0, 1, 4, 6, 5, 2, 7]",16,0
"[3, 0, 1, 4, 6, 5, 2, 7]",17,1
"[3, 0, 1, 4, 6, 5, 2, 7]",18,1
"[3, 0, 1, 4, 6, 5, 2, 7]",19,1
"[3, 0, 1, 4, 6, 5, 2, 7]",20,0
"[3, 0, 1, 4, 6, 5, 2, 7]",21,1
"[3, 0, 1, 4, 6, 5, 2, 7]",22,1
"[3, 0, 1, 4, 6, 5, 2, 7]",23,0
"[3, 0, 1, 4, 6, 5, 2, 7]",24,0
"[3, 0, 6, 4, 1, 5, 2, 7]",0,0
"[3, 0, 6, 4, 1, 5, 2, 7]",1,1
"[3, 0, 6, 4, 1, 5, 2, 7]",2,0
"[3, 0, 6, 4, 1, 5, 2, 7]",3,0
"[3, 0, 6, 4, 1, 5, 2, 7]",4,0
"[3, 0, 6, 4, 1, 5, 2, 7]",5,0
"[3, 0, 6, 4, 1, 5, 2, 7]",6,0
"[3, 0, 6, 4, 1, 5, 2, 7]",7,1
"[3, 0, 6, 4, 1, 5, 2, 7]",8,0
"[3, 0, 6, 4, 1, 5, 2, 7]",9,1
"[3, 0, 6, 4, 1, 5, 2, 7]",10,0
"[3, 0, 6, 4, 1, 5, 2, 7]",11,0
"[3, 0, 6, 4, 1, 5, 2, 7]",12,0
"[3, 0, 6, 4, 1, 5, 2, 7]",13,0
"[3, 0, 6, 4, 1, 5, 2, 7]",14,0
"[3, 0, 6, 4, 1, 5, 2, 7]",15,1
"[3, 0, 6, 4, 1, 5, 2, 7]",16,0
"[3, 0, 6, 4, 1, 5, 2, 7]",17,1
"[3, 0, 6, 4, 1, 5, 2, 7]",18,0
"[3, 0, 6, 4, 1, 5, 2, 7]",19,1
"[3, 0, 6, 4, 1, 5, 2, 7]",20,0
"[3, 0, 6, 4, 1, 5, 2, 7]",21,0
"[3, 0, 6, 4, 1, 5, 2, 7]",22,0
"[3, 0, 6, 4, 1, 5, 2, 7]",23,0
"[3, 0, 6, 4, 1, 5, 2, 7]",24,0
"[7, 1, 4, 6, 3, 2, 0, 5]",0,0
"[7, 1, 4, 6, 3, 2, 0, 5]",1,0
"[7, 1, 4, 6, 3, 2, 0, 5]",2,0
"[7, 1, 4, 6, 3, 2, 0, 5]",3,0
"[7, 1, 4, 6, 3, 2, 0, 5]",4,0
"[7, 1, 4, 6, 3, 2, 0, 5]",5,0
"[7, 1, 4, 6, 3, 2, 0, 5]",6,0
"[7, 1, 4, 6, 3, 2, 0, 5]",7,1
"[7, 1, 4, 6, 3, 2, 0, 5]",8,0
"[7, 1, 4, 6, 3, 2, 0, 5]",9,1
"[7, 1, 4, 6, 3, 2, 0, 5]",10,0
"[7, 1, 4, 6, 3, 2, 0, 5]",11,0
"[7, 1, 4, 6, 3, 2, 0, 5]",12,1
"[7, 1, 4, 6, 3, 2, 0, 5]",13,0
"[7, 1, 4, 6, 3, 2, 0, 5]",14,0
"[7, 1, 4, 6, 3, 2, 0, 5]",15,1
"[7, 1, 4, 6, 3, 2, 0, 5]",16,0
"[7, 1, 4, 6, 3, 2, 0, 5]",17,1
"[7, 1, 4, 6, 3, 2, 0, 5]",18,0
"[7, 1, 4, 6, 3, 2, 0, 5]",19,1
"[7, 1, 4, 6, 3, 2, 0, 5]",20,0
"[7, 1, 4, 6, 3, 2, 0, 5]",21,0
"[7, 1, 4, 6, 3, 2, 0, 5]",22,0
"[7, 1, 4, 6, 3, 2, 0, 5]",23,0
"[7, 1, 4, 6, 3, 2, 0, 5]",24,0
"[2, 1, 4, 6, 3, 7, 0, 5]",0,0
"[2, 1, 4, 6, 3, 7, 0, 5]",1,0
"[2, 1, 4, 6, 3, 7, 0, 5]",2,0
"[2, 1, 4, 6, 3, 7, 0, 5]",3,0
"[2, 1, 4, 6, 3, 7, 0, 5]",4,0
"[2, 1, 4, 6, 3, 7, 0, 5]",5,0
"[2, 1, 4, 6, 3, 7, 0, 5]",6,1
"[2, 1, 4, 6, 3, 7, 0, 5]",7,1
"[2, 1, 4, 6, 3, 7, 0, 5]",8,0
"[2, 1, 4, 6, 3, 7, 0, 5]",9,0
"[2, 1, 4, 6, 3, 7, 0, 5]",10,0
"[2, 1, 4, 6, 3, 7, 0, 5]",11,0
"[2, 1, 4, 6, 3, 7, 0, 5]",12,1
"[2, 1, 4, 6, 3, 7, 0, 5]",13,0
"[2, 1, 4, 6, 3, 7, 0, 5]",14,0
"[2, 1, 4, 6, 3, 7, 0, 5]",15,1
"[2, 1, 4, 6, 3, 7, 0, 5]",16,0
"[2, 1, 4, 6, 3, 7, 0, 5]",17,1
"[2, 1, 4, 6, 3, 7, 0, 5]",18,1
"[2, 1, 4, 6, 3, 7, 0, 5]",19,1
"[2, 1, 4, 6, 3, 7, 0, 5]",20,0
"[2, 1, 4, 6, 3, 7, 0, 5]",21,0
"[2, 1, 4, 6, 3, 7, 0, 5]",22,0
"[2, 1, 4, 6, 3, 7, 0, 5]",23,0
"[2, 1, 4, 6, 3, 7, 0, 5]",24,0
"[0, 3, 2, 1, 5, 6, 7, 4]",0,0
"[0, 3, 2, 1, 5, 6, 7, 4]",1,1
"[0, 3, 2, 1, 5, 6, 7, 4]",2,0
"[0, 3, 2, 1, 5, 6, 7, 4]",3,0
"[0, 3, 2, 1, 5, 6, 7, 4]",4,1
"[0, 3, 2, 1, 5, 6, 7, 4]",5,0
"[0, 3, 2, 1, 5, 6, 7, 4]",6,1
"[0, 3, 2, 1, 5, 6, 7, 4]",7,0
"[0, 3, 2, 1, 5, 6, 7, 4]",8,0
"[0, 3, 2, 1, 5, 6, 7, 4]",9,1
"[0, 3, 2, 1, 5, 6, 7, 4]",10,0
"[0, 3, 2, 1, 5, 6, 7, 4]",11,0
"[0, 3, 2, 1, 5, 6, 7, 4]",12,0
"[0, 3, 2, 1, 5, 6, 7, 4]",13,0
"[0, 3, 2, 1, 5, 6, 7, 4]",14,0
"[0, 3, 2, 1, 5, 6, 7, 4]",15,1
"[0, 3, 2, 1, 5, 6, 7, 4]",16,1
"[0, 3, 2, 1, 5, 6, 7, 4]",17,1
"[0, 3, 2, 1, 5, 6, 7, 4]",18,0
"[0, 3, 2, 1, 5, 6, 7, 4]",19,0
"[0, 3, 2, 1, 5, 6, 7, 4]",20,0
"[0, 3, 2, 1, 5, 6, 7, 4]",21,0
"[0, 3, 2, 1, 5, 6, 7, 4]",22,1
"[0, 3, 2, 1, 5, 6, 7, 4]",23,0
"[0, 3, 2, 1, 5, 6, 7, 4]",24,0
"[5, 3, 2, 1, 0, 6, 7, 4]",0,0
"[5, 3, 2, 1, 0, 6, 7, 4]",1,0
"[5, 3, 2, 1, 0, 6, 7, 4]",2,1
"[5, 3, 2, 1, 0, 6, 7, 4]",3,0
"[5, 3, 2, 1, 0, 6, 7, 4]",4,1
"[5, 3, 2, 1, 0, 6, 7, 4]",5,0
"[5, 3, 2, 1, 0, 6, 7, 4]",6,0
"[5, 3, 2, 1, 0, 6, 7, 4]",7,1
"[5, 3, 2, 1, 0, 6, 7, 4]",8,0
"[5, 3, 2, 1, 0, 6, 7, 4]",9,1
"[5, 3, 2, 1, 0, 6, 7, 4]",10,0
"[5, 3, 2, 1, 0, 6, 7, 4]",11,0
"[5, 3, 2, 1, 0, 6, 7, 4]",12,0
"[5, 3, 2, 1, 0, 6, 7, 4]",13,0
"[5, 3, 2, 1, 0, 6, 7, 4]",14,0
"[5, 3, 2, 1, 0, 6, 7, 4]",15,1
"[5, 3, 2, 1, 0, 6, 7, 4]",16,0
"[5, 3, 2, 1, 0, 6, 7, 4]",17,1
"[5, 3, 2, 1, 0, 6, 7, 4]",18,0
"[5, 3, 2, 1, 0, 6, 7, 4]",19,1
"[5, 3, 2, 1, 0, 6, 7, 4]",20,0
"[5, 3, 2, 1, 0, 6, 7, 4]",21,1
"[5, 3, 2, 1, 0, 6, 7, 4]",22,0
"[5, 3, 2, 1, 0, 6, 7, 4]",23,0
"[5, 3, 2, 1, 0, 6, 7, 4]",24,0
"[7, 2, 1, 6, 3, 5, 4, 0]",0,0
"[7, 2, 1, 6, 3, 5, 4, 0]",1,1
"[7, 2, 1, 6, 3, 5, 4, 0]",2,0
"[7, 2, 1, 6, 3, 5, 4, 0]",3,1
"[7, 2, 1, 6, 3, 5, 4, 0]",4,0
"[7, 2, 1, 6, 3, 5, 4, 0]",5,0
"[7, 2, 1, 6, 3, 5, 4, 0]",6,0
"[7, 2, 1, 6, 3, 5, 4, 0]",7,1
"[7, 2, 1, 6, 3, 5, 4, 0]",8,0
"[7, 2, 1, 6, 3, 5, 4, 0]",9,1
"[7, 2, 1, 6, 3, 5, 4, 0]",10,0
"[7, 2, 1, 6, 3, 5, 4, 0]",11,0
"[7, 2, 1, 6, 3, 5, 4, 0]",12,0
"[7, 2, 1, 6, 3, 5, 4, 0]",13,0
"[7, 2, 1, 6, 3, 5, 4, 0]",14,0
"[7, 2, 1, 6, 3, 5, 4, 0]",15,0
"[7, 2, 1, 6, 3, 5, 4, 0]",16,0
"[7, 2, 1, 6, 3, 5, 4, 0]",17,1
"[7, 2, 1, 6, 3, 5, 4, 0]",18,1
"[7, 2, 1, 6, 3, 5, 4, 0]",19,1
"[7, 2, 1, 6, 3, 5, 4, 0]",20,0
"[7, 2, 1, 6, 3, 5, 4, 0]",21,0
"[7, 2, 1, 6, 3, 5, 4, 0]",22,0
"[7, 2, 1, 6, 3, 5, 4, 0]",23,0
"[7, 2, 1, 6, 3, 5, 4, 0]",24,0
"[1, 2, 7, 6, 3, 5, 4, 0]",0,0
"[1, 2, 7, 6, 3, 5, 4, 0]",1,1
"[1, 2, 7, 6, 3, 5, 4, 0]",2,1
"[1, 2, 7, 6, 3, 5, 4, 0]",3,0
"[1, 2, 7, 6, 3, 5, 4, 0]",4,1
"[1, 2, 7, 6, 3, 5, 4, 0]",5,0
"[1, 2, 7, 6, 3, 5, 4, 0]",6,1
"[1, 2, 7, 6, 3, 5, 4, 0]",7,1
"[1, 2, 7, 6, 3, 5, 4, 0]",8,0
"[1, 2, 7, 6, 3, 5, 4, 0]",9,1
"[1, 2, 7, 6, 3, 5, 4, 0]",10,0
"[1, 2, 7, 6, 3, 5, 4, 0]",11,0
"[1, 2, 7, 6, 3, 5, 4, 0]",12,0
"[1, 2, 7, 6, 3, 5, 4, 0]",13,0
"[1, 2, 7, 6, 3, 5, 4, 0]",14,0
"[1, 2, 7, 6, 3, 5, 4, 0]",15,1
"[1, 2, 7, 6, 3, 5, 4, 0]",16,1
"[1, 2, 7, 6, 3, 5, 4, 0]",17,1
"[1, 2, 7, 6, 3, 5, 4, 0]",18,0
"[1, 2, 7, 6, 3, 5, 4, 0]",19,1
"[1, 2, 7, 6, 3, 5, 4, 0]",20,0
"[1, 2, 7, 6, 3, 5, 4, 0]",21,0
"[1, 2, 7, 6, 3, 5, 4, 0]",22,0
"[1, 2, 7, 6, 3, 5, 4, 0]",23,0
"[1, 2, 7, 6, 3, 5, 4, 0]",24,0
"[6, 2, 7, 4, 5, 3, 1, 0]",0,0
"[6, 2, 7, 4, 5, 3, 1, 0]",1,1
"[6, 2, 7, 4, 5, 3, 1, 0]",2,1
"[6, 2, 7, 4, 5, 3, 1, 0]",3,0
"[6, 2, 7, 4, 5, 3, 1, 0]",4,1
"[6, 2, 7, 4, 5, 3, 1, 0]",5,0
"[6, 2, 7, 4, 5, 3, 1, 0]",6,0
"[6, 2, 7, 4, 5, 3, 1, 0]",7,0
"[6, 2, 7, 4, 5, 3, 1, 0]",8,0
"[6, 2, 7, 4, 5, 3, 1, 0]",9,1
"[6, 2, 7, 4, 5, 3, 1, 0]",10,0
"[6, 2, 7, 4, 5, 3, 1, 0]",11,0
"[6, 2, 7, 4, 5, 3, 1, 0]",12,0
"[6, 2, 7, 4, 5, 3, 1, 0]",13,0
"[6, 2, 7, 4, 5, 3, 1, 0]",14,1
"[6, 2, 7, 4, 5, 3, 1, 0]",15,0
"[6, 2, 7, 4, 5, 3, 1, 0]",16,0
"[6, 2, 7, 4, 5, 3, 1, 0]",17,1
"[6, 2, 7, 4, 5, 3, 1, 0]",18,0
"[6, 2, 7, 4, 5, 3, 1, 0]",19,0
"[6, 2, 7, 4, 5, 3, 1, 0]",20,0
"[6, 2, 7, 4, 5, 3, 1, 0]",21,0
"[6, 2, 7, 4, 5, 3, 1, 0]",22,0
"[6, 2, 7, 4, 5, 3, 1, 0]",23,0
"[6, 2, 7, 4, 5, 3, 1, 0]",24,0
"[6, 2, 7, 4, 5, 0, 1, 3]",0,0
"[6, 2, 7, 4, 5, 0, 1, 3]",1,0
"[6, 2, 7, 4, 5, 0, 1, 3]",2,0
"[6, 2, 7, 4, 5, 0, 1, 3]",3,0
"[6, 2, 7, 4, 5, 0, 1, 3]",4,0
"[6, 2, 7, 4, 5, 0, 1, 3]",5,0
"[6, 2, 7, 4, 5, 0, 1, 3]",6,0
"[6, 2, 7, 4, 5, 0, 1, 3]",7,1
"[6, 2, 7, 4, 5, 0, 1, 3]",8,0
"[6, 2, 7, 4, 5, 0, 1, 3]",9,1
"[6, 2, 7, 4, 5, 0, 1, 3]",10,0
"[6, 2, 7, 4, 5, 0, 1, 3]",11,0
"[6, 2, 7, 4, 5, 0, 1, 3]",12,0
"[6, 2, 7, 4, 5, 0, 1, 3]",13,1
"[6, 2, 7, 4, 5, 0, 1, 3]",14,1
"[6, 2, 7, 4, 5, 0, 1, 3]",15,0
"[6, 2, 7, 4, 5, 0, 1, 3]",16,0
"[6, 2, 7, 4, 5, 0, 1, 3]",17,1
"[6, 2, 7, 4, 5, 0, 1, 3]",18,0
"[6, 2, 7, 4, 5, 0, 1, 3]",19,1
"[6, 2, 7, 4, 5, 0, 1, 3]",20,0
"[6, 2, 7, 4, 5, 0, 1, 3]",21,1
"[6, 2, 7, 4, 5, 0, 1, 3]",22,1
"[6, 2, 7, 4, 5, 0, 1, 3]",23,0
"[6, 2, 7, 4, 5, 0, 1, 3]",24,0
"[2, 1, 0, 6, 3, 4, 7, 5]",0,0
"[2, 1, 0, 6, 3, 4, 7, 5]",1,0
"[2, 1, 0, 6, 3, 4, 7, 5]",2,0
"[2, 1, 0, 6, 3, 4, 7, 5]",3,1
"[2, 1, 0, 6, 3, 4, 7, 5]",4,0
"[2, 1, 0, 6, 3, 4, 7, 5]",5,0
"[2, 1, 0, 6, 3, 4, 7, 5]",6,1
"[2, 1, 0, 6, 3, 4, 7, 5]",7,0
"[2, 1, 0, 6, 3, 4, 7, 5]",8,0
"[2, 1, 0, 6, 3, 4, 7, 5]",9,1
"[2, 1, 0, 6, 3, 4, 7, 5]",10,0
"[2, 1, 0, 6, 3, 4, 7, 5]",11,1
"[2, 1, 0, 6, 3, 4, 7, 5]",12,1
"[2, 1, 0, 6, 3, 4, 7, 5]",13,0
"[2, 1, 0, 6, 3, 4, 7, 5]",14,0
"[2, 1, 0, 6, 3, 4, 7, 5]",15,0
"[2, 1, 0, 6, 3, 4, 7, 5]",16,0
"[2, 1, 0, 6, 3, 4, 7, 5]",17,1
"[2, 1, 0, 6, 3, 4, 7, 5]",18,1
"[2, 1, 0, 6, 3, 4, 7, 5]",19,1
"[2, 1, 0, 6, 3, 4, 7, 5]",20,0
"[2, 1, 0, 6, 3, 4, 7, 5]",21,0
"[2, 1, 0, 6, 3, 4, 7, 5]",22,0
"[2, 1, 0, 6, 3, 4, 7, 5]",23,0
"[2, 1, 0, 6, 3, 4, 7, 5]",24,0
"[2, 1, 0, 6, 7, 4, 3, 5]",0,0
"[2, 1, 0, 6, 7, 4, 3, 5]",1,0
"[2, 1, 0, 6, 7, 4, 3, 5]",2,0
"[2, 1, 0, 6, 7, 4, 3, 5]",3,0
"[2, 1, 0, 6, 7, 4, 3, 5]",4,1
"[2, 1, 0, 6, 7, 4, 3, 5]",5,0
"[2, 1, 0, 6, 7, 4, 3, 5]",6,0
"[2, 1, 0, 6, 7, 4, 3, 5]",7,0
"[2, 1, 0, 6, 7, 4, 3, 5]",8,0
"[2, 1, 0, 6, 7, 4, 3, 5]",9,0
"[2, 1, 0, 6, 7, 4, 3, 5]",10,0
"[2, 1, 0, 6, 7, 4, 3, 5]",11,0
"[2, 1, 0, 6, 7, 4, 3, 5]",12,0
"[2, 1, 0, 6, 7, 4, 3, 5]",13,0
"[2, 1, 0, 6, 7, 4, 3, 5]",14,0
"[2, 1, 0, 6, 7, 4, 3, 5]",15,1
"[2, 1, 0, 6, 7, 4, 3, 5]",16,0
"[2, 1, 0, 6, 7, 4, 3, 5]",17,1
"[2, 1, 0, 6, 7, 4, 3, 5]",18,1
"[2, 1, 0, 6, 7, 4, 3, 5]",19,1
"[2, 1, 0, 6, 7, 4, 3, 5]",20,0
"[2, 1, 0, 6, 7, 4, 3, 5]",21,0
"[2, 1, 0, 6, 7, 4, 3, 5]",22,0
"[2, 1, 0, 6, 7, 4, 3, 5]",23,0
"[2, 1, 0, 6, 7, 4, 3, 5]",24,0
"[3, 6, 5, 2, 0, 4, 7, 1]",0,0
"[3, 6, 5, 2, 0, 4, 7, 1]",1,0
"[3, 6, 5, 2, 0, 4, 7, 1]",2,0
"[3, 6, 5, 2, 0, 4, 7, 1]",3,0
"[3, 6, 5, 2, 0, 4, 7, 1]",4,0
"[3, 6, 5, 2, 0, 4, 7, 1]",5,0
"[3, 6, 5, 2, 0, 4, 7, 1]",6,0
"[3, 6, 5, 2, 0, 4, 7, 1]",7,1
"[3, 6, 5, 2, 0, 4, 7, 1]",8,0
"[3, 6, 5, 2, 0, 4, 7, 1]",9,1
"[3, 6, 5, 2, 0, 4, 7, 1]",10,0
"[3, 6, 5, 2, 0, 4, 7, 1]",11,0
"[3, 6, 5, 2, 0, 4, 7, 1]",12,0
"[3, 6, 5, 2, 0, 4, 7, 1]",13,1
"[3, 6, 5, 2, 0, 4, 7, 1]",14,0
"[3, 6, 5, 2, 0, 4, 7, 1]",15,0
"[3, 6, 5, 2, 0, 4, 7, 1]",16,0
"[3, 6, 5, 2, 0, 4, 7, 1]",17,1
"[3, 6, 5, 2, 0, 4, 7, 1]",18,0
"[3, 6, 5, 2, 0, 4, 7, 1]",19,1
"[3, 6, 5, 2, 0, 4, 7, 1]",20,0
"[3, 6, 5, 2, 0, 4, 7, 1]",21,0
"[3, 6, 5, 2, 0, 4, 7, 1]",22,1
"[3, 6, 5, 2, 0, 4, 7, 1]",23,0
"[3, 6, 5, 2, 0, 4, 7, 1]",24,0
"[3, 7, 5, 2, 0, 4, 6, 1]",0,0
"[3, 7, 5, 2, 0, 4, 6, 1]",1,0
"[3, 7, 5, 2, 0, 4, 6, 1]",2,0
"[3, 7, 5, 2, 0, 4, 6, 1]",3,0
"[3, 7, 5, 2, 0, 4, 6, 1]",4,0
"[3, 7, 5, 2, 0, 4, 6, 1]",5,0
"[3, 7, 5, 2, 0, 4, 6, 1]",6,0
"[3, 7, 5, 2, 0, 4, 6, 1]",7,0
"[3, 7, 5, 2, 0, 4, 6, 1]",8,0
"[3, 7, 5, 2, 0, 4, 6, 1]",9,1
"[3, 7, 5, 2, 0, 4, 6, 1]",10,0
"[3, 7, 5, 2, 0, 4, 6, 1]",11,0
"[3, 7, 5, 2, 0, 4, 6, 1]",12,0
"[3, 7, 5, 2, 0, 4, 6, 1]",13,1
"[3, 7, 5, 2, 0, 4, 6, 1]",14,0
"[3, 7, 5, 2, 0, 4, 6, 1]",15,1
"[3, 7, 5, 2, 0, 4, 6, 1]",16,0
"[3, 7, 5, 2, 0, 4, 6, 1]",17,0
"[3, 7, 5, 2, 0, 4, 6, 1]",18,0
"[3, 7, 5, 2, 0, 4, 6, 1]",19,1
"[3, 7, 5, 2, 0, 4, 6, 1]",20,0
"[3, 7, 5, 2, 0, 4, 6, 1]",21,0
"[3, 7, 5, 2, 0, 4, 6, 1]",22,0
"[3, 7, 5, 2, 0, 4, 6, 1]",23,0
"[3, 7, 5, 2, 0, 4, 6, 1]",24,0
"[5, 3, 4, 6, 2, 0, 7, 1]",0,0
"[5, 3, 4, 6, 2, 0, 7, 1]",1,1
"[5, 3, 4, 6, 2, 0, 7, 1]",2,1
"[5, 3, 4, 6, 2, 0, 7, 1]",3,0
"[5, 3, 4, 6, 2, 0, 7, 1]",4,0
"[5, 3, 4, 6, 2, 0, 7, 1]",5,0
"[5, 3, 4, 6, 2, 0, 7, 1]",6,0
"[5, 3, 4, 6, 2, 0, 7, 1]",7,1
"[5, 3, 4, 6, 2, 0, 7, 1]",8,0
"[5, 3, 4, 6, 2, 0, 7, 1]",9,1
"[5, 3, 4, 6, 2, 0, 7, 1]",10,0
"[5, 3, 4, 6, 2, 0, 7, 1]",11,0
"[5, 3, 4, 6, 2, 0, 7, 1]",12,0
"[5, 3, 4, 6, 2, 0, 7, 1]",13,1
"[5, 3, 4, 6, 2, 0, 7, 1]",14,0
"[5, 3, 4, 6, 2, 0, 7, 1]",15,1
"[5, 3, 4, 6, 2, 0, 7, 1]",16,0
"[5, 3, 4, 6, 2, 0, 7, 1]",17,1
"[5, 3, 4, 6, 2, 0, 7, 1]",18,0
"[5, 3, 4, 6, 2, 0, 7, 1]",19,1
"[5, 3, 4, 6, 2, 0, 7, 1]",20,0
"[5, 3, 4, 6, 2, 0, 7, 1]",21,0
"[5, 3, 4, 6, 2, 0, 7, 1]",22,0
"[5, 3, 4, 6, 2, 0, 7, 1]",23,0
"[5, 3, 4, 6, 2, 0, 7, 1]",24,0
"[5, 3, 2, 6, 4, 0, 7, 1]",0,0
"[5, 3, 2, 6, 4, 0, 7, 1]",1,0
"[5, 3, 2, 6, 4, 0, 7, 1]",2,0
"[5, 3, 2, 6, 4, 0, 7, 1]",3,0
"[5, 3, 2, 6, 4, 0, 7, 1]",4,0
"[5, 3, 2, 6, 4, 0, 7, 1]",5,0
"[5, 3, 2, 6, 4, 0, 7, 1]",6,1
"[5, 3, 2, 6, 4, 0, 7, 1]",7,0
"[5, 3, 2, 6, 4, 0, 7, 1]",8,0
"[5, 3, 2, 6, 4, 0, 7, 1]",9,0
"[5, 3, 2, 6, 4, 0, 7, 1]",10,0
"[5, 3, 2, 6, 4, 0, 7, 1]",11,0
"[5, 3, 2, 6, 4, 0, 7, 1]",12,0
"[5, 3, 2, 6, 4, 0, 7, 1]",13,0
"[5, 3, 2, 6, 4, 0, 7, 1]",14,0
"[5, 3, 2, 6, 4, 0, 7, 1]",15,1
"[5, 3, 2, 6, 4, 0, 7, 1]",16,0
"[5, 3, 2, 6, 4, 0, 7, 1]",17,1
"[5, 3, 2, 6, 4, 0, 7, 1]",18,0
"[5, 3, 2, 6, 4, 0, 7, 1]",19,1
"[5, 3, 2, 6, 4, 0, 7, 1]",20,0
"[5, 3, 2, 6, 4, 0, 7, 1]",21,0
"[5, 3, 2, 6, 4, 0, 7, 1]",22,1
"[5, 3, 2, 6, 4, 0, 7, 1]",23,0
"[5, 3, 2, 6, 4, 0, 7, 1]",24,0
"[4, 1, 3, 7, 6, 2, 0, 5]",0,0
"[4, 1, 3, 7, 6, 2, 0, 5]",1,1
"[4, 1, 3, 7, 6, 2, 0, 5]",2,0
"[4, 1, 3, 7, 6, 2, 0, 5]",3,0
"[4, 1, 3, 7, 6, 2, 0, 5]",4,0
"[4, 1, 3, 7, 6, 2, 0, 5]",5,0
"[4, 1, 3, 7, 6, 2, 0, 5]",6,1
"[4, 1, 3, 7, 6, 2, 0, 5]",7,1
"[4, 1, 3, 7, 6, 2, 0, 5]",8,0
"[4, 1, 3, 7, 6, 2, 0, 5]",9,1
"[4, 1, 3, 7, 6, 2, 0, 5]",10,0
"[4, 1, 3, 7, 6, 2, 0, 5]",11,0
"[4, 1, 3, 7, 6, 2, 0, 5]",12,0
"[4, 1, 3, 7, 6, 2, 0, 5]",13,0
"[4, 1, 3, 7, 6, 2, 0, 5]",14,1
"[4, 1, 3, 7, 6, 2, 0, 5]",15,1
"[4, 1, 3, 7, 6, 2, 0, 5]",16,0
"[4, 1, 3, 7, 6, 2, 0, 5]",17,1
"[4, 1, 3, 7, 6, 2, 0, 5]",18,1
"[4, 1, 3, 7, 6, 2, 0, 5]",19,1
"[4, 1, 3, 7, 6, 2, 0, 5]",20,0
"[4, 1, 3, 7, 6, 2, 0, 5]",21,0
"[4, 1, 3, 7, 6, 2, 0, 5]",22,0
"[4, 1, 3, 7, 6, 2, 0, 5]",23,0
"[4, 1, 3, 7, 6, 2, 0, 5]",24,0
"[4, 0, 3, 7, 6, 2, 1, 5]",0,0
"[4, 0, 3, 7, 6, 2, 1, 5]",1,1
"[4, 0, 3, 7, 6, 2, 1, 5]",2,1
"[4, 0, 3, 7, 6, 2, 1, 5]",3,0
"[4, 0, 3, 7, 6, 2, 1, 5]",4,1
"[4, 0, 3, 7, 6, 2, 1, 5]",5,0
"[4, 0, 3, 7, 6, 2, 1, 5]",6,1
"[4, 0, 3, 7, 6, 2, 1, 5]",7,1
"[4, 0, 3, 7, 6, 2, 1, 5]",8,0
"[4, 0, 3, 7, 6, 2, 1, 5]",9,1
"[4, 0, 3, 7, 6, 2, 1, 5]",10,0
"[4, 0, 3, 7, 6, 2, 1, 5]",11,0
"[4, 0, 3, 7, 6, 2, 1, 5]",12,0
"[4, 0, 3, 7, 6, 2, 1, 5]",13,1
"[4, 0, 3, 7, 6, 2, 1, 5]",14,0
"[4, 0, 3, 7, 6, 2, 1, 5]",15,1
"[4, 0, 3, 7, 6, 2, 1, 5]",16,0
"[4, 0, 3, 7, 6, 2, 1, 5]",17,1
"[4, 0, 3, 7, 6, 2, 1, 5]",18,0
"[4, 0, 3, 7, 6, 2, 1, 5]",19,1
"[4, 0, 3, 7, 6, 2, 1, 5]",20,0
"[4, 0, 3, 7, 6, 2, 1, 5]",21,1
"[4, 0, 3, 7, 6, 2, 1, 5]",22,1
"[4, 0, 3, 7, 6, 2, 1, 5]",23,0
"[4, 0, 3, 7, 6, 2, 1, 5]",24,0
"[5, 1, 3, 6, 2, 4, 7, 0]",0,0
"[5, 1, 3, 6, 2, 4, 7, 0]",1,0
"[5, 1, 3, 6, 2, 4, 7, 0]",2,0
"[5, 1, 3, 6, 2, 4, 7, 0]",3,0
"[5, 1, 3, 6, 2, 4, 7, 0]",4,0
"[5, 1, 3, 6, 2, 4, 7, 0]",5,0
"[5, 1, 3, 6, 2, 4, 7, 0]",6,1
"[5, 1, 3, 6, 2, 4, 7, 0]",7,0
"[5, 1, 3, 6, 2, 4, 7, 0]",8,0
"[5, 1, 3, 6, 2, 4, 7, 0]",9,0
"[5, 1, 3, 6, 2, 4, 7, 0]",10,0
"[5, 1, 3, 6, 2, 4, 7, 0]",11,0
"[5, 1, 3, 6, 2, 4, 7, 0]",12,0
"[5, 1, 3, 6, 2, 4, 7, 0]",13,0
"[5, 1, 3, 6, 2, 4, 7, 0]",14,0
"[5, 1, 3, 6, 2, 4, 7, 0]",15,1
"[5, 1, 3, 6, 2, 4, 7, 0]",16,0
"[5, 1, 3, 6, 2, 4, 7, 0]",17,1
"[5, 1, 3, 6, 2, 4, 7, 0]",18,0
"[5, 1, 3, 6, 2, 4, 7, 0]",19,0
"[5, 1, 3, 6, 2, 4, 7, 0]",20,0
"[5, 1, 3, 6, 2, 4, 7, 0]",21,0
"[5, 1, 3, 6, 2, 4, 7, 0]",22,1
"[5, 1, 3, 6, 2, 4, 7, 0]",23,0
"[5, 1, 3, 6, 2, 4, 7, 0]",24,0
"[5, 1, 3, 2, 6, 4, 7, 0]",0,0
"[5, 1, 3, 2, 6, 4, 7, 0]",1,0
"[5, 1, 3, 2, 6, 4, 7, 0]",2,0
"[5, 1, 3, 2, 6, 4, 7, 0]",3,0
"[5, 1, 3, 2, 6, 4, 7, 0]",4,0
"[5, 1, 3, 2, 6, 4, 7, 0]",5,0
"[5, 1, 3, 2, 6, 4, 7, 0]",6,1
"[5, 1, 3, 2, 6, 4, 7, 0]",7,1
"[5, 1, 3, 2, 6, 4, 7, 0]",8,0
"[5, 1, 3, 2, 6, 4, 7, 0]",9,1
"[5, 1, 3, 2, 6, 4, 7, 0]",10,0
"[5, 1, 3, 2, 6, 4, 7, 0]",11,0
"[5, 1, 3, 2, 6, 4, 7, 0]",12,0
"[5, 1, 3, 2, 6, 4, 7, 0]",13,0
"[5, 1, 3, 2, 6, 4, 7, 0]",14,1
"[5, 1, 3, 2, 6, 4, 7, 0]",15,1
"[5, 1, 3, 2, 6, 4, 7, 0]",16,1
"[5, 1, 3, 2, 6, 4, 7, 0]",17,1
"[5, 1, 3, 2, 6, 4, 7, 0]",18,0
"[5, 1, 3, 2, 6, 4, 7, 0]",19,0
"[5, 1, 3, 2, 6, 4, 7, 0]",20,0
"[5, 1, 3, 2, 6, 4, 7, 0]",21,0
"[5, 1, 3, 2, 6, 4, 7, 0]",22,0
"[5, 1, 3, 2, 6, 4, 7, 0]",23,0
"[5, 1, 3, 2, 6, 4, 7, 0]",24,0
"[3, 4, 6, 0, 5, 7, 1, 2]",0,0
"[3, 4, 6, 0, 5, 7, 1, 2]",1,0
"[3, 4, 6, 0, 5, 7, 1, 2]",2,0
"[3, 4, 6, 0, 5, 7, 1, 2]",3,0
"[3, 4, 6, 0, 5, 7, 1, 2]",4,0
"[3, 4, 6, 0, 5, 7, 1, 2]",5,0
"[3, 4, 6, 0, 5, 7, 1, 2]",6,1
"[3, 4, 6, 0, 5, 7, 1, 2]",7,1
"[3, 4, 6, 0, 5, 7, 1, 2]",8,0
"[3, 4, 6, 0, 5, 7, 1, 2]",9,0
"[3, 4, 6, 0, 5, 7, 1, 2]",10,0
"[3, 4, 6, 0, 5, 7, 1, 2]",11,0
"[3, 4, 6, 0, 5, 7, 1, 2]",12,0
"[3, 4, 6, 0, 5, 7, 1, 2]",13,1
"[3, 4, 6, 0, 5, 7, 1, 2]",14,0
"[3, 4, 6, 0, 5, 7, 1, 2]",15,1
"[3, 4, 6, 0, 5, 7, 1, 2]",16,0
"[3, 4, 6, 0, 5, 7, 1, 2]",17,1
"[3, 4, 6, 0, 5, 7, 1, 2]",18,0
"[3, 4, 6, 0, 5, 7, 1, 2]",19,1
"[3, 4, 6, 0, 5, 7, 1, 2]",20,0
"[3, 4, 6, 0, 5, 7, 1, 2]",21,1
"[3, 4, 6, 0, 5, 7, 1, 2]",22,0
"[3, 4, 6, 0, 5, 7, 1, 2]",23,0
"[3, 4, 6, 0, 5, 7, 1, 2]",24,0
"[5, 4, 6, 0, 3, 7, 1, 2]",0,0
"[5, 4, 6, 0, 3, 7, 1, 2]",1,0
"[5, 4, 6, 0, 3, 7, 1, 2]",2,0
"[5, 4, 6, 0, 3, 7, 1, 2]",3,0
"[5, 4, 6, 0, 3, 7, 1, 2]",4,1
"[5, 4, 6, 0, 3, 7, 1, 2]",5,0
"[5, 4, 6, 0, 3, 7, 1, 2]",6,0
"[5, 4, 6, 0, 3, 7, 1, 2]",7,1
"[5, 4, 6, 0, 3, 7, 1, 2]",8,0
"[5, 4, 6, 0, 3, 7, 1, 2]",9,1
"[5, 4, 6, 0, 3, 7, 1, 2]",10,0
"[5, 4, 6, 0, 3, 7, 1, 2]",11,0
"[5, 4, 6, 0, 3, 7, 1, 2]",12,0
"[5, 4, 6, 0, 3, 7, 1, 2]",13,1
"[5, 4, 6, 0, 3, 7, 1, 2]",14,1
"[5, 4, 6, 0, 3, 7, 1, 2]",15,0
"[5, 4, 6, 0, 3, 7, 1, 2]",16,0
"[5, 4, 6, 0, 3, 7, 1, 2]",17,1
"[5, 4, 6, 0, 3, 7, 1, 2]",18,0
"[5, 4, 6, 0, 3, 7, 1, 2]",19,0
"[5, 4, 6, 0, 3, 7, 1, 2]",20,0
"[5, 4, 6, 0, 3, 7, 1, 2]",21,0
"[5, 4, 6, 0, 3, 7, 1, 2]",22,0
"[5, 4, 6, 0, 3, 7, 1, 2]",23,0
"[5, 4, 6, 0, 3, 7, 1, 2]",24,0
"[7, 5, 4, 6, 0, 1, 2, 3]",0,0
"[7, 5, 4, 6, 0, 1, 2, 3]",1,1
"[7, 5, 4, 6, 0, 1, 2, 3]",2,0
"[7, 5, 4, 6, 0, 1, 2, 3]",3,0
"[7, 5, 4, 6, 0, 1, 2, 3]",4,0
"[7, 5, 4, 6, 0, 1, 2, 3]",5,0
"[7, 5, 4, 6, 0, 1, 2, 3]",6,1
"[7, 5, 4, 6, 0, 1, 2, 3]",7,1
"[7, 5, 4, 6, 0, 1, 2, 3]",8,0
"[7, 5, 4, 6, 0, 1, 2, 3]",9,0
"[7, 5, 4, 6, 0, 1, 2, 3]",10,0
"[7, 5, 4, 6, 0, 1, 2, 3]",11,0
"[7, 5, 4, 6, 0, 1, 2, 3]",12,0
"[7, 5, 4, 6, 0, 1, 2, 3]",13,0
"[7, 5, 4, 6, 0, 1, 2, 3]",14,1
"[7, 5, 4, 6, 0, 1, 2, 3]",15,1
"[7, 5, 4, 6, 0, 1, 2, 3]",16,0
"[7, 5, 4, 6, 0, 1, 2, 3]",17,1
"[7, 5, 4, 6, 0, 1, 2, 3]",18,0
"[7, 5, 4, 6, 0, 1, 2, 3]",19,1
"[7, 5, 4, 6, 0, 1, 2, 3]",20,0
"[7, 5, 4, 6, 0, 1, 2, 3]",21,0
"[7, 5, 4, 6, 0, 1, 2, 3]",22,0
"[7, 5, 4, 6, 0, 1, 2, 3]",23,0
"[7, 5, 4, 6, 0, 1, 2, 3]",24,0
"[7, 3, 4, 6, 0, 1, 2, 5]",0,0
"[7, 3, 4, 6, 0, 1, 2, 5]",1,0
"[7, 3, 4, 6, 0, 1, 2, 5]",2,0
"[7, 3, 4, 6, 0, 1, 2, 5]",3,0
"[7, 3, 4, 6, 0, 1, 2, 5]",4,0
"[7, 3, 4, 6, 0, 1, 2, 5]",5,0
"[7, 3, 4, 6, 0, 1, 2, 5]",6,0
"[7, 3, 4, 6, 0, 1, 2, 5]",7,1
"[7, 3, 4, 6, 0, 1, 2, 5]",8,0
"[7, 3, 4, 6, 0, 1, 2, 5]",9,1
"[7, 3, 4, 6, 0, 1, 2, 5]",10,0
"[7, 3, 4, 6, 0, 1, 2, 5]",11,1
"[7, 3, 4, 6, 0, 1, 2, 5]",12,0
"[7, 3, 4, 6, 0, 1, 2, 5]",13,0
"[7, 3, 4, 6, 0, 1, 2, 5]",14,0
"[7, 3, 4, 6, 0, 1, 2, 5]",15,0
"[7, 3, 4, 6, 0, 1, 2, 5]",16,0
"[7, 3, 4, 6, 0, 1, 2, 5]",17,1
"[7, 3, 4, 6, 0, 1, 2, 5]",18,1
"[7, 3, 4, 6, 0, 1, 2, 5]",19,0
"[7, 3, 4, 6, 0, 1, 2, 5]",20,0
"[7, 3, 4, 6, 0, 1, 2, 5]",21,0
"[7, 3, 4, 6, 0, 1, 2, 5]",22,0
"[7, 3, 4, 6, 0, 1, 2, 5]",23,0
"[7, 3, 4, 6, 0, 1, 2, 5]",24,0
"[5, 0, 4, 3, 6, 1, 2, 7]",0,0
"[5, 0, 4, 3, 6, 1, 2, 7]",1,0
"[5, 0, 4, 3, 6, 1, 2, 7]",2,0
"[5, 0, 4, 3, 6, 1, 2, 7]",3,1
"[5, 0, 4, 3, 6, 1, 2, 7]",4,1
"[5, 0, 4, 3, 6, 1, 2, 7]",5,0
"[5, 0, 4, 3, 6, 1, 2, 7]",6,0
"[5, 0, 4, 3, 6, 1, 2, 7]",7,1
"[5, 0, 4, 3, 6, 1, 2, 7]",8,0
"[5, 0, 4, 3, 6, 1, 2, 7]",9,1
"[5, 0, 4, 3, 6, 1, 2, 7]",10,0
"[5, 0, 4, 3, 6, 1, 2, 7]",11,0
"[5, 0, 4, 3, 6, 1, 2, 7]",12,0
"[5, 0, 4, 3, 6, 1, 2, 7]",13,0
"[5, 0, 4, 3, 6, 1, 2, 7]",14,1
"[5, 0, 4, 3, 6, 1, 2, 7]",15,0
"[5, 0, 4, 3, 6, 1, 2, 7]",16,0
"[5, 0, 4, 3, 6, 1, 2, 7]",17,1
"[5, 0, 4, 3, 6, 1, 2, 7]",18,1
"[5, 0, 4, 3, 6, 1, 2, 7]",19,1
"[5, 0, 4, 3, 6, 1, 2, 7]",20,0
"[5, 0, 4, 3, 6, 1, 2, 7]",21,0
"[5, 0, 4, 3, 6, 1, 2, 7]",22,0
"[5, 0, 4, 3, 6, 1, 2, 7]",23,0
"[5, 0, 4, 3, 6, 1, 2, 7]",24,0
"[5, 0, 4, 1, 6, 3, 2, 7]",0,0
"[5, 0, 4, 1, 6, 3, 2, 7]",1,1
"[5, 0, 4, 1, 6, 3, 2, 7]",2,0
"[5, 0, 4, 1, 6, 3, 2, 7]",3,1
"[5, 0, 4, 1, 6, 3, 2, 7]",4,0
"[5, 0, 4, 1, 6, 3, 2, 7]",5,0
"[5, 0, 4, 1, 6, 3, 2, 7]",6,0
"[5, 0, 4, 1, 6, 3, 2, 7]",7,1
"[5, 0, 4, 1, 6, 3, 2, 7]",8,0
"[5, 0, 4, 1, 6, 3, 2, 7]",9,1
"[5, 0, 4, 1, 6, 3, 2, 7]",10,0
"[5, 0, 4, 1, 6, 3, 2, 7]",11,0
"[5, 0, 4, 1, 6, 3, 2, 7]",12,0
"[5, 0, 4, 1, 6, 3, 2, 7]",13,0
"[5, 0, 4, 1, 6, 3, 2, 7]",14,0
"[5, 0, 4, 1, 6, 3, 2, 7]",15,0
"[5, 0, 4, 1, 6, 3, 2, 7]",16,1
"[5, 0, 4, 1, 6, 3, 2, 7]",17,1
"[5, 0, 4, 1, 6, 3, 2, 7]",18,1
"[5, 0, 4, 1, 6, 3, 2, 7]",19,1
"[5, 0, 4, 1, 6, 3, 2, 7]",20,0
"[5, 0, 4, 1, 6, 3, 2, 7]",21,0
"[5, 0, 4, 1, 6, 3, 2, 7]",22,0
"[5, 0, 4, 1, 6, 3, 2, 7]",23,1
"[5, 0, 4, 1, 6, 3, 2, 7]",24,0
"[2, 1, 4, 3, 7, 0, 5, 6]",0,0
"[2, 1, 4, 3, 7, 0, 5, 6]",1,0
"[2, 1, 4, 3, 7, 0, 5, 6]",2,0
"[2, 1, 4, 3, 7, 0, 5, 6]",3,1
"[2, 1, 4, 3, 7, 0, 5, 6]",4,0
"[2, 1, 4, 3, 7, 0, 5, 6]",5,0
"[2, 1, 4, 3, 7, 0, 5, 6]",6,0
"[2, 1, 4, 3, 7, 0, 5, 6]",7,1
"[2, 1, 4, 3, 7, 0, 5, 6]",8,0
"[2, 1, 4, 3, 7, 0, 5, 6]",9,1
"[2, 1, 4, 3, 7, 0, 5, 6]",10,0
"[2, 1, 4, 3, 7, 0, 5, 6]",11,0
"[2, 1, 4, 3, 7, 0, 5, 6]",12,0
"[2, 1, 4, 3, 7, 0, 5, 6]",13,0
"[2, 1, 4, 3, 7, 0, 5, 6]",14,0
"[2, 1, 4, 3, 7, 0, 5, 6]",15,0
"[2, 1, 4, 3, 7, 0, 5, 6]",16,0
"[2, 1, 4, 3, 7, 0, 5, 6]",17,1
"[2, 1, 4, 3, 7, 0, 5, 6]",18,0
"[2, 1, 4, 3, 7, 0, 5, 6]",19,1
"[2, 1, 4, 3, 7, 0, 5, 6]",20,0
"[2, 1, 4, 3, 7, 0, 5, 6]",21,0
"[2, 1, 4, 3, 7, 0, 5, 6]",22,0
"[2, 1, 4, 3, 7, 0, 5, 6]",23,0
"[2, 1, 4, 3, 7, 0, 5, 6]",24,0
"[2, 4, 3, 7, 1, 0, 5, 6]",0,0
"[2, 4, 3, 7, 1, 0, 5, 6]",1,1
"[2, 4, 3, 7, 1, 0, 5, 6]",2,0
"[2, 4, 3, 7, 1, 0, 5, 6]",3,1
"[2, 4, 3, 7, 1, 0, 5, 6]",4,1
"[2, 4, 3, 7, 1, 0, 5, 6]",5,0
"[2, 4, 3, 7, 1, 0, 5, 6]",6,0
"[2, 4, 3, 7, 1, 0, 5, 6]",7,1
"[2, 4, 3, 7, 1, 0, 5, 6]",8,0
"[2, 4, 3, 7, 1, 0, 5, 6]",9,1
"[2, 4, 3, 7, 1, 0, 5, 6]",10,0
"[2, 4, 3, 7, 1, 0, 5, 6]",11,0
"[2, 4, 3, 7, 1, 0, 5, 6]",12,1
"[2, 4, 3, 7, 1, 0, 5, 6]",13,0
"[2, 4, 3, 7, 1, 0, 5, 6]",14,0
"[2, 4, 3, 7, 1, 0, 5, 6]",15,0
"[2, 4, 3, 7, 1, 0, 5, 6]",16,0
"[2, 4, 3, 7, 1, 0, 5, 6]",17,1
"[2, 4, 3, 7, 1, 0, 5, 6]",18,1
"[2, 4, 3, 7, 1, 0, 5, 6]",19,1
"[2, 4, 3, 7, 1, 0, 5, 6]",20,0
"[2, 4, 3, 7, 1, 0, 5, 6]",21,0
"[2, 4, 3, 7, 1, 0, 5, 6]",22,0
"[2, 4, 3, 7, 1, 0, 5, 6]",23,0
"[2, 4, 3, 7, 1, 0, 5, 6]",24,0
"[7, 5, 3, 0, 1, 2, 4, 6]",0,0
"[7, 5, 3, 0, 1, 2, 4, 6]",1,1
"[7, 5, 3, 0, 1, 2, 4, 6]",2,0
"[7, 5, 3, 0, 1, 2, 4, 6]",3,0
"[7, 5, 3, 0, 1, 2, 4, 6]",4,1
"[7, 5, 3, 0, 1, 2, 4, 6]",5,0
"[7, 5, 3, 0, 1, 2, 4, 6]",6,0
"[7, 5, 3, 0, 1, 2, 4, 6]",7,1
"[7, 5, 3, 0, 1, 2, 4, 6]",8,0
"[7, 5, 3, 0, 1, 2, 4, 6]",9,1
"[7, 5, 3, 0, 1, 2, 4, 6]",10,0
"[7, 5, 3, 0, 1, 2, 4, 6]",11,0
"[7, 5, 3, 0, 1, 2, 4, 6]",12,1
"[7, 5, 3, 0, 1, 2, 4, 6]",13,0
"[7, 5, 3, 0, 1, 2, 4, 6]",14,1
"[7, 5, 3, 0, 1, 2, 4, 6]",15,0
"[7, 5, 3, 0, 1, 2, 4, 6]",16,0
"[7, 5, 3, 0, 1, 2, 4, 6]",17,1
"[7, 5, 3, 0, 1, 2, 4, 6]",18,0
"[7, 5, 3, 0, 1, 2, 4, 6]",19,1
"[7, 5, 3, 0, 1, 2, 4, 6]",20,0
"[7, 5, 3, 0, 1, 2, 4, 6]",21,0
"[7, 5, 3, 0, 1, 2, 4, 6]",22,0
"[7, 5, 3, 0, 1, 2, 4, 6]",23,0
"[7, 5, 3, 0, 1, 2, 4, 6]",24,0
"[7, 5, 3, 0, 2, 1, 4, 6]",0,0
"[7, 5, 3, 0, 2, 1, 4, 6]",1,0
"[7, 5, 3, 0, 2, 1, 4, 6]",2,0
"[7, 5, 3, 0, 2, 1, 4, 6]",3,0
"[7, 5, 3, 0, 2, 1, 4, 6]",4,0
"[7, 5, 3, 0, 2, 1, 4, 6]",5,0
"[7, 5, 3, 0, 2, 1, 4, 6]",6,0
"[7, 5, 3, 0, 2, 1, 4, 6]",7,1
"[7, 5, 3, 0, 2, 1, 4, 6]",8,0
"[7, 5, 3, 0, 2, 1, 4, 6]",9,1
"[7, 5, 3, 0, 2, 1, 4, 6]",10,0
"[7, 5, 3, 0, 2, 1, 4, 6]",11,0
"[7, 5, 3, 0, 2, 1, 4, 6]",12,1
"[7, 5, 3, 0, 2, 1, 4, 6]",13,1
"[7, 5, 3, 0, 2, 1, 4, 6]",14,0
"[7, 5, 3, 0, 2, 1, 4, 6]",15,1
"[7, 5, 3, 0, 2, 1, 4, 6]",16,0
"[7, 5, 3, 0, 2, 1, 4, 6]",17,0
"[7, 5, 3, 0, 2, 1, 4, 6]",18,0
"[7, 5, 3, 0, 2, 1, 4, 6]",19,1
"[7, 5, 3, 0, 2, 1, 4, 6]",20,0
"[7, 5, 3, 0, 2, 1, 4, 6]",21,0
"[7, 5, 3, 0, 2, 1, 4, 6]",22,0
"[7, 5, 3, 0, 2, 1, 4, 6]",23,0
"[7, 5, 3, 0, 2, 1, 4, 6]",24,0
"[7, 6, 5, 3, 1, 0, 4, 2]",0,0
"[7, 6, 5, 3, 1, 0, 4, 2]",1,0
"[7, 6, 5, 3, 1, 0, 4, 2]",2,0
"[7, 6, 5, 3, 1, 0, 4, 2]",3,0
"[7, 6, 5, 3, 1, 0, 4, 2]",4,0
"[7, 6, 5, 3, 1, 0, 4, 2]",5,0
"[7, 6, 5, 3, 1, 0, 4, 2]",6,0
"[7, 6, 5, 3, 1, 0, 4, 2]",7,1
"[7, 6, 5, 3, 1, 0, 4, 2]",8,0
"[7, 6, 5, 3, 1, 0, 4, 2]",9,1
"[7, 6, 5, 3, 1, 0, 4, 2]",10,0
"[7, 6, 5, 3, 1, 0, 4, 2]",11,0
"[7, 6, 5, 3, 1, 0, 4, 2]",12,0
"[7, 6, 5, 3, 1, 0, 4, 2]",13,1
"[7, 6, 5, 3, 1, 0, 4, 2]",14,0
"[7, 6, 5, 3, 1, 0, 4, 2]",15,1
"[7, 6, 5, 3, 1, 0, 4, 2]",16,0
"[7, 6, 5, 3, 1, 0, 4, 2]",17,1
"[7, 6, 5, 3, 1, 0, 4, 2]",18,1
"[7, 6, 5, 3, 1, 0, 4, 2]",19,0
"[7, 6, 5, 3, 1, 0, 4, 2]",20,0
"[7, 6, 5, 3, 1, 0, 4, 2]",21,0
"[7, 6, 5, 3, 1, 0, 4, 2]",22,0
"[7, 6, 5, 3, 1, 0, 4, 2]",23,0
"[7, 6, 5, 3, 1, 0, 4, 2]",24,0
"[7, 5, 3, 1, 0, 6, 4, 2]",0,0
"[7, 5, 3, 1, 0, 6, 4, 2]",1,0
"[7, 5, 3, 1, 0, 6, 4, 2]",2,0
"[7, 5, 3, 1, 0, 6, 4, 2]",3,0
"[7, 5, 3, 1, 0, 6, 4, 2]",4,1
"[7, 5, 3, 1, 0, 6, 4, 2]",5,0
"[7, 5, 3, 1, 0, 6, 4, 2]",6,0
"[7, 5, 3, 1, 0, 6, 4, 2]",7,0
"[7, 5, 3, 1, 0, 6, 4, 2]",8,0
"[7, 5, 3, 1, 0, 6, 4, 2]",9,1
"[7, 5, 3, 1, 0, 6, 4, 2]",10,0
"[7, 5, 3, 1, 0, 6, 4, 2]",11,0
"[7, 5, 3, 1, 0, 6, 4, 2]",12,0
"[7, 5, 3, 1, 0, 6, 4, 2]",13,0
"[7, 5, 3, 1, 0, 6, 4, 2]",14,1
"[7, 5, 3, 1, 0, 6, 4, 2]",15,1
"[7, 5, 3, 1, 0, 6, 4, 2]",16,0
"[7, 5, 3, 1, 0, 6, 4, 2]",17,1
"[7, 5, 3, 1, 0, 6, 4, 2]",18,0
"[7, 5, 3, 1, 0, 6, 4, 2]",19,1
"[7, 5, 3, 1, 0, 6, 4, 2]",20,0
"[7, 5, 3, 1, 0, 6, 4, 2]",21,0
"[7, 5, 3, 1, 0, 6, 4, 2]",22,1
"[7, 5, 3, 1, 0, 6, 4, 2]",23,0
"[7, 5, 3, 1, 0, 6, 4, 2]",24,0
"[4, 1, 0, 6, 5, 3, 2, 7]",0,0
"[4, 1, 0, 6, 5, 3, 2, 7]",1,1
"[4, 1, 0, 6, 5, 3, 2, 7]",2,0
"[4, 1, 0, 6, 5, 3, 2, 7]",3,0
"[4, 1, 0, 6, 5, 3, 2, 7]",4,0
"[4, 1, 0, 6, 5, 3, 2, 7]",5,0
"[4, 1, 0, 6, 5, 3, 2, 7]",6,0
"[4, 1, 0, 6, 5, 3, 2, 7]",7,1
"[4, 1, 0, 6, 5, 3, 2, 7]",8,0
"[4, 1, 0, 6, 5, 3, 2, 7]",9,1
"[4, 1, 0, 6, 5, 3, 2, 7]",10,0
"[4, 1, 0, 6, 5, 3, 2, 7]",11,0
"[4, 1, 0, 6, 5, 3, 2, 7]",12,1
"[4, 1, 0, 6, 5, 3, 2, 7]",13,0
"[4, 1, 0, 6, 5, 3, 2, 7]",14,1
"[4, 1, 0, 6, 5, 3, 2, 7]",15,0
"[4, 1, 0, 6, 5, 3, 2, 7]",16,0
"[4, 1, 0, 6, 5, 3, 2, 7]",17,1
"[4, 1, 0, 6, 5, 3, 2, 7]",18,1
"[4, 1, 0, 6, 5, 3, 2, 7]",19,1
"[4, 1, 0, 6, 5, 3, 2, 7]",20,0
"[4, 1, 0, 6, 5, 3, 2, 7]",21,1
"[4, 1, 0, 6, 5, 3, 2, 7]",22,1
"[4, 1, 0, 6, 5, 3, 2, 7]",23,0
"[4, 1, 0, 6, 5, 3, 2, 7]",24,0
"[2, 4, 1, 0, 6, 5, 3, 7]",0,0
"[2, 4, 1, 0, 6, 5, 3, 7]",1,1
"[2, 4, 1, 0, 6, 5, 3, 7]",2,0
"[2, 4, 1, 0, 6, 5, 3, 7]",3,0
"[2, 4, 1, 0, 6, 5, 3, 7]",4,0
"[2, 4, 1, 0, 6, 5, 3, 7]",5,0
"[2, 4, 1, 0, 6, 5, 3, 7]",6,0
"[2, 4, 1, 0, 6, 5, 3, 7]",7,1
"[2, 4, 1, 0, 6, 5, 3, 7]",8,0
"[2, 4, 1, 0, 6, 5, 3, 7]",9,1
"[2, 4, 1, 0, 6, 5, 3, 7]",10,0
"[2, 4, 1, 0, 6, 5, 3, 7]",11,0
"[2, 4, 1, 0, 6, 5, 3, 7]",12,0
"[2, 4, 1, 0, 6, 5, 3, 7]",13,0
"[2, 4, 1, 0, 6, 5, 3, 7]",14,0
"[2, 4, 1, 0, 6, 5, 3, 7]",15,1
"[2, 4, 1, 0, 6, 5, 3, 7]",16,0
"[2, 4, 1, 0, 6, 5, 3, 7]",17,1
"[2, 4, 1, 0, 6, 5, 3, 7]",18,1
"[2, 4, 1, 0, 6, 5, 3, 7]",19,1
"[2, 4, 1, 0, 6, 5, 3, 7]",20,0
"[2, 4, 1, 0, 6, 5, 3, 7]",21,0
"[2, 4, 1, 0, 6, 5, 3, 7]",22,0
"[2, 4, 1, 0, 6, 5, 3, 7]",23,0
"[2, 4, 1, 0, 6, 5, 3, 7]",24,0
"[6, 0, 3, 4, 2, 7, 5, 1]",0,0
"[6, 0, 3, 4, 2, 7, 5, 1]",1,0
"[6, 0, 3, 4, 2, 7, 5, 1]",2,0
"[6, 0, 3, 4, 2, 7, 5, 1]",3,1
"[6, 0, 3, 4, 2, 7, 5, 1]",4,0
"[6, 0, 3, 4, 2, 7, 5, 1]",5,0
"[6, 0, 3, 4, 2, 7, 5, 1]",6,0
"[6, 0, 3, 4, 2, 7, 5, 1]",7,1
"[6, 0, 3, 4, 2, 7, 5, 1]",8,0
"[6, 0, 3, 4, 2, 7, 5, 1]",9,1
"[6, 0, 3, 4, 2, 7, 5, 1]",10,0
"[6, 0, 3, 4, 2, 7, 5, 1]",11,0
"[6, 0, 3, 4, 2, 7, 5, 1]",12,0
"[6, 0, 3, 4, 2, 7, 5, 1]",13,0
"[6, 0, 3, 4, 2, 7, 5, 1]",14,0
"[6, 0, 3, 4, 2, 7, 5, 1]",15,0
"[6, 0, 3, 4, 2, 7, 5, 1]",16,0
"[6, 0, 3, 4, 2, 7, 5, 1]",17,1
"[6, 0, 3, 4, 2, 7, 5, 1]",18,1
"[6, 0, 3, 4, 2, 7, 5, 1]",19,0
"[6, 0, 3, 4, 2, 7, 5, 1]",20,0
"[6, 0, 3, 4, 2, 7, 5, 1]",21,0
"[6, 0, 3, 4, 2, 7, 5, 1]",22,0
"[6, 0, 3, 4, 2, 7, 5, 1]",23,0
"[6, 0, 3, 4, 2, 7, 5, 1]",24,0
"[3, 6, 0, 4, 2, 7, 5, 1]",0,0
"[3, 6, 0, 4, 2, 7, 5, 1]",1,0
"[3, 6, 0, 4, 2, 7, 5, 1]",2,0
"[3, 6, 0, 4, 2, 7, 5, 1]",3,1
"[3, 6, 0, 4, 2, 7, 5, 1]",4,0
"[3, 6, 0, 4, 2, 7, 5, 1]",5,0
"[3, 6, 0, 4, 2, 7, 5, 1]",6,0
"[3, 6, 0, 4, 2, 7, 5, 1]",7,1
"[3, 6, 0, 4, 2, 7, 5, 1]",8,0
"[3, 6, 0, 4, 2, 7, 5, 1]",9,1
"[3, 6, 0, 4, 2, 7, 5, 1]",10,0
"[3, 6, 0, 4, 2, 7, 5, 1]",11,0
"[3, 6, 0, 4, 2, 7, 5, 1]",12,1
"[3, 6, 0, 4, 2, 7, 5, 1]",13,0
"[3, 6, 0, 4, 2, 7, 5, 1]",14,0
"[3, 6, 0, 4, 2, 7, 5, 1]",15,0
"[3, 6, 0, 4, 2, 7, 5, 1]",16,0
"[3, 6, 0, 4, 2, 7, 5, 1]",17,1
"[3, 6, 0, 4, 2, 7, 5, 1]",18,0
"[3, 6, 0, 4, 2, 7, 5, 1]",19,1
"[3, 6, 0, 4, 2, 7, 5, 1]",20,0
"[3, 6, 0, 4, 2, 7, 5, 1]",21,1
"[3, 6, 0, 4, 2, 7, 5, 1]",22,1
"[3, 6, 0, 4, 2, 7, 5, 1]",23,0
"[3, 6, 0, 4, 2, 7, 5, 1]",24,0
"[2, 5, 7, 6, 3, 4, 0, 1]",0,0
"[2, 5, 7, 6, 3, 4, 0, 1]",1,1
"[2, 5, 7, 6, 3, 4, 0, 1]",2,0
"[2, 5, 7, 6, 3, 4, 0, 1]",3,0
"[2, 5, 7, 6, 3, 4, 0, 1]",4,0
"[2, 5, 7, 6, 3, 4, 0, 1]",5,0
"[2, 5, 7, 6, 3, 4, 0, 1]",6,0
"[2, 5, 7, 6, 3, 4, 0, 1]",7,0
"[2, 5, 7, 6, 3, 4, 0, 1]",8,0
"[2, 5, 7, 6, 3, 4, 0, 1]",9,1
"[2, 5, 7, 6, 3, 4, 0, 1]",10,0
"[2, 5, 7, 6, 3, 4, 0, 1]",11,0
"[2, 5, 7, 6, 3, 4, 0, 1]",12,0
"[2, 5, 7, 6, 3, 4, 0, 1]",13,0
"[2, 5, 7, 6, 3, 4, 0, 1]",14,0
"[2, 5, 7, 6, 3, 4, 0, 1]",15,1
"[2, 5, 7, 6, 3, 4, 0, 1]",16,0
"[2, 5, 7, 6, 3, 4, 0, 1]",17,1
"[2, 5, 7, 6, 3, 4, 0, 1]",18,0
"[2, 5, 7, 6, 3, 4, 0, 1]",19,1
"[2, 5, 7, 6, 3, 4, 0, 1]",20,0
"[2, 5, 7, 6, 3, 4, 0, 1]",21,1
"[2, 5, 7, 6, 3, 4, 0, 1]",22,1
"[2, 5, 7, 6, 3, 4, 0, 1]",23,0
"[2, 5, 7, 6, 3, 4, 0, 1]",24,0
"[1, 2, 5, 7, 6, 3, 4, 0]",0,0
"[1, 2, 5, 7, 6, 3, 4, 0]",1,1
"[1, 2, 5, 7, 6, 3, 4, 0]",2,0
"[1, 2, 5, 7, 6, 3, 4, 0]",3,0
"[1, 2, 5, 7, 6, 3, 4, 0]",4,1
"[1, 2, 5, 7, 6, 3, 4, 0]",5,0
"[1, 2, 5, 7, 6, 3, 4, 0]",6,1
"[1, 2, 5, 7, 6, 3, 4, 0]",7,0
"[1, 2, 5, 7, 6, 3, 4, 0]",8,0
"[1, 2, 5, 7, 6, 3, 4, 0]",9,1
"[1, 2, 5, 7, 6, 3, 4, 0]",10,0
"[1, 2, 5, 7, 6, 3, 4, 0]",11,0
"[1, 2, 5, 7, 6, 3, 4, 0]",12,1
"[1, 2, 5, 7, 6, 3, 4, 0]",13,0
"[1, 2, 5, 7, 6, 3, 4, 0]",14,0
"[1, 2, 5, 7, 6, 3, 4, 0]",15,0
"[1, 2, 5, 7, 6, 3, 4, 0]",16,0
"[1, 2, 5, 7, 6, 3, 4, 0]",17,1
"[1, 2, 5, 7, 6, 3, 4, 0]",18,0
"[1, 2, 5, 7, 6, 3, 4, 0]",19,0
"[1, 2, 5, 7, 6, 3, 4, 0]",20,0
"[1, 2, 5, 7, 6, 3, 4, 0]",21,0
"[1, 2, 5, 7, 6, 3, 4, 0]",22,0
"[1, 2, 5, 7, 6, 3, 4, 0]",23,0
"[1, 2, 5, 7, 6, 3, 4, 0]",24,0
"[3, 5, 1, 0, 6, 2, 4, 7]",0,0
"[3, 5, 1, 0, 6, 2, 4, 7]",1,1
"[3, 5, 1, 0, 6, 2, 4, 7]",2,1
"[3, 5, 1, 0, 6, 2, 4, 7]",3,0
"[3, 5, 1, 0, 6, 2, 4, 7]",4,0
"[3, 5, 1, 0, 6, 2, 4, 7]",5,1
"[3, 5, 1, 0, 6, 2, 4, 7]",6,0
"[3, 5, 1, 0, 6, 2, 4, 7]",7,1
"[3, 5, 1, 0, 6, 2, 4, 7]",8,0
"[3, 5, 1, 0, 6, 2, 4, 7]",9,1
"[3, 5, 1, 0, 6, 2, 4, 7]",10,0
"[3, 5, 1, 0, 6, 2, 4, 7]",11,0
"[3, 5, 1, 0, 6, 2, 4, 7]",12,0
"[3, 5, 1, 0, 6, 2, 4, 7]",13,1
"[3, 5, 1, 0, 6, 2, 4, 7]",14,0
"[3, 5, 1, 0, 6, 2, 4, 7]",15,0
"[3, 5, 1, 0, 6, 2, 4, 7]",16,0
"[3, 5, 1, 0, 6, 2, 4, 7]",17,1
"[3, 5, 1, 0, 6, 2, 4, 7]",18,0
"[3, 5, 1, 0, 6, 2, 4, 7]",19,1
"[3, 5, 1, 0, 6, 2, 4, 7]",20,0
"[3, 5, 1, 0, 6, 2, 4, 7]",21,0
"[3, 5, 1, 0, 6, 2, 4, 7]",22,0
"[3, 5, 1, 0, 6, 2, 4, 7]",23,0
"[3, 5, 1, 0, 6, 2, 4, 7]",24,0
"[3, 0, 5, 1, 6, 2, 4, 7]",0,0
"[3, 0, 5, 1, 6, 2, 4, 7]",1,1
"[3, 0, 5, 1, 6, 2, 4, 7]",2,0
"[3, 0, 5, 1, 6, 2, 4, 7]",3,0
"[3, 0, 5, 1, 6, 2, 4, 7]",4,0
"[3, 0, 5, 1, 6, 2, 4, 7]",5,0
"[3, 0, 5, 1, 6, 2, 4, 7]",6,1
"[3, 0, 5, 1, 6, 2, 4, 7]",7,1
"[3, 0, 5, 1, 6, 2, 4, 7]",8,0
"[3, 0, 5, 1, 6, 2, 4, 7]",9,1
"[3, 0, 5, 1, 6, 2, 4, 7]",10,0
"[3, 0, 5, 1, 6, 2, 4, 7]",11,0
"[3, 0, 5, 1, 6, 2, 4, 7]",12,0
"[3, 0, 5, 1, 6, 2, 4, 7]",13,0
"[3, 0, 5, 1, 6, 2, 4, 7]",14,0
"[3, 0, 5, 1, 6, 2, 4, 7]",15,0
"[3, 0, 5, 1, 6, 2, 4, 7]",16,0
"[3, 0, 5, 1, 6, 2, 4, 7]",17,1
"[3, 0, 5, 1, 6, 2, 4, 7]",18,1
"[3, 0, 5, 1, 6, 2, 4, 7]",19,1
"[3, 0, 5, 1, 6, 2, 4, 7]",20,0
"[3, 0, 5, 1, 6, 2, 4, 7]",21,0
"[3, 0, 5, 1, 6, 2, 4, 7]",22,0
"[3, 0, 5, 1, 6, 2, 4, 7]",23,0
"[3, 0, 5, 1, 6, 2, 4, 7]",24,0
"[2, 1, 6, 7, 4, 5, 3, 0]",0,0
"[2, 1, 6, 7, 4, 5, 3, 0]",1,1
"[2, 1, 6, 7, 4, 5, 3, 0]",2,0
"[2, 1, 6, 7, 4, 5, 3, 0]",3,0
"[2, 1, 6, 7, 4, 5, 3, 0]",4,0
"[2, 1, 6, 7, 4, 5, 3, 0]",5,0
"[2, 1, 6, 7, 4, 5, 3, 0]",6,0
"[2, 1, 6, 7, 4, 5, 3, 0]",7,0
"[2, 1, 6, 7, 4, 5, 3, 0]",8,0
"[2, 1, 6, 7, 4, 5, 3, 0]",9,1
"[2, 1, 6, 7, 4, 5, 3, 0]",10,0
"[2, 1, 6, 7, 4, 5, 3, 0]",11,1
"[2, 1, 6, 7, 4, 5, 3, 0]",12,0
"[2, 1, 6, 7, 4, 5, 3, 0]",13,0
"[2, 1, 6, 7, 4, 5, 3, 0]",14,0
"[2, 1, 6, 7, 4, 5, 3, 0]",15,1
"[2, 1, 6, 7, 4, 5, 3, 0]",16,0
"[2, 1, 6, 7, 4, 5, 3, 0]",17,1
"[2, 1, 6, 7, 4, 5, 3, 0]",18,0
"[2, 1, 6, 7, 4, 5, 3, 0]",19,1
"[2, 1, 6, 7, 4, 5, 3, 0]",20,0
"[2, 1, 6, 7, 4, 5, 3, 0]",21,0
"[2, 1, 6, 7, 4, 5, 3, 0]",22,0
"[2, 1, 6, 7, 4, 5, 3, 0]",23,0
"[2, 1, 6, 7, 4, 5, 3, 0]",24,0
"[2, 6, 7, 4, 1, 5, 3, 0]",0,0
"[2, 6, 7, 4, 1, 5, 3, 0]",1,1
"[2, 6, 7, 4, 1, 5, 3, 0]",2,0
"[2, 6, 7, 4, 1, 5, 3, 0]",3,0
"[2, 6, 7, 4, 1, 5, 3, 0]",4,1
"[2, 6, 7, 4, 1, 5, 3, 0]",5,0
"[2, 6, 7, 4, 1, 5, 3, 0]",6,0
"[2, 6, 7, 4, 1, 5, 3, 0]",7,0
"[2, 6, 7, 4, 1, 5, 3, 0]",8,0
"[2, 6, 7, 4, 1, 5, 3, 0]",9,1
"[2, 6, 7, 4, 1, 5, 3, 0]",10,0
"[2, 6, 7, 4, 1, 5, 3, 0]",11,1
"[2, 6, 7, 4, 1, 5, 3, 0]",12,1
"[2, 6, 7, 4, 1, 5, 3, 0]",13,1
"[2, 6, 7, 4, 1, 5, 3, 0]",14,0
"[2, 6, 7, 4, 1, 5, 3, 0]",15,0
"[2, 6, 7, 4, 1, 5, 3, 0]",16,1
"[2, 6, 7, 4, 1, 5, 3, 0]",17,1
"[2, 6, 7, 4, 1, 5, 3, 0]",18,1
"[2, 6, 7, 4, 1, 5, 3, 0]",19,1
"[2, 6, 7, 4, 1, 5, 3, 0]",20,0
"[2, 6, 7, 4, 1, 5, 3, 0]",21,0
"[2, 6, 7, 4, 1, 5, 3, 0]",22,0
"[2, 6, 7, 4, 1, 5, 3, 0]",23,0
"[2, 6, 7, 4, 1, 5, 3, 0]",24,0
"[6, 4, 1, 3, 2, 0, 5, 7]",0,0
"[6, 4, 1, 3, 2, 0, 5, 7]",1,0
"[6, 4, 1, 3, 2, 0, 5, 7]",2,0
"[6, 4, 1, 3, 2, 0, 5, 7]",3,0
"[6, 4, 1, 3, 2, 0, 5, 7]",4,0
"[6, 4, 1, 3, 2, 0, 5, 7]",5,0
"[6, 4, 1, 3, 2, 0, 5, 7]",6,0
"[6, 4, 1, 3, 2, 0, 5, 7]",7,0
"[6, 4, 1, 3, 2, 0, 5, 7]",8,0
"[6, 4, 1, 3, 2, 0, 5, 7]",9,1
"[6, 4, 1, 3, 2, 0, 5, 7]",10,0
"[6, 4, 1, 3, 2, 0, 5, 7]",11,0
"[6, 4, 1, 3, 2, 0, 5, 7]",12,0
"[6, 4, 1, 3, 2, 0, 5, 7]",13,0
"[6, 4, 1, 3, 2, 0, 5, 7]",14,1
"[6, 4, 1, 3, 2, 0, 5, 7]",15,1
"[6, 4, 1, 3, 2, 0, 5, 7]",16,0
"[6, 4, 1, 3, 2, 0, 5, 7]",17,1
"[6, 4, 1, 3, 2, 0, 5, 7]",18,1
"[6, 4, 1, 3, 2, 0, 5, 7]",19,1
"[6, 4, 1, 3, 2, 0, 5, 7]",20,0
"[6, 4, 1, 3, 2, 0, 5, 7]",21,0
"[6, 4, 1, 3, 2, 0, 5, 7]",22,0
"[6, 4, 1, 3, 2, 0, 5, 7]",23,0
"[6, 4, 1, 3, 2, 0, 5, 7]",24,0
"[6, 4, 7, 1, 3, 2, 0, 5]",0,0
"[6, 4, 7, 1, 3, 2, 0, 5]",1,1
"[6, 4, 7, 1, 3, 2, 0, 5]",2,0
"[6, 4, 7, 1, 3, 2, 0, 5]",3,1
"[6, 4, 7, 1, 3, 2, 0, 5]",4,0
"[6, 4, 7, 1, 3, 2, 0, 5]",5,0
"[6, 4, 7, 1, 3, 2, 0, 5]",6,0
"[6, 4, 7, 1, 3, 2, 0, 5]",7,0
"[6, 4, 7, 1, 3, 2, 0, 5]",8,0
"[6, 4, 7, 1, 3, 2, 0, 5]",9,0
"[6, 4, 7, 1, 3, 2, 0, 5]",10,0
"[6, 4, 7, 1, 3, 2, 0, 5]",11,1
"[6, 4, 7, 1, 3, 2, 0, 5]",12,0
"[6, 4, 7, 1, 3, 2, 0, 5]",13,1
"[6, 4, 7, 1, 3, 2, 0, 5]",14,0
"[6, 4, 7, 1, 3, 2, 0, 5]",15,1
"[6, 4, 7, 1, 3, 2, 0, 5]",16,0
"[6, 4, 7, 1, 3, 2, 0, 5]",17,1
"[6, 4, 7, 1, 3, 2, 0, 5]",18,1
"[6, 4, 7, 1, 3, 2, 0, 5]",19,1
"[6, 4, 7, 1, 3, 2, 0, 5]",20,0
"[6, 4, 7, 1, 3, 2, 0, 5]",21,0
"[6, 4, 7, 1, 3, 2, 0, 5]",22,0
"[6, 4, 7, 1, 3, 2, 0, 5]",23,0
"[6, 4, 7, 1, 3, 2, 0, 5]",24,0
"[4, 5, 2, 3, 6, 1, 0, 7]",0,0
"[4, 5, 2, 3, 6, 1, 0, 7]",1,0
"[4, 5, 2, 3, 6, 1, 0, 7]",2,0
"[4, 5, 2, 3, 6, 1, 0, 7]",3,1
"[4, 5, 2, 3, 6, 1, 0, 7]",4,0
"[4, 5, 2, 3, 6, 1, 0, 7]",5,0
"[4, 5, 2, 3, 6, 1, 0, 7]",6,0
"[4, 5, 2, 3, 6, 1, 0, 7]",7,0
"[4, 5, 2, 3, 6, 1, 0, 7]",8,0
"[4, 5, 2, 3, 6, 1, 0, 7]",9,1
"[4, 5, 2, 3, 6, 1, 0, 7]",10,0
"[4, 5, 2, 3, 6, 1, 0, 7]",11,0
"[4, 5, 2, 3, 6, 1, 0, 7]",12,1
"[4, 5, 2, 3, 6, 1, 0, 7]",13,0
"[4, 5, 2, 3, 6, 1, 0, 7]",14,0
"[4, 5, 2, 3, 6, 1, 0, 7]",15,0
"[4, 5, 2, 3, 6, 1, 0, 7]",16,0
"[4, 5, 2, 3, 6, 1, 0, 7]",17,1
"[4, 5, 2, 3, 6, 1, 0, 7]",18,0
"[4, 5, 2, 3, 6, 1, 0, 7]",19,1
"[4, 5, 2, 3, 6, 1, 0, 7]",20,0
"[4, 5, 2, 3, 6, 1, 0, 7]",21,1
"[4, 5, 2, 3, 6, 1, 0, 7]",22,0
"[4, 5, 2, 3, 6, 1, 0, 7]",23,0
"[4, 5, 2, 3, 6, 1, 0, 7]",24,0
"[4, 5, 2, 3, 6, 0, 7, 1]",0,0
"[4, 5, 2, 3, 6, 0, 7, 1]",1,0
"[4, 5, 2, 3, 6, 0, 7, 1]",2,0
"[4, 5, 2, 3, 6, 0, 7, 1]",3,0
"[4, 5, 2, 3, 6, 0, 7, 1]",4,0
"[4, 5, 2, 3, 6, 0, 7, 1]",5,0
"[4, 5, 2, 3, 6, 0, 7, 1]",6,0
"[4, 5, 2, 3, 6, 0, 7, 1]",7,0
"[4, 5, 2, 3, 6, 0, 7, 1]",8,0
"[4, 5, 2, 3, 6, 0, 7, 1]",9,1
"[4, 5, 2, 3, 6, 0, 7, 1]",10,0
"[4, 5, 2, 3, 6, 0, 7, 1]",11,1
"[4, 5, 2, 3, 6, 0, 7, 1]",12,0
"[4, 5, 2, 3, 6, 0, 7, 1]",13,0
"[4, 5, 2, 3, 6, 0, 7, 1]",14,1
"[4, 5, 2, 3, 6, 0, 7, 1]",15,1
"[4, 5, 2, 3, 6, 0, 7, 1]",16,0
"[4, 5, 2, 3, 6, 0, 7, 1]",17,1
"[4, 5, 2, 3, 6, 0, 7, 1]",18,0
"[4, 5, 2, 3, 6, 0, 7, 1]",19,1
"[4, 5, 2, 3, 6, 0, 7, 1]",20,0
"[4, 5, 2, 3, 6, 0, 7, 1]",21,0
"[4, 5, 2, 3, 6, 0, 7, 1]",22,0
"[4, 5, 2, 3, 6, 0, 7, 1]",23,0
"[4, 5, 2, 3, 6, 0, 7, 1]",24,0
"[4, 6, 3, 0, 7, 1, 2, 5]",0,0
"[4, 6, 3, 0, 7, 1, 2, 5]",1,0
"[4, 6, 3, 0, 7, 1, 2, 5]",2,0
"[4, 6, 3, 0, 7, 1, 2, 5]",3,0
"[4, 6, 3, 0, 7, 1, 2, 5]",4,0
"[4, 6, 3, 0, 7, 1, 2, 5]",5,0
"[4, 6, 3, 0, 7, 1, 2, 5]",6,0
"[4, 6, 3, 0, 7, 1, 2, 5]",7,1
"[4, 6, 3, 0, 7, 1, 2, 5]",8,0
"[4, 6, 3, 0, 7, 1, 2, 5]",9,1
"[4, 6, 3, 0, 7, 1, 2, 5]",10,0
"[4, 6, 3, 0, 7, 1, 2, 5]",11,0
"[4, 6, 3, 0, 7, 1, 2, 5]",12,0
"[4, 6, 3, 0, 7, 1, 2, 5]",13,0
"[4, 6, 3, 0, 7, 1, 2, 5]",14,0
"[4, 6, 3, 0, 7, 1, 2, 5]",15,0
"[4, 6, 3, 0, 7, 1, 2, 5]",16,0
"[4, 6, 3, 0, 7, 1, 2, 5]",17,1
"[4, 6, 3, 0, 7, 1, 2, 5]",18,0
"[4, 6, 3, 0, 7, 1, 2, 5]",19,1
"[4, 6, 3, 0, 7, 1, 2, 5]",20,0
"[4, 6, 3, 0, 7, 1, 2, 5]",21,0
"[4, 6, 3, 0, 7, 1, 2, 5]",22,0
"[4, 6, 3, 0, 7, 1, 2, 5]",23,0
"[4, 6, 3, 0, 7, 1, 2, 5]",24,0
"[4, 6, 3, 7, 1, 2, 0, 5]",0,0
"[4, 6, 3, 7, 1, 2, 0, 5]",1,0
"[4, 6, 3, 7, 1, 2, 0, 5]",2,0
"[4, 6, 3, 7, 1, 2, 0, 5]",3,0
"[4, 6, 3, 7, 1, 2, 0, 5]",4,0
"[4, 6, 3, 7, 1, 2, 0, 5]",5,0
"[4, 6, 3, 7, 1, 2, 0, 5]",6,1
"[4, 6, 3, 7, 1, 2, 0, 5]",7,1
"[4, 6, 3, 7, 1, 2, 0, 5]",8,0
"[4, 6, 3, 7, 1, 2, 0, 5]",9,1
"[4, 6, 3, 7, 1, 2, 0, 5]",10,0
"[4, 6, 3, 7, 1, 2, 0, 5]",11,0
"[4, 6, 3, 7, 1, 2, 0, 5]",12,0
"[4, 6, 3, 7, 1, 2, 0, 5]",13,1
"[4, 6, 3, 7, 1, 2, 0, 5]",14,0
"[4, 6, 3, 7, 1, 2, 0, 5]",15,1
"[4, 6, 3, 7, 1, 2, 0, 5]",16,0
"[4, 6, 3, 7, 1, 2, 0, 5]",17,1
"[4, 6, 3, 7, 1, 2, 0, 5]",18,0
"[4, 6, 3, 7, 1, 2, 0, 5]",19,1
"[4, 6, 3, 7, 1, 2, 0, 5]",20,0
"[4, 6, 3, 7, 1, 2, 0, 5]",21,0
"[4, 6, 3, 7, 1, 2, 0, 5]",22,0
"[4, 6, 3, 7, 1, 2, 0, 5]",23,0
"[4, 6, 3, 7, 1, 2, 0, 5]",24,0
"[3, 6, 2, 7, 4, 0, 1, 5]",0,0
"[3, 6, 2, 7, 4, 0, 1, 5]",1,1
"[3, 6, 2, 7, 4, 0, 1, 5]",2,0
"[3, 6, 2, 7, 4, 0, 1, 5]",3,0
"[3, 6, 2, 7, 4, 0, 1, 5]",4,0
"[3, 6, 2, 7, 4, 0, 1, 5]",5,0
"[3, 6, 2, 7, 4, 0, 1, 5]",6,0
"[3, 6, 2, 7, 4, 0, 1, 5]",7,1
"[3, 6, 2, 7, 4, 0, 1, 5]",8,0
"[3, 6, 2, 7, 4, 0, 1, 5]",9,1
"[3, 6, 2, 7, 4, 0, 1, 5]",10,0
"[3, 6, 2, 7, 4, 0, 1, 5]",11,1
"[3, 6, 2, 7, 4, 0, 1, 5]",12,1
"[3, 6, 2, 7, 4, 0, 1, 5]",13,0
"[3, 6, 2, 7, 4, 0, 1, 5]",14,0
"[3, 6, 2, 7, 4, 0, 1, 5]",15,1
"[3, 6, 2, 7, 4, 0, 1, 5]",16,0
"[3, 6, 2, 7, 4, 0, 1, 5]",17,1
"[3, 6, 2, 7, 4, 0, 1, 5]",18,1
"[3, 6, 2, 7, 4, 0, 1, 5]",19,1
"[3, 6, 2, 7, 4, 0, 1, 5]",20,0
"[3, 6, 2, 7, 4, 0, 1, 5]",21,0
"[3, 6, 2, 7, 4, 0, 1, 5]",22,0
"[3, 6, 2, 7, 4, 0, 1, 5]",23,0
"[3, 6, 2, 7, 4, 0, 1, 5]",24,0
"[3, 6, 2, 7, 0, 4, 1, 5]",0,0
"[3, 6, 2, 7, 0, 4, 1, 5]",1,0
"[3, 6, 2, 7, 0, 4, 1, 5]",2,0
"[3, 6, 2, 7, 0, 4, 1, 5]",3,0
"[3, 6, 2, 7, 0, 4, 1, 5]",4,0
"[3, 6, 2, 7, 0, 4, 1, 5]",5,0
"[3, 6, 2, 7, 0, 4, 1, 5]",6,0
"[3, 6, 2, 7, 0, 4, 1, 5]",7,1
"[3, 6, 2, 7, 0, 4, 1, 5]",8,0
"[3, 6, 2, 7, 0, 4, 1, 5]",9,1
"[3, 6, 2, 7, 0, 4, 1, 5]",10,0
"[3, 6, 2, 7, 0, 4, 1, 5]",11,0
"[3, 6, 2, 7, 0, 4, 1, 5]",12,0
"[3, 6, 2, 7, 0, 4, 1, 5]",13,0
"[3, 6, 2, 7, 0, 4, 1, 5]",14,0
"[3, 6, 2, 7, 0, 4, 1, 5]",15,1
"[3, 6, 2, 7, 0, 4, 1, 5]",16,0
"[3, 6, 2, 7, 0, 4, 1, 5]",17,1
"[3, 6, 2, 7, 0, 4, 1, 5]",18,0
"[3, 6, 2, 7, 0, 4, 1, 5]",19,1
"[3, 6, 2, 7, 0, 4, 1, 5]",20,0
"[3, 6, 2, 7, 0, 4, 1, 5]",21,0
"[3, 6, 2, 7, 0, 4, 1, 5]",22,1
"[3, 6, 2, 7, 0, 4, 1, 5]",23,0
"[3, 6, 2, 7, 0, 4, 1, 5]",24,0
"[0, 4, 1, 2, 7, 6, 3, 5]",0,0
"[0, 4, 1, 2, 7, 6, 3, 5]",1,1
"[0, 4, 1, 2, 7, 6, 3, 5]",2,0
"[0, 4, 1, 2, 7, 6, 3, 5]",3,1
"[0, 4, 1, 2, 7, 6, 3, 5]",4,1
"[0, 4, 1, 2, 7, 6, 3, 5]",5,0
"[0, 4, 1, 2, 7, 6, 3, 5]",6,0
"[0, 4, 1, 2, 7, 6, 3, 5]",7,1
"[0, 4, 1, 2, 7, 6, 3, 5]",8,0
"[0, 4, 1, 2, 7, 6, 3, 5]",9,1
"[0, 4, 1, 2, 7, 6, 3, 5]",10,0
"[0, 4, 1, 2, 7, 6, 3, 5]",11,0
"[0, 4, 1, 2, 7, 6, 3, 5]",12,0
"[0, 4, 1, 2, 7, 6, 3, 5]",13,1
"[0, 4, 1, 2, 7, 6, 3, 5]",14,0
"[0, 4, 1, 2, 7, 6, 3, 5]",15,0
"[0, 4, 1, 2, 7, 6, 3, 5]",16,0
"[0, 4, 1, 2, 7, 6, 3, 5]",17,1
"[0, 4, 1, 2, 7, 6, 3, 5]",18,1
"[0, 4, 1, 2, 7, 6, 3, 5]",19,1
"[0, 4, 1, 2, 7, 6, 3, 5]",20,0
"[0, 4, 1, 2, 7, 6, 3, 5]",21,0
"[0, 4, 1, 2, 7, 6, 3, 5]",22,0
"[0, 4, 1, 2, 7, 6, 3, 5]",23,0
"[0, 4, 1, 2, 7, 6, 3, 5]",24,0
"[0, 4, 1, 2, 6, 7, 3, 5]",0,0
"[0, 4, 1, 2, 6, 7, 3, 5]",1,0
"[0, 4, 1, 2, 6, 7, 3, 5]",2,0
"[0, 4, 1, 2, 6, 7, 3, 5]",3,1
"[0, 4, 1, 2, 6, 7, 3, 5]",4,1
"[0, 4, 1, 2, 6, 7, 3, 5]",5,0
"[0, 4, 1, 2, 6, 7, 3, 5]",6,0
"[0, 4, 1, 2, 6, 7, 3, 5]",7,1
"[0, 4, 1, 2, 6, 7, 3, 5]",8,0
"[0, 4, 1, 2, 6, 7, 3, 5]",9,1
"[0, 4, 1, 2, 6, 7, 3, 5]",10,0
"[0, 4, 1, 2, 6, 7, 3, 5]",11,0
"[0, 4, 1, 2, 6, 7, 3, 5]",12,0
"[0, 4, 1, 2, 6, 7, 3, 5]",13,0
"[0, 4, 1, 2, 6, 7, 3, 5]",14,0
"[0, 4, 1, 2, 6, 7, 3, 5]",15,0
"[0, 4, 1, 2, 6, 7, 3, 5]",16,0
"[0, 4, 1, 2, 6, 7, 3, 5]",17,1
"[0, 4, 1, 2, 6, 7, 3, 5]",18,1
"[0, 4, 1, 2, 6, 7, 3, 5]",19,1
"[0, 4, 1, 2, 6, 7, 3, 5]",20,0
"[0, 4, 1, 2, 6, 7, 3, 5]",21,1
"[0, 4, 1, 2, 6, 7, 3, 5]",22,0
"[0, 4, 1, 2, 6, 7, 3, 5]",23,0
"[0, 4, 1, 2, 6, 7, 3, 5]",24,0
"[1, 5, 6, 4, 0, 3, 2, 7]",0,0
"[1, 5, 6, 4, 0, 3, 2, 7]",1,1
"[1, 5, 6, 4, 0, 3, 2, 7]",2,0
"[1, 5, 6, 4, 0, 3, 2, 7]",3,0
"[1, 5, 6, 4, 0, 3, 2, 7]",4,0
"[1, 5, 6, 4, 0, 3, 2, 7]",5,0
"[1, 5, 6, 4, 0, 3, 2, 7]",6,0
"[1, 5, 6, 4, 0, 3, 2, 7]",7,1
"[1, 5, 6, 4, 0, 3, 2, 7]",8,0
"[1, 5, 6, 4, 0, 3, 2, 7]",9,1
"[1, 5, 6, 4, 0, 3, 2, 7]",10,0
"[1, 5, 6, 4, 0, 3, 2, 7]",11,0
"[1, 5, 6, 4, 0, 3, 2, 7]",12,0
"[1, 5, 6, 4, 0, 3, 2, 7]",13,0
"[1, 5, 6, 4, 0, 3, 2, 7]",14,0
"[1, 5, 6, 4, 0, 3, 2, 7]",15,0
"[1, 5, 6, 4, 0, 3, 2, 7]",16,0
"[1, 5, 6, 4, 0, 3, 2, 7]",17,1
"[1, 5, 6, 4, 0, 3, 2, 7]",18,0
"[1, 5, 6, 4, 0, 3, 2, 7]",19,1
"[1, 5, 6, 4, 0, 3, 2, 7]",20,0
"[1, 5, 6, 4, 0, 3, 2, 7]",21,1
"[1, 5, 6, 4, 0, 3, 2, 7]",22,0
"[1, 5, 6, 4, 0, 3, 2, 7]",23,0
"[1, 5, 6, 4, 0, 3, 2, 7]",24,0
"[5, 6, 4, 1, 0, 3, 2, 7]",0,0
"[5, 6, 4, 1, 0, 3, 2, 7]",1,1
"[5, 6, 4, 1, 0, 3, 2, 7]",2,0
"[5, 6, 4, 1, 0, 3, 2, 7]",3,0
"[5, 6, 4, 1, 0, 3, 2, 7]",4,0
"[5, 6, 4, 1, 0, 3, 2, 7]",5,0
"[5, 6, 4, 1, 0, 3, 2, 7]",6,0
"[5, 6, 4, 1, 0, 3, 2, 7]",7,1
"[5, 6, 4, 1, 0, 3, 2, 7]",8,0
"[5, 6, 4, 1, 0, 3, 2, 7]",9,1
"[5, 6, 4, 1, 0, 3, 2, 7]",10,0
"[5, 6, 4, 1, 0, 3, 2, 7]",11,0
"[5, 6, 4, 1, 0, 3, 2, 7]",12,0
"[5, 6, 4, 1, 0, 3, 2, 7]",13,0
"[5, 6, 4, 1, 0, 3, 2, 7]",14,0
"[5, 6, 4, 1, 0, 3, 2, 7]",15,0
"[5, 6, 4, 1, 0, 3, 2, 7]",16,0
"[5, 6, 4, 1, 0, 3, 2, 7]",17,1
"[5, 6, 4, 1, 0, 3, 2, 7]",18,0
"[5, 6, 4, 1, 0, 3, 2, 7]",19,0
"[5, 6, 4, 1, 0, 3, 2, 7]",20,0
"[5, 6, 4, 1, 0, 3, 2, 7]",21,0
"[5, 6, 4, 1, 0, 3, 2, 7]",22,1
"[5, 6, 4, 1, 0, 3, 2, 7]",23,0
"[5, 6, 4, 1, 0, 3, 2, 7]",24,0
"[5, 7, 1, 6, 4, 0, 3, 2]",0,0
"[5, 7, 1, 6, 4, 0, 3, 2]",1,1
"[5, 7, 1, 6, 4, 0, 3, 2]",2,0
"[5, 7, 1, 6, 4, 0, 3, 2]",3,0
"[5, 7, 1, 6, 4, 0, 3, 2]",4,0
"[5, 7, 1, 6, 4, 0, 3, 2]",5,0
"[5, 7, 1, 6, 4, 0, 3, 2]",6,1
"[5, 7, 1, 6, 4, 0, 3, 2]",7,1
"[5, 7, 1, 6, 4, 0, 3, 2]",8,0
"[5, 7, 1, 6, 4, 0, 3, 2]",9,1
"[5, 7, 1, 6, 4, 0, 3, 2]",10,0
"[5, 7, 1, 6, 4, 0, 3, 2]",11,1
"[5, 7, 1, 6, 4, 0, 3, 2]",12,0
"[5, 7, 1, 6, 4, 0, 3, 2]",13,1
"[5, 7, 1, 6, 4, 0, 3, 2]",14,1
"[5, 7, 1, 6, 4, 0, 3, 2]",15,0
"[5, 7, 1, 6, 4, 0, 3, 2]",16,0
"[5, 7, 1, 6, 4, 0, 3, 2]",17,0
"[5, 7, 1, 6, 4, 0, 3, 2]",18,0
"[5, 7, 1, 6, 4, 0, 3, 2]",19,1
"[5, 7, 1, 6, 4, 0, 3, 2]",20,0
"[5, 7, 1, 6, 4, 0, 3, 2]",21,0
"[5, 7, 1, 6, 4, 0, 3, 2]",22,0
"[5, 7, 1, 6, 4, 0, 3, 2]",23,0
"[5, 7, 1, 6, 4, 0, 3, 2]",24,0
"[5, 7, 6, 4, 0, 3, 2, 1]",0,0
"[5, 7, 6, 4, 0, 3, 2, 1]",1,0
"[5, 7, 6, 4, 0, 3, 2, 1]",2,0
"[5, 7, 6, 4, 0, 3, 2, 1]",3,0
"[5, 7, 6, 4, 0, 3, 2, 1]",4,1
"[5, 7, 6, 4, 0, 3, 2, 1]",5,0
"[5, 7, 6, 4, 0, 3, 2, 1]",6,0
"[5, 7, 6, 4, 0, 3, 2, 1]",7,1
"[5, 7, 6, 4, 0, 3, 2, 1]",8,0
"[5, 7, 6, 4, 0, 3, 2, 1]",9,1
"[5, 7, 6, 4, 0, 3, 2, 1]",10,0
"[5, 7, 6, 4, 0, 3, 2, 1]",11,0
"[5, 7, 6, 4, 0, 3, 2, 1]",12,1
"[5, 7, 6, 4, 0, 3, 2, 1]",13,0
"[5, 7, 6, 4, 0, 3, 2, 1]",14,1
"[5, 7, 6, 4, 0, 3, 2, 1]",15,1
"[5, 7, 6, 4, 0, 3, 2, 1]",16,0
"[5, 7, 6, 4, 0, 3, 2, 1]",17,0
"[5, 7, 6, 4, 0, 3, 2, 1]",18,0
"[5, 7, 6, 4, 0, 3, 2, 1]",19,1
"[5, 7, 6, 4, 0, 3, 2, 1]",20,0
"[5, 7, 6, 4, 0, 3, 2, 1]",21,0
"[5, 7, 6, 4, 0, 3, 2, 1]",22,0
"[5, 7, 6, 4, 0, 3, 2, 1]",23,0
"[5, 7, 6, 4, 0, 3, 2, 1]",24,0
"[6, 7, 2, 0, 1, 5, 3, 4]",0,0
"[6, 7, 2, 0, 1, 5, 3, 4]",1,1
"[6, 7, 2, 0, 1, 5, 3, 4]",2,0
"[6, 7, 2, 0, 1, 5, 3, 4]",3,0
"[6, 7, 2, 0, 1, 5, 3, 4]",4,1
"[6, 7, 2, 0, 1, 5, 3, 4]",5,0
"[6, 7, 2, 0, 1, 5, 3, 4]",6,0
"[6, 7, 2, 0, 1, 5, 3, 4]",7,1
"[6, 7, 2, 0, 1, 5, 3, 4]",8,0
"[6, 7, 2, 0, 1, 5, 3, 4]",9,1
"[6, 7, 2, 0, 1, 5, 3, 4]",10,0
"[6, 7, 2, 0, 1, 5, 3, 4]",11,0
"[6, 7, 2, 0, 1, 5, 3, 4]",12,1
"[6, 7, 2, 0, 1, 5, 3, 4]",13,1
"[6, 7, 2, 0, 1, 5, 3, 4]",14,1
"[6, 7, 2, 0, 1, 5, 3, 4]",15,0
"[6, 7, 2, 0, 1, 5, 3, 4]",16,0
"[6, 7, 2, 0, 1, 5, 3, 4]",17,1
"[6, 7, 2, 0, 1, 5, 3, 4]",18,0
"[6, 7, 2, 0, 1, 5, 3, 4]",19,0
"[6, 7, 2, 0, 1, 5, 3, 4]",20,1
"[6, 7, 2, 0, 1, 5, 3, 4]",21,0
"[6, 7, 2, 0, 1, 5, 3, 4]",22,0
"[6, 7, 2, 0, 1, 5, 3, 4]",23,0
"[6, 7, 2, 0, 1, 5, 3, 4]",24,0
"[6, 7, 5, 2, 0, 1, 3, 4]",0,0
"[6, 7, 5, 2, 0, 1, 3, 4]",1,1
"[6, 7, 5, 2, 0, 1, 3, 4]",2,0
"[6, 7, 5, 2, 0, 1, 3, 4]",3,0
"[6, 7, 5, 2, 0, 1, 3, 4]",4,0
"[6, 7, 5, 2, 0, 1, 3, 4]",5,0
"[6, 7, 5, 2, 0, 1, 3, 4]",6,0
"[6, 7, 5, 2, 0, 1, 3, 4]",7,1
"[6, 7, 5, 2, 0, 1, 3, 4]",8,0
"[6, 7, 5, 2, 0, 1, 3, 4]",9,1
"[6, 7, 5, 2, 0, 1, 3, 4]",10,0
"[6, 7, 5, 2, 0, 1, 3, 4]",11,0
"[6, 7, 5, 2, 0, 1, 3, 4]",12,1
"[6, 7, 5, 2, 0, 1, 3, 4]",13,0
"[6, 7, 5, 2, 0, 1, 3, 4]",14,0
"[6, 7, 5, 2, 0, 1, 3, 4]",15,0
"[6, 7, 5, 2, 0, 1, 3, 4]",16,1
"[6, 7, 5, 2, 0, 1, 3, 4]",17,1
"[6, 7, 5, 2, 0, 1, 3, 4]",18,1
"[6, 7, 5, 2, 0, 1, 3, 4]",19,1
"[6, 7, 5, 2, 0, 1, 3, 4]",20,0
"[6, 7, 5, 2, 0, 1, 3, 4]",21,1
"[6, 7, 5, 2, 0, 1, 3, 4]",22,0
"[6, 7, 5, 2, 0, 1, 3, 4]",23,0
"[6, 7, 5, 2, 0, 1, 3, 4]",24,0
"[1, 0, 5, 7, 4, 3, 6, 2]",0,0
"[1, 0, 5, 7, 4, 3, 6, 2]",1,1
"[1, 0, 5, 7, 4, 3, 6, 2]",2,0
"[1, 0, 5, 7, 4, 3, 6, 2]",3,1
"[1, 0, 5, 7, 4, 3, 6, 2]",4,0
"[1, 0, 5, 7, 4, 3, 6, 2]",5,0
"[1, 0, 5, 7, 4, 3, 6, 2]",6,0
"[1, 0, 5, 7, 4, 3, 6, 2]",7,1
"[1, 0, 5, 7, 4, 3, 6, 2]",8,0
"[1, 0, 5, 7, 4, 3, 6, 2]",9,1
"[1, 0, 5, 7, 4, 3, 6, 2]",10,0
"[1, 0, 5, 7, 4, 3, 6, 2]",11,0
"[1, 0, 5, 7, 4, 3, 6, 2]",12,0
"[1, 0, 5, 7, 4, 3, 6, 2]",13,0
"[1, 0, 5, 7, 4, 3, 6, 2]",14,0
"[1, 0, 5, 7, 4, 3, 6, 2]",15,0
"[1, 0, 5, 7, 4, 3, 6, 2]",16,0
"[1, 0, 5, 7, 4, 3, 6, 2]",17,1
"[1, 0, 5, 7, 4, 3, 6, 2]",18,0
"[1, 0, 5, 7, 4, 3, 6, 2]",19,1
"[1, 0, 5, 7, 4, 3, 6, 2]",20,1
"[1, 0, 5, 7, 4, 3, 6, 2]",21,1
"[1, 0, 5, 7, 4, 3, 6, 2]",22,1
"[1, 0, 5, 7, 4, 3, 6, 2]",23,0
"[1, 0, 5, 7, 4, 3, 6, 2]",24,0
"[1, 0, 7, 5, 4, 3, 6, 2]",0,0
"[1, 0, 7, 5, 4, 3, 6, 2]",1,1
"[1, 0, 7, 5, 4, 3, 6, 2]",2,0
"[1, 0, 7, 5, 4, 3, 6, 2]",3,0
"[1, 0, 7, 5, 4, 3, 6, 2]",4,0
"[1, 0, 7, 5, 4, 3, 6, 2]",5,0
"[1, 0, 7, 5, 4, 3, 6, 2]",6,0
"[1, 0, 7, 5, 4, 3, 6, 2]",7,1
"[1, 0, 7, 5, 4, 3, 6, 2]",8,0
"[1, 0, 7, 5, 4, 3, 6, 2]",9,1
"[1, 0, 7, 5, 4, 3, 6, 2]",10,0
"[1, 0, 7, 5, 4, 3, 6, 2]",11,0
"[1, 0, 7, 5, 4, 3, 6, 2]",12,0
"[1, 0, 7, 5, 4, 3, 6, 2]",13,0
"[1, 0, 7, 5, 4, 3, 6, 2]",14,0
"[1, 0, 7, 5, 4, 3, 6, 2]",15,1
"[1, 0, 7, 5, 4, 3, 6, 2]",16,0
"[1, 0, 7, 5, 4, 3, 6, 2]",17,1
"[1, 0, 7, 5, 4, 3, 6, 2]",18,0
"[1, 0, 7, 5, 4, 3, 6, 2]",19,0
"[1, 0, 7, 5, 4, 3, 6, 2]",20,1
"[1, 0, 7, 5, 4, 3, 6, 2]",21,0
"[1, 0, 7, 5, 4, 3, 6, 2]",22,1
"[1, 0, 7, 5, 4, 3, 6, 2]",23,0
"[1, 0, 7, 5, 4, 3, 6, 2]",24,0
"[3, 0, 2, 5, 7, 6, 4, 1]",0,0
"[3, 0, 2, 5, 7, 6, 4, 1]",1,1
"[3, 0, 2, 5, 7, 6, 4, 1]",2,0
"[3, 0, 2, 5, 7, 6, 4, 1]",3,0
"[3, 0, 2, 5, 7, 6, 4, 1]",4,0
"[3, 0, 2, 5, 7, 6, 4, 1]",5,0
"[3, 0, 2, 5, 7, 6, 4, 1]",6,0
"[3, 0, 2, 5, 7, 6, 4, 1]",7,1
"[3, 0, 2, 5, 7, 6, 4, 1]",8,0
"[3, 0, 2, 5, 7, 6, 4, 1]",9,1
"[3, 0, 2, 5, 7, 6, 4, 1]",10,0
"[3, 0, 2, 5, 7, 6, 4, 1]",11,0
"[3, 0, 2, 5, 7, 6, 4, 1]",12,0
"[3, 0, 2, 5, 7, 6, 4, 1]",13,1
"[3, 0, 2, 5, 7, 6, 4, 1]",14,0
"[3, 0, 2, 5, 7, 6, 4, 1]",15,0
"[3, 0, 2, 5, 7, 6, 4, 1]",16,0
"[3, 0, 2, 5, 7, 6, 4, 1]",17,1
"[3, 0, 2, 5, 7, 6, 4, 1]",18,0
"[3, 0, 2, 5, 7, 6, 4, 1]",19,0
"[3, 0, 2, 5, 7, 6, 4, 1]",20,0
"[3, 0, 2, 5, 7, 6, 4, 1]",21,0
"[3, 0, 2, 5, 7, 6, 4, 1]",22,0
"[3, 0, 2, 5, 7, 6, 4, 1]",23,0
"[3, 0, 2, 5, 7, 6, 4, 1]",24,0
"[3, 5, 0, 2, 7, 6, 4, 1]",0,0
"[3, 5, 0, 2, 7, 6, 4, 1]",1,1
"[3, 5, 0, 2, 7, 6, 4, 1]",2,0
"[3, 5, 0, 2, 7, 6, 4, 1]",3,0
"[3, 5, 0, 2, 7, 6, 4, 1]",4,1
"[3, 5, 0, 2, 7, 6, 4, 1]",5,1
"[3, 5, 0, 2, 7, 6, 4, 1]",6,1
"[3, 5, 0, 2, 7, 6, 4, 1]",7,0
"[3, 5, 0, 2, 7, 6, 4, 1]",8,0
"[3, 5, 0, 2, 7, 6, 4, 1]",9,1
"[3, 5, 0, 2, 7, 6, 4, 1]",10,0
"[3, 5, 0, 2, 7, 6, 4, 1]",11,0
"[3, 5, 0, 2, 7, 6, 4, 1]",12,1
"[3, 5, 0, 2, 7, 6, 4, 1]",13,1
"[3, 5, 0, 2, 7, 6, 4, 1]",14,0
"[3, 5, 0, 2, 7, 6, 4, 1]",15,1
"[3, 5, 0, 2, 7, 6, 4, 1]",16,0
"[3, 5, 0, 2, 7, 6, 4, 1]",17,1
"[3, 5, 0, 2, 7, 6, 4, 1]",18,0
"[3, 5, 0, 2, 7, 6, 4, 1]",19,1
"[3, 5, 0, 2, 7, 6, 4, 1]",20,0
"[3, 5, 0, 2, 7, 6, 4, 1]",21,0
"[3, 5, 0, 2, 7, 6, 4, 1]",22,1
"[3, 5, 0, 2, 7, 6, 4, 1]",23,0
"[3, 5, 0, 2, 7, 6, 4, 1]",24,0
"[2, 5, 3, 6, 0, 4, 7, 1]",0,0
"[2, 5, 3, 6, 0, 4, 7, 1]",1,0
"[2, 5, 3, 6, 0, 4, 7, 1]",2,0
"[2, 5, 3, 6, 0, 4, 7, 1]",3,0
"[2, 5, 3, 6, 0, 4, 7, 1]",4,0
"[2, 5, 3, 6, 0, 4, 7, 1]",5,0
"[2, 5, 3, 6, 0, 4, 7, 1]",6,0
"[2, 5, 3, 6, 0, 4, 7, 1]",7,0
"[2, 5, 3, 6, 0, 4, 7, 1]",8,0
"[2, 5, 3, 6, 0, 4, 7, 1]",9,1
"[2, 5, 3, 6, 0, 4, 7, 1]",10,0
"[2, 5, 3, 6, 0, 4, 7, 1]",11,0
"[2, 5, 3, 6, 0, 4, 7, 1]",12,0
"[2, 5, 3, 6, 0, 4, 7, 1]",13,0
"[2, 5, 3, 6, 0, 4, 7, 1]",14,1
"[2, 5, 3, 6, 0, 4, 7, 1]",15,0
"[2, 5, 3, 6, 0, 4, 7, 1]",16,0
"[2, 5, 3, 6, 0, 4, 7, 1]",17,1
"[2, 5, 3, 6, 0, 4, 7, 1]",18,0
"[2, 5, 3, 6, 0, 4, 7, 1]",19,1
"[2, 5, 3, 6, 0, 4, 7, 1]",20,0
"[2, 5, 3, 6, 0, 4, 7, 1]",21,0
"[2, 5, 3, 6, 0, 4, 7, 1]",22,0
"[2, 5, 3, 6, 0, 4, 7, 1]",23,0
"[2, 5, 3, 6, 0, 4, 7, 1]",24,0
"[6, 2, 5, 3, 0, 4, 7, 1]",0,0
"[6, 2, 5, 3, 0, 4, 7, 1]",1,1
"[6, 2, 5, 3, 0, 4, 7, 1]",2,0
"[6, 2, 5, 3, 0, 4, 7, 1]",3,0
"[6, 2, 5, 3, 0, 4, 7, 1]",4,0
"[6, 2, 5, 3, 0, 4, 7, 1]",5,0
"[6, 2, 5, 3, 0, 4, 7, 1]",6,0
"[6, 2, 5, 3, 0, 4, 7, 1]",7,1
"[6, 2, 5, 3, 0, 4, 7, 1]",8,0
"[6, 2, 5, 3, 0, 4, 7, 1]",9,0
"[6, 2, 5, 3, 0, 4, 7, 1]",10,0
"[6, 2, 5, 3, 0, 4, 7, 1]",11,0
"[6, 2, 5, 3, 0, 4, 7, 1]",12,0
"[6, 2, 5, 3, 0, 4, 7, 1]",13,0
"[6, 2, 5, 3, 0, 4, 7, 1]",14,0
"[6, 2, 5, 3, 0, 4, 7, 1]",15,1
"[6, 2, 5, 3, 0, 4, 7, 1]",16,0
"[6, 2, 5, 3, 0, 4, 7, 1]",17,1
"[6, 2, 5, 3, 0, 4, 7, 1]",18,0
"[6, 2, 5, 3, 0, 4, 7, 1]",19,1
"[6, 2, 5, 3, 0, 4, 7, 1]",20,0
"[6, 2, 5, 3, 0, 4, 7, 1]",21,0
"[6, 2, 5, 3, 0, 4, 7, 1]",22,0
"[6, 2, 5, 3, 0, 4, 7, 1]",23,0
"[6, 2, 5, 3, 0, 4, 7, 1]",24,0
"[2, 0, 7, 4, 5, 3, 6, 1]",0,0
"[2, 0, 7, 4, 5, 3, 6, 1]",1,0
"[2, 0, 7, 4, 5, 3, 6, 1]",2,0
"[2, 0, 7, 4, 5, 3, 6, 1]",3,0
"[2, 0, 7, 4, 5, 3, 6, 1]",4,0
"[2, 0, 7, 4, 5, 3, 6, 1]",5,0
"[2, 0, 7, 4, 5, 3, 6, 1]",6,1
"[2, 0, 7, 4, 5, 3, 6, 1]",7,1
"[2, 0, 7, 4, 5, 3, 6, 1]",8,0
"[2, 0, 7, 4, 5, 3, 6, 1]",9,1
"[2, 0, 7, 4, 5, 3, 6, 1]",10,0
"[2, 0, 7, 4, 5, 3, 6, 1]",11,0
"[2, 0, 7, 4, 5, 3, 6, 1]",12,0
"[2, 0, 7, 4, 5, 3, 6, 1]",13,0
"[2, 0, 7, 4, 5, 3, 6, 1]",14,0
"[2, 0, 7, 4, 5, 3, 6, 1]",15,1
"[2, 0, 7, 4, 5, 3, 6, 1]",16,0
"[2, 0, 7, 4, 5, 3, 6, 1]",17,1
"[2, 0, 7, 4, 5, 3, 6, 1]",18,0
"[2, 0, 7, 4, 5, 3, 6, 1]",19,1
"[2, 0, 7, 4, 5, 3, 6, 1]",20,0
"[2, 0, 7, 4, 5, 3, 6, 1]",21,1
"[2, 0, 7, 4, 5, 3, 6, 1]",22,0
"[2, 0, 7, 4, 5, 3, 6, 1]",23,0
"[2, 0, 7, 4, 5, 3, 6, 1]",24,0
"[2, 0, 6, 7, 4, 5, 3, 1]",0,0
"[2, 0, 6, 7, 4, 5, 3, 1]",1,1
"[2, 0, 6, 7, 4, 5, 3, 1]",2,0
"[2, 0, 6, 7, 4, 5, 3, 1]",3,0
"[2, 0, 6, 7, 4, 5, 3, 1]",4,0
"[2, 0, 6, 7, 4, 5, 3, 1]",5,0
"[2, 0, 6, 7, 4, 5, 3, 1]",6,0
"[2, 0, 6, 7, 4, 5, 3, 1]",7,0
"[2, 0, 6, 7, 4, 5, 3, 1]",8,0
"[2, 0, 6, 7, 4, 5, 3, 1]",9,1
"[2, 0, 6, 7, 4, 5, 3, 1]",10,0
"[2, 0, 6, 7, 4, 5, 3, 1]",11,0
"[2, 0, 6, 7, 4, 5, 3, 1]",12,0
"[2, 0, 6, 7, 4, 5, 3, 1]",13,0
"[2, 0, 6, 7, 4, 5, 3, 1]",14,0
"[2, 0, 6, 7, 4, 5, 3, 1]",15,0
"[2, 0, 6, 7, 4, 5, 3, 1]",16,0
"[2, 0, 6, 7, 4, 5, 3, 1]",17,1
"[2, 0, 6, 7, 4, 5, 3, 1]",18,1
"[2, 0, 6, 7, 4, 5, 3, 1]",19,1
"[2, 0, 6, 7, 4, 5, 3, 1]",20,0
"[2, 0, 6, 7, 4, 5, 3, 1]",21,0
"[2, 0, 6, 7, 4, 5, 3, 1]",22,0
"[2, 0, 6, 7, 4, 5, 3, 1]",23,0
"[2, 0, 6, 7, 4, 5, 3, 1]",24,0
"[6, 3, 5, 4, 7, 0, 2, 1]",0,0
"[6, 3, 5, 4, 7, 0, 2, 1]",1,1
"[6, 3, 5, 4, 7, 0, 2, 1]",2,0
"[6, 3, 5, 4, 7, 0, 2, 1]",3,0
"[6, 3, 5, 4, 7, 0, 2, 1]",4,1
"[6, 3, 5, 4, 7, 0, 2, 1]",5,0
"[6, 3, 5, 4, 7, 0, 2, 1]",6,0
"[6, 3, 5, 4, 7, 0, 2, 1]",7,1
"[6, 3, 5, 4, 7, 0, 2, 1]",8,0
"[6, 3, 5, 4, 7, 0, 2, 1]",9,1
"[6, 3, 5, 4, 7, 0, 2, 1]",10,0
"[6, 3, 5, 4, 7, 0, 2, 1]",11,1
"[6, 3, 5, 4, 7, 0, 2, 1]",12,0
"[6, 3, 5, 4, 7, 0, 2, 1]",13,1
"[6, 3, 5, 4, 7, 0, 2, 1]",14,0
"[6, 3, 5, 4, 7, 0, 2, 1]",15,1
"[6, 3, 5, 4, 7, 0, 2, 1]",16,0
"[6, 3, 5, 4, 7, 0, 2, 1]",17,1
"[6, 3, 5, 4, 7, 0, 2, 1]",18,0
"[6, 3, 5, 4, 7, 0, 2, 1]",19,1
"[6, 3, 5, 4, 7, 0, 2, 1]",20,0
"[6, 3, 5, 4, 7, 0, 2, 1]",21,0
"[6, 3, 5, 4, 7, 0, 2, 1]",22,0
"[6, 3, 5, 4, 7, 0, 2, 1]",23,0
"[6, 3, 5, 4, 7, 0, 2, 1]",24,0
"[6, 0, 3, 5, 4, 7, 2, 1]",0,0
"[6, 0, 3, 5, 4, 7, 2, 1]",1,1
"[6, 0, 3, 5, 4, 7, 2, 1]",2,0
"[6, 0, 3, 5, 4, 7, 2, 1]",3,0
"[6, 0, 3, 5, 4, 7, 2, 1]",4,1
"[6, 0, 3, 5, 4, 7, 2, 1]",5,0
"[6, 0, 3, 5, 4, 7, 2, 1]",6,0
"[6, 0, 3, 5, 4, 7, 2, 1]",7,0
"[6, 0, 3, 5, 4, 7, 2, 1]",8,0
"[6, 0, 3, 5, 4, 7, 2, 1]",9,1
"[6, 0, 3, 5, 4, 7, 2, 1]",10,0
"[6, 0, 3, 5, 4, 7, 2, 1]",11,0
"[6, 0, 3, 5, 4, 7, 2, 1]",12,0
"[6, 0, 3, 5, 4, 7, 2, 1]",13,0
"[6, 0, 3, 5, 4, 7, 2, 1]",14,0
"[6, 0, 3, 5, 4, 7, 2, 1]",15,0
"[6, 0, 3, 5, 4, 7, 2, 1]",16,0
"[6, 0, 3, 5, 4, 7, 2, 1]",17,1
"[6, 0, 3, 5, 4, 7, 2, 1]",18,1
"[6, 0, 3, 5, 4, 7, 2, 1]",19,1
"[6, 0, 3, 5, 4, 7, 2, 1]",20,0
"[6, 0, 3, 5, 4, 7, 2, 1]",21,0
"[6, 0, 3, 5, 4, 7, 2, 1]",22,0
"[6, 0, 3, 5, 4, 7, 2, 1]",23,0
"[6, 0, 3, 5, 4, 7, 2, 1]",24,0
"[1, 2, 7, 0, 5, 6, 3, 4]",0,0
"[1, 2, 7, 0, 5, 6, 3, 4]",1,1
"[1, 2, 7, 0, 5, 6, 3, 4]",2,0
"[1, 2, 7, 0, 5, 6, 3, 4]",3,0
"[1, 2, 7, 0, 5, 6, 3, 4]",4,0
"[1, 2, 7, 0, 5, 6, 3, 4]",5,0
"[1, 2, 7, 0, 5, 6, 3, 4]",6,0
"[1, 2, 7, 0, 5, 6, 3, 4]",7,1
"[1, 2, 7, 0, 5, 6, 3, 4]",8,0
"[1, 2, 7, 0, 5, 6, 3, 4]",9,0
"[1, 2, 7, 0, 5, 6, 3, 4]",10,0
"[1, 2, 7, 0, 5, 6, 3, 4]",11,0
"[1, 2, 7, 0, 5, 6, 3, 4]",12,1
"[1, 2, 7, 0, 5, 6, 3, 4]",13,0
"[1, 2, 7, 0, 5, 6, 3, 4]",14,1
"[1, 2, 7, 0, 5, 6, 3, 4]",15,1
"[1, 2, 7, 0, 5, 6, 3, 4]",16,0
"[1, 2, 7, 0, 5, 6, 3, 4]",17,0
"[1, 2, 7, 0, 5, 6, 3, 4]",18,1
"[1, 2, 7, 0, 5, 6, 3, 4]",19,1
"[1, 2, 7, 0, 5, 6, 3, 4]",20,0
"[1, 2, 7, 0, 5, 6, 3, 4]",21,1
"[1, 2, 7, 0, 5, 6, 3, 4]",22,0
"[1, 2, 7, 0, 5, 6, 3, 4]",23,0
"[1, 2, 7, 0, 5, 6, 3, 4]",24,0
"[2, 7, 0, 5, 1, 6, 3, 4]",0,0
"[2, 7, 0, 5, 1, 6, 3, 4]",1,0
"[2, 7, 0, 5, 1, 6, 3, 4]",2,0
"[2, 7, 0, 5, 1, 6, 3, 4]",3,1
"[2, 7, 0, 5, 1, 6, 3, 4]",4,0
"[2, 7, 0, 5, 1, 6, 3, 4]",5,0
"[2, 7, 0, 5, 1, 6, 3, 4]",6,0
"[2, 7, 0, 5, 1, 6, 3, 4]",7,0
"[2, 7, 0, 5, 1, 6, 3, 4]",8,0
"[2, 7, 0, 5, 1, 6, 3, 4]",9,1
"[2, 7, 0, 5, 1, 6, 3, 4]",10,0
"[2, 7, 0, 5, 1, 6, 3, 4]",11,0
"[2, 7, 0, 5, 1, 6, 3, 4]",12,0
"[2, 7, 0, 5, 1, 6, 3, 4]",13,0
"[2, 7, 0, 5, 1, 6, 3, 4]",14,0
"[2, 7, 0, 5, 1, 6, 3, 4]",15,1
"[2, 7, 0, 5, 1, 6, 3, 4]",16,0
"[2, 7, 0, 5, 1, 6, 3, 4]",17,1
"[2, 7, 0, 5, 1, 6, 3, 4]",18,0
"[2, 7, 0, 5, 1, 6, 3, 4]",19,0
"[2, 7, 0, 5, 1, 6, 3, 4]",20,0
"[2, 7, 0, 5, 1, 6, 3, 4]",21,0
"[2, 7, 0, 5, 1, 6, 3, 4]",22,0
"[2, 7, 0, 5, 1, 6, 3, 4]",23,0
"[2, 7, 0, 5, 1, 6, 3, 4]",24,0
"[7, 6, 3, 0, 5, 1, 2, 4]",0,0
"[7, 6, 3, 0, 5, 1, 2, 4]",1,1
"[7, 6, 3, 0, 5, 1, 2, 4]",2,0
"[7, 6, 3, 0, 5, 1, 2, 4]",3,1
"[7, 6, 3, 0, 5, 1, 2, 4]",4,1
"[7, 6, 3, 0, 5, 1, 2, 4]",5,0
"[7, 6, 3, 0, 5, 1, 2, 4]",6,0
"[7, 6, 3, 0, 5, 1, 2, 4]",7,0
"[7, 6, 3, 0, 5, 1, 2, 4]",8,0
"[7, 6, 3, 0, 5, 1, 2, 4]",9,1
"[7, 6, 3, 0, 5, 1, 2, 4]",10,0
"[7, 6, 3, 0, 5, 1, 2, 4]",11,0
"[7, 6, 3, 0, 5, 1, 2, 4]",12,0
"[7, 6, 3, 0, 5, 1, 2, 4]",13,0
"[7, 6, 3, 0, 5, 1, 2, 4]",14,0
"[7, 6, 3, 0, 5, 1, 2, 4]",15,0
"[7, 6, 3, 0, 5, 1, 2, 4]",16,0
"[7, 6, 3, 0, 5, 1, 2, 4]",17,1
"[7, 6, 3, 0, 5, 1, 2, 4]",18,1
"[7, 6, 3, 0, 5, 1, 2, 4]",19,0
"[7, 6, 3, 0, 5, 1, 2, 4]",20,0
"[7, 6, 3, 0, 5, 1, 2, 4]",21,1
"[7, 6, 3, 0, 5, 1, 2, 4]",22,0
"[7, 6, 3, 0, 5, 1, 2, 4]",23,0
"[7, 6, 3, 0, 5, 1, 2, 4]",24,0
"[3, 6, 7, 0, 5, 1, 2, 4]",0,0
"[3, 6, 7, 0, 5, 1, 2, 4]",1,1
"[3, 6, 7, 0, 5, 1, 2, 4]",2,0
"[3, 6, 7, 0, 5, 1, 2, 4]",3,0
"[3, 6, 7, 0, 5, 1, 2, 4]",4,0
"[3, 6, 7, 0, 5, 1, 2, 4]",5,0
"[3, 6, 7, 0, 5, 1, 2, 4]",6,0
"[3, 6, 7, 0, 5, 1, 2, 4]",7,0
"[3, 6, 7, 0, 5, 1, 2, 4]",8,0
"[3, 6, 7, 0, 5, 1, 2, 4]",9,1
"[3, 6, 7, 0, 5, 1, 2, 4]",10,0
"[3, 6, 7, 0, 5, 1, 2, 4]",11,0
"[3, 6, 7, 0, 5, 1, 2, 4]",12,1
"[3, 6, 7, 0, 5, 1, 2, 4]",13,1
"[3, 6, 7, 0, 5, 1, 2, 4]",14,1
"[3, 6, 7, 0, 5, 1, 2, 4]",15,0
"[3, 6, 7, 0, 5, 1, 2, 4]",16,0
"[3, 6, 7, 0, 5, 1, 2, 4]",17,1
"[3, 6, 7, 0, 5, 1, 2, 4]",18,1
"[3, 6, 7, 0, 5, 1, 2, 4]",19,1
"[3, 6, 7, 0, 5, 1, 2, 4]",20,0
"[3, 6, 7, 0, 5, 1, 2, 4]",21,1
"[3, 6, 7, 0, 5, 1, 2, 4]",22,0
"[3, 6, 7, 0, 5, 1, 2, 4]",23,0
"[3, 6, 7, 0, 5, 1, 2, 4]",24,0
"[5, 2, 0, 3, 7, 6, 4, 1]",0,0
"[5, 2, 0, 3, 7, 6, 4, 1]",1,0
"[5, 2, 0, 3, 7, 6, 4, 1]",2,0
"[5, 2, 0, 3, 7, 6, 4, 1]",3,1
"[5, 2, 0, 3, 7, 6, 4, 1]",4,1
"[5, 2, 0, 3, 7, 6, 4, 1]",5,0
"[5, 2, 0, 3, 7, 6, 4, 1]",6,0
"[5, 2, 0, 3, 7, 6, 4, 1]",7,1
"[5, 2, 0, 3, 7, 6, 4, 1]",8,0
"[5, 2, 0, 3, 7, 6, 4, 1]",9,1
"[5, 2, 0, 3, 7, 6, 4, 1]",10,0
"[5, 2, 0, 3, 7, 6, 4, 1]",11,0
"[5, 2, 0, 3, 7, 6, 4, 1]",12,1
"[5, 2, 0, 3, 7, 6, 4, 1]",13,0
"[5, 2, 0, 3, 7, 6, 4, 1]",14,0
"[5, 2, 0, 3, 7, 6, 4, 1]",15,1
"[5, 2, 0, 3, 7, 6, 4, 1]",16,0
"[5, 2, 0, 3, 7, 6, 4, 1]",17,1
"[5, 2, 0, 3, 7, 6, 4, 1]",18,0
"[5, 2, 0, 3, 7, 6, 4, 1]",19,1
"[5, 2, 0, 3, 7, 6, 4, 1]",20,0
"[5, 2, 0, 3, 7, 6, 4, 1]",21,1
"[5, 2, 0, 3, 7, 6, 4, 1]",22,0
"[5, 2, 0, 3, 7, 6, 4, 1]",23,0
"[5, 2, 0, 3, 7, 6, 4, 1]",24,0
"[2, 5, 0, 3, 7, 6, 4, 1]",0,0
"[2, 5, 0, 3, 7, 6, 4, 1]",1,0
"[2, 5, 0, 3, 7, 6, 4, 1]",2,0
"[2, 5, 0, 3, 7, 6, 4, 1]",3,1
"[2, 5, 0, 3, 7, 6, 4, 1]",4,1
"[2, 5, 0, 3, 7, 6, 4, 1]",5,0
"[2, 5, 0, 3, 7, 6, 4, 1]",6,1
"[2, 5, 0, 3, 7, 6, 4, 1]",7,1
"[2, 5, 0, 3, 7, 6, 4, 1]",8,0
"[2, 5, 0, 3, 7, 6, 4, 1]",9,1
"[2, 5, 0, 3, 7, 6, 4, 1]",10,0
"[2, 5, 0, 3, 7, 6, 4, 1]",11,0
"[2, 5, 0, 3, 7, 6, 4, 1]",12,1
"[2, 5, 0, 3, 7, 6, 4, 1]",13,1
"[2, 5, 0, 3, 7, 6, 4, 1]",14,0
"[2, 5, 0, 3, 7, 6, 4, 1]",15,0
"[2, 5, 0, 3, 7, 6, 4, 1]",16,1
"[2, 5, 0, 3, 7, 6, 4, 1]",17,1
"[2, 5, 0, 3, 7, 6, 4, 1]",18,0
"[2, 5, 0, 3, 7, 6, 4, 1]",19,1
"[2, 5, 0, 3, 7, 6, 4, 1]",20,0
"[2, 5, 0, 3, 7, 6, 4, 1]",21,1
"[2, 5, 0, 3, 7, 6, 4, 1]",22,0
"[2, 5, 0, 3, 7, 6, 4, 1]",23,0
"[2, 5, 0, 3, 7, 6, 4, 1]",24,0
"[7, 0, 6, 5, 1, 3, 4, 2]",0,0
"[7, 0, 6, 5, 1, 3, 4, 2]",1,0
"[7, 0, 6, 5, 1, 3, 4, 2]",2,0
"[7, 0, 6, 5, 1, 3, 4, 2]",3,0
"[7, 0, 6, 5, 1, 3, 4, 2]",4,0
"[7, 0, 6, 5, 1, 3, 4, 2]",5,0
"[7, 0, 6, 5, 1, 3, 4, 2]",6,1
"[7, 0, 6, 5, 1, 3, 4, 2]",7,0
"[7, 0, 6, 5, 1, 3, 4, 2]",8,0
"[7, 0, 6, 5, 1, 3, 4, 2]",9,1
"[7, 0, 6, 5, 1, 3, 4, 2]",10,0
"[7, 0, 6, 5, 1, 3, 4, 2]",11,0
"[7, 0, 6, 5, 1, 3, 4, 2]",12,0
"[7, 0, 6, 5, 1, 3, 4, 2]",13,1
"[7, 0, 6, 5, 1, 3, 4, 2]",14,0
"[7, 0, 6, 5, 1, 3, 4, 2]",15,1
"[7, 0, 6, 5, 1, 3, 4, 2]",16,0
"[7, 0, 6, 5, 1, 3, 4, 2]",17,0
"[7, 0, 6, 5, 1, 3, 4, 2]",18,0
"[7, 0, 6, 5, 1, 3, 4, 2]",19,0
"[7, 0, 6, 5, 1, 3, 4, 2]",20,0
"[7, 0, 6, 5, 1, 3, 4, 2]",21,0
"[7, 0, 6, 5, 1, 3, 4, 2]",22,0
"[7, 0, 6, 5, 1, 3, 4, 2]",23,0
"[7, 0, 6, 5, 1, 3, 4, 2]",24,0
"[4, 3, 1, 5, 6, 0, 7, 2]",0,0
"[4, 3, 1, 5, 6, 0, 7, 2]",1,1
"[4, 3, 1, 5, 6, 0, 7, 2]",2,0
"[4, 3, 1, 5, 6, 0, 7, 2]",3,0
"[4, 3, 1, 5, 6, 0, 7, 2]",4,0
"[4, 3, 1, 5, 6, 0, 7, 2]",5,0
"[4, 3, 1, 5, 6, 0, 7, 2]",6,0
"[4, 3, 1, 5, 6, 0, 7, 2]",7,1
"[4, 3, 1, 5, 6, 0, 7, 2]",8,0
"[4, 3, 1, 5, 6, 0, 7, 2]",9,1
"[4, 3, 1, 5, 6, 0, 7, 2]",10,0
"[4, 3, 1, 5, 6, 0, 7, 2]",11,1
"[4, 3, 1, 5, 6, 0, 7, 2]",12,0
"[4, 3, 1, 5, 6, 0, 7, 2]",13,0
"[4, 3, 1, 5, 6, 0, 7, 2]",14,0
"[4, 3, 1, 5, 6, 0, 7, 2]",15,0
"[4, 3, 1, 5, 6, 0, 7, 2]",16,0
"[4, 3, 1, 5, 6, 0, 7, 2]",17,1
"[4, 3, 1, 5, 6, 0, 7, 2]",18,0
"[4, 3, 1, 5, 6, 0, 7, 2]",19,1
"[4, 3, 1, 5, 6, 0, 7, 2]",20,0
"[4, 3, 1, 5, 6, 0, 7, 2]",21,0
"[4, 3, 1, 5, 6, 0, 7, 2]",22,0
"[4, 3, 1, 5, 6, 0, 7, 2]",23,0
"[4, 3, 1, 5, 6, 0, 7, 2]",24,0
"[6, 0, 2, 5, 7, 1, 4, 3]",0,0
"[6, 0, 2, 5, 7, 1, 4, 3]",1,1
"[6, 0, 2, 5, 7, 1, 4, 3]",2,0
"[6, 0, 2, 5, 7, 1, 4, 3]",3,0
"[6, 0, 2, 5, 7, 1, 4, 3]",4,1
"[6, 0, 2, 5, 7, 1, 4, 3]",5,0
"[6, 0, 2, 5, 7, 1, 4, 3]",6,0
"[6, 0, 2, 5, 7, 1, 4, 3]",7,0
"[6, 0, 2, 5, 7, 1, 4, 3]",8,0
"[6, 0, 2, 5, 7, 1, 4, 3]",9,1
"[6, 0, 2, 5, 7, 1, 4, 3]",10,0
"[6, 0, 2, 5, 7, 1, 4, 3]",11,0
"[6, 0, 2, 5, 7, 1, 4, 3]",12,0
"[6, 0, 2, 5, 7, 1, 4, 3]",13,1
"[6, 0, 2, 5, 7, 1, 4, 3]",14,0
"[6, 0, 2, 5, 7, 1, 4, 3]",15,1
"[6, 0, 2, 5, 7, 1, 4, 3]",16,0
"[6, 0, 2, 5, 7, 1, 4, 3]",17,1
"[6, 0, 2, 5, 7, 1, 4, 3]",18,0
"[6, 0, 2, 5, 7, 1, 4, 3]",19,1
"[6, 0, 2, 5, 7, 1, 4, 3]",20,0
"[6, 0, 2, 5, 7, 1, 4, 3]",21,1
"[6, 0, 2, 5, 7, 1, 4, 3]",22,1
"[6, 0, 2, 5, 7, 1, 4, 3]",23,0
"[6, 0, 2, 5, 7, 1, 4, 3]",24,0
"[5, 2, 0, 6, 7, 1, 4, 3]",0,0
"[5, 2, 0, 6, 7, 1, 4, 3]",1,1
"[5, 2, 0, 6, 7, 1, 4, 3]",2,0
"[5, 2, 0, 6, 7, 1, 4, 3]",3,0
"[5, 2, 0, 6, 7, 1, 4, 3]",4,0
"[5, 2, 0, 6, 7, 1, 4, 3]",5,0
"[5, 2, 0, 6, 7, 1, 4, 3]",6,0
"[5, 2, 0, 6, 7, 1, 4, 3]",7,1
"[5, 2, 0, 6, 7, 1, 4, 3]",8,0
"[5, 2, 0, 6, 7, 1, 4, 3]",9,1
"[5, 2, 0, 6, 7, 1, 4, 3]",10,0
"[5, 2, 0, 6, 7, 1, 4, 3]",11,0
"[5, 2, 0, 6, 7, 1, 4, 3]",12,0
"[5, 2, 0, 6, 7, 1, 4, 3]",13,0
"[5, 2, 0, 6, 7, 1, 4, 3]",14,0
"[5, 2, 0, 6, 7, 1, 4, 3]",15,1
"[5, 2, 0, 6, 7, 1, 4, 3]",16,1
"[5, 2, 0, 6, 7, 1, 4, 3]",17,1
"[5, 2, 0, 6, 7, 1, 4, 3]",18,0
"[5, 2, 0, 6, 7, 1, 4, 3]",19,0
"[5, 2, 0, 6, 7, 1, 4, 3]",20,0
"[5, 2, 0, 6, 7, 1, 4, 3]",21,0
"[5, 2, 0, 6, 7, 1, 4, 3]",22,1
"[5, 2, 0, 6, 7, 1, 4, 3]",23,0
"[5, 2, 0, 6, 7, 1, 4, 3]",24,0
"[6, 2, 0, 1, 5, 3, 4, 7]",0,0
"[6, 2, 0, 1, 5, 3, 4, 7]",1,0
"[6, 2, 0, 1, 5, 3, 4, 7]",2,0
"[6, 2, 0, 1, 5, 3, 4, 7]",3,1
"[6, 2, 0, 1, 5, 3, 4, 7]",4,0
"[6, 2, 0, 1, 5, 3, 4, 7]",5,0
"[6, 2, 0, 1, 5, 3, 4, 7]",6,0
"[6, 2, 0, 1, 5, 3, 4, 7]",7,1
"[6, 2, 0, 1, 5, 3, 4, 7]",8,0
"[6, 2, 0, 1, 5, 3, 4, 7]",9,1
"[6, 2, 0, 1, 5, 3, 4, 7]",10,0
"[6, 2, 0, 1, 5, 3, 4, 7]",11,0
"[6, 2, 0, 1, 5, 3, 4, 7]",12,0
"[6, 2, 0, 1, 5, 3, 4, 7]",13,0
"[6, 2, 0, 1, 5, 3, 4, 7]",14,0
"[6, 2, 0, 1, 5, 3, 4, 7]",15,0
"[6, 2, 0, 1, 5, 3, 4, 7]",16,0
"[6, 2, 0, 1, 5, 3, 4, 7]",17,1
"[6, 2, 0, 1, 5, 3, 4, 7]",18,1
"[6, 2, 0, 1, 5, 3, 4, 7]",19,1
"[6, 2, 0, 1, 5, 3, 4, 7]",20,0
"[6, 2, 0, 1, 5, 3, 4, 7]",21,0
"[6, 2, 0, 1, 5, 3, 4, 7]",22,1
"[6, 2, 0, 1, 5, 3, 4, 7]",23,0
"[6, 2, 0, 1, 5, 3, 4, 7]",24,0
"[1, 0, 2, 6, 5, 3, 4, 7]",0,0
"[1, 0, 2, 6, 5, 3, 4, 7]",1,0
"[1, 0, 2, 6, 5, 3, 4, 7]",2,0
"[1, 0, 2, 6, 5, 3, 4, 7]",3,1
"[1, 0, 2, 6, 5, 3, 4, 7]",4,0
"[1, 0, 2, 6, 5, 3, 4, 7]",5,0
"[1, 0, 2, 6, 5, 3, 4, 7]",6,0
"[1, 0, 2, 6, 5, 3, 4, 7]",7,0
"[1, 0, 2, 6, 5, 3, 4, 7]",8,0
"[1, 0, 2, 6, 5, 3, 4, 7]",9,1
"[1, 0, 2, 6, 5, 3, 4, 7]",10,0
"[1, 0, 2, 6, 5, 3, 4, 7]",11,0
"[1, 0, 2, 6, 5, 3, 4, 7]",12,0
"[1, 0, 2, 6, 5, 3, 4, 7]",13,1
"[1, 0, 2, 6, 5, 3, 4, 7]",14,0
"[1, 0, 2, 6, 5, 3, 4, 7]",15,0
"[1, 0, 2, 6, 5, 3, 4, 7]",16,0
"[1, 0, 2, 6, 5, 3, 4, 7]",17,1
"[1, 0, 2, 6, 5, 3, 4, 7]",18,0
"[1, 0, 2, 6, 5, 3, 4, 7]",19,1
"[1, 0, 2, 6, 5, 3, 4, 7]",20,0
"[1, 0, 2, 6, 5, 3, 4, 7]",21,0
"[1, 0, 2, 6, 5, 3, 4, 7]",22,0
"[1, 0, 2, 6, 5, 3, 4, 7]",23,0
"[1, 0, 2, 6, 5, 3, 4, 7]",24,0
"[2, 0, 1, 3, 7, 5, 6, 4]",0,0
"[2, 0, 1, 3, 7, 5, 6, 4]",1,1
"[2, 0, 1, 3, 7, 5, 6, 4]",2,0
"[2, 0, 1, 3, 7, 5, 6, 4]",3,0
"[2, 0, 1, 3, 7, 5, 6, 4]",4,0
"[2, 0, 1, 3, 7, 5, 6, 4]",5,0
"[2, 0, 1, 3, 7, 5, 6, 4]",6,0
"[2, 0, 1, 3, 7, 5, 6, 4]",7,0
"[2, 0, 1, 3, 7, 5, 6, 4]",8,0
"[2, 0, 1, 3, 7, 5, 6, 4]",9,0
"[2, 0, 1, 3, 7, 5, 6, 4]",10,0
"[2, 0, 1, 3, 7, 5, 6, 4]",11,0
"[2, 0, 1, 3, 7, 5, 6, 4]",12,1
"[2, 0, 1, 3, 7, 5, 6, 4]",13,0
"[2, 0, 1, 3, 7, 5, 6, 4]",14,0
"[2, 0, 1, 3, 7, 5, 6, 4]",15,1
"[2, 0, 1, 3, 7, 5, 6, 4]",16,0
"[2, 0, 1, 3, 7, 5, 6, 4]",17,0
"[2, 0, 1, 3, 7, 5, 6, 4]",18,0
"[2, 0, 1, 3, 7, 5, 6, 4]",19,1
"[2, 0, 1, 3, 7, 5, 6, 4]",20,0
"[2, 0, 1, 3, 7, 5, 6, 4]",21,0
"[2, 0, 1, 3, 7, 5, 6, 4]",22,0
"[2, 0, 1, 3, 7, 5, 6, 4]",23,0
"[2, 0, 1, 3, 7, 5, 6, 4]",24,0
"[6, 5, 7, 3, 1, 0, 2, 4]",0,0
"[6, 5, 7, 3, 1, 0, 2, 4]",1,0
"[6, 5, 7, 3, 1, 0, 2, 4]",2,0
"[6, 5, 7, 3, 1, 0, 2, 4]",3,0
"[6, 5, 7, 3, 1, 0, 2, 4]",4,1
"[6, 5, 7, 3, 1, 0, 2, 4]",5,0
"[6, 5, 7, 3, 1, 0, 2, 4]",6,1
"[6, 5, 7, 3, 1, 0, 2, 4]",7,0
"[6, 5, 7, 3, 1, 0, 2, 4]",8,0
"[6, 5, 7, 3, 1, 0, 2, 4]",9,1
"[6, 5, 7, 3, 1, 0, 2, 4]",10,0
"[6, 5, 7, 3, 1, 0, 2, 4]",11,0
"[6, 5, 7, 3, 1, 0, 2, 4]",12,0
"[6, 5, 7, 3, 1, 0, 2, 4]",13,1
"[6, 5, 7, 3, 1, 0, 2, 4]",14,1
"[6, 5, 7, 3, 1, 0, 2, 4]",15,1
"[6, 5, 7, 3, 1, 0, 2, 4]",16,0
"[6, 5, 7, 3, 1, 0, 2, 4]",17,1
"[6, 5, 7, 3, 1, 0, 2, 4]",18,1
"[6, 5, 7, 3, 1, 0, 2, 4]",19,1
"[6, 5, 7, 3, 1, 0, 2, 4]",20,0
"[6, 5, 7, 3, 1, 0, 2, 4]",21,0
"[6, 5, 7, 3, 1, 0, 2, 4]",22,1
"[6, 5, 7, 3, 1, 0, 2, 4]",23,0
"[6, 5, 7, 3, 1, 0, 2, 4]",24,0
"[2, 3, 6, 5, 4, 0, 7, 1]",0,0
"[2, 3, 6, 5, 4, 0, 7, 1]",1,1
"[2, 3, 6, 5, 4, 0, 7, 1]",2,0
"[2, 3, 6, 5, 4, 0, 7, 1]",3,0
"[2, 3, 6, 5, 4, 0, 7, 1]",4,0
"[2, 3, 6, 5, 4, 0, 7, 1]",5,0
"[2, 3, 6, 5, 4, 0, 7, 1]",6,0
"[2, 3, 6, 5, 4, 0, 7, 1]",7,0
"[2, 3, 6, 5, 4, 0, 7, 1]",8,0
"[2, 3, 6, 5, 4, 0, 7, 1]",9,1
"[2, 3, 6, 5, 4, 0, 7, 1]",10,0
"[2, 3, 6, 5, 4, 0, 7, 1]",11,0
"[2, 3, 6, 5, 4, 0, 7, 1]",12,0
"[2, 3, 6, 5, 4, 0, 7, 1]",13,0
"[2, 3, 6, 5, 4, 0, 7, 1]",14,1
"[2, 3, 6, 5, 4, 0, 7, 1]",15,0
"[2, 3, 6, 5, 4, 0, 7, 1]",16,0
"[2, 3, 6, 5, 4, 0, 7, 1]",17,1
"[2, 3, 6, 5, 4, 0, 7, 1]",18,1
"[2, 3, 6, 5, 4, 0, 7, 1]",19,1
"[2, 3, 6, 5, 4, 0, 7, 1]",20,0
"[2, 3, 6, 5, 4, 0, 7, 1]",21,1
"[2, 3, 6, 5, 4, 0, 7, 1]",22,0
"[2, 3, 6, 5, 4, 0, 7, 1]",23,0
"[2, 3, 6, 5, 4, 0, 7, 1]",24,0
"[2, 7, 0, 4, 5, 6, 3, 1]",0,0
"[2, 7, 0, 4, 5, 6, 3, 1]",1,1
"[2, 7, 0, 4, 5, 6, 3, 1]",2,0
"[2, 7, 0, 4, 5, 6, 3, 1]",3,1
"[2, 7, 0, 4, 5, 6, 3, 1]",4,1
"[2, 7, 0, 4, 5, 6, 3, 1]",5,0
"[2, 7, 0, 4, 5, 6, 3, 1]",6,0
"[2, 7, 0, 4, 5, 6, 3, 1]",7,0
"[2, 7, 0, 4, 5, 6, 3, 1]",8,0
"[2, 7, 0, 4, 5, 6, 3, 1]",9,1
"[2, 7, 0, 4, 5, 6, 3, 1]",10,0
"[2, 7, 0, 4, 5, 6, 3, 1]",11,0
"[2, 7, 0, 4, 5, 6, 3, 1]",12,1
"[2, 7, 0, 4, 5, 6, 3, 1]",13,0
"[2, 7, 0, 4, 5, 6, 3, 1]",14,0
"[2, 7, 0, 4, 5, 6, 3, 1]",15,1
"[2, 7, 0, 4, 5, 6, 3, 1]",16,0
"[2, 7, 0, 4, 5, 6, 3, 1]",17,1
"[2, 7, 0, 4, 5, 6, 3, 1]",18,0
"[2, 7, 0, 4, 5, 6, 3, 1]",19,1
"[2, 7, 0, 4, 5, 6, 3, 1]",20,0
"[2, 7, 0, 4, 5, 6, 3, 1]",21,0
"[2, 7, 0, 4, 5, 6, 3, 1]",22,0
"[2, 7, 0, 4, 5, 6, 3, 1]",23,0
"[2, 7, 0, 4, 5, 6, 3, 1]",24,0
"[3, 7, 5, 4, 2, 0, 6, 1]",0,0
"[3, 7, 5, 4, 2, 0, 6, 1]",1,1
"[3, 7, 5, 4, 2, 0, 6, 1]",2,0
"[3, 7, 5, 4, 2, 0, 6, 1]",3,1
"[3, 7, 5, 4, 2, 0, 6, 1]",4,0
"[3, 7, 5, 4, 2, 0, 6, 1]",5,0
"[3, 7, 5, 4, 2, 0, 6, 1]",6,0
"[3, 7, 5, 4, 2, 0, 6, 1]",7,1
"[3, 7, 5, 4, 2, 0, 6, 1]",8,0
"[3, 7, 5, 4, 2, 0, 6, 1]",9,1
"[3, 7, 5, 4, 2, 0, 6, 1]",10,0
"[3, 7, 5, 4, 2, 0, 6, 1]",11,0
"[3, 7, 5, 4, 2, 0, 6, 1]",12,0
"[3, 7, 5, 4, 2, 0, 6, 1]",13,1
"[3, 7, 5, 4, 2, 0, 6, 1]",14,0
"[3, 7, 5, 4, 2, 0, 6, 1]",15,0
"[3, 7, 5, 4, 2, 0, 6, 1]",16,0
"[3, 7, 5, 4, 2, 0, 6, 1]",17,1
"[3, 7, 5, 4, 2, 0, 6, 1]",18,0
"[3, 7, 5, 4, 2, 0, 6, 1]",19,1
"[3, 7, 5, 4, 2, 0, 6, 1]",20,0
"[3, 7, 5, 4, 2, 0, 6, 1]",21,0
"[3, 7, 5, 4, 2, 0, 6, 1]",22,0
"[3, 7, 5, 4, 2, 0, 6, 1]",23,1
"[3, 7, 5, 4, 2, 0, 6, 1]",24,0
"[3, 7, 4, 5, 2, 0, 6, 1]",0,0
"[3, 7, 4, 5, 2, 0, 6, 1]",1,0
"[3, 7, 4, 5, 2, 0, 6, 1]",2,0
"[3, 7, 4, 5, 2, 0, 6, 1]",3,0
"[3, 7, 4, 5, 2, 0, 6, 1]",4,0
"[3, 7, 4, 5, 2, 0, 6, 1]",5,0
"[3, 7, 4, 5, 2, 0, 6, 1]",6,0
"[3, 7, 4, 5, 2, 0, 6, 1]",7,0
"[3, 7, 4, 5, 2, 0, 6, 1]",8,0
"[3, 7, 4, 5, 2, 0, 6, 1]",9,0
"[3, 7, 4, 5, 2, 0, 6, 1]",10,0
"[3, 7, 4, 5, 2, 0, 6, 1]",11,0
"[3, 7, 4, 5, 2, 0, 6, 1]",12,0
"[3, 7, 4, 5, 2, 0, 6, 1]",13,1
"[3, 7, 4, 5, 2, 0, 6, 1]",14,0
"[3, 7, 4, 5, 2, 0, 6, 1]",15,1
"[3, 7, 4, 5, 2, 0, 6, 1]",16,0
"[3, 7, 4, 5, 2, 0, 6, 1]",17,0
"[3, 7, 4, 5, 2, 0, 6, 1]",18,0
"[3, 7, 4, 5, 2, 0, 6, 1]",19,1
"[3, 7, 4, 5, 2, 0, 6, 1]",20,0
"[3, 7, 4, 5, 2, 0, 6, 1]",21,0
"[3, 7, 4, 5, 2, 0, 6, 1]",22,1
"[3, 7, 4, 5, 2, 0, 6, 1]",23,0
"[3, 7, 4, 5, 2, 0, 6, 1]",24,0
"[2, 3, 7, 5, 0, 1, 6, 4]",0,0
"[2, 3, 7, 5, 0, 1, 6, 4]",1,0
"[2, 3, 7, 5, 0, 1, 6, 4]",2,0
"[2, 3, 7, 5, 0, 1, 6, 4]",3,0
"[2, 3, 7, 5, 0, 1, 6, 4]",4,0
"[2, 3, 7, 5, 0, 1, 6, 4]",5,0
"[2, 3, 7, 5, 0, 1, 6, 4]",6,0
"[2, 3, 7, 5, 0, 1, 6, 4]",7,0
"[2, 3, 7, 5, 0, 1, 6, 4]",8,0
"[2, 3, 7, 5, 0, 1, 6, 4]",9,1
"[2, 3, 7, 5, 0, 1, 6, 4]",10,0
"[2, 3, 7, 5, 0, 1, 6, 4]",11,0
"[2, 3, 7, 5, 0, 1, 6, 4]",12,1
"[2, 3, 7, 5, 0, 1, 6, 4]",13,0
"[2, 3, 7, 5, 0, 1, 6, 4]",14,0
"[2, 3, 7, 5, 0, 1, 6, 4]",15,0
"[2, 3, 7, 5, 0, 1, 6, 4]",16,0
"[2, 3, 7, 5, 0, 1, 6, 4]",17,1
"[2, 3, 7, 5, 0, 1, 6, 4]",18,0
"[2, 3, 7, 5, 0, 1, 6, 4]",19,1
"[2, 3, 7, 5, 0, 1, 6, 4]",20,0
"[2, 3, 7, 5, 0, 1, 6, 4]",21,0
"[2, 3, 7, 5, 0, 1, 6, 4]",22,0
"[2, 3, 7, 5, 0, 1, 6, 4]",23,0
"[2, 3, 7, 5, 0, 1, 6, 4]",24,0
"[2, 1, 0, 5, 7, 3, 6, 4]",0,0
"[2, 1, 0, 5, 7, 3, 6, 4]",1,1
"[2, 1, 0, 5, 7, 3, 6, 4]",2,0
"[2, 1, 0, 5, 7, 3, 6, 4]",3,0
"[2, 1, 0, 5, 7, 3, 6, 4]",4,1
"[2, 1, 0, 5, 7, 3, 6, 4]",5,0
"[2, 1, 0, 5, 7, 3, 6, 4]",6,0
"[2, 1, 0, 5, 7, 3, 6, 4]",7,0
"[2, 1, 0, 5, 7, 3, 6, 4]",8,0
"[2, 1, 0, 5, 7, 3, 6, 4]",9,1
"[2, 1, 0, 5, 7, 3, 6, 4]",10,0
"[2, 1, 0, 5, 7, 3, 6, 4]",11,0
"[2, 1, 0, 5, 7, 3, 6, 4]",12,0
"[2, 1, 0, 5, 7, 3, 6, 4]",13,1
"[2, 1, 0, 5, 7, 3, 6, 4]",14,1
"[2, 1, 0, 5, 7, 3, 6, 4]",15,0
"[2, 1, 0, 5, 7, 3, 6, 4]",16,1
"[2, 1, 0, 5, 7, 3, 6, 4]",17,1
"[2, 1, 0, 5, 7, 3, 6, 4]",18,1
"[2, 1, 0, 5, 7, 3, 6, 4]",19,1
"[2, 1, 0, 5, 7, 3, 6, 4]",20,0
"[2, 1, 0, 5, 7, 3, 6, 4]",21,0
"[2, 1, 0, 5, 7, 3, 6, 4]",22,0
"[2, 1, 0, 5, 7, 3, 6, 4]",23,0
"[2, 1, 0, 5, 7, 3, 6, 4]",24,0
"[0, 1, 7, 4, 6, 3, 2, 5]",0,0
"[0, 1, 7, 4, 6, 3, 2, 5]",1,0
"[0, 1, 7, 4, 6, 3, 2, 5]",2,0
"[0, 1, 7, 4, 6, 3, 2, 5]",3,0
"[0, 1, 7, 4, 6, 3, 2, 5]",4,0
"[0, 1, 7, 4, 6, 3, 2, 5]",5,0
"[0, 1, 7, 4, 6, 3, 2, 5]",6,1
"[0, 1, 7, 4, 6, 3, 2, 5]",7,1
"[0, 1, 7, 4, 6, 3, 2, 5]",8,0
"[0, 1, 7, 4, 6, 3, 2, 5]",9,0
"[0, 1, 7, 4, 6, 3, 2, 5]",10,0
"[0, 1, 7, 4, 6, 3, 2, 5]",11,0
"[0, 1, 7, 4, 6, 3, 2, 5]",12,0
"[0, 1, 7, 4, 6, 3, 2, 5]",13,1
"[0, 1, 7, 4, 6, 3, 2, 5]",14,1
"[0, 1, 7, 4, 6, 3, 2, 5]",15,1
"[0, 1, 7, 4, 6, 3, 2, 5]",16,0
"[0, 1, 7, 4, 6, 3, 2, 5]",17,1
"[0, 1, 7, 4, 6, 3, 2, 5]",18,0
"[0, 1, 7, 4, 6, 3, 2, 5]",19,1
"[0, 1, 7, 4, 6, 3, 2, 5]",20,0
"[0, 1, 7, 4, 6, 3, 2, 5]",21,0
"[0, 1, 7, 4, 6, 3, 2, 5]",22,0
"[0, 1, 7, 4, 6, 3, 2, 5]",23,0
"[0, 1, 7, 4, 6, 3, 2, 5]",24,0
"[3, 6, 4, 7, 1, 0, 2, 5]",0,0
"[3, 6, 4, 7, 1, 0, 2, 5]",1,0
"[3, 6, 4, 7, 1, 0, 2, 5]",2,0
"[3, 6, 4, 7, 1, 0, 2, 5]",3,1
"[3, 6, 4, 7, 1, 0, 2, 5]",4,0
"[3, 6, 4, 7, 1, 0, 2, 5]",5,0
"[3, 6, 4, 7, 1, 0, 2, 5]",6,0
"[3, 6, 4, 7, 1, 0, 2, 5]",7,1
"[3, 6, 4, 7, 1, 0, 2, 5]",8,0
"[3, 6, 4, 7, 1, 0, 2, 5]",9,1
"[3, 6, 4, 7, 1, 0, 2, 5]",10,0
"[3, 6, 4, 7, 1, 0, 2, 5]",11,1
"[3, 6, 4, 7, 1, 0, 2, 5]",12,0
"[3, 6, 4, 7, 1, 0, 2, 5]",13,1
"[3, 6, 4, 7, 1, 0, 2, 5]",14,0
"[3, 6, 4, 7, 1, 0, 2, 5]",15,0
"[3, 6, 4, 7, 1, 0, 2, 5]",16,0
"[3, 6, 4, 7, 1, 0, 2, 5]",17,1
"[3, 6, 4, 7, 1, 0, 2, 5]",18,0
"[3, 6, 4, 7, 1, 0, 2, 5]",19,0
"[3, 6, 4, 7, 1, 0, 2, 5]",20,0
"[3, 6, 4, 7, 1, 0, 2, 5]",21,0
"[3, 6, 4, 7, 1, 0, 2, 5]",22,0
"[3, 6, 4, 7, 1, 0, 2, 5]",23,0
"[3, 6, 4, 7, 1, 0, 2, 5]",24,0
"[4, 3, 1, 5, 2, 6, 7, 0]",0,0
"[4, 3, 1, 5, 2, 6, 7, 0]",1,0
"[4, 3, 1, 5, 2, 6, 7, 0]",2,0
"[4, 3, 1, 5, 2, 6, 7, 0]",3,0
"[4, 3, 1, 5, 2, 6, 7, 0]",4,0
"[4, 3, 1, 5, 2, 6, 7, 0]",5,0
"[4, 3, 1, 5, 2, 6, 7, 0]",6,0
"[4, 3, 1, 5, 2, 6, 7, 0]",7,1
"[4, 3, 1, 5, 2, 6, 7, 0]",8,0
"[4, 3, 1, 5, 2, 6, 7, 0]",9,1
"[4, 3, 1, 5, 2, 6, 7, 0]",10,0
"[4, 3, 1, 5, 2, 6, 7, 0]",11,0
"[4, 3, 1, 5, 2, 6, 7, 0]",12,0
"[4, 3, 1, 5, 2, 6, 7, 0]",13,0
"[4, 3, 1, 5, 2, 6, 7, 0]",14,0
"[4, 3, 1, 5, 2, 6, 7, 0]",15,1
"[4, 3, 1, 5, 2, 6, 7, 0]",16,0
"[4, 3, 1, 5, 2, 6, 7, 0]",17,1
"[4, 3, 1, 5, 2, 6, 7, 0]",18,0
"[4, 3, 1, 5, 2, 6, 7, 0]",19,1
"[4, 3, 1, 5, 2, 6, 7, 0]",20,1
"[4, 3, 1, 5, 2, 6, 7, 0]",21,0
"[4, 3, 1, 5, 2, 6, 7, 0]",22,0
"[4, 3, 1, 5, 2, 6, 7, 0]",23,0
"[4, 3, 1, 5, 2, 6, 7, 0]",24,0
"[4, 3, 1, 5, 6, 2, 7, 0]",0,0
"[4, 3, 1, 5, 6, 2, 7, 0]",1,1
"[4, 3, 1, 5, 6, 2, 7, 0]",2,1
"[4, 3, 1, 5, 6, 2, 7, 0]",3,0
"[4, 3, 1, 5, 6, 2, 7, 0]",4,0
"[4, 3, 1, 5, 6, 2, 7, 0]",5,0
"[4, 3, 1, 5, 6, 2, 7, 0]",6,0
"[4, 3, 1, 5, 6, 2, 7, 0]",7,1
"[4, 3, 1, 5, 6, 2, 7, 0]",8,0
"[4, 3, 1, 5, 6, 2, 7, 0]",9,1
"[4, 3, 1, 5, 6, 2, 7, 0]",10,0
"[4, 3, 1, 5, 6, 2, 7, 0]",11,0
"[4, 3, 1, 5, 6, 2, 7, 0]",12,1
"[4, 3, 1, 5, 6, 2, 7, 0]",13,0
"[4, 3, 1, 5, 6, 2, 7, 0]",14,1
"[4, 3, 1, 5, 6, 2, 7, 0]",15,1
"[4, 3, 1, 5, 6, 2, 7, 0]",16,0
"[4, 3, 1, 5, 6, 2, 7, 0]",17,0
"[4, 3, 1, 5, 6, 2, 7, 0]",18,0
"[4, 3, 1, 5, 6, 2, 7, 0]",19,1
"[4, 3, 1, 5, 6, 2, 7, 0]",20,0
"[4, 3, 1, 5, 6, 2, 7, 0]",21,0
"[4, 3, 1, 5, 6, 2, 7, 0]",22,0
"[4, 3, 1, 5, 6, 2, 7, 0]",23,0
"[4, 3, 1, 5, 6, 2, 7, 0]",24,0
"[5, 6, 3, 4, 0, 1, 2, 7]",0,0
"[5, 6, 3, 4, 0, 1, 2, 7]",1,1
"[5, 6, 3, 4, 0, 1, 2, 7]",2,0
"[5, 6, 3, 4, 0, 1, 2, 7]",3,1
"[5, 6, 3, 4, 0, 1, 2, 7]",4,0
"[5, 6, 3, 4, 0, 1, 2, 7]",5,0
"[5, 6, 3, 4, 0, 1, 2, 7]",6,1
"[5, 6, 3, 4, 0, 1, 2, 7]",7,1
"[5, 6, 3, 4, 0, 1, 2, 7]",8,0
"[5, 6, 3, 4, 0, 1, 2, 7]",9,0
"[5, 6, 3, 4, 0, 1, 2, 7]",10,0
"[5, 6, 3, 4, 0, 1, 2, 7]",11,0
"[5, 6, 3, 4, 0, 1, 2, 7]",12,0
"[5, 6, 3, 4, 0, 1, 2, 7]",13,1
"[5, 6, 3, 4, 0, 1, 2, 7]",14,0
"[5, 6, 3, 4, 0, 1, 2, 7]",15,1
"[5, 6, 3, 4, 0, 1, 2, 7]",16,0
"[5, 6, 3, 4, 0, 1, 2, 7]",17,1
"[5, 6, 3, 4, 0, 1, 2, 7]",18,0
"[5, 6, 3, 4, 0, 1, 2, 7]",19,1
"[5, 6, 3, 4, 0, 1, 2, 7]",20,0
"[5, 6, 3, 4, 0, 1, 2, 7]",21,0
"[5, 6, 3, 4, 0, 1, 2, 7]",22,0
"[5, 6, 3, 4, 0, 1, 2, 7]",23,0
"[5, 6, 3, 4, 0, 1, 2, 7]",24,0
"[5, 6, 3, 4, 2, 1, 0, 7]",0,0
"[5, 6, 3, 4, 2, 1, 0, 7]",1,0
"[5, 6, 3, 4, 2, 1, 0, 7]",2,0
"[5, 6, 3, 4, 2, 1, 0, 7]",3,0
"[5, 6, 3, 4, 2, 1, 0, 7]",4,1
"[5, 6, 3, 4, 2, 1, 0, 7]",5,0
"[5, 6, 3, 4, 2, 1, 0, 7]",6,0
"[5, 6, 3, 4, 2, 1, 0, 7]",7,0
"[5, 6, 3, 4, 2, 1, 0, 7]",8,0
"[5, 6, 3, 4, 2, 1, 0, 7]",9,1
"[5, 6, 3, 4, 2, 1, 0, 7]",10,0
"[5, 6, 3, 4, 2, 1, 0, 7]",11,0
"[5, 6, 3, 4, 2, 1, 0, 7]",12,0
"[5, 6, 3, 4, 2, 1, 0, 7]",13,0
"[5, 6, 3, 4, 2, 1, 0, 7]",14,0
"[5, 6, 3, 4, 2, 1, 0, 7]",15,1
"[5, 6, 3, 4, 2, 1, 0, 7]",16,0
"[5, 6, 3, 4, 2, 1, 0, 7]",17,0
"[5, 6, 3, 4, 2, 1, 0, 7]",18,0
"[5, 6, 3, 4, 2, 1, 0, 7]",19,0
"[5, 6, 3, 4, 2, 1, 0, 7]",20,0
"[5, 6, 3, 4, 2, 1, 0, 7]",21,1
"[5, 6, 3, 4, 2, 1, 0, 7]",22,0
"[5, 6, 3, 4, 2, 1, 0, 7]",23,0
"[5, 6, 3, 4, 2, 1, 0, 7]",24,0
"[6, 4, 3, 7, 0, 2, 5, 1]",0,0
"[6, 4, 3, 7, 0, 2, 5, 1]",1,0
"[6, 4, 3, 7, 0, 2, 5, 1]",2,0
"[6, 4, 3, 7, 0, 2, 5, 1]",3,1
"[6, 4, 3, 7, 0, 2, 5, 1]",4,0
"[6, 4, 3, 7, 0, 2, 5, 1]",5,0
"[6, 4, 3, 7, 0, 2, 5, 1]",6,0
"[6, 4, 3, 7, 0, 2, 5, 1]",7,0
"[6, 4, 3, 7, 0, 2, 5, 1]",8,0
"[6, 4, 3, 7, 0, 2, 5, 1]",9,1
"[6, 4, 3, 7, 0, 2, 5, 1]",10,0
"[6, 4, 3, 7, 0, 2, 5, 1]",11,0
"[6, 4, 3, 7, 0, 2, 5, 1]",12,0
"[6, 4, 3, 7, 0, 2, 5, 1]",13,1
"[6, 4, 3, 7, 0, 2, 5, 1]",14,0
"[6, 4, 3, 7, 0, 2, 5, 1]",15,0
"[6, 4, 3, 7, 0, 2, 5, 1]",16,0
"[6, 4, 3, 7, 0, 2, 5, 1]",17,0
"[6, 4, 3, 7, 0, 2, 5, 1]",18,0
"[6, 4, 3, 7, 0, 2, 5, 1]",19,1
"[6, 4, 3, 7, 0, 2, 5, 1]",20,0
"[6, 4, 3, 7, 0, 2, 5, 1]",21,0
"[6, 4, 3, 7, 0, 2, 5, 1]",22,1
"[6, 4, 3, 7, 0, 2, 5, 1]",23,0
"[6, 4, 3, 7, 0, 2, 5, 1]",24,0
"[6, 4, 1, 5, 2, 0, 7, 3]",0,0
"[6, 4, 1, 5, 2, 0, 7, 3]",1,0
"[6, 4, 1, 5, 2, 0, 7, 3]",2,0
"[6, 4, 1, 5, 2, 0, 7, 3]",3,0
"[6, 4, 1, 5, 2, 0, 7, 3]",4,1
"[6, 4, 1, 5, 2, 0, 7, 3]",5,0
"[6, 4, 1, 5, 2, 0, 7, 3]",6,0
"[6, 4, 1, 5, 2, 0, 7, 3]",7,1
"[6, 4, 1, 5, 2, 0, 7, 3]",8,0
"[6, 4, 1, 5, 2, 0, 7, 3]",9,1
"[6, 4, 1, 5, 2, 0, 7, 3]",10,0
"[6, 4, 1, 5, 2, 0, 7, 3]",11,0
"[6, 4, 1, 5, 2, 0, 7, 3]",12,0
"[6, 4, 1, 5, 2, 0, 7, 3]",13,1
"[6, 4, 1, 5, 2, 0, 7, 3]",14,1
"[6, 4, 1, 5, 2, 0, 7, 3]",15,1
"[6, 4, 1, 5, 2, 0, 7, 3]",16,0
"[6, 4, 1, 5, 2, 0, 7, 3]",17,1
"[6, 4, 1, 5, 2, 0, 7, 3]",18,1
"[6, 4, 1, 5, 2, 0, 7, 3]",19,1
"[6, 4, 1, 5, 2, 0, 7, 3]",20,0
"[6, 4, 1, 5, 2, 0, 7, 3]",21,0
"[6, 4, 1, 5, 2, 0, 7, 3]",22,0
"[6, 4, 1, 5, 2, 0, 7, 3]",23,0
"[6, 4, 1, 5, 2, 0, 7, 3]",24,0
"[4, 6, 0, 5, 1, 7, 2, 3]",0,0
"[4, 6, 0, 5, 1, 7, 2, 3]",1,1
"[4, 6, 0, 5, 1, 7, 2, 3]",2,0
"[4, 6, 0, 5, 1, 7, 2, 3]",3,1
"[4, 6, 0, 5, 1, 7, 2, 3]",4,0
"[4, 6, 0, 5, 1, 7, 2, 3]",5,0
"[4, 6, 0, 5, 1, 7, 2, 3]",6,0
"[4, 6, 0, 5, 1, 7, 2, 3]",7,0
"[4, 6, 0, 5, 1, 7, 2, 3]",8,0
"[4, 6, 0, 5, 1, 7, 2, 3]",9,1
"[4, 6, 0, 5, 1, 7, 2, 3]",10,0
"[4, 6, 0, 5, 1, 7, 2, 3]",11,0
"[4, 6, 0, 5, 1, 7, 2, 3]",12,0
"[4, 6, 0, 5, 1, 7, 2, 3]",13,0
"[4, 6, 0, 5, 1, 7, 2, 3]",14,0
"[4, 6, 0, 5, 1, 7, 2, 3]",15,0
"[4, 6, 0, 5, 1, 7, 2, 3]",16,0
"[4, 6, 0, 5, 1, 7, 2, 3]",17,1
"[4, 6, 0, 5, 1, 7, 2, 3]",18,1
"[4, 6, 0, 5, 1, 7, 2, 3]",19,1
"[4, 6, 0, 5, 1, 7, 2, 3]",20,0
"[4, 6, 0, 5, 1, 7, 2, 3]",21,0
"[4, 6, 0, 5, 1, 7, 2, 3]",22,1
"[4, 6, 0, 5, 1, 7, 2, 3]",23,0
"[4, 6, 0, 5, 1, 7, 2, 3]",24,0
"[0, 6, 4, 5, 1, 7, 2, 3]",0,0
"[0, 6, 4, 5, 1, 7, 2, 3]",1,0
"[0, 6, 4, 5, 1, 7, 2, 3]",2,0
"[0, 6, 4, 5, 1, 7, 2, 3]",3,0
"[0, 6, 4, 5, 1, 7, 2, 3]",4,0
"[0, 6, 4, 5, 1, 7, 2, 3]",5,0
"[0, 6, 4, 5, 1, 7, 2, 3]",6,0
"[0, 6, 4, 5, 1, 7, 2, 3]",7,1
"[0, 6, 4, 5, 1, 7, 2, 3]",8,0
"[0, 6, 4, 5, 1, 7, 2, 3]",9,1
"[0, 6, 4, 5, 1, 7, 2, 3]",10,0
"[0, 6, 4, 5, 1, 7, 2, 3]",11,0
"[0, 6, 4, 5, 1, 7, 2, 3]",12,0
"[0, 6, 4, 5, 1, 7, 2, 3]",13,1
"[0, 6, 4, 5, 1, 7, 2, 3]",14,0
"[0, 6, 4, 5, 1, 7, 2, 3]",15,1
"[0, 6, 4, 5, 1, 7, 2, 3]",16,0
"[0, 6, 4, 5, 1, 7, 2, 3]",17,1
"[0, 6, 4, 5, 1, 7, 2, 3]",18,1
"[0, 6, 4, 5, 1, 7, 2, 3]",19,1
"[0, 6, 4, 5, 1, 7, 2, 3]",20,0
"[0, 6, 4, 5, 1, 7, 2, 3]",21,0
"[0, 6, 4, 5, 1, 7, 2, 3]",22,0
"[0, 6, 4, 5, 1, 7, 2, 3]",23,0
"[0, 6, 4, 5, 1, 7, 2, 3]",24,0
"[4, 2, 3, 7, 5, 6, 0, 1]",0,0
"[4, 2, 3, 7, 5, 6, 0, 1]",1,1
"[4, 2, 3, 7, 5, 6, 0, 1]",2,1
"[4, 2, 3, 7, 5, 6, 0, 1]",3,0
"[4, 2, 3, 7, 5, 6, 0, 1]",4,1
"[4, 2, 3, 7, 5, 6, 0, 1]",5,0
"[4, 2, 3, 7, 5, 6, 0, 1]",6,0
"[4, 2, 3, 7, 5, 6, 0, 1]",7,0
"[4, 2, 3, 7, 5, 6, 0, 1]",8,0
"[4, 2, 3, 7, 5, 6, 0, 1]",9,1
"[4, 2, 3, 7, 5, 6, 0, 1]",10,0
"[4, 2, 3, 7, 5, 6, 0, 1]",11,0
"[4, 2, 3, 7, 5, 6, 0, 1]",12,0
"[4, 2, 3, 7, 5, 6, 0, 1]",13,0
"[4, 2, 3, 7, 5, 6, 0, 1]",14,1
"[4, 2, 3, 7, 5, 6, 0, 1]",15,0
"[4, 2, 3, 7, 5, 6, 0, 1]",16,0
"[4, 2, 3, 7, 5, 6, 0, 1]",17,1
"[4, 2, 3, 7, 5, 6, 0, 1]",18,0
"[4, 2, 3, 7, 5, 6, 0, 1]",19,1
"[4, 2, 3, 7, 5, 6, 0, 1]",20,0
"[4, 2, 3, 7, 5, 6, 0, 1]",21,0
"[4, 2, 3, 7, 5, 6, 0, 1]",22,0
"[4, 2, 3, 7, 5, 6, 0, 1]",23,0
"[4, 2, 3, 7, 5, 6, 0, 1]",24,0
"[4, 6, 5, 7, 3, 2, 0, 1]",0,0
"[4, 6, 5, 7, 3, 2, 0, 1]",1,0
"[4, 6, 5, 7, 3, 2, 0, 1]",2,0
"[4, 6, 5, 7, 3, 2, 0, 1]",3,0
"[4, 6, 5, 7, 3, 2, 0, 1]",4,0
"[4, 6, 5, 7, 3, 2, 0, 1]",5,0
"[4, 6, 5, 7, 3, 2, 0, 1]",6,0
"[4, 6, 5, 7, 3, 2, 0, 1]",7,0
"[4, 6, 5, 7, 3, 2, 0, 1]",8,0
"[4, 6, 5, 7, 3, 2, 0, 1]",9,1
"[4, 6, 5, 7, 3, 2, 0, 1]",10,0
"[4, 6, 5, 7, 3, 2, 0, 1]",11,1
"[4, 6, 5, 7, 3, 2, 0, 1]",12,0
"[4, 6, 5, 7, 3, 2, 0, 1]",13,0
"[4, 6, 5, 7, 3, 2, 0, 1]",14,1
"[4, 6, 5, 7, 3, 2, 0, 1]",15,0
"[4, 6, 5, 7, 3, 2, 0, 1]",16,0
"[4, 6, 5, 7, 3, 2, 0, 1]",17,1
"[4, 6, 5, 7, 3, 2, 0, 1]",18,1
"[4, 6, 5, 7, 3, 2, 0, 1]",19,1
"[4, 6, 5, 7, 3, 2, 0, 1]",20,0
"[4, 6, 5, 7, 3, 2, 0, 1]",21,1
"[4, 6, 5, 7, 3, 2, 0, 1]",22,1
"[4, 6, 5, 7, 3, 2, 0, 1]",23,0
"[4, 6, 5, 7, 3, 2, 0, 1]",24,0
"[4, 2, 6, 7, 3, 1, 5, 0]",0,0
"[4, 2, 6, 7, 3, 1, 5, 0]",1,1
"[4, 2, 6, 7, 3, 1, 5, 0]",2,1
"[4, 2, 6, 7, 3, 1, 5, 0]",3,0
"[4, 2, 6, 7, 3, 1, 5, 0]",4,0
"[4, 2, 6, 7, 3, 1, 5, 0]",5,0
"[4, 2, 6, 7, 3, 1, 5, 0]",6,0
"[4, 2, 6, 7, 3, 1, 5, 0]",7,0
"[4, 2, 6, 7, 3, 1, 5, 0]",8,0
"[4, 2, 6, 7, 3, 1, 5, 0]",9,1
"[4, 2, 6, 7, 3, 1, 5, 0]",10,0
"[4, 2, 6, 7, 3, 1, 5, 0]",11,0
"[4, 2, 6, 7, 3, 1, 5, 0]",12,0
"[4, 2, 6, 7, 3, 1, 5, 0]",13,1
"[4, 2, 6, 7, 3, 1, 5, 0]",14,1
"[4, 2, 6, 7, 3, 1, 5, 0]",15,0
"[4, 2, 6, 7, 3, 1, 5, 0]",16,0
"[4, 2, 6, 7, 3, 1, 5, 0]",17,1
"[4, 2, 6, 7, 3, 1, 5, 0]",18,1
"[4, 2, 6, 7, 3, 1, 5, 0]",19,1
"[4, 2, 6, 7, 3, 1, 5, 0]",20,0
"[4, 2, 6, 7, 3, 1, 5, 0]",21,0
"[4, 2, 6, 7, 3, 1, 5, 0]",22,0
"[4, 2, 6, 7, 3, 1, 5, 0]",23,0
"[4, 2, 6, 7, 3, 1, 5, 0]",24,0
"[2, 4, 6, 7, 3, 1, 5, 0]",0,0
"[2, 4, 6, 7, 3, 1, 5, 0]",1,0
"[2, 4, 6, 7, 3, 1, 5, 0]",2,0
"[2, 4, 6, 7, 3, 1, 5, 0]",3,1
"[2, 4, 6, 7, 3, 1, 5, 0]",4,0
"[2, 4, 6, 7, 3, 1, 5, 0]",5,0
"[2, 4, 6, 7, 3, 1, 5, 0]",6,0
"[2, 4, 6, 7, 3, 1, 5, 0]",7,1
"[2, 4, 6, 7, 3, 1, 5, 0]",8,0
"[2, 4, 6, 7, 3, 1, 5, 0]",9,1
"[2, 4, 6, 7, 3, 1, 5, 0]",10,0
"[2, 4, 6, 7, 3, 1, 5, 0]",11,0
"[2, 4, 6, 7, 3, 1, 5, 0]",12,0
"[2, 4, 6, 7, 3, 1, 5, 0]",13,0
"[2, 4, 6, 7, 3, 1, 5, 0]",14,0
"[2, 4, 6, 7, 3, 1, 5, 0]",15,0
"[2, 4, 6, 7, 3, 1, 5, 0]",16,0
"[2, 4, 6, 7, 3, 1, 5, 0]",17,1
"[2, 4, 6, 7, 3, 1, 5, 0]",18,1
"[2, 4, 6, 7, 3, 1, 5, 0]",19,0
"[2, 4, 6, 7, 3, 1, 5, 0]",20,0
"[2, 4, 6, 7, 3, 1, 5, 0]",21,0
"[2, 4, 6, 7, 3, 1, 5, 0]",22,1
"[2, 4, 6, 7, 3, 1, 5, 0]",23,0
"[2, 4, 6, 7, 3, 1, 5, 0]",24,0
"[7, 1, 5, 3, 0, 4, 2, 6]",0,0
"[7, 1, 5, 3, 0, 4, 2, 6]",1,0
"[7, 1, 5, 3, 0, 4, 2, 6]",2,0
"[7, 1, 5, 3, 0, 4, 2, 6]",3,1
"[7, 1, 5, 3, 0, 4, 2, 6]",4,0
"[7, 1, 5, 3, 0, 4, 2, 6]",5,0
"[7, 1, 5, 3, 0, 4, 2, 6]",6,0
"[7, 1, 5, 3, 0, 4, 2, 6]",7,0
"[7, 1, 5, 3, 0, 4, 2, 6]",8,0
"[7, 1, 5, 3, 0, 4, 2, 6]",9,1
"[7, 1, 5, 3, 0, 4, 2, 6]",10,0
"[7, 1, 5, 3, 0, 4, 2, 6]",11,0
"[7, 1, 5, 3, 0, 4, 2, 6]",12,1
"[7, 1, 5, 3, 0, 4, 2, 6]",13,1
"[7, 1, 5, 3, 0, 4, 2, 6]",14,0
"[7, 1, 5, 3, 0, 4, 2, 6]",15,1
"[7, 1, 5, 3, 0, 4, 2, 6]",16,0
"[7, 1, 5, 3, 0, 4, 2, 6]",17,1
"[7, 1, 5, 3, 0, 4, 2, 6]",18,1
"[7, 1, 5, 3, 0, 4, 2, 6]",19,0
"[7, 1, 5, 3, 0, 4, 2, 6]",20,0
"[7, 1, 5, 3, 0, 4, 2, 6]",21,1
"[7, 1, 5, 3, 0, 4, 2, 6]",22,0
"[7, 1, 5, 3, 0, 4, 2, 6]",23,0
"[7, 1, 5, 3, 0, 4, 2, 6]",24,0
"[4, 0, 3, 5, 1, 7, 2, 6]",0,0
"[4, 0, 3, 5, 1, 7, 2, 6]",1,0
"[4, 0, 3, 5, 1, 7, 2, 6]",2,0
"[4, 0, 3, 5, 1, 7, 2, 6]",3,0
"[4, 0, 3, 5, 1, 7, 2, 6]",4,1
"[4, 0, 3, 5, 1, 7, 2, 6]",5,0
"[4, 0, 3, 5, 1, 7, 2, 6]",6,0
"[4, 0, 3, 5, 1, 7, 2, 6]",7,1
"[4, 0, 3, 5, 1, 7, 2, 6]",8,0
"[4, 0, 3, 5, 1, 7, 2, 6]",9,1
"[4, 0, 3, 5, 1, 7, 2, 6]",10,0
"[4, 0, 3, 5, 1, 7, 2, 6]",11,0
"[4, 0, 3, 5, 1, 7, 2, 6]",12,0
"[4, 0, 3, 5, 1, 7, 2, 6]",13,0
"[4, 0, 3, 5, 1, 7, 2, 6]",14,0
"[4, 0, 3, 5, 1, 7, 2, 6]",15,0
"[4, 0, 3, 5, 1, 7, 2, 6]",16,0
"[4, 0, 3, 5, 1, 7, 2, 6]",17,1
"[4, 0, 3, 5, 1, 7, 2, 6]",18,1
"[4, 0, 3, 5, 1, 7, 2, 6]",19,1
"[4, 0, 3, 5, 1, 7, 2, 6]",20,0
"[4, 0, 3, 5, 1, 7, 2, 6]",21,0
"[4, 0, 3, 5, 1, 7, 2, 6]",22,0
"[4, 0, 3, 5, 1, 7, 2, 6]",23,0
"[4, 0, 3, 5, 1, 7, 2, 6]",24,0
"[2, 6, 3, 5, 1, 4, 7, 0]",0,0
"[2, 6, 3, 5, 1, 4, 7, 0]",1,0
"[2, 6, 3, 5, 1, 4, 7, 0]",2,0
"[2, 6, 3, 5, 1, 4, 7, 0]",3,0
"[2, 6, 3, 5, 1, 4, 7, 0]",4,0
"[2, 6, 3, 5, 1, 4, 7, 0]",5,0
"[2, 6, 3, 5, 1, 4, 7, 0]",6,0
"[2, 6, 3, 5, 1, 4, 7, 0]",7,0
"[2, 6, 3, 5, 1, 4, 7, 0]",8,0
"[2, 6, 3, 5, 1, 4, 7, 0]",9,0
"[2, 6, 3, 5, 1, 4, 7, 0]",10,0
"[2, 6, 3, 5, 1, 4, 7, 0]",11,0
"[2, 6, 3, 5, 1, 4, 7, 0]",12,0
"[2, 6, 3, 5, 1, 4, 7, 0]",13,0
"[2, 6, 3, 5, 1, 4, 7, 0]",14,0
"[2, 6, 3, 5, 1, 4, 7, 0]",15,0
"[2, 6, 3, 5, 1, 4, 7, 0]",16,0
"[2, 6, 3, 5, 1, 4, 7, 0]",17,0
"[2, 6, 3, 5, 1, 4, 7, 0]",18,0
"[2, 6, 3, 5, 1, 4, 7, 0]",19,0
"[2, 6, 3, 5, 1, 4, 7, 0]",20,0
"[2, 6, 3, 5, 1, 4, 7, 0]",21,0
"[2, 6, 3, 5, 1, 4, 7, 0]",22,0
"[2, 6, 3, 5, 1, 4, 7, 0]",23,0
"[2, 6, 3, 5, 1, 4, 7, 0]",24,0
"[2, 6, 3, 5, 1, 0, 7, 4]",0,0
"[2, 6, 3, 5, 1, 0, 7, 4]",1,1
"[2, 6, 3, 5, 1, 0, 7, 4]",2,0
"[2, 6, 3, 5, 1, 0, 7, 4]",3,0
"[2, 6, 3, 5, 1, 0, 7, 4]",4,0
"[2, 6, 3, 5, 1, 0, 7, 4]",5,0
"[2, 6, 3, 5, 1, 0, 7, 4]",6,0
"[2, 6, 3, 5, 1, 0, 7, 4]",7,1
"[2, 6, 3, 5, 1, 0, 7, 4]",8,0
"[2, 6, 3, 5, 1, 0, 7, 4]",9,1
"[2, 6, 3, 5, 1, 0, 7, 4]",10,0
"[2, 6, 3, 5, 1, 0, 7, 4]",11,0
"[2, 6, 3, 5, 1, 0, 7, 4]",12,0
"[2, 6, 3, 5, 1, 0, 7, 4]",13,0
"[2, 6, 3, 5, 1, 0, 7, 4]",14,1
"[2, 6, 3, 5, 1, 0, 7, 4]",15,1
"[2, 6, 3, 5, 1, 0, 7, 4]",16,0
"[2, 6, 3, 5, 1, 0, 7, 4]",17,1
"[2, 6, 3, 5, 1, 0, 7, 4]",18,0
"[2, 6, 3, 5, 1, 0, 7, 4]",19,1
"[2, 6, 3, 5, 1, 0, 7, 4]",20,0
"[2, 6, 3, 5, 1, 0, 7, 4]",21,0
"[2, 6, 3, 5, 1, 0, 7, 4]",22,1
"[2, 6, 3, 5, 1, 0, 7, 4]",23,0
"[2, 6, 3, 5, 1, 0, 7, 4]",24,0
"[5, 0, 4, 1, 3, 2, 6, 7]",0,0
"[5, 0, 4, 1, 3, 2, 6, 7]",1,0
"[5, 0, 4, 1, 3, 2, 6, 7]",2,0
"[5, 0, 4, 1, 3, 2, 6, 7]",3,0
"[5, 0, 4, 1, 3, 2, 6, 7]",4,0
"[5, 0, 4, 1, 3, 2, 6, 7]",5,0
"[5, 0, 4, 1, 3, 2, 6, 7]",6,0
"[5, 0, 4, 1, 3, 2, 6, 7]",7,1
"[5, 0, 4, 1, 3, 2, 6, 7]",8,0
"[5, 0, 4, 1, 3, 2, 6, 7]",9,1
"[5, 0, 4, 1, 3, 2, 6, 7]",10,0
"[5, 0, 4, 1, 3, 2, 6, 7]",11,0
"[5, 0, 4, 1, 3, 2, 6, 7]",12,0
"[5, 0, 4, 1, 3, 2, 6, 7]",13,0
"[5, 0, 4, 1, 3, 2, 6, 7]",14,0
"[5, 0, 4, 1, 3, 2, 6, 7]",15,0
"[5, 0, 4, 1, 3, 2, 6, 7]",16,0
"[5, 0, 4, 1, 3, 2, 6, 7]",17,1
"[5, 0, 4, 1, 3, 2, 6, 7]",18,1
"[5, 0, 4, 1, 3, 2, 6, 7]",19,0
"[5, 0, 4, 1, 3, 2, 6, 7]",20,0
"[5, 0, 4, 1, 3, 2, 6, 7]",21,1
"[5, 0, 4, 1, 3, 2, 6, 7]",22,0
"[5, 0, 4, 1, 3, 2, 6, 7]",23,1
"[5, 0, 4, 1, 3, 2, 6, 7]",24,0
"[5, 6, 2, 3, 1, 4, 0, 7]",0,0
"[5, 6, 2, 3, 1, 4, 0, 7]",1,0
"[5, 6, 2, 3, 1, 4, 0, 7]",2,0
"[5, 6, 2, 3, 1, 4, 0, 7]",3,0
"[5, 6, 2, 3, 1, 4, 0, 7]",4,0
"[5, 6, 2, 3, 1, 4, 0, 7]",5,0
"[5, 6, 2, 3, 1, 4, 0, 7]",6,0
"[5, 6, 2, 3, 1, 4, 0, 7]",7,0
"[5, 6, 2, 3, 1, 4, 0, 7]",8,0
"[5, 6, 2, 3, 1, 4, 0, 7]",9,1
"[5, 6, 2, 3, 1, 4, 0, 7]",10,0
"[5, 6, 2, 3, 1, 4, 0, 7]",11,0
"[5, 6, 2, 3, 1, 4, 0, 7]",12,0
"[5, 6, 2, 3, 1, 4, 0, 7]",13,1
"[5, 6, 2, 3, 1, 4, 0, 7]",14,0
"[5, 6, 2, 3, 1, 4, 0, 7]",15,1
"[5, 6, 2, 3, 1, 4, 0, 7]",16,0
"[5, 6, 2, 3, 1, 4, 0, 7]",17,1
"[5, 6, 2, 3, 1, 4, 0, 7]",18,0
"[5, 6, 2, 3, 1, 4, 0, 7]",19,1
"[5, 6, 2, 3, 1, 4, 0, 7]",20,0
"[5, 6, 2, 3, 1, 4, 0, 7]",21,1
"[5, 6, 2, 3, 1, 4, 0, 7]",22,0
"[5, 6, 2, 3, 1, 4, 0, 7]",23,0
"[5, 6, 2, 3, 1, 4, 0, 7]",24,0
"[4, 0, 6, 2, 5, 7, 1, 3]",0,0
"[4, 0, 6, 2, 5, 7, 1, 3]",1,1
"[4, 0, 6, 2, 5, 7, 1, 3]",2,0
"[4, 0, 6, 2, 5, 7, 1, 3]",3,1
"[4, 0, 6, 2, 5, 7, 1, 3]",4,0
"[4, 0, 6, 2, 5, 7, 1, 3]",5,0
"[4, 0, 6, 2, 5, 7, 1, 3]",6,0
"[4, 0, 6, 2, 5, 7, 1, 3]",7,0
"[4, 0, 6, 2, 5, 7, 1, 3]",8,0
"[4, 0, 6, 2, 5, 7, 1, 3]",9,1
"[4, 0, 6, 2, 5, 7, 1, 3]",10,0
"[4, 0, 6, 2, 5, 7, 1, 3]",11,0
"[4, 0, 6, 2, 5, 7, 1, 3]",12,0
"[4, 0, 6, 2, 5, 7, 1, 3]",13,0
"[4, 0, 6, 2, 5, 7, 1, 3]",14,0
"[4, 0, 6, 2, 5, 7, 1, 3]",15,1
"[4, 0, 6, 2, 5, 7, 1, 3]",16,0
"[4, 0, 6, 2, 5, 7, 1, 3]",17,1
"[4, 0, 6, 2, 5, 7, 1, 3]",18,0
"[4, 0, 6, 2, 5, 7, 1, 3]",19,0
"[4, 0, 6, 2, 5, 7, 1, 3]",20,0
"[4, 0, 6, 2, 5, 7, 1, 3]",21,0
"[4, 0, 6, 2, 5, 7, 1, 3]",22,0
"[4, 0, 6, 2, 5, 7, 1, 3]",23,0
"[4, 0, 6, 2, 5, 7, 1, 3]",24,0
"[4, 2, 6, 0, 5, 7, 1, 3]",0,0
"[4, 2, 6, 0, 5, 7, 1, 3]",1,0
"[4, 2, 6, 0, 5, 7, 1, 3]",2,0
"[4, 2, 6, 0, 5, 7, 1, 3]",3,0
"[4, 2, 6, 0, 5, 7, 1, 3]",4,0
"[4, 2, 6, 0, 5, 7, 1, 3]",5,0
"[4, 2, 6, 0, 5, 7, 1, 3]",6,0
"[4, 2, 6, 0, 5, 7, 1, 3]",7,1
"[4, 2, 6, 0, 5, 7, 1, 3]",8,0
"[4, 2, 6, 0, 5, 7, 1, 3]",9,1
"[4, 2, 6, 0, 5, 7, 1, 3]",10,0
"[4, 2, 6, 0, 5, 7, 1, 3]",11,0
"[4, 2, 6, 0, 5, 7, 1, 3]",12,0
"[4, 2, 6, 0, 5, 7, 1, 3]",13,0
"[4, 2, 6, 0, 5, 7, 1, 3]",14,0
"[4, 2, 6, 0, 5, 7, 1, 3]",15,1
"[4, 2, 6, 0, 5, 7, 1, 3]",16,0
"[4, 2, 6, 0, 5, 7, 1, 3]",17,1
"[4, 2, 6, 0, 5, 7, 1, 3]",18,0
"[4, 2, 6, 0, 5, 7, 1, 3]",19,1
"[4, 2, 6, 0, 5, 7, 1, 3]",20,0
"[4, 2, 6, 0, 5, 7, 1, 3]",21,0
"[4, 2, 6, 0, 5, 7, 1, 3]",22,0
"[4, 2, 6, 0, 5, 7, 1, 3]",23,0
"[4, 2, 6, 0, 5, 7, 1, 3]",24,0
"[3, 5, 4, 6, 2, 1, 7, 0]",0,0
"[3, 5, 4, 6, 2, 1, 7, 0]",1,0
"[3, 5, 4, 6, 2, 1, 7, 0]",2,0
"[3, 5, 4, 6, 2, 1, 7, 0]",3,1
"[3, 5, 4, 6, 2, 1, 7, 0]",4,0
"[3, 5, 4, 6, 2, 1, 7, 0]",5,0
"[3, 5, 4, 6, 2, 1, 7, 0]",6,0
"[3, 5, 4, 6, 2, 1, 7, 0]",7,0
"[3, 5, 4, 6, 2, 1, 7, 0]",8,0
"[3, 5, 4, 6, 2, 1, 7, 0]",9,1
"[3, 5, 4, 6, 2, 1, 7, 0]",10,0
"[3, 5, 4, 6, 2, 1, 7, 0]",11,0
"[3, 5, 4, 6, 2, 1, 7, 0]",12,0
"[3, 5, 4, 6, 2, 1, 7, 0]",13,1
"[3, 5, 4, 6, 2, 1, 7, 0]",14,0
"[3, 5, 4, 6, 2, 1, 7, 0]",15,0
"[3, 5, 4, 6, 2, 1, 7, 0]",16,0
"[3, 5, 4, 6, 2, 1, 7, 0]",17,1
"[3, 5, 4, 6, 2, 1, 7, 0]",18,0
"[3, 5, 4, 6, 2, 1, 7, 0]",19,0
"[3, 5, 4, 6, 2, 1, 7, 0]",20,0
"[3, 5, 4, 6, 2, 1, 7, 0]",21,1
"[3, 5, 4, 6, 2, 1, 7, 0]",22,0
"[3, 5, 4, 6, 2, 1, 7, 0]",23,0
"[3, 5, 4, 6, 2, 1, 7, 0]",24,0
"[3, 5, 4, 6, 2, 1, 0, 7]",0,0
"[3, 5, 4, 6, 2, 1, 0, 7]",1,0
"[3, 5, 4, 6, 2, 1, 0, 7]",2,0
"[3, 5, 4, 6, 2, 1, 0, 7]",3,0
"[3, 5, 4, 6, 2, 1, 0, 7]",4,0
"[3, 5, 4, 6, 2, 1, 0, 7]",5,1
"[3, 5, 4, 6, 2, 1, 0, 7]",6,0
"[3, 5, 4, 6, 2, 1, 0, 7]",7,1
"[3, 5, 4, 6, 2, 1, 0, 7]",8,0
"[3, 5, 4, 6, 2, 1, 0, 7]",9,1
"[3, 5, 4, 6, 2, 1, 0, 7]",10,0
"[3, 5, 4, 6, 2, 1, 0, 7]",11,0
"[3, 5, 4, 6, 2, 1, 0, 7]",12,0
"[3, 5, 4, 6, 2, 1, 0, 7]",13,0
"[3, 5, 4, 6, 2, 1, 0, 7]",14,0
"[3, 5, 4, 6, 2, 1, 0, 7]",15,0
"[3, 5, 4, 6, 2, 1, 0, 7]",16,0
"[3, 5, 4, 6, 2, 1, 0, 7]",17,1
"[3, 5, 4, 6, 2, 1, 0, 7]",18,1
"[3, 5, 4, 6, 2, 1, 0, 7]",19,1
"[3, 5, 4, 6, 2, 1, 0, 7]",20,0
"[3, 5, 4, 6, 2, 1, 0, 7]",21,0
"[3, 5, 4, 6, 2, 1, 0, 7]",22,1
"[3, 5, 4, 6, 2, 1, 0, 7]",23,0
"[3, 5, 4, 6, 2, 1, 0, 7]",24,1
"[1, 3, 2, 5, 4, 0, 6, 7]",0,0
"[1, 3, 2, 5, 4, 0, 6, 7]",1,1
"[1, 3, 2, 5, 4, 0, 6, 7]",2,0
"[1, 3, 2, 5, 4, 0, 6, 7]",3,1
"[1, 3, 2, 5, 4, 0, 6, 7]",4,1
"[1, 3, 2, 5, 4, 0, 6, 7]",5,0
"[1, 3, 2, 5, 4, 0, 6, 7]",6,1
"[1, 3, 2, 5, 4, 0, 6, 7]",7,0
"[1, 3, 2, 5, 4, 0, 6, 7]",8,0
"[1, 3, 2, 5, 4, 0, 6, 7]",9,0
"[1, 3, 2, 5, 4, 0, 6, 7]",10,0
"[1, 3, 2, 5, 4, 0, 6, 7]",11,0
"[1, 3, 2, 5, 4, 0, 6, 7]",12,0
"[1, 3, 2, 5, 4, 0, 6, 7]",13,1
"[1, 3, 2, 5, 4, 0, 6, 7]",14,0
"[1, 3, 2, 5, 4, 0, 6, 7]",15,1
"[1, 3, 2, 5, 4, 0, 6, 7]",16,1
"[1, 3, 2, 5, 4, 0, 6, 7]",17,1
"[1, 3, 2, 5, 4, 0, 6, 7]",18,0
"[1, 3, 2, 5, 4, 0, 6, 7]",19,1
"[1, 3, 2, 5, 4, 0, 6, 7]",20,0
"[1, 3, 2, 5, 4, 0, 6, 7]",21,0
"[1, 3, 2, 5, 4, 0, 6, 7]",22,1
"[1, 3, 2, 5, 4, 0, 6, 7]",23,0
"[1, 3, 2, 5, 4, 0, 6, 7]",24,0
"[1, 4, 5, 2, 3, 0, 6, 7]",0,0
"[1, 4, 5, 2, 3, 0, 6, 7]",1,0
"[1, 4, 5, 2, 3, 0, 6, 7]",2,0
"[1, 4, 5, 2, 3, 0, 6, 7]",3,0
"[1, 4, 5, 2, 3, 0, 6, 7]",4,1
"[1, 4, 5, 2, 3, 0, 6, 7]",5,0
"[1, 4, 5, 2, 3, 0, 6, 7]",6,0
"[1, 4, 5, 2, 3, 0, 6, 7]",7,1
"[1, 4, 5, 2, 3, 0, 6, 7]",8,0
"[1, 4, 5, 2, 3, 0, 6, 7]",9,1
"[1, 4, 5, 2, 3, 0, 6, 7]",10,0
"[1, 4, 5, 2, 3, 0, 6, 7]",11,0
"[1, 4, 5, 2, 3, 0, 6, 7]",12,1
"[1, 4, 5, 2, 3, 0, 6, 7]",13,0
"[1, 4, 5, 2, 3, 0, 6, 7]",14,0
"[1, 4, 5, 2, 3, 0, 6, 7]",15,1
"[1, 4, 5, 2, 3, 0, 6, 7]",16,0
"[1, 4, 5, 2, 3, 0, 6, 7]",17,1
"[1, 4, 5, 2, 3, 0, 6, 7]",18,1
"[1, 4, 5, 2, 3, 0, 6, 7]",19,1
"[1, 4, 5, 2, 3, 0, 6, 7]",20,0
"[1, 4, 5, 2, 3, 0, 6, 7]",21,0
"[1, 4, 5, 2, 3, 0, 6, 7]",22,1
"[1, 4, 5, 2, 3, 0, 6, 7]",23,0
"[1, 4, 5, 2, 3, 0, 6, 7]",24,0
"[1, 2, 3, 6, 4, 5, 7, 0]",0,0
"[1, 2, 3, 6, 4, 5, 7, 0]",1,0
"[1, 2, 3, 6, 4, 5, 7, 0]",2,0
"[1, 2, 3, 6, 4, 5, 7, 0]",3,1
"[1, 2, 3, 6, 4, 5, 7, 0]",4,1
"[1, 2, 3, 6, 4, 5, 7, 0]",5,0
"[1, 2, 3, 6, 4, 5, 7, 0]",6,0
"[1, 2, 3, 6, 4, 5, 7, 0]",7,1
"[1, 2, 3, 6, 4, 5, 7, 0]",8,0
"[1, 2, 3, 6, 4, 5, 7, 0]",9,1
"[1, 2, 3, 6, 4, 5, 7, 0]",10,0
"[1, 2, 3, 6, 4, 5, 7, 0]",11,0
"[1, 2, 3, 6, 4, 5, 7, 0]",12,0
"[1, 2, 3, 6, 4, 5, 7, 0]",13,0
"[1, 2, 3, 6, 4, 5, 7, 0]",14,1
"[1, 2, 3, 6, 4, 5, 7, 0]",15,1
"[1, 2, 3, 6, 4, 5, 7, 0]",16,0
"[1, 2, 3, 6, 4, 5, 7, 0]",17,1
"[1, 2, 3, 6, 4, 5, 7, 0]",18,0
"[1, 2, 3, 6, 4, 5, 7, 0]",19,1
"[1, 2, 3, 6, 4, 5, 7, 0]",20,0
"[1, 2, 3, 6, 4, 5, 7, 0]",21,0
"[1, 2, 3, 6, 4, 5, 7, 0]",22,1
"[1, 2, 3, 6, 4, 5, 7, 0]",23,0
"[1, 2, 3, 6, 4, 5, 7, 0]",24,0
"[6, 2, 3, 4, 1, 5, 7, 0]",0,0
"[6, 2, 3, 4, 1, 5, 7, 0]",1,1
"[6, 2, 3, 4, 1, 5, 7, 0]",2,0
"[6, 2, 3, 4, 1, 5, 7, 0]",3,0
"[6, 2, 3, 4, 1, 5, 7, 0]",4,0
"[6, 2, 3, 4, 1, 5, 7, 0]",5,0
"[6, 2, 3, 4, 1, 5, 7, 0]",6,0
"[6, 2, 3, 4, 1, 5, 7, 0]",7,1
"[6, 2, 3, 4, 1, 5, 7, 0]",8,0
"[6, 2, 3, 4, 1, 5, 7, 0]",9,1
"[6, 2, 3, 4, 1, 5, 7, 0]",10,0
"[6, 2, 3, 4, 1, 5, 7, 0]",11,0
"[6, 2, 3, 4, 1, 5, 7, 0]",12,0
"[6, 2, 3, 4, 1, 5, 7, 0]",13,0
"[6, 2, 3, 4, 1, 5, 7, 0]",14,1
"[6, 2, 3, 4, 1, 5, 7, 0]",15,1
"[6, 2, 3, 4, 1, 5, 7, 0]",16,0
"[6, 2, 3, 4, 1, 5, 7, 0]",17,1
"[6, 2, 3, 4, 1, 5, 7, 0]",18,0
"[6, 2, 3, 4, 1, 5, 7, 0]",19,1
"[6, 2, 3, 4, 1, 5, 7, 0]",20,0
"[6, 2, 3, 4, 1, 5, 7, 0]",21,0
"[6, 2, 3, 4, 1, 5, 7, 0]",22,1
"[6, 2, 3, 4, 1, 5, 7, 0]",23,0
"[6, 2, 3, 4, 1, 5, 7, 0]",24,0
"[0, 6, 2, 5, 3, 4, 7, 1]",0,0
"[0, 6, 2, 5, 3, 4, 7, 1]",1,1
"[0, 6, 2, 5, 3, 4, 7, 1]",2,0
"[0, 6, 2, 5, 3, 4, 7, 1]",3,0
"[0, 6, 2, 5, 3, 4, 7, 1]",4,1
"[0, 6, 2, 5, 3, 4, 7, 1]",5,0
"[0, 6, 2, 5, 3, 4, 7, 1]",6,0
"[0, 6, 2, 5, 3, 4, 7, 1]",7,1
"[0, 6, 2, 5, 3, 4, 7, 1]",8,0
"[0, 6, 2, 5, 3, 4, 7, 1]",9,1
"[0, 6, 2, 5, 3, 4, 7, 1]",10,0
"[0, 6, 2, 5, 3, 4, 7, 1]",11,0
"[0, 6, 2, 5, 3, 4, 7, 1]",12,0
"[0, 6, 2, 5, 3, 4, 7, 1]",13,1
"[0, 6, 2, 5, 3, 4, 7, 1]",14,0
"[0, 6, 2, 5, 3, 4, 7, 1]",15,1
"[0, 6, 2, 5, 3, 4, 7, 1]",16,0
"[0, 6, 2, 5, 3, 4, 7, 1]",17,1
"[0, 6, 2, 5, 3, 4, 7, 1]",18,1
"[0, 6, 2, 5, 3, 4, 7, 1]",19,1
"[0, 6, 2, 5, 3, 4, 7, 1]",20,0
"[0, 6, 2, 5, 3, 4, 7, 1]",21,0
"[0, 6, 2, 5, 3, 4, 7, 1]",22,1
"[0, 6, 2, 5, 3, 4, 7, 1]",23,0
"[0, 6, 2, 5, 3, 4, 7, 1]",24,0
"[5, 6, 0, 2, 3, 4, 7, 1]",0,0
"[5, 6, 0, 2, 3, 4, 7, 1]",1,0
"[5, 6, 0, 2, 3, 4, 7, 1]",2,0
"[5, 6, 0, 2, 3, 4, 7, 1]",3,1
"[5, 6, 0, 2, 3, 4, 7, 1]",4,0
"[5, 6, 0, 2, 3, 4, 7, 1]",5,0
"[5, 6, 0, 2, 3, 4, 7, 1]",6,1
"[5, 6, 0, 2, 3, 4, 7, 1]",7,0
"[5, 6, 0, 2, 3, 4, 7, 1]",8,0
"[5, 6, 0, 2, 3, 4, 7, 1]",9,0
"[5, 6, 0, 2, 3, 4, 7, 1]",10,0
"[5, 6, 0, 2, 3, 4, 7, 1]",11,0
"[5, 6, 0, 2, 3, 4, 7, 1]",12,0
"[5, 6, 0, 2, 3, 4, 7, 1]",13,0
"[5, 6, 0, 2, 3, 4, 7, 1]",14,0
"[5, 6, 0, 2, 3, 4, 7, 1]",15,1
"[5, 6, 0, 2, 3, 4, 7, 1]",16,0
"[5, 6, 0, 2, 3, 4, 7, 1]",17,1
"[5, 6, 0, 2, 3, 4, 7, 1]",18,0
"[5, 6, 0, 2, 3, 4, 7, 1]",19,0
"[5, 6, 0, 2, 3, 4, 7, 1]",20,0
"[5, 6, 0, 2, 3, 4, 7, 1]",21,0
"[5, 6, 0, 2, 3, 4, 7, 1]",22,0
"[5, 6, 0, 2, 3, 4, 7, 1]",23,0
"[5, 6, 0, 2, 3, 4, 7, 1]",24,0
"[4, 1, 5, 7, 3, 6, 0, 2]",0,0
"[4, 1, 5, 7, 3, 6, 0, 2]",1,1
"[4, 1, 5, 7, 3, 6, 0, 2]",2,0
"[4, 1, 5, 7, 3, 6, 0, 2]",3,0
"[4, 1, 5, 7, 3, 6, 0, 2]",4,0
"[4, 1, 5, 7, 3, 6, 0, 2]",5,0
"[4, 1, 5, 7, 3, 6, 0, 2]",6,0
"[4, 1, 5, 7, 3, 6, 0, 2]",7,1
"[4, 1, 5, 7, 3, 6, 0, 2]",8,0
"[4, 1, 5, 7, 3, 6, 0, 2]",9,1
"[4, 1, 5, 7, 3, 6, 0, 2]",10,0
"[4, 1, 5, 7, 3, 6, 0, 2]",11,0
"[4, 1, 5, 7, 3, 6, 0, 2]",12,0
"[4, 1, 5, 7, 3, 6, 0, 2]",13,1
"[4, 1, 5, 7, 3, 6, 0, 2]",14,1
"[4, 1, 5, 7, 3, 6, 0, 2]",15,0
"[4, 1, 5, 7, 3, 6, 0, 2]",16,0
"[4, 1, 5, 7, 3, 6, 0, 2]",17,1
"[4, 1, 5, 7, 3, 6, 0, 2]",18,0
"[4, 1, 5, 7, 3, 6, 0, 2]",19,1
"[4, 1, 5, 7, 3, 6, 0, 2]",20,1
"[4, 1, 5, 7, 3, 6, 0, 2]",21,0
"[4, 1, 5, 7, 3, 6, 0, 2]",22,0
"[4, 1, 5, 7, 3, 6, 0, 2]",23,0
"[4, 1, 5, 7, 3, 6, 0, 2]",24,0
"[6, 2, 5, 0, 1, 3, 4, 7]",0,0
"[6, 2, 5, 0, 1, 3, 4, 7]",1,1
"[6, 2, 5, 0, 1, 3, 4, 7]",2,0
"[6, 2, 5, 0, 1, 3, 4, 7]",3,1
"[6, 2, 5, 0, 1, 3, 4, 7]",4,0
"[6, 2, 5, 0, 1, 3, 4, 7]",5,0
"[6, 2, 5, 0, 1, 3, 4, 7]",6,0
"[6, 2, 5, 0, 1, 3, 4, 7]",7,0
"[6, 2, 5, 0, 1, 3, 4, 7]",8,0
"[6, 2, 5, 0, 1, 3, 4, 7]",9,1
"[6, 2, 5, 0, 1, 3, 4, 7]",10,0
"[6, 2, 5, 0, 1, 3, 4, 7]",11,0
"[6, 2, 5, 0, 1, 3, 4, 7]",12,0
"[6, 2, 5, 0, 1, 3, 4, 7]",13,0
"[6, 2, 5, 0, 1, 3, 4, 7]",14,0
"[6, 2, 5, 0, 1, 3, 4, 7]",15,1
"[6, 2, 5, 0, 1, 3, 4, 7]",16,0
"[6, 2, 5, 0, 1, 3, 4, 7]",17,1
"[6, 2, 5, 0, 1, 3, 4, 7]",18,1
"[6, 2, 5, 0, 1, 3, 4, 7]",19,1
"[6, 2, 5, 0, 1, 3, 4, 7]",20,0
"[6, 2, 5, 0, 1, 3, 4, 7]",21,0
"[6, 2, 5, 0, 1, 3, 4, 7]",22,0
"[6, 2, 5, 0, 1, 3, 4, 7]",23,0
"[6, 2, 5, 0, 1, 3, 4, 7]",24,0
"[6, 2, 5, 4, 0, 3, 1, 7]",0,0
"[6, 2, 5, 4, 0, 3, 1, 7]",1,1
"[6, 2, 5, 4, 0, 3, 1, 7]",2,0
"[6, 2, 5, 4, 0, 3, 1, 7]",3,0
"[6, 2, 5, 4, 0, 3, 1, 7]",4,1
"[6, 2, 5, 4, 0, 3, 1, 7]",5,0
"[6, 2, 5, 4, 0, 3, 1, 7]",6,0
"[6, 2, 5, 4, 0, 3, 1, 7]",7,0
"[6, 2, 5, 4, 0, 3, 1, 7]",8,0
"[6, 2, 5, 4, 0, 3, 1, 7]",9,1
"[6, 2, 5, 4, 0, 3, 1, 7]",10,0
"[6, 2, 5, 4, 0, 3, 1, 7]",11,0
"[6, 2, 5, 4, 0, 3, 1, 7]",12,0
"[6, 2, 5, 4, 0, 3, 1, 7]",13,0
"[6, 2, 5, 4, 0, 3, 1, 7]",14,0
"[6, 2, 5, 4, 0, 3, 1, 7]",15,1
"[6, 2, 5, 4, 0, 3, 1, 7]",16,0
"[6, 2, 5, 4, 0, 3, 1, 7]",17,1
"[6, 2, 5, 4, 0, 3, 1, 7]",18,1
"[6, 2, 5, 4, 0, 3, 1, 7]",19,1
"[6, 2, 5, 4, 0, 3, 1, 7]",20,0
"[6, 2, 5, 4, 0, 3, 1, 7]",21,1
"[6, 2, 5, 4, 0, 3, 1, 7]",22,0
"[6, 2, 5, 4, 0, 3, 1, 7]",23,0
"[6, 2, 5, 4, 0, 3, 1, 7]",24,0
"[4, 5, 7, 6, 1, 2, 3, 0]",0,0
"[4, 5, 7, 6, 1, 2, 3, 0]",1,1
"[4, 5, 7, 6, 1, 2, 3, 0]",2,0
"[4, 5, 7, 6, 1, 2, 3, 0]",3,1
"[4, 5, 7, 6, 1, 2, 3, 0]",4,0
"[4, 5, 7, 6, 1, 2, 3, 0]",5,0
"[4, 5, 7, 6, 1, 2, 3, 0]",6,1
"[4, 5, 7, 6, 1, 2, 3, 0]",7,1
"[4, 5, 7, 6, 1, 2, 3, 0]",8,0
"[4, 5, 7, 6, 1, 2, 3, 0]",9,1
"[4, 5, 7, 6, 1, 2, 3, 0]",10,0
"[4, 5, 7, 6, 1, 2, 3, 0]",11,0
"[4, 5, 7, 6, 1, 2, 3, 0]",12,0
"[4, 5, 7, 6, 1, 2, 3, 0]",13,1
"[4, 5, 7, 6, 1, 2, 3, 0]",14,0
"[4, 5, 7, 6, 1, 2, 3, 0]",15,0
"[4, 5, 7, 6, 1, 2, 3, 0]",16,0
"[4, 5, 7, 6, 1, 2, 3, 0]",17,1
"[4, 5, 7, 6, 1, 2, 3, 0]",18,0
"[4, 5, 7, 6, 1, 2, 3, 0]",19,1
"[4, 5, 7, 6, 1, 2, 3, 0]",20,0
"[4, 5, 7, 6, 1, 2, 3, 0]",21,0
"[4, 5, 7, 6, 1, 2, 3, 0]",22,0
"[4, 5, 7, 6, 1, 2, 3, 0]",23,0
"[4, 5, 7, 6, 1, 2, 3, 0]",24,0
"[4, 5, 7, 1, 6, 2, 3, 0]",0,0
"[4, 5, 7, 1, 6, 2, 3, 0]",1,1
"[4, 5, 7, 1, 6, 2, 3, 0]",2,0
"[4, 5, 7, 1, 6, 2, 3, 0]",3,1
"[4, 5, 7, 1, 6, 2, 3, 0]",4,1
"[4, 5, 7, 1, 6, 2, 3, 0]",5,0
"[4, 5, 7, 1, 6, 2, 3, 0]",6,0
"[4, 5, 7, 1, 6, 2, 3, 0]",7,1
"[4, 5, 7, 1, 6, 2, 3, 0]",8,0
"[4, 5, 7, 1, 6, 2, 3, 0]",9,1
"[4, 5, 7, 1, 6, 2, 3, 0]",10,0
"[4, 5, 7, 1, 6, 2, 3, 0]",11,0
"[4, 5, 7, 1, 6, 2, 3, 0]",12,0
"[4, 5, 7, 1, 6, 2, 3, 0]",13,0
"[4, 5, 7, 1, 6, 2, 3, 0]",14,0
"[4, 5, 7, 1, 6, 2, 3, 0]",15,1
"[4, 5, 7, 1, 6, 2, 3, 0]",16,0
"[4, 5, 7, 1, 6, 2, 3, 0]",17,1
"[4, 5, 7, 1, 6, 2, 3, 0]",18,1
"[4, 5, 7, 1, 6, 2, 3, 0]",19,0
"[4, 5, 7, 1, 6, 2, 3, 0]",20,0
"[4, 5, 7, 1, 6, 2, 3, 0]",21,0
"[4, 5, 7, 1, 6, 2, 3, 0]",22,0
"[4, 5, 7, 1, 6, 2, 3, 0]",23,0
"[4, 5, 7, 1, 6, 2, 3, 0]",24,0
"[7, 3, 1, 0, 6, 5, 2, 4]",0,0
"[7, 3, 1, 0, 6, 5, 2, 4]",1,1
"[7, 3, 1, 0, 6, 5, 2, 4]",2,0
"[7, 3, 1, 0, 6, 5, 2, 4]",3,0
"[7, 3, 1, 0, 6, 5, 2, 4]",4,0
"[7, 3, 1, 0, 6, 5, 2, 4]",5,0
"[7, 3, 1, 0, 6, 5, 2, 4]",6,0
"[7, 3, 1, 0, 6, 5, 2, 4]",7,1
"[7, 3, 1, 0, 6, 5, 2, 4]",8,0
"[7, 3, 1, 0, 6, 5, 2, 4]",9,1
"[7, 3, 1, 0, 6, 5, 2, 4]",10,0
"[7, 3, 1, 0, 6, 5, 2, 4]",11,0
"[7, 3, 1, 0, 6, 5, 2, 4]",12,1
"[7, 3, 1, 0, 6, 5, 2, 4]",13,0
"[7, 3, 1, 0, 6, 5, 2, 4]",14,0
"[7, 3, 1, 0, 6, 5, 2, 4]",15,0
"[7, 3, 1, 0, 6, 5, 2, 4]",16,0
"[7, 3, 1, 0, 6, 5, 2, 4]",17,1
"[7, 3, 1, 0, 6, 5, 2, 4]",18,1
"[7, 3, 1, 0, 6, 5, 2, 4]",19,0
"[7, 3, 1, 0, 6, 5, 2, 4]",20,1
"[7, 3, 1, 0, 6, 5, 2, 4]",21,0
"[7, 3, 1, 0, 6, 5, 2, 4]",22,0
"[7, 3, 1, 0, 6, 5, 2, 4]",23,0
"[7, 3, 1, 0, 6, 5, 2, 4]",24,0
"[0, 3, 7, 1, 6, 5, 2, 4]",0,0
"[0, 3, 7, 1, 6, 5, 2, 4]",1,1
"[0, 3, 7, 1, 6, 5, 2, 4]",2,0
"[0, 3, 7, 1, 6, 5, 2, 4]",3,1
"[0, 3, 7, 1, 6, 5, 2, 4]",4,0
"[0, 3, 7, 1, 6, 5, 2, 4]",5,0
"[0, 3, 7, 1, 6, 5, 2, 4]",6,1
"[0, 3, 7, 1, 6, 5, 2, 4]",7,1
"[0, 3, 7, 1, 6, 5, 2, 4]",8,0
"[0, 3, 7, 1, 6, 5, 2, 4]",9,1
"[0, 3, 7, 1, 6, 5, 2, 4]",10,0
"[0, 3, 7, 1, 6, 5, 2, 4]",11,0
"[0, 3, 7, 1, 6, 5, 2, 4]",12,0
"[0, 3, 7, 1, 6, 5, 2, 4]",13,0
"[0, 3, 7, 1, 6, 5, 2, 4]",14,0
"[0, 3, 7, 1, 6, 5, 2, 4]",15,1
"[0, 3, 7, 1, 6, 5, 2, 4]",16,0
"[0, 3, 7, 1, 6, 5, 2, 4]",17,1
"[0, 3, 7, 1, 6, 5, 2, 4]",18,1
"[0, 3, 7, 1, 6, 5, 2, 4]",19,1
"[0, 3, 7, 1, 6, 5, 2, 4]",20,0
"[0, 3, 7, 1, 6, 5, 2, 4]",21,0
"[0, 3, 7, 1, 6, 5, 2, 4]",22,0
"[0, 3, 7, 1, 6, 5, 2, 4]",23,0
"[0, 3, 7, 1, 6, 5, 2, 4]",24,0
"[1, 6, 7, 5, 0, 4, 2, 3]",0,0
"[1, 6, 7, 5, 0, 4, 2, 3]",1,1
"[1, 6, 7, 5, 0, 4, 2, 3]",2,0
"[1, 6, 7, 5, 0, 4, 2, 3]",3,0
"[1, 6, 7, 5, 0, 4, 2, 3]",4,0
"[1, 6, 7, 5, 0, 4, 2, 3]",5,0
"[1, 6, 7, 5, 0, 4, 2, 3]",6,0
"[1, 6, 7, 5, 0, 4, 2, 3]",7,1
"[1, 6, 7, 5, 0, 4, 2, 3]",8,0
"[1, 6, 7, 5, 0, 4, 2, 3]",9,1
"[1, 6, 7, 5, 0, 4, 2, 3]",10,0
"[1, 6, 7, 5, 0, 4, 2, 3]",11,0
"[1, 6, 7, 5, 0, 4, 2, 3]",12,0
"[1, 6, 7, 5, 0, 4, 2, 3]",13,0
"[1, 6, 7, 5, 0, 4, 2, 3]",14,0
"[1, 6, 7, 5, 0, 4, 2, 3]",15,1
"[1, 6, 7, 5, 0, 4, 2, 3]",16,0
"[1, 6, 7, 5, 0, 4, 2, 3]",17,1
"[1, 6, 7, 5, 0, 4, 2, 3]",18,0
"[1, 6, 7, 5, 0, 4, 2, 3]",19,1
"[1, 6, 7, 5, 0, 4, 2, 3]",20,0
"[1, 6, 7, 5, 0, 4, 2, 3]",21,0
"[1, 6, 7, 5, 0, 4, 2, 3]",22,0
"[1, 6, 7, 5, 0, 4, 2, 3]",23,0
"[1, 6, 7, 5, 0, 4, 2, 3]",24,0
"[6, 2, 4, 7, 1, 5, 3, 0]",0,0
"[6, 2, 4, 7, 1, 5, 3, 0]",1,1
"[6, 2, 4, 7, 1, 5, 3, 0]",2,0
"[6, 2, 4, 7, 1, 5, 3, 0]",3,1
"[6, 2, 4, 7, 1, 5, 3, 0]",4,1
"[6, 2, 4, 7, 1, 5, 3, 0]",5,0
"[6, 2, 4, 7, 1, 5, 3, 0]",6,0
"[6, 2, 4, 7, 1, 5, 3, 0]",7,0
"[6, 2, 4, 7, 1, 5, 3, 0]",8,0
"[6, 2, 4, 7, 1, 5, 3, 0]",9,1
"[6, 2, 4, 7, 1, 5, 3, 0]",10,0
"[6, 2, 4, 7, 1, 5, 3, 0]",11,0
"[6, 2, 4, 7, 1, 5, 3, 0]",12,1
"[6, 2, 4, 7, 1, 5, 3, 0]",13,0
"[6, 2, 4, 7, 1, 5, 3, 0]",14,0
"[6, 2, 4, 7, 1, 5, 3, 0]",15,0
"[6, 2, 4, 7, 1, 5, 3, 0]",16,0
"[6, 2, 4, 7, 1, 5, 3, 0]",17,1
"[6, 2, 4, 7, 1, 5, 3, 0]",18,0
"[6, 2, 4, 7, 1, 5, 3, 0]",19,1
"[6, 2, 4, 7, 1, 5, 3, 0]",20,1
"[6, 2, 4, 7, 1, 5, 3, 0]",21,0
"[6, 2, 4, 7, 1, 5, 3, 0]",22,0
"[6, 2, 4, 7, 1, 5, 3, 0]",23,0
"[6, 2, 4, 7, 1, 5, 3, 0]",24,0
"[6, 2, 4, 7, 5, 1, 3, 0]",0,0
"[6, 2, 4, 7, 5, 1, 3, 0]",1,1
"[6, 2, 4, 7, 5, 1, 3, 0]",2,0
"[6, 2, 4, 7, 5, 1, 3, 0]",3,0
"[6, 2, 4, 7, 5, 1, 3, 0]",4,0
"[6, 2, 4, 7, 5, 1, 3, 0]",5,0
"[6, 2, 4, 7, 5, 1, 3, 0]",6,0
"[6, 2, 4, 7, 5, 1, 3, 0]",7,0
"[6, 2, 4, 7, 5, 1, 3, 0]",8,0
"[6, 2, 4, 7, 5, 1, 3, 0]",9,1
"[6, 2, 4, 7, 5, 1, 3, 0]",10,0
"[6, 2, 4, 7, 5, 1, 3, 0]",11,0
"[6, 2, 4, 7, 5, 1, 3, 0]",12,1
"[6, 2, 4, 7, 5, 1, 3, 0]",13,0
"[6, 2, 4, 7, 5, 1, 3, 0]",14,1
"[6, 2, 4, 7, 5, 1, 3, 0]",15,0
"[6, 2, 4, 7, 5, 1, 3, 0]",16,0
"[6, 2, 4, 7, 5, 1, 3, 0]",17,1
"[6, 2, 4, 7, 5, 1, 3, 0]",18,1
"[6, 2, 4, 7, 5, 1, 3, 0]",19,1
"[6, 2, 4, 7, 5, 1, 3, 0]",20,0
"[6, 2, 4, 7, 5, 1, 3, 0]",21,0
"[6, 2, 4, 7, 5, 1, 3, 0]",22,0
"[6, 2, 4, 7, 5, 1, 3, 0]",23,0
"[6, 2, 4, 7, 5, 1, 3, 0]",24,0
"[6, 7, 4, 1, 0, 3, 5, 2]",0,0
"[6, 7, 4, 1, 0, 3, 5, 2]",1,0
"[6, 7, 4, 1, 0, 3, 5, 2]",2,1
"[6, 7, 4, 1, 0, 3, 5, 2]",3,0
"[6, 7, 4, 1, 0, 3, 5, 2]",4,0
"[6, 7, 4, 1, 0, 3, 5, 2]",5,0
"[6, 7, 4, 1, 0, 3, 5, 2]",6,0
"[6, 7, 4, 1, 0, 3, 5, 2]",7,0
"[6, 7, 4, 1, 0, 3, 5, 2]",8,0
"[6, 7, 4, 1, 0, 3, 5, 2]",9,0
"[6, 7, 4, 1, 0, 3, 5, 2]",10,0
"[6, 7, 4, 1, 0, 3, 5, 2]",11,0
"[6, 7, 4, 1, 0, 3, 5, 2]",12,0
"[6, 7, 4, 1, 0, 3, 5, 2]",13,0
"[6, 7, 4, 1, 0, 3, 5, 2]",14,0
"[6, 7, 4, 1, 0, 3, 5, 2]",15,1
"[6, 7, 4, 1, 0, 3, 5, 2]",16,0
"[6, 7, 4, 1, 0, 3, 5, 2]",17,0
"[6, 7, 4, 1, 0, 3, 5, 2]",18,0
"[6, 7, 4, 1, 0, 3, 5, 2]",19,1
"[6, 7, 4, 1, 0, 3, 5, 2]",20,0
"[6, 7, 4, 1, 0, 3, 5, 2]",21,0
"[6, 7, 4, 1, 0, 3, 5, 2]",22,0
"[6, 7, 4, 1, 0, 3, 5, 2]",23,0
"[6, 7, 4, 1, 0, 3, 5, 2]",24,0
"[3, 7, 6, 4, 0, 1, 5, 2]",0,0
"[3, 7, 6, 4, 0, 1, 5, 2]",1,1
"[3, 7, 6, 4, 0, 1, 5, 2]",2,0
"[3, 7, 6, 4, 0, 1, 5, 2]",3,0
"[3, 7, 6, 4, 0, 1, 5, 2]",4,1
"[3, 7, 6, 4, 0, 1, 5, 2]",5,0
"[3, 7, 6, 4, 0, 1, 5, 2]",6,0
"[3, 7, 6, 4, 0, 1, 5, 2]",7,1
"[3, 7, 6, 4, 0, 1, 5, 2]",8,0
"[3, 7, 6, 4, 0, 1, 5, 2]",9,1
"[3, 7, 6, 4, 0, 1, 5, 2]",10,0
"[3, 7, 6, 4, 0, 1, 5, 2]",11,0
"[3, 7, 6, 4, 0, 1, 5, 2]",12,0
"[3, 7, 6, 4, 0, 1, 5, 2]",13,1
"[3, 7, 6, 4, 0, 1, 5, 2]",14,1
"[3, 7, 6, 4, 0, 1, 5, 2]",15,1
"[3, 7, 6, 4, 0, 1, 5, 2]",16,0
"[3, 7, 6, 4, 0, 1, 5, 2]",17,1
"[3, 7, 6, 4, 0, 1, 5, 2]",18,1
"[3, 7, 6, 4, 0, 1, 5, 2]",19,1
"[3, 7, 6, 4, 0, 1, 5, 2]",20,0
"[3, 7, 6, 4, 0, 1, 5, 2]",21,1
"[3, 7, 6, 4, 0, 1, 5, 2]",22,1
"[3, 7, 6, 4, 0, 1, 5, 2]",23,1
"[3, 7, 6, 4, 0, 1, 5, 2]",24,0
"[6, 1, 5, 2, 4, 3, 0, 7]",0,0
"[6, 1, 5, 2, 4, 3, 0, 7]",1,1
"[6, 1, 5, 2, 4, 3, 0, 7]",2,1
"[6, 1, 5, 2, 4, 3, 0, 7]",3,0
"[6, 1, 5, 2, 4, 3, 0, 7]",4,0
"[6, 1, 5, 2, 4, 3, 0, 7]",5,0
"[6, 1, 5, 2, 4, 3, 0, 7]",6,0
"[6, 1, 5, 2, 4, 3, 0, 7]",7,1
"[6, 1, 5, 2, 4, 3, 0, 7]",8,0
"[6, 1, 5, 2, 4, 3, 0, 7]",9,1
"[6, 1, 5, 2, 4, 3, 0, 7]",10,0
"[6, 1, 5, 2, 4, 3, 0, 7]",11,0
"[6, 1, 5, 2, 4, 3, 0, 7]",12,0
"[6, 1, 5, 2, 4, 3, 0, 7]",13,0
"[6, 1, 5, 2, 4, 3, 0, 7]",14,1
"[6, 1, 5, 2, 4, 3, 0, 7]",15,0
"[6, 1, 5, 2, 4, 3, 0, 7]",16,1
"[6, 1, 5, 2, 4, 3, 0, 7]",17,1
"[6, 1, 5, 2, 4, 3, 0, 7]",18,0
"[6, 1, 5, 2, 4, 3, 0, 7]",19,1
"[6, 1, 5, 2, 4, 3, 0, 7]",20,0
"[6, 1, 5, 2, 4, 3, 0, 7]",21,0
"[6, 1, 5, 2, 4, 3, 0, 7]",22,1
"[6, 1, 5, 2, 4, 3, 0, 7]",23,0
"[6, 1, 5, 2, 4, 3, 0, 7]",24,0
"[1, 4, 2, 5, 3, 6, 0, 7]",0,0
"[1, 4, 2, 5, 3, 6, 0, 7]",1,1
"[1, 4, 2, 5, 3, 6, 0, 7]",2,0
"[1, 4, 2, 5, 3, 6, 0, 7]",3,0
"[1, 4, 2, 5, 3, 6, 0, 7]",4,0
"[1, 4, 2, 5, 3, 6, 0, 7]",5,0
"[1, 4, 2, 5, 3, 6, 0, 7]",6,0
"[1, 4, 2, 5, 3, 6, 0, 7]",7,1
"[1, 4, 2, 5, 3, 6, 0, 7]",8,0
"[1, 4, 2, 5, 3, 6, 0, 7]",9,1
"[1, 4, 2, 5, 3, 6, 0, 7]",10,0
"[1, 4, 2, 5, 3, 6, 0, 7]",11,1
"[1, 4, 2, 5, 3, 6, 0, 7]",12,0
"[1, 4, 2, 5, 3, 6, 0, 7]",13,0
"[1, 4, 2, 5, 3, 6, 0, 7]",14,0
"[1, 4, 2, 5, 3, 6, 0, 7]",15,1
"[1, 4, 2, 5, 3, 6, 0, 7]",16,0
"[1, 4, 2, 5, 3, 6, 0, 7]",17,1
"[1, 4, 2, 5, 3, 6, 0, 7]",18,1
"[1, 4, 2, 5, 3, 6, 0, 7]",19,1
"[1, 4, 2, 5, 3, 6, 0, 7]",20,1
"[1, 4, 2, 5, 3, 6, 0, 7]",21,0
"[1, 4, 2, 5, 3, 6, 0, 7]",22,0
"[1, 4, 2, 5, 3, 6, 0, 7]",23,0
"[1, 4, 2, 5, 3, 6, 0, 7]",24,0
"[0, 2, 3, 6, 4, 5, 7, 1]",0,0
"[0, 2, 3, 6, 4, 5, 7, 1]",1,1
"[0, 2, 3, 6, 4, 5, 7, 1]",2,0
"[0, 2, 3, 6, 4, 5, 7, 1]",3,0
"[0, 2, 3, 6, 4, 5, 7, 1]",4,1
"[0, 2, 3, 6, 4, 5, 7, 1]",5,0
"[0, 2, 3, 6, 4, 5, 7, 1]",6,0
"[0, 2, 3, 6, 4, 5, 7, 1]",7,1
"[0, 2, 3, 6, 4, 5, 7, 1]",8,0
"[0, 2, 3, 6, 4, 5, 7, 1]",9,1
"[0, 2, 3, 6, 4, 5, 7, 1]",10,0
"[0, 2, 3, 6, 4, 5, 7, 1]",11,0
"[0, 2, 3, 6, 4, 5, 7, 1]",12,1
"[0, 2, 3, 6, 4, 5, 7, 1]",13,0
"[0, 2, 3, 6, 4, 5, 7, 1]",14,0
"[0, 2, 3, 6, 4, 5, 7, 1]",15,0
"[0, 2, 3, 6, 4, 5, 7, 1]",16,0
"[0, 2, 3, 6, 4, 5, 7, 1]",17,1
"[0, 2, 3, 6, 4, 5, 7, 1]",18,1
"[0, 2, 3, 6, 4, 5, 7, 1]",19,1
"[0, 2, 3, 6, 4, 5, 7, 1]",20,0
"[0, 2, 3, 6, 4, 5, 7, 1]",21,0
"[0, 2, 3, 6, 4, 5, 7, 1]",22,0
"[0, 2, 3, 6, 4, 5, 7, 1]",23,0
"[0, 2, 3, 6, 4, 5, 7, 1]",24,0
"[7, 6, 2, 5, 3, 1, 0, 4]",0,0
"[7, 6, 2, 5, 3, 1, 0, 4]",1,0
"[7, 6, 2, 5, 3, 1, 0, 4]",2,1
"[7, 6, 2, 5, 3, 1, 0, 4]",3,1
"[7, 6, 2, 5, 3, 1, 0, 4]",4,0
"[7, 6, 2, 5, 3, 1, 0, 4]",5,0
"[7, 6, 2, 5, 3, 1, 0, 4]",6,0
"[7, 6, 2, 5, 3, 1, 0, 4]",7,1
"[7, 6, 2, 5, 3, 1, 0, 4]",8,0
"[7, 6, 2, 5, 3, 1, 0, 4]",9,1
"[7, 6, 2, 5, 3, 1, 0, 4]",10,0
"[7, 6, 2, 5, 3, 1, 0, 4]",11,0
"[7, 6, 2, 5, 3, 1, 0, 4]",12,1
"[7, 6, 2, 5, 3, 1, 0, 4]",13,0
"[7, 6, 2, 5, 3, 1, 0, 4]",14,1
"[7, 6, 2, 5, 3, 1, 0, 4]",15,0
"[7, 6, 2, 5, 3, 1, 0, 4]",16,0
"[7, 6, 2, 5, 3, 1, 0, 4]",17,1
"[7, 6, 2, 5, 3, 1, 0, 4]",18,0
"[7, 6, 2, 5, 3, 1, 0, 4]",19,0
"[7, 6, 2, 5, 3, 1, 0, 4]",20,0
"[7, 6, 2, 5, 3, 1, 0, 4]",21,0
"[7, 6, 2, 5, 3, 1, 0, 4]",22,1
"[7, 6, 2, 5, 3, 1, 0, 4]",23,0
"[7, 6, 2, 5, 3, 1, 0, 4]",24,0
"[6, 1, 2, 0, 3, 7, 5, 4]",0,0
"[6, 1, 2, 0, 3, 7, 5, 4]",1,1
"[6, 1, 2, 0, 3, 7, 5, 4]",2,1
"[6, 1, 2, 0, 3, 7, 5, 4]",3,1
"[6, 1, 2, 0, 3, 7, 5, 4]",4,0
"[6, 1, 2, 0, 3, 7, 5, 4]",5,0
"[6, 1, 2, 0, 3, 7, 5, 4]",6,1
"[6, 1, 2, 0, 3, 7, 5, 4]",7,0
"[6, 1, 2, 0, 3, 7, 5, 4]",8,0
"[6, 1, 2, 0, 3, 7, 5, 4]",9,1
"[6, 1, 2, 0, 3, 7, 5, 4]",10,0
"[6, 1, 2, 0, 3, 7, 5, 4]",11,0
"[6, 1, 2, 0, 3, 7, 5, 4]",12,1
"[6, 1, 2, 0, 3, 7, 5, 4]",13,0
"[6, 1, 2, 0, 3, 7, 5, 4]",14,0
"[6, 1, 2, 0, 3, 7, 5, 4]",15,1
"[6, 1, 2, 0, 3, 7, 5, 4]",16,0
"[6, 1, 2, 0, 3, 7, 5, 4]",17,1
"[6, 1, 2, 0, 3, 7, 5, 4]",18,0
"[6, 1, 2, 0, 3, 7, 5, 4]",19,1
"[6, 1, 2, 0, 3, 7, 5, 4]",20,0
"[6, 1, 2, 0, 3, 7, 5, 4]",21,0
"[6, 1, 2, 0, 3, 7, 5, 4]",22,0
"[6, 1, 2, 0, 3, 7, 5, 4]",23,0
"[6, 1, 2, 0, 3, 7, 5, 4]",24,0
"[1, 0, 2, 3, 4, 5, 7, 6]",0,0
"[1, 0, 2, 3, 4, 5, 7, 6]",1,1
"[1, 0, 2, 3, 4, 5, 7, 6]",2,0
"[1, 0, 2, 3, 4, 5, 7, 6]",3,0
"[1, 0, 2, 3, 4, 5, 7, 6]",4,1
"[1, 0, 2, 3, 4, 5, 7, 6]",5,0
"[1, 0, 2, 3, 4, 5, 7, 6]",6,0
"[1, 0, 2, 3, 4, 5, 7, 6]",7,1
"[1, 0, 2, 3, 4, 5, 7, 6]",8,0
"[1, 0, 2, 3, 4, 5, 7, 6]",9,1
"[1, 0, 2, 3, 4, 5, 7, 6]",10,0
"[1, 0, 2, 3, 4, 5, 7, 6]",11,0
"[1, 0, 2, 3, 4, 5, 7, 6]",12,1
"[1, 0, 2, 3, 4, 5, 7, 6]",13,1
"[1, 0, 2, 3, 4, 5, 7, 6]",14,0
"[1, 0, 2, 3, 4, 5, 7, 6]",15,1
"[1, 0, 2, 3, 4, 5, 7, 6]",16,0
"[1, 0, 2, 3, 4, 5, 7, 6]",17,1
"[1, 0, 2, 3, 4, 5, 7, 6]",18,1
"[1, 0, 2, 3, 4, 5, 7, 6]",19,1
"[1, 0, 2, 3, 4, 5, 7, 6]",20,0
"[1, 0, 2, 3, 4, 5, 7, 6]",21,0
"[1, 0, 2, 3, 4, 5, 7, 6]",22,1
"[1, 0, 2, 3, 4, 5, 7, 6]",23,0
"[1, 0, 2, 3, 4, 5, 7, 6]",24,0
"[1, 2, 0, 3, 4, 5, 7, 6]",0,0
"[1, 2, 0, 3, 4, 5, 7, 6]",1,0
"[1, 2, 0, 3, 4, 5, 7, 6]",2,0
"[1, 2, 0, 3, 4, 5, 7, 6]",3,1
"[1, 2, 0, 3, 4, 5, 7, 6]",4,0
"[1, 2, 0, 3, 4, 5, 7, 6]",5,0
"[1, 2, 0, 3, 4, 5, 7, 6]",6,0
"[1, 2, 0, 3, 4, 5, 7, 6]",7,0
"[1, 2, 0, 3, 4, 5, 7, 6]",8,0
"[1, 2, 0, 3, 4, 5, 7, 6]",9,1
"[1, 2, 0, 3, 4, 5, 7, 6]",10,0
"[1, 2, 0, 3, 4, 5, 7, 6]",11,0
"[1, 2, 0, 3, 4, 5, 7, 6]",12,0
"[1, 2, 0, 3, 4, 5, 7, 6]",13,0
"[1, 2, 0, 3, 4, 5, 7, 6]",14,1
"[1, 2, 0, 3, 4, 5, 7, 6]",15,1
"[1, 2, 0, 3, 4, 5, 7, 6]",16,0
"[1, 2, 0, 3, 4, 5, 7, 6]",17,1
"[1, 2, 0, 3, 4, 5, 7, 6]",18,0
"[1, 2, 0, 3, 4, 5, 7, 6]",19,1
"[1, 2, 0, 3, 4, 5, 7, 6]",20,0
"[1, 2, 0, 3, 4, 5, 7, 6]",21,1
"[1, 2, 0, 3, 4, 5, 7, 6]",22,0
"[1, 2, 0, 3, 4, 5, 7, 6]",23,0
"[1, 2, 0, 3, 4, 5, 7, 6]",24,0
"[6, 5, 1, 0, 4, 2, 3, 7]",0,0
"[6, 5, 1, 0, 4, 2, 3, 7]",1,1
"[6, 5, 1, 0, 4, 2, 3, 7]",2,0
"[6, 5, 1, 0, 4, 2, 3, 7]",3,0
"[6, 5, 1, 0, 4, 2, 3, 7]",4,0
"[6, 5, 1, 0, 4, 2, 3, 7]",5,0
"[6, 5, 1, 0, 4, 2, 3, 7]",6,0
"[6, 5, 1, 0, 4, 2, 3, 7]",7,1
"[6, 5, 1, 0, 4, 2, 3, 7]",8,0
"[6, 5, 1, 0, 4, 2, 3, 7]",9,1
"[6, 5, 1, 0, 4, 2, 3, 7]",10,0
"[6, 5, 1, 0, 4, 2, 3, 7]",11,0
"[6, 5, 1, 0, 4, 2, 3, 7]",12,0
"[6, 5, 1, 0, 4, 2, 3, 7]",13,0
"[6, 5, 1, 0, 4, 2, 3, 7]",14,0
"[6, 5, 1, 0, 4, 2, 3, 7]",15,0
"[6, 5, 1, 0, 4, 2, 3, 7]",16,0
"[6, 5, 1, 0, 4, 2, 3, 7]",17,1
"[6, 5, 1, 0, 4, 2, 3, 7]",18,1
"[6, 5, 1, 0, 4, 2, 3, 7]",19,1
"[6, 5, 1, 0, 4, 2, 3, 7]",20,0
"[6, 5, 1, 0, 4, 2, 3, 7]",21,0
"[6, 5, 1, 0, 4, 2, 3, 7]",22,1
"[6, 5, 1, 0, 4, 2, 3, 7]",23,0
"[6, 5, 1, 0, 4, 2, 3, 7]",24,0
"[4, 5, 1, 2, 0, 7, 6, 3]",0,0
"[4, 5, 1, 2, 0, 7, 6, 3]",1,1
"[4, 5, 1, 2, 0, 7, 6, 3]",2,0
"[4, 5, 1, 2, 0, 7, 6, 3]",3,1
"[4, 5, 1, 2, 0, 7, 6, 3]",4,0
"[4, 5, 1, 2, 0, 7, 6, 3]",5,0
"[4, 5, 1, 2, 0, 7, 6, 3]",6,0
"[4, 5, 1, 2, 0, 7, 6, 3]",7,0
"[4, 5, 1, 2, 0, 7, 6, 3]",8,0
"[4, 5, 1, 2, 0, 7, 6, 3]",9,1
"[4, 5, 1, 2, 0, 7, 6, 3]",10,0
"[4, 5, 1, 2, 0, 7, 6, 3]",11,0
"[4, 5, 1, 2, 0, 7, 6, 3]",12,0
"[4, 5, 1, 2, 0, 7, 6, 3]",13,0
"[4, 5, 1, 2, 0, 7, 6, 3]",14,0
"[4, 5, 1, 2, 0, 7, 6, 3]",15,1
"[4, 5, 1, 2, 0, 7, 6, 3]",16,0
"[4, 5, 1, 2, 0, 7, 6, 3]",17,1
"[4, 5, 1, 2, 0, 7, 6, 3]",18,0
"[4, 5, 1, 2, 0, 7, 6, 3]",19,1
"[4, 5, 1, 2, 0, 7, 6, 3]",20,0
"[4, 5, 1, 2, 0, 7, 6, 3]",21,1
"[4, 5, 1, 2, 0, 7, 6, 3]",22,0
"[4, 5, 1, 2, 0, 7, 6, 3]",23,0
"[4, 5, 1, 2, 0, 7, 6, 3]",24,0
"[7, 4, 5, 3, 1, 0, 2, 6]",0,0
"[7, 4, 5, 3, 1, 0, 2, 6]",1,0
"[7, 4, 5, 3, 1, 0, 2, 6]",2,0
"[7, 4, 5, 3, 1, 0, 2, 6]",3,0
"[7, 4, 5, 3, 1, 0, 2, 6]",4,1
"[7, 4, 5, 3, 1, 0, 2, 6]",5,0
"[7, 4, 5, 3, 1, 0, 2, 6]",6,0
"[7, 4, 5, 3, 1, 0, 2, 6]",7,0
"[7, 4, 5, 3, 1, 0, 2, 6]",8,0
"[7, 4, 5, 3, 1, 0, 2, 6]",9,1
"[7, 4, 5, 3, 1, 0, 2, 6]",10,0
"[7, 4, 5, 3, 1, 0, 2, 6]",11,0
"[7, 4, 5, 3, 1, 0, 2, 6]",12,0
"[7, 4, 5, 3, 1, 0, 2, 6]",13,0
"[7, 4, 5, 3, 1, 0, 2, 6]",14,0
"[7, 4, 5, 3, 1, 0, 2, 6]",15,1
"[7, 4, 5, 3, 1, 0, 2, 6]",16,0
"[7, 4, 5, 3, 1, 0, 2, 6]",17,1
"[7, 4, 5, 3, 1, 0, 2, 6]",18,0
"[7, 4, 5, 3, 1, 0, 2, 6]",19,0
"[7, 4, 5, 3, 1, 0, 2, 6]",20,0
"[7, 4, 5, 3, 1, 0, 2, 6]",21,0
"[7, 4, 5, 3, 1, 0, 2, 6]",22,1
"[7, 4, 5, 3, 1, 0, 2, 6]",23,0
"[7, 4, 5, 3, 1, 0, 2, 6]",24,0
"[7, 4, 5, 3, 1, 2, 0, 6]",0,0
"[7, 4, 5, 3, 1, 2, 0, 6]",1,0
"[7, 4, 5, 3, 1, 2, 0, 6]",2,0
"[7, 4, 5, 3, 1, 2, 0, 6]",3,0
"[7, 4, 5, 3, 1, 2, 0, 6]",4,0
"[7, 4, 5, 3, 1, 2, 0, 6]",5,0
"[7, 4, 5, 3, 1, 2, 0, 6]",6,0
"[7, 4, 5, 3, 1, 2, 0, 6]",7,0
"[7, 4, 5, 3, 1, 2, 0, 6]",8,0
"[7, 4, 5, 3, 1, 2, 0, 6]",9,1
"[7, 4, 5, 3, 1, 2, 0, 6]",10,0
"[7, 4, 5, 3, 1, 2, 0, 6]",11,0
"[7, 4, 5, 3, 1, 2, 0, 6]",12,0
"[7, 4, 5, 3, 1, 2, 0, 6]",13,0
"[7, 4, 5, 3, 1, 2, 0, 6]",14,0
"[7, 4, 5, 3, 1, 2, 0, 6]",15,1
"[7, 4, 5, 3, 1, 2, 0, 6]",16,0
"[7, 4, 5, 3, 1, 2, 0, 6]",17,0
"[7, 4, 5, 3, 1, 2, 0, 6]",18,1
"[7, 4, 5, 3, 1, 2, 0, 6]",19,0
"[7, 4, 5, 3, 1, 2, 0, 6]",20,0
"[7, 4, 5, 3, 1, 2, 0, 6]",21,0
"[7, 4, 5, 3, 1, 2, 0, 6]",22,0
"[7, 4, 5, 3, 1, 2, 0, 6]",23,0
"[7, 4, 5, 3, 1, 2, 0, 6]",24,0
"[2, 1, 6, 0, 7, 4, 5, 3]",0,0
"[2, 1, 6, 0, 7, 4, 5, 3]",1,1
"[2, 1, 6, 0, 7, 4, 5, 3]",2,0
"[2, 1, 6, 0, 7, 4, 5, 3]",3,0
"[2, 1, 6, 0, 7, 4, 5, 3]",4,1
"[2, 1, 6, 0, 7, 4, 5, 3]",5,0
"[2, 1, 6, 0, 7, 4, 5, 3]",6,0
"[2, 1, 6, 0, 7, 4, 5, 3]",7,0
"[2, 1, 6, 0, 7, 4, 5, 3]",8,0
"[2, 1, 6, 0, 7, 4, 5, 3]",9,1
"[2, 1, 6, 0, 7, 4, 5, 3]",10,0
"[2, 1, 6, 0, 7, 4, 5, 3]",11,0
"[2, 1, 6, 0, 7, 4, 5, 3]",12,0
"[2, 1, 6, 0, 7, 4, 5, 3]",13,0
"[2, 1, 6, 0, 7, 4, 5, 3]",14,0
"[2, 1, 6, 0, 7, 4, 5, 3]",15,1
"[2, 1, 6, 0, 7, 4, 5, 3]",16,0
"[2, 1, 6, 0, 7, 4, 5, 3]",17,1
"[2, 1, 6, 0, 7, 4, 5, 3]",18,0
"[2, 1, 6, 0, 7, 4, 5, 3]",19,1
"[2, 1, 6, 0, 7, 4, 5, 3]",20,0
"[2, 1, 6, 0, 7, 4, 5, 3]",21,0
"[2, 1, 6, 0, 7, 4, 5, 3]",22,1
"[2, 1, 6, 0, 7, 4, 5, 3]",23,0
"[2, 1, 6, 0, 7, 4, 5, 3]",24,1
"[2, 1, 6, 0, 7, 5, 4, 3]",0,0
"[2, 1, 6, 0, 7, 5, 4, 3]",1,1
"[2, 1, 6, 0, 7, 5, 4, 3]",2,0
"[2, 1, 6, 0, 7, 5, 4, 3]",3,1
"[2, 1, 6, 0, 7, 5, 4, 3]",4,0
"[2, 1, 6, 0, 7, 5, 4, 3]",5,0
"[2, 1, 6, 0, 7, 5, 4, 3]",6,0
"[2, 1, 6, 0, 7, 5, 4, 3]",7,0
"[2, 1, 6, 0, 7, 5, 4, 3]",8,0
"[2, 1, 6, 0, 7, 5, 4, 3]",9,1
"[2, 1, 6, 0, 7, 5, 4, 3]",10,0
"[2, 1, 6, 0, 7, 5, 4, 3]",11,0
"[2, 1, 6, 0, 7, 5, 4, 3]",12,0
"[2, 1, 6, 0, 7, 5, 4, 3]",13,1
"[2, 1, 6, 0, 7, 5, 4, 3]",14,0
"[2, 1, 6, 0, 7, 5, 4, 3]",15,0
"[2, 1, 6, 0, 7, 5, 4, 3]",16,0
"[2, 1, 6, 0, 7, 5, 4, 3]",17,1
"[2, 1, 6, 0, 7, 5, 4, 3]",18,1
"[2, 1, 6, 0, 7, 5, 4, 3]",19,1
"[2, 1, 6, 0, 7, 5, 4, 3]",20,0
"[2, 1, 6, 0, 7, 5, 4, 3]",21,0
"[2, 1, 6, 0, 7, 5, 4, 3]",22,0
"[2, 1, 6, 0, 7, 5, 4, 3]",23,0
"[2, 1, 6, 0, 7, 5, 4, 3]",24,0
"[3, 7, 2, 5, 1, 0, 4, 6]",0,0
"[3, 7, 2, 5, 1, 0, 4, 6]",1,0
"[3, 7, 2, 5, 1, 0, 4, 6]",2,0
"[3, 7, 2, 5, 1, 0, 4, 6]",3,1
"[3, 7, 2, 5, 1, 0, 4, 6]",4,0
"[3, 7, 2, 5, 1, 0, 4, 6]",5,0
"[3, 7, 2, 5, 1, 0, 4, 6]",6,0
"[3, 7, 2, 5, 1, 0, 4, 6]",7,1
"[3, 7, 2, 5, 1, 0, 4, 6]",8,0
"[3, 7, 2, 5, 1, 0, 4, 6]",9,1
"[3, 7, 2, 5, 1, 0, 4, 6]",10,0
"[3, 7, 2, 5, 1, 0, 4, 6]",11,0
"[3, 7, 2, 5, 1, 0, 4, 6]",12,0
"[3, 7, 2, 5, 1, 0, 4, 6]",13,0
"[3, 7, 2, 5, 1, 0, 4, 6]",14,0
"[3, 7, 2, 5, 1, 0, 4, 6]",15,1
"[3, 7, 2, 5, 1, 0, 4, 6]",16,0
"[3, 7, 2, 5, 1, 0, 4, 6]",17,1
"[3, 7, 2, 5, 1, 0, 4, 6]",18,0
"[3, 7, 2, 5, 1, 0, 4, 6]",19,1
"[3, 7, 2, 5, 1, 0, 4, 6]",20,0
"[3, 7, 2, 5, 1, 0, 4, 6]",21,0
"[3, 7, 2, 5, 1, 0, 4, 6]",22,0
"[3, 7, 2, 5, 1, 0, 4, 6]",23,0
"[3, 7, 2, 5, 1, 0, 4, 6]",24,0
"[3, 5, 6, 2, 1, 7, 4, 0]",0,0
"[3, 5, 6, 2, 1, 7, 4, 0]",1,0
"[3, 5, 6, 2, 1, 7, 4, 0]",2,0
"[3, 5, 6, 2, 1, 7, 4, 0]",3,0
"[3, 5, 6, 2, 1, 7, 4, 0]",4,0
"[3, 5, 6, 2, 1, 7, 4, 0]",5,0
"[3, 5, 6, 2, 1, 7, 4, 0]",6,0
"[3, 5, 6, 2, 1, 7, 4, 0]",7,0
"[3, 5, 6, 2, 1, 7, 4, 0]",8,0
"[3, 5, 6, 2, 1, 7, 4, 0]",9,1
"[3, 5, 6, 2, 1, 7, 4, 0]",10,0
"[3, 5, 6, 2, 1, 7, 4, 0]",11,0
"[3, 5, 6, 2, 1, 7, 4, 0]",12,1
"[3, 5, 6, 2, 1, 7, 4, 0]",13,0
"[3, 5, 6, 2, 1, 7, 4, 0]",14,0
"[3, 5, 6, 2, 1, 7, 4, 0]",15,1
"[3, 5, 6, 2, 1, 7, 4, 0]",16,0
"[3, 5, 6, 2, 1, 7, 4, 0]",17,1
"[3, 5, 6, 2, 1, 7, 4, 0]",18,1
"[3, 5, 6, 2, 1, 7, 4, 0]",19,1
"[3, 5, 6, 2, 1, 7, 4, 0]",20,0
"[3, 5, 6, 2, 1, 7, 4, 0]",21,0
"[3, 5, 6, 2, 1, 7, 4, 0]",22,1
"[3, 5, 6, 2, 1, 7, 4, 0]",23,0
"[3, 5, 6, 2, 1, 7, 4, 0]",24,0
"[7, 2, 0, 6, 4, 5, 1, 3]",0,0
"[7, 2, 0, 6, 4, 5, 1, 3]",1,1
"[7, 2, 0, 6, 4, 5, 1, 3]",2,0
"[7, 2, 0, 6, 4, 5, 1, 3]",3,1
"[7, 2, 0, 6, 4, 5, 1, 3]",4,0
"[7, 2, 0, 6, 4, 5, 1, 3]",5,0
"[7, 2, 0, 6, 4, 5, 1, 3]",6,0
"[7, 2, 0, 6, 4, 5, 1, 3]",7,1
"[7, 2, 0, 6, 4, 5, 1, 3]",8,0
"[7, 2, 0, 6, 4, 5, 1, 3]",9,1
"[7, 2, 0, 6, 4, 5, 1, 3]",10,0
"[7, 2, 0, 6, 4, 5, 1, 3]",11,0
"[7, 2, 0, 6, 4, 5, 1, 3]",12,0
"[7, 2, 0, 6, 4, 5, 1, 3]",13,0
"[7, 2, 0, 6, 4, 5, 1, 3]",14,0
"[7, 2, 0, 6, 4, 5, 1, 3]",15,0
"[7, 2, 0, 6, 4, 5, 1, 3]",16,0
"[7, 2, 0, 6, 4, 5, 1, 3]",17,1
"[7, 2, 0, 6, 4, 5, 1, 3]",18,0
"[7, 2, 0, 6, 4, 5, 1, 3]",19,1
"[7, 2, 0, 6, 4, 5, 1, 3]",20,1
"[7, 2, 0, 6, 4, 5, 1, 3]",21,0
"[7, 2, 0, 6, 4, 5, 1, 3]",22,1
"[7, 2, 0, 6, 4, 5, 1, 3]",23,0
"[7, 2, 0, 6, 4, 5, 1, 3]",24,0
"[3, 7, 1, 4, 5, 2, 0, 6]",0,0
"[3, 7, 1, 4, 5, 2, 0, 6]",1,0
"[3, 7, 1, 4, 5, 2, 0, 6]",2,0
"[3, 7, 1, 4, 5, 2, 0, 6]",3,0
"[3, 7, 1, 4, 5, 2, 0, 6]",4,0
"[3, 7, 1, 4, 5, 2, 0, 6]",5,0
"[3, 7, 1, 4, 5, 2, 0, 6]",6,0
"[3, 7, 1, 4, 5, 2, 0, 6]",7,0
"[3, 7, 1, 4, 5, 2, 0, 6]",8,0
"[3, 7, 1, 4, 5, 2, 0, 6]",9,1
"[3, 7, 1, 4, 5, 2, 0, 6]",10,0
"[3, 7, 1, 4, 5, 2, 0, 6]",11,0
"[3, 7, 1, 4, 5, 2, 0, 6]",12,0
"[3, 7, 1, 4, 5, 2, 0, 6]",13,1
"[3, 7, 1, 4, 5, 2, 0, 6]",14,0
"[3, 7, 1, 4, 5, 2, 0, 6]",15,0
"[3, 7, 1, 4, 5, 2, 0, 6]",16,0
"[3, 7, 1, 4, 5, 2, 0, 6]",17,1
"[3, 7, 1, 4, 5, 2, 0, 6]",18,0
"[3, 7, 1, 4, 5, 2, 0, 6]",19,1
"[3, 7, 1, 4, 5, 2, 0, 6]",20,0
"[3, 7, 1, 4, 5, 2, 0, 6]",21,0
"[3, 7, 1, 4, 5, 2, 0, 6]",22,0
"[3, 7, 1, 4, 5, 2, 0, 6]",23,0
"[3, 7, 1, 4, 5, 2, 0, 6]",24,0
"[3, 7, 0, 1, 6, 2, 5, 4]",0,0
"[3, 7, 0, 1, 6, 2, 5, 4]",1,0
"[3, 7, 0, 1, 6, 2, 5, 4]",2,0
"[3, 7, 0, 1, 6, 2, 5, 4]",3,0
"[3, 7, 0, 1, 6, 2, 5, 4]",4,0
"[3, 7, 0, 1, 6, 2, 5, 4]",5,0
"[3, 7, 0, 1, 6, 2, 5, 4]",6,0
"[3, 7, 0, 1, 6, 2, 5, 4]",7,0
"[3, 7, 0, 1, 6, 2, 5, 4]",8,0
"[3, 7, 0, 1, 6, 2, 5, 4]",9,0
"[3, 7, 0, 1, 6, 2, 5, 4]",10,0
"[3, 7, 0, 1, 6, 2, 5, 4]",11,0
"[3, 7, 0, 1, 6, 2, 5, 4]",12,0
"[3, 7, 0, 1, 6, 2, 5, 4]",13,1
"[3, 7, 0, 1, 6, 2, 5, 4]",14,0
"[3, 7, 0, 1, 6, 2, 5, 4]",15,1
"[3, 7, 0, 1, 6, 2, 5, 4]",16,0
"[3, 7, 0, 1, 6, 2, 5, 4]",17,0
"[3, 7, 0, 1, 6, 2, 5, 4]",18,1
"[3, 7, 0, 1, 6, 2, 5, 4]",19,0
"[3, 7, 0, 1, 6, 2, 5, 4]",20,0
"[3, 7, 0, 1, 6, 2, 5, 4]",21,0
"[3, 7, 0, 1, 6, 2, 5, 4]",22,1
"[3, 7, 0, 1, 6, 2, 5, 4]",23,0
"[3, 7, 0, 1, 6, 2, 5, 4]",24,0
"[4, 6, 1, 3, 5, 7, 2, 0]",0,0
"[4, 6, 1, 3, 5, 7, 2, 0]",1,1
"[4, 6, 1, 3, 5, 7, 2, 0]",2,1
"[4, 6, 1, 3, 5, 7, 2, 0]",3,0
"[4, 6, 1, 3, 5, 7, 2, 0]",4,0
"[4, 6, 1, 3, 5, 7, 2, 0]",5,0
"[4, 6, 1, 3, 5, 7, 2, 0]",6,1
"[4, 6, 1, 3, 5, 7, 2, 0]",7,1
"[4, 6, 1, 3, 5, 7, 2, 0]",8,0
"[4, 6, 1, 3, 5, 7, 2, 0]",9,1
"[4, 6, 1, 3, 5, 7, 2, 0]",10,0
"[4, 6, 1, 3, 5, 7, 2, 0]",11,0
"[4, 6, 1, 3, 5, 7, 2, 0]",12,0
"[4, 6, 1, 3, 5, 7, 2, 0]",13,1
"[4, 6, 1, 3, 5, 7, 2, 0]",14,0
"[4, 6, 1, 3, 5, 7, 2, 0]",15,1
"[4, 6, 1, 3, 5, 7, 2, 0]",16,0
"[4, 6, 1, 3, 5, 7, 2, 0]",17,1
"[4, 6, 1, 3, 5, 7, 2, 0]",18,0
"[4, 6, 1, 3, 5, 7, 2, 0]",19,1
"[4, 6, 1, 3, 5, 7, 2, 0]",20,0
"[4, 6, 1, 3, 5, 7, 2, 0]",21,0
"[4, 6, 1, 3, 5, 7, 2, 0]",22,0
"[4, 6, 1, 3, 5, 7, 2, 0]",23,0
"[4, 6, 1, 3, 5, 7, 2, 0]",24,0
"[1, 4, 0, 6, 3, 7, 5, 2]",0,0
"[1, 4, 0, 6, 3, 7, 5, 2]",1,0
"[1, 4, 0, 6, 3, 7, 5, 2]",2,0
"[1, 4, 0, 6, 3, 7, 5, 2]",3,1
"[1, 4, 0, 6, 3, 7, 5, 2]",4,0
"[1, 4, 0, 6, 3, 7, 5, 2]",5,0
"[1, 4, 0, 6, 3, 7, 5, 2]",6,0
"[1, 4, 0, 6, 3, 7, 5, 2]",7,1
"[1, 4, 0, 6, 3, 7, 5, 2]",8,0
"[1, 4, 0, 6, 3, 7, 5, 2]",9,0
"[1, 4, 0, 6, 3, 7, 5, 2]",10,0
"[1, 4, 0, 6, 3, 7, 5, 2]",11,0
"[1, 4, 0, 6, 3, 7, 5, 2]",12,0
"[1, 4, 0, 6, 3, 7, 5, 2]",13,0
"[1, 4, 0, 6, 3, 7, 5, 2]",14,0
"[1, 4, 0, 6, 3, 7, 5, 2]",15,1
"[1, 4, 0, 6, 3, 7, 5, 2]",16,1
"[1, 4, 0, 6, 3, 7, 5, 2]",17,1
"[1, 4, 0, 6, 3, 7, 5, 2]",18,0
"[1, 4, 0, 6, 3, 7, 5, 2]",19,1
"[1, 4, 0, 6, 3, 7, 5, 2]",20,0
"[1, 4, 0, 6, 3, 7, 5, 2]",21,0
"[1, 4, 0, 6, 3, 7, 5, 2]",22,0
"[1, 4, 0, 6, 3, 7, 5, 2]",23,0
"[1, 4, 0, 6, 3, 7, 5, 2]",24,0
"[1, 4, 7, 3, 6, 5, 0, 2]",0,0
"[1, 4, 7, 3, 6, 5, 0, 2]",1,0
"[1, 4, 7, 3, 6, 5, 0, 2]",2,0
"[1, 4, 7, 3, 6, 5, 0, 2]",3,1
"[1, 4, 7, 3, 6, 5, 0, 2]",4,1
"[1, 4, 7, 3, 6, 5, 0, 2]",5,0
"[1, 4, 7, 3, 6, 5, 0, 2]",6,0
"[1, 4, 7, 3, 6, 5, 0, 2]",7,1
"[1, 4, 7, 3, 6, 5, 0, 2]",8,0
"[1, 4, 7, 3, 6, 5, 0, 2]",9,0
"[1, 4, 7, 3, 6, 5, 0, 2]",10,0
"[1, 4, 7, 3, 6, 5, 0, 2]",11,0
"[1, 4, 7, 3, 6, 5, 0, 2]",12,0
"[1, 4, 7, 3, 6, 5, 0, 2]",13,1
"[1, 4, 7, 3, 6, 5, 0, 2]",14,0
"[1, 4, 7, 3, 6, 5, 0, 2]",15,0
"[1, 4, 7, 3, 6, 5, 0, 2]",16,0
"[1, 4, 7, 3, 6, 5, 0, 2]",17,1
"[1, 4, 7, 3, 6, 5, 0, 2]",18,0
"[1, 4, 7, 3, 6, 5, 0, 2]",19,1
"[1, 4, 7, 3, 6, 5, 0, 2]",20,0
"[1, 4, 7, 3, 6, 5, 0, 2]",21,1
"[1, 4, 7, 3, 6, 5, 0, 2]",22,0
"[1, 4, 7, 3, 6, 5, 0, 2]",23,0
"[1, 4, 7, 3, 6, 5, 0, 2]",24,0
"[1, 0, 3, 6, 5, 2, 4, 7]",0,0
"[1, 0, 3, 6, 5, 2, 4, 7]",1,0
"[1, 0, 3, 6, 5, 2, 4, 7]",2,0
"[1, 0, 3, 6, 5, 2, 4, 7]",3,1
"[1, 0, 3, 6, 5, 2, 4, 7]",4,0
"[1, 0, 3, 6, 5, 2, 4, 7]",5,0
"[1, 0, 3, 6, 5, 2, 4, 7]",6,0
"[1, 0, 3, 6, 5, 2, 4, 7]",7,1
"[1, 0, 3, 6, 5, 2, 4, 7]",8,0
"[1, 0, 3, 6, 5, 2, 4, 7]",9,1
"[1, 0, 3, 6, 5, 2, 4, 7]",10,0
"[1, 0, 3, 6, 5, 2, 4, 7]",11,0
"[1, 0, 3, 6, 5, 2, 4, 7]",12,1
"[1, 0, 3, 6, 5, 2, 4, 7]",13,0
"[1, 0, 3, 6, 5, 2, 4, 7]",14,0
"[1, 0, 3, 6, 5, 2, 4, 7]",15,0
"[1, 0, 3, 6, 5, 2, 4, 7]",16,1
"[1, 0, 3, 6, 5, 2, 4, 7]",17,1
"[1, 0, 3, 6, 5, 2, 4, 7]",18,1
"[1, 0, 3, 6, 5, 2, 4, 7]",19,1
"[1, 0, 3, 6, 5, 2, 4, 7]",20,0
"[1, 0, 3, 6, 5, 2, 4, 7]",21,1
"[1, 0, 3, 6, 5, 2, 4, 7]",22,0
"[1, 0, 3, 6, 5, 2, 4, 7]",23,0
"[1, 0, 3, 6, 5, 2, 4, 7]",24,0
"[1, 0, 3, 6, 5, 2, 4, 7]",25,0
"[1, 0, 3, 6, 5, 2, 4, 7]",26,1
"[1, 0, 3, 6, 5, 2, 4, 7]",27,1
"[1, 0, 3, 6, 5, 2, 4, 7]",28,1
"[1, 0, 3, 6, 5, 2, 4, 7]",29,0
"[1, 0, 3, 6, 5, 2, 4, 7]",30,1
"[1, 0, 3, 6, 5, 2, 4, 7]",31,0
"[1, 0, 3, 6, 5, 2, 4, 7]",32,0
"[1, 0, 3, 6, 5, 2, 4, 7]",33,1
"[1, 0, 3, 6, 5, 2, 4, 7]",34,1
"[1, 0, 3, 6, 5, 2, 4, 7]",35,1
"[1, 0, 3, 6, 5, 2, 4, 7]",36,0
"[1, 0, 3, 6, 5, 2, 4, 7]",37,1
"[1, 0, 3, 6, 5, 2, 4, 7]",38,0
"[1, 0, 3, 6, 5, 2, 4, 7]",39,0
"[1, 0, 3, 6, 5, 2, 4, 7]",40,0
"[1, 0, 3, 6, 5, 2, 4, 7]",41,1
"[1, 0, 3, 6, 5, 2, 4, 7]",42,0
"[1, 0, 3, 6, 5, 2, 4, 7]",43,1
"[1, 0, 3, 6, 5, 2, 4, 7]",44,0
"[1, 0, 3, 6, 5, 2, 4, 7]",45,0
"[1, 0, 3, 6, 5, 2, 4, 7]",46,1
"[1, 0, 3, 6, 5, 2, 4, 7]",47,1
"[1, 0, 3, 6, 5, 2, 4, 7]",48,1
"[1, 0, 3, 6, 5, 2, 4, 7]",49,0
"[1, 0, 3, 6, 5, 2, 4, 7]",50,1
"[1, 0, 3, 6, 5, 2, 4, 7]",51,1
"[1, 0, 3, 6, 5, 2, 4, 7]",52,0
"[1, 0, 3, 6, 5, 2, 4, 7]",53,1
"[1, 0, 3, 6, 5, 2, 4, 7]",54,0
"[1, 0, 3, 6, 5, 2, 4, 7]",55,1
"[1, 0, 3, 6, 5, 2, 4, 7]",56,0
"[1, 0, 3, 6, 5, 2, 4, 7]",57,0
"[1, 0, 3, 6, 5, 2, 4, 7]",58,0
"[1, 0, 3, 6, 5, 2, 4, 7]",59,0
"[1, 0, 3, 6, 5, 2, 4, 7]",60,0
"[1, 0, 3, 6, 5, 2, 4, 7]",61,0
"[1, 0, 3, 6, 5, 2, 4, 7]",62,0
"[1, 0, 3, 6, 5, 2, 4, 7]",63,1
"[1, 0, 3, 6, 5, 2, 4, 7]",64,0
"[1, 0, 3, 6, 5, 2, 4, 7]",65,0
"[1, 0, 3, 6, 5, 2, 4, 7]",66,0
"[1, 0, 3, 6, 5, 2, 4, 7]",67,1
"[1, 0, 3, 6, 5, 2, 4, 7]",68,1
"[1, 0, 3, 6, 5, 2, 4, 7]",69,1
"[1, 0, 3, 6, 5, 2, 4, 7]",70,1
"[1, 0, 3, 6, 5, 2, 4, 7]",71,1
"[1, 0, 3, 6, 5, 2, 4, 7]",72,1
"[1, 0, 3, 6, 5, 2, 4, 7]",73,0
"[1, 0, 3, 6, 5, 2, 4, 7]",74,0
"[1, 0, 3, 6, 5, 2, 4, 7]",75,1
"[1, 0, 3, 6, 5, 2, 4, 7]",76,0
"[1, 0, 3, 6, 5, 2, 4, 7]",77,0
"[1, 0, 3, 6, 5, 2, 4, 7]",78,1
"[1, 0, 3, 6, 5, 2, 4, 7]",79,1
"[1, 0, 3, 6, 5, 2, 4, 7]",80,0
"[1, 0, 3, 6, 5, 2, 4, 7]",81,0
"[1, 0, 3, 6, 5, 2, 4, 7]",82,0
"[1, 0, 3, 6, 5, 2, 4, 7]",83,1
"[1, 0, 3, 6, 5, 2, 4, 7]",84,0
"[1, 0, 3, 6, 5, 2, 4, 7]",85,0
"[1, 0, 3, 6, 5, 2, 4, 7]",86,0
"[1, 0, 3, 6, 5, 2, 4, 7]",87,1
"[1, 0, 3, 6, 5, 2, 4, 7]",88,0
"[1, 0, 3, 6, 5, 2, 4, 7]",89,0
"[1, 0, 3, 6, 5, 2, 4, 7]",90,0
"[1, 0, 3, 6, 5, 2, 4, 7]",91,0
"[1, 0, 3, 6, 5, 2, 4, 7]",92,0
"[1, 0, 3, 6, 5, 2, 4, 7]",93,0
"[1, 0, 3, 6, 5, 2, 4, 7]",94,1
"[1, 0, 3, 6, 5, 2, 4, 7]",95,1
"[1, 0, 3, 6, 5, 2, 4, 7]",96,1
"[1, 0, 3, 6, 5, 2, 4, 7]",97,1
"[1, 0, 3, 6, 5, 2, 4, 7]",98,1
"[1, 0, 3, 6, 5, 2, 4, 7]",99,0
"[5, 2, 0, 7, 4, 3, 6, 1]",0,0
"[5, 2, 0, 7, 4, 3, 6, 1]",1,1
"[5, 2, 0, 7, 4, 3, 6, 1]",2,0
"[5, 2, 0, 7, 4, 3, 6, 1]",3,1
"[5, 2, 0, 7, 4, 3, 6, 1]",4,0
"[5, 2, 0, 7, 4, 3, 6, 1]",5,0
"[5, 2, 0, 7, 4, 3, 6, 1]",6,1
"[5, 2, 0, 7, 4, 3, 6, 1]",7,1
"[5, 2, 0, 7, 4, 3, 6, 1]",8,0
"[5, 2, 0, 7, 4, 3, 6, 1]",9,1
"[5, 2, 0, 7, 4, 3, 6, 1]",10,0
"[5, 2, 0, 7, 4, 3, 6, 1]",11,0
"[5, 2, 0, 7, 4, 3, 6, 1]",12,0
"[5, 2, 0, 7, 4, 3, 6, 1]",13,0
"[5, 2, 0, 7, 4, 3, 6, 1]",14,0
"[5, 2, 0, 7, 4, 3, 6, 1]",15,0
"[5, 2, 0, 7, 4, 3, 6, 1]",16,0
"[5, 2, 0, 7, 4, 3, 6, 1]",17,0
"[5, 2, 0, 7, 4, 3, 6, 1]",18,1
"[5, 2, 0, 7, 4, 3, 6, 1]",19,0
"[5, 2, 0, 7, 4, 3, 6, 1]",20,0
"[5, 2, 0, 7, 4, 3, 6, 1]",21,0
"[5, 2, 0, 7, 4, 3, 6, 1]",22,0
"[5, 2, 0, 7, 4, 3, 6, 1]",23,0
"[5, 2, 0, 7, 4, 3, 6, 1]",24,0
"[5, 2, 0, 7, 4, 3, 6, 1]",25,0
"[5, 2, 0, 7, 4, 3, 6, 1]",26,0
"[5, 2, 0, 7, 4, 3, 6, 1]",27,1
"[5, 2, 0, 7, 4, 3, 6, 1]",28,1
"[5, 2, 0, 7, 4, 3, 6, 1]",29,0
"[5, 2, 0, 7, 4, 3, 6, 1]",30,1
"[5, 2, 0, 7, 4, 3, 6, 1]",31,1
"[5, 2, 0, 7, 4, 3, 6, 1]",32,0
"[5, 2, 0, 7, 4, 3, 6, 1]",33,1
"[5, 2, 0, 7, 4, 3, 6, 1]",34,0
"[5, 2, 0, 7, 4, 3, 6, 1]",35,1
"[5, 2, 0, 7, 4, 3, 6, 1]",36,0
"[5, 2, 0, 7, 4, 3, 6, 1]",37,1
"[5, 2, 0, 7, 4, 3, 6, 1]",38,1
"[5, 2, 0, 7, 4, 3, 6, 1]",39,0
"[5, 2, 0, 7, 4, 3, 6, 1]",40,1
"[5, 2, 0, 7, 4, 3, 6, 1]",41,1
"[5, 2, 0, 7, 4, 3, 6, 1]",42,1
"[5, 2, 0, 7, 4, 3, 6, 1]",43,1
"[5, 2, 0, 7, 4, 3, 6, 1]",44,0
"[5, 2, 0, 7, 4, 3, 6, 1]",45,0
"[5, 2, 0, 7, 4, 3, 6, 1]",46,1
"[5, 2, 0, 7, 4, 3, 6, 1]",47,0
"[5, 2, 0, 7, 4, 3, 6, 1]",48,0
"[5, 2, 0, 7, 4, 3, 6, 1]",49,0
"[5, 2, 0, 7, 4, 3, 6, 1]",50,1
"[5, 2, 0, 7, 4, 3, 6, 1]",51,0
"[5, 2, 0, 7, 4, 3, 6, 1]",52,0
"[5, 2, 0, 7, 4, 3, 6, 1]",53,1
"[5, 2, 0, 7, 4, 3, 6, 1]",54,1
"[5, 2, 0, 7, 4, 3, 6, 1]",55,1
"[5, 2, 0, 7, 4, 3, 6, 1]",56,0
"[5, 2, 0, 7, 4, 3, 6, 1]",57,0
"[5, 2, 0, 7, 4, 3, 6, 1]",58,1
"[5, 2, 0, 7, 4, 3, 6, 1]",59,0
"[5, 2, 0, 7, 4, 3, 6, 1]",60,0
"[5, 2, 0, 7, 4, 3, 6, 1]",61,1
"[5, 2, 0, 7, 4, 3, 6, 1]",62,0
"[5, 2, 0, 7, 4, 3, 6, 1]",63,1
"[5, 2, 0, 7, 4, 3, 6, 1]",64,1
"[5, 2, 0, 7, 4, 3, 6, 1]",65,0
"[5, 2, 0, 7, 4, 3, 6, 1]",66,1
"[5, 2, 0, 7, 4, 3, 6, 1]",67,0
"[5, 2, 0, 7, 4, 3, 6, 1]",68,1
"[5, 2, 0, 7, 4, 3, 6, 1]",69,0
"[5, 2, 0, 7, 4, 3, 6, 1]",70,0
"[5, 2, 0, 7, 4, 3, 6, 1]",71,1
"[5, 2, 0, 7, 4, 3, 6, 1]",72,0
"[5, 2, 0, 7, 4, 3, 6, 1]",73,0
"[5, 2, 0, 7, 4, 3, 6, 1]",74,0
"[5, 2, 0, 7, 4, 3, 6, 1]",75,0
"[5, 2, 0, 7, 4, 3, 6, 1]",76,0
"[5, 2, 0, 7, 4, 3, 6, 1]",77,0
"[5, 2, 0, 7, 4, 3, 6, 1]",78,0
"[5, 2, 0, 7, 4, 3, 6, 1]",79,0
"[5, 2, 0, 7, 4, 3, 6, 1]",80,1
"[5, 2, 0, 7, 4, 3, 6, 1]",81,0
"[5, 2, 0, 7, 4, 3, 6, 1]",82,1
"[5, 2, 0, 7, 4, 3, 6, 1]",83,0
"[5, 2, 0, 7, 4, 3, 6, 1]",84,1
"[5, 2, 0, 7, 4, 3, 6, 1]",85,0
"[5, 2, 0, 7, 4, 3, 6, 1]",86,0
"[5, 2, 0, 7, 4, 3, 6, 1]",87,1
"[5, 2, 0, 7, 4, 3, 6, 1]",88,1
"[5, 2, 0, 7, 4, 3, 6, 1]",89,0
"[5, 2, 0, 7, 4, 3, 6, 1]",90,0
"[5, 2, 0, 7, 4, 3, 6, 1]",91,0
"[5, 2, 0, 7, 4, 3, 6, 1]",92,1
"[5, 2, 0, 7, 4, 3, 6, 1]",93,1
"[5, 2, 0, 7, 4, 3, 6, 1]",94,1
"[5, 2, 0, 7, 4, 3, 6, 1]",95,1
"[5, 2, 0, 7, 4, 3, 6, 1]",96,0
"[5, 2, 0, 7, 4, 3, 6, 1]",97,1
"[5, 2, 0, 7, 4, 3, 6, 1]",98,1
"[5, 2, 0, 7, 4, 3, 6, 1]",99,0
"[0, 5, 2, 1, 6, 3, 4, 7]",0,0
"[0, 5, 2, 1, 6, 3, 4, 7]",1,0
"[0, 5, 2, 1, 6, 3, 4, 7]",2,0
"[0, 5, 2, 1, 6, 3, 4, 7]",3,0
"[0, 5, 2, 1, 6, 3, 4, 7]",4,1
"[0, 5, 2, 1, 6, 3, 4, 7]",5,0
"[0, 5, 2, 1, 6, 3, 4, 7]",6,0
"[0, 5, 2, 1, 6, 3, 4, 7]",7,1
"[0, 5, 2, 1, 6, 3, 4, 7]",8,0
"[0, 5, 2, 1, 6, 3, 4, 7]",9,1
"[0, 5, 2, 1, 6, 3, 4, 7]",10,0
"[0, 5, 2, 1, 6, 3, 4, 7]",11,0
"[0, 5, 2, 1, 6, 3, 4, 7]",12,0
"[0, 5, 2, 1, 6, 3, 4, 7]",13,1
"[0, 5, 2, 1, 6, 3, 4, 7]",14,0
"[0, 5, 2, 1, 6, 3, 4, 7]",15,0
"[0, 5, 2, 1, 6, 3, 4, 7]",16,1
"[0, 5, 2, 1, 6, 3, 4, 7]",17,1
"[0, 5, 2, 1, 6, 3, 4, 7]",18,0
"[0, 5, 2, 1, 6, 3, 4, 7]",19,1
"[0, 5, 2, 1, 6, 3, 4, 7]",20,0
"[0, 5, 2, 1, 6, 3, 4, 7]",21,1
"[0, 5, 2, 1, 6, 3, 4, 7]",22,0
"[0, 5, 2, 1, 6, 3, 4, 7]",23,0
"[0, 5, 2, 1, 6, 3, 4, 7]",24,0
"[0, 5, 2, 1, 6, 3, 4, 7]",25,0
"[0, 5, 2, 1, 6, 3, 4, 7]",26,0
"[0, 5, 2, 1, 6, 3, 4, 7]",27,1
"[0, 5, 2, 1, 6, 3, 4, 7]",28,1
"[0, 5, 2, 1, 6, 3, 4, 7]",29,0
"[0, 5, 2, 1, 6, 3, 4, 7]",30,1
"[0, 5, 2, 1, 6, 3, 4, 7]",31,0
"[0, 5, 2, 1, 6, 3, 4, 7]",32,0
"[0, 5, 2, 1, 6, 3, 4, 7]",33,1
"[0, 5, 2, 1, 6, 3, 4, 7]",34,1
"[0, 5, 2, 1, 6, 3, 4, 7]",35,1
"[0, 5, 2, 1, 6, 3, 4, 7]",36,0
"[0, 5, 2, 1, 6, 3, 4, 7]",37,1
"[0, 5, 2, 1, 6, 3, 4, 7]",38,0
"[0, 5, 2, 1, 6, 3, 4, 7]",39,0
"[0, 5, 2, 1, 6, 3, 4, 7]",40,1
"[0, 5, 2, 1, 6, 3, 4, 7]",41,1
"[0, 5, 2, 1, 6, 3, 4, 7]",42,0
"[0, 5, 2, 1, 6, 3, 4, 7]",43,0
"[0, 5, 2, 1, 6, 3, 4, 7]",44,0
"[0, 5, 2, 1, 6, 3, 4, 7]",45,0
"[0, 5, 2, 1, 6, 3, 4, 7]",46,1
"[0, 5, 2, 1, 6, 3, 4, 7]",47,0
"[0, 5, 2, 1, 6, 3, 4, 7]",48,1
"[0, 5, 2, 1, 6, 3, 4, 7]",49,0
"[0, 5, 2, 1, 6, 3, 4, 7]",50,1
"[0, 5, 2, 1, 6, 3, 4, 7]",51,0
"[0, 5, 2, 1, 6, 3, 4, 7]",52,0
"[0, 5, 2, 1, 6, 3, 4, 7]",53,1
"[0, 5, 2, 1, 6, 3, 4, 7]",54,0
"[0, 5, 2, 1, 6, 3, 4, 7]",55,1
"[0, 5, 2, 1, 6, 3, 4, 7]",56,1
"[0, 5, 2, 1, 6, 3, 4, 7]",57,0
"[0, 5, 2, 1, 6, 3, 4, 7]",58,1
"[0, 5, 2, 1, 6, 3, 4, 7]",59,0
"[0, 5, 2, 1, 6, 3, 4, 7]",60,0
"[0, 5, 2, 1, 6, 3, 4, 7]",61,1
"[0, 5, 2, 1, 6, 3, 4, 7]",62,0
"[0, 5, 2, 1, 6, 3, 4, 7]",63,0
"[0, 5, 2, 1, 6, 3, 4, 7]",64,1
"[0, 5, 2, 1, 6, 3, 4, 7]",65,0
"[0, 5, 2, 1, 6, 3, 4, 7]",66,1
"[0, 5, 2, 1, 6, 3, 4, 7]",67,1
"[0, 5, 2, 1, 6, 3, 4, 7]",68,0
"[0, 5, 2, 1, 6, 3, 4, 7]",69,0
"[0, 5, 2, 1, 6, 3, 4, 7]",70,1
"[0, 5, 2, 1, 6, 3, 4, 7]",71,1
"[0, 5, 2, 1, 6, 3, 4, 7]",72,0
"[0, 5, 2, 1, 6, 3, 4, 7]",73,0
"[0, 5, 2, 1, 6, 3, 4, 7]",74,0
"[0, 5, 2, 1, 6, 3, 4, 7]",75,0
"[0, 5, 2, 1, 6, 3, 4, 7]",76,0
"[0, 5, 2, 1, 6, 3, 4, 7]",77,0
"[0, 5, 2, 1, 6, 3, 4, 7]",78,0
"[0, 5, 2, 1, 6, 3, 4, 7]",79,1
"[0, 5, 2, 1, 6, 3, 4, 7]",80,1
"[0, 5, 2, 1, 6, 3, 4, 7]",81,0
"[0, 5, 2, 1, 6, 3, 4, 7]",82,0
"[0, 5, 2, 1, 6, 3, 4, 7]",83,0
"[0, 5, 2, 1, 6, 3, 4, 7]",84,1
"[0, 5, 2, 1, 6, 3, 4, 7]",85,0
"[0, 5, 2, 1, 6, 3, 4, 7]",86,0
"[0, 5, 2, 1, 6, 3, 4, 7]",87,1
"[0, 5, 2, 1, 6, 3, 4, 7]",88,0
"[0, 5, 2, 1, 6, 3, 4, 7]",89,0
"[0, 5, 2, 1, 6, 3, 4, 7]",90,0
"[0, 5, 2, 1, 6, 3, 4, 7]",91,0
"[0, 5, 2, 1, 6, 3, 4, 7]",92,0
"[0, 5, 2, 1, 6, 3, 4, 7]",93,1
"[0, 5, 2, 1, 6, 3, 4, 7]",94,0
"[0, 5, 2, 1, 6, 3, 4, 7]",95,1
"[0, 5, 2, 1, 6, 3, 4, 7]",96,0
"[0, 5, 2, 1, 6, 3, 4, 7]",97,1
"[0, 5, 2, 1, 6, 3, 4, 7]",98,0
"[0, 5, 2, 1, 6, 3, 4, 7]",99,1
"[1, 7, 4, 3, 0, 2, 5, 6]",0,0
"[1, 7, 4, 3, 0, 2, 5, 6]",1,0
"[1, 7, 4, 3, 0, 2, 5, 6]",2,0
"[1, 7, 4, 3, 0, 2, 5, 6]",3,0
"[1, 7, 4, 3, 0, 2, 5, 6]",4,0
"[1, 7, 4, 3, 0, 2, 5, 6]",5,0
"[1, 7, 4, 3, 0, 2, 5, 6]",6,0
"[1, 7, 4, 3, 0, 2, 5, 6]",7,1
"[1, 7, 4, 3, 0, 2, 5, 6]",8,0
"[1, 7, 4, 3, 0, 2, 5, 6]",9,1
"[1, 7, 4, 3, 0, 2, 5, 6]",10,0
"[1, 7, 4, 3, 0, 2, 5, 6]",11,0
"[1, 7, 4, 3, 0, 2, 5, 6]",12,0
"[1, 7, 4, 3, 0, 2, 5, 6]",13,0
"[1, 7, 4, 3, 0, 2, 5, 6]",14,0
"[1, 7, 4, 3, 0, 2, 5, 6]",15,1
"[1, 7, 4, 3, 0, 2, 5, 6]",16,0
"[1, 7, 4, 3, 0, 2, 5, 6]",17,1
"[1, 7, 4, 3, 0, 2, 5, 6]",18,0
"[1, 7, 4, 3, 0, 2, 5, 6]",19,1
"[1, 7, 4, 3, 0, 2, 5, 6]",20,0
"[1, 7, 4, 3, 0, 2, 5, 6]",21,0
"[1, 7, 4, 3, 0, 2, 5, 6]",22,0
"[1, 7, 4, 3, 0, 2, 5, 6]",23,0
"[1, 7, 4, 3, 0, 2, 5, 6]",24,0
"[1, 7, 4, 3, 0, 2, 5, 6]",25,0
"[1, 7, 4, 3, 0, 2, 5, 6]",26,0
"[1, 7, 4, 3, 0, 2, 5, 6]",27,1
"[1, 7, 4, 3, 0, 2, 5, 6]",28,0
"[1, 7, 4, 3, 0, 2, 5, 6]",29,0
"[1, 7, 4, 3, 0, 2, 5, 6]",30,1
"[1, 7, 4, 3, 0, 2, 5, 6]",31,0
"[1, 7, 4, 3, 0, 2, 5, 6]",32,0
"[1, 7, 4, 3, 0, 2, 5, 6]",33,0
"[1, 7, 4, 3, 0, 2, 5, 6]",34,0
"[1, 7, 4, 3, 0, 2, 5, 6]",35,0
"[1, 7, 4, 3, 0, 2, 5, 6]",36,0
"[1, 7, 4, 3, 0, 2, 5, 6]",37,1
"[1, 7, 4, 3, 0, 2, 5, 6]",38,0
"[1, 7, 4, 3, 0, 2, 5, 6]",39,0
"[1, 7, 4, 3, 0, 2, 5, 6]",40,0
"[1, 7, 4, 3, 0, 2, 5, 6]",41,0
"[1, 7, 4, 3, 0, 2, 5, 6]",42,0
"[1, 7, 4, 3, 0, 2, 5, 6]",43,0
"[1, 7, 4, 3, 0, 2, 5, 6]",44,0
"[1, 7, 4, 3, 0, 2, 5, 6]",45,0
"[1, 7, 4, 3, 0, 2, 5, 6]",46,1
"[1, 7, 4, 3, 0, 2, 5, 6]",47,0
"[1, 7, 4, 3, 0, 2, 5, 6]",48,0
"[1, 7, 4, 3, 0, 2, 5, 6]",49,0
"[1, 7, 4, 3, 0, 2, 5, 6]",50,1
"[1, 7, 4, 3, 0, 2, 5, 6]",51,0
"[1, 7, 4, 3, 0, 2, 5, 6]",52,0
"[1, 7, 4, 3, 0, 2, 5, 6]",53,0
"[1, 7, 4, 3, 0, 2, 5, 6]",54,0
"[1, 7, 4, 3, 0, 2, 5, 6]",55,0
"[1, 7, 4, 3, 0, 2, 5, 6]",56,0
"[1, 7, 4, 3, 0, 2, 5, 6]",57,0
"[1, 7, 4, 3, 0, 2, 5, 6]",58,0
"[1, 7, 4, 3, 0, 2, 5, 6]",59,0
"[1, 7, 4, 3, 0, 2, 5, 6]",60,0
"[1, 7, 4, 3, 0, 2, 5, 6]",61,1
"[1, 7, 4, 3, 0, 2, 5, 6]",62,0
"[1, 7, 4, 3, 0, 2, 5, 6]",63,0
"[1, 7, 4, 3, 0, 2, 5, 6]",64,1
"[1, 7, 4, 3, 0, 2, 5, 6]",65,0
"[1, 7, 4, 3, 0, 2, 5, 6]",66,0
"[1, 7, 4, 3, 0, 2, 5, 6]",67,0
"[1, 7, 4, 3, 0, 2, 5, 6]",68,0
"[1, 7, 4, 3, 0, 2, 5, 6]",69,0
"[1, 7, 4, 3, 0, 2, 5, 6]",70,0
"[1, 7, 4, 3, 0, 2, 5, 6]",71,0
"[1, 7, 4, 3, 0, 2, 5, 6]",72,1
"[1, 7, 4, 3, 0, 2, 5, 6]",73,1
"[1, 7, 4, 3, 0, 2, 5, 6]",74,0
"[1, 7, 4, 3, 0, 2, 5, 6]",75,0
"[1, 7, 4, 3, 0, 2, 5, 6]",76,0
"[1, 7, 4, 3, 0, 2, 5, 6]",77,0
"[1, 7, 4, 3, 0, 2, 5, 6]",78,0
"[1, 7, 4, 3, 0, 2, 5, 6]",79,0
"[1, 7, 4, 3, 0, 2, 5, 6]",80,1
"[1, 7, 4, 3, 0, 2, 5, 6]",81,0
"[1, 7, 4, 3, 0, 2, 5, 6]",82,0
"[1, 7, 4, 3, 0, 2, 5, 6]",83,0
"[1, 7, 4, 3, 0, 2, 5, 6]",84,0
"[1, 7, 4, 3, 0, 2, 5, 6]",85,0
"[1, 7, 4, 3, 0, 2, 5, 6]",86,0
"[1, 7, 4, 3, 0, 2, 5, 6]",87,0
"[1, 7, 4, 3, 0, 2, 5, 6]",88,1
"[1, 7, 4, 3, 0, 2, 5, 6]",89,0
"[1, 7, 4, 3, 0, 2, 5, 6]",90,0
"[1, 7, 4, 3, 0, 2, 5, 6]",91,0
"[1, 7, 4, 3, 0, 2, 5, 6]",92,0
"[1, 7, 4, 3, 0, 2, 5, 6]",93,0
"[1, 7, 4, 3, 0, 2, 5, 6]",94,0
"[1, 7, 4, 3, 0, 2, 5, 6]",95,0
"[1, 7, 4, 3, 0, 2, 5, 6]",96,0
"[1, 7, 4, 3, 0, 2, 5, 6]",97,1
"[1, 7, 4, 3, 0, 2, 5, 6]",98,0
"[1, 7, 4, 3, 0, 2, 5, 6]",99,0
"[5, 4, 3, 0, 6, 7, 2, 1]",0,0
"[5, 4, 3, 0, 6, 7, 2, 1]",1,1
"[5, 4, 3, 0, 6, 7, 2, 1]",2,0
"[5, 4, 3, 0, 6, 7, 2, 1]",3,1
"[5, 4, 3, 0, 6, 7, 2, 1]",4,1
"[5, 4, 3, 0, 6, 7, 2, 1]",5,0
"[5, 4, 3, 0, 6, 7, 2, 1]",6,0
"[5, 4, 3, 0, 6, 7, 2, 1]",7,1
"[5, 4, 3, 0, 6, 7, 2, 1]",8,0
"[5, 4, 3, 0, 6, 7, 2, 1]",9,1
"[5, 4, 3, 0, 6, 7, 2, 1]",10,0
"[5, 4, 3, 0, 6, 7, 2, 1]",11,0
"[5, 4, 3, 0, 6, 7, 2, 1]",12,0
"[5, 4, 3, 0, 6, 7, 2, 1]",13,0
"[5, 4, 3, 0, 6, 7, 2, 1]",14,0
"[5, 4, 3, 0, 6, 7, 2, 1]",15,0
"[5, 4, 3, 0, 6, 7, 2, 1]",16,0
"[5, 4, 3, 0, 6, 7, 2, 1]",17,1
"[5, 4, 3, 0, 6, 7, 2, 1]",18,1
"[5, 4, 3, 0, 6, 7, 2, 1]",19,1
"[5, 4, 3, 0, 6, 7, 2, 1]",20,0
"[5, 4, 3, 0, 6, 7, 2, 1]",21,0
"[5, 4, 3, 0, 6, 7, 2, 1]",22,0
"[5, 4, 3, 0, 6, 7, 2, 1]",23,0
"[5, 4, 3, 0, 6, 7, 2, 1]",24,0
"[5, 4, 3, 0, 6, 7, 2, 1]",25,0
"[5, 4, 3, 0, 6, 7, 2, 1]",26,0
"[5, 4, 3, 0, 6, 7, 2, 1]",27,1
"[5, 4, 3, 0, 6, 7, 2, 1]",28,1
"[5, 4, 3, 0, 6, 7, 2, 1]",29,0
"[5, 4, 3, 0, 6, 7, 2, 1]",30,1
"[5, 4, 3, 0, 6, 7, 2, 1]",31,1
"[5, 4, 3, 0, 6, 7, 2, 1]",32,0
"[5, 4, 3, 0, 6, 7, 2, 1]",33,1
"[5, 4, 3, 0, 6, 7, 2, 1]",34,0
"[5, 4, 3, 0, 6, 7, 2, 1]",35,1
"[5, 4, 3, 0, 6, 7, 2, 1]",36,0
"[5, 4, 3, 0, 6, 7, 2, 1]",37,1
"[5, 4, 3, 0, 6, 7, 2, 1]",38,1
"[5, 4, 3, 0, 6, 7, 2, 1]",39,0
"[5, 4, 3, 0, 6, 7, 2, 1]",40,1
"[5, 4, 3, 0, 6, 7, 2, 1]",41,0
"[5, 4, 3, 0, 6, 7, 2, 1]",42,1
"[5, 4, 3, 0, 6, 7, 2, 1]",43,0
"[5, 4, 3, 0, 6, 7, 2, 1]",44,0
"[5, 4, 3, 0, 6, 7, 2, 1]",45,0
"[5, 4, 3, 0, 6, 7, 2, 1]",46,1
"[5, 4, 3, 0, 6, 7, 2, 1]",47,0
"[5, 4, 3, 0, 6, 7, 2, 1]",48,1
"[5, 4, 3, 0, 6, 7, 2, 1]",49,0
"[5, 4, 3, 0, 6, 7, 2, 1]",50,1
"[5, 4, 3, 0, 6, 7, 2, 1]",51,1
"[5, 4, 3, 0, 6, 7, 2, 1]",52,0
"[5, 4, 3, 0, 6, 7, 2, 1]",53,1
"[5, 4, 3, 0, 6, 7, 2, 1]",54,0
"[5, 4, 3, 0, 6, 7, 2, 1]",55,0
"[5, 4, 3, 0, 6, 7, 2, 1]",56,1
"[5, 4, 3, 0, 6, 7, 2, 1]",57,0
"[5, 4, 3, 0, 6, 7, 2, 1]",58,1
"[5, 4, 3, 0, 6, 7, 2, 1]",59,0
"[5, 4, 3, 0, 6, 7, 2, 1]",60,1
"[5, 4, 3, 0, 6, 7, 2, 1]",61,1
"[5, 4, 3, 0, 6, 7, 2, 1]",62,0
"[5, 4, 3, 0, 6, 7, 2, 1]",63,0
"[5, 4, 3, 0, 6, 7, 2, 1]",64,0
"[5, 4, 3, 0, 6, 7, 2, 1]",65,0
"[5, 4, 3, 0, 6, 7, 2, 1]",66,1
"[5, 4, 3, 0, 6, 7, 2, 1]",67,0
"[5, 4, 3, 0, 6, 7, 2, 1]",68,1
"[5, 4, 3, 0, 6, 7, 2, 1]",69,0
"[5, 4, 3, 0, 6, 7, 2, 1]",70,1
"[5, 4, 3, 0, 6, 7, 2, 1]",71,1
"[5, 4, 3, 0, 6, 7, 2, 1]",72,0
"[5, 4, 3, 0, 6, 7, 2, 1]",73,0
"[5, 4, 3, 0, 6, 7, 2, 1]",74,0
"[5, 4, 3, 0, 6, 7, 2, 1]",75,0
"[5, 4, 3, 0, 6, 7, 2, 1]",76,0
"[5, 4, 3, 0, 6, 7, 2, 1]",77,0
"[5, 4, 3, 0, 6, 7, 2, 1]",78,0
"[5, 4, 3, 0, 6, 7, 2, 1]",79,1
"[5, 4, 3, 0, 6, 7, 2, 1]",80,0
"[5, 4, 3, 0, 6, 7, 2, 1]",81,0
"[5, 4, 3, 0, 6, 7, 2, 1]",82,0
"[5, 4, 3, 0, 6, 7, 2, 1]",83,0
"[5, 4, 3, 0, 6, 7, 2, 1]",84,0
"[5, 4, 3, 0, 6, 7, 2, 1]",85,1
"[5, 4, 3, 0, 6, 7, 2, 1]",86,0
"[5, 4, 3, 0, 6, 7, 2, 1]",87,0
"[5, 4, 3, 0, 6, 7, 2, 1]",88,1
"[5, 4, 3, 0, 6, 7, 2, 1]",89,0
"[5, 4, 3, 0, 6, 7, 2, 1]",90,0
"[5, 4, 3, 0, 6, 7, 2, 1]",91,0
"[5, 4, 3, 0, 6, 7, 2, 1]",92,0
"[5, 4, 3, 0, 6, 7, 2, 1]",93,0
"[5, 4, 3, 0, 6, 7, 2, 1]",94,1
"[5, 4, 3, 0, 6, 7, 2, 1]",95,1
"[5, 4, 3, 0, 6, 7, 2, 1]",96,1
"[5, 4, 3, 0, 6, 7, 2, 1]",97,1
"[5, 4, 3, 0, 6, 7, 2, 1]",98,1
"[5, 4, 3, 0, 6, 7, 2, 1]",99,0
"[4, 6, 7, 2, 0, 1, 5, 3]",0,0
"[4, 6, 7, 2, 0, 1, 5, 3]",1,0
"[4, 6, 7, 2, 0, 1, 5, 3]",2,0
"[4, 6, 7, 2, 0, 1, 5, 3]",3,0
"[4, 6, 7, 2, 0, 1, 5, 3]",4,0
"[4, 6, 7, 2, 0, 1, 5, 3]",5,0
"[4, 6, 7, 2, 0, 1, 5, 3]",6,0
"[4, 6, 7, 2, 0, 1, 5, 3]",7,1
"[4, 6, 7, 2, 0, 1, 5, 3]",8,0
"[4, 6, 7, 2, 0, 1, 5, 3]",9,0
"[4, 6, 7, 2, 0, 1, 5, 3]",10,0
"[4, 6, 7, 2, 0, 1, 5, 3]",11,0
"[4, 6, 7, 2, 0, 1, 5, 3]",12,0
"[4, 6, 7, 2, 0, 1, 5, 3]",13,0
"[4, 6, 7, 2, 0, 1, 5, 3]",14,1
"[4, 6, 7, 2, 0, 1, 5, 3]",15,1
"[4, 6, 7, 2, 0, 1, 5, 3]",16,0
"[4, 6, 7, 2, 0, 1, 5, 3]",17,0
"[4, 6, 7, 2, 0, 1, 5, 3]",18,0
"[4, 6, 7, 2, 0, 1, 5, 3]",19,0
"[4, 6, 7, 2, 0, 1, 5, 3]",20,0
"[4, 6, 7, 2, 0, 1, 5, 3]",21,0
"[4, 6, 7, 2, 0, 1, 5, 3]",22,0
"[4, 6, 7, 2, 0, 1, 5, 3]",23,0
"[4, 6, 7, 2, 0, 1, 5, 3]",24,0
"[4, 6, 7, 2, 0, 1, 5, 3]",25,0
"[4, 6, 7, 2, 0, 1, 5, 3]",26,1
"[4, 6, 7, 2, 0, 1, 5, 3]",27,1
"[4, 6, 7, 2, 0, 1, 5, 3]",28,0
"[4, 6, 7, 2, 0, 1, 5, 3]",29,0
"[4, 6, 7, 2, 0, 1, 5, 3]",30,0
"[4, 6, 7, 2, 0, 1, 5, 3]",31,0
"[4, 6, 7, 2, 0, 1, 5, 3]",32,0
"[4, 6, 7, 2, 0, 1, 5, 3]",33,0
"[4, 6, 7, 2, 0, 1, 5, 3]",34,1
"[4, 6, 7, 2, 0, 1, 5, 3]",35,0
"[4, 6, 7, 2, 0, 1, 5, 3]",36,0
"[4, 6, 7, 2, 0, 1, 5, 3]",37,0
"[4, 6, 7, 2, 0, 1, 5, 3]",38,0
"[4, 6, 7, 2, 0, 1, 5, 3]",39,0
"[4, 6, 7, 2, 0, 1, 5, 3]",40,0
"[4, 6, 7, 2, 0, 1, 5, 3]",41,1
"[4, 6, 7, 2, 0, 1, 5, 3]",42,0
"[4, 6, 7, 2, 0, 1, 5, 3]",43,0
"[4, 6, 7, 2, 0, 1, 5, 3]",44,0
"[4, 6, 7, 2, 0, 1, 5, 3]",45,0
"[4, 6, 7, 2, 0, 1, 5, 3]",46,1
"[4, 6, 7, 2, 0, 1, 5, 3]",47,0
"[4, 6, 7, 2, 0, 1, 5, 3]",48,0
"[4, 6, 7, 2, 0, 1, 5, 3]",49,0
"[4, 6, 7, 2, 0, 1, 5, 3]",50,1
"[4, 6, 7, 2, 0, 1, 5, 3]",51,1
"[4, 6, 7, 2, 0, 1, 5, 3]",52,0
"[4, 6, 7, 2, 0, 1, 5, 3]",53,0
"[4, 6, 7, 2, 0, 1, 5, 3]",54,0
"[4, 6, 7, 2, 0, 1, 5, 3]",55,1
"[4, 6, 7, 2, 0, 1, 5, 3]",56,0
"[4, 6, 7, 2, 0, 1, 5, 3]",57,0
"[4, 6, 7, 2, 0, 1, 5, 3]",58,0
"[4, 6, 7, 2, 0, 1, 5, 3]",59,0
"[4, 6, 7, 2, 0, 1, 5, 3]",60,0
"[4, 6, 7, 2, 0, 1, 5, 3]",61,0
"[4, 6, 7, 2, 0, 1, 5, 3]",62,0
"[4, 6, 7, 2, 0, 1, 5, 3]",63,0
"[4, 6, 7, 2, 0, 1, 5, 3]",64,0
"[4, 6, 7, 2, 0, 1, 5, 3]",65,0
"[4, 6, 7, 2, 0, 1, 5, 3]",66,0
"[4, 6, 7, 2, 0, 1, 5, 3]",67,0
"[4, 6, 7, 2, 0, 1, 5, 3]",68,0
"[4, 6, 7, 2, 0, 1, 5, 3]",69,0
"[4, 6, 7, 2, 0, 1, 5, 3]",70,0
"[4, 6, 7, 2, 0, 1, 5, 3]",71,0
"[4, 6, 7, 2, 0, 1, 5, 3]",72,0
"[4, 6, 7, 2, 0, 1, 5, 3]",73,0
"[4, 6, 7, 2, 0, 1, 5, 3]",74,0
"[4, 6, 7, 2, 0, 1, 5, 3]",75,0
"[4, 6, 7, 2, 0, 1, 5, 3]",76,1
"[4, 6, 7, 2, 0, 1, 5, 3]",77,0
"[4, 6, 7, 2, 0, 1, 5, 3]",78,0
"[4, 6, 7, 2, 0, 1, 5, 3]",79,0
"[4, 6, 7, 2, 0, 1, 5, 3]",80,0
"[4, 6, 7, 2, 0, 1, 5, 3]",81,0
"[4, 6, 7, 2, 0, 1, 5, 3]",82,0
"[4, 6, 7, 2, 0, 1, 5, 3]",83,0
"[4, 6, 7, 2, 0, 1, 5, 3]",84,0
"[4, 6, 7, 2, 0, 1, 5, 3]",85,1
"[4, 6, 7, 2, 0, 1, 5, 3]",86,0
"[4, 6, 7, 2, 0, 1, 5, 3]",87,0
"[4, 6, 7, 2, 0, 1, 5, 3]",88,1
"[4, 6, 7, 2, 0, 1, 5, 3]",89,0
"[4, 6, 7, 2, 0, 1, 5, 3]",90,0
"[4, 6, 7, 2, 0, 1, 5, 3]",91,0
"[4, 6, 7, 2, 0, 1, 5, 3]",92,0
"[4, 6, 7, 2, 0, 1, 5, 3]",93,1
"[4, 6, 7, 2, 0, 1, 5, 3]",94,1
"[4, 6, 7, 2, 0, 1, 5, 3]",95,0
"[4, 6, 7, 2, 0, 1, 5, 3]",96,0
"[4, 6, 7, 2, 0, 1, 5, 3]",97,0
"[4, 6, 7, 2, 0, 1, 5, 3]",98,0
"[4, 6, 7, 2, 0, 1, 5, 3]",99,0
"[7, 5, 1, 3, 6, 0, 2, 4]",0,0
"[7, 5, 1, 3, 6, 0, 2, 4]",1,1
"[7, 5, 1, 3, 6, 0, 2, 4]",2,0
"[7, 5, 1, 3, 6, 0, 2, 4]",3,0
"[7, 5, 1, 3, 6, 0, 2, 4]",4,1
"[7, 5, 1, 3, 6, 0, 2, 4]",5,0
"[7, 5, 1, 3, 6, 0, 2, 4]",6,0
"[7, 5, 1, 3, 6, 0, 2, 4]",7,1
"[7, 5, 1, 3, 6, 0, 2, 4]",8,0
"[7, 5, 1, 3, 6, 0, 2, 4]",9,0
"[7, 5, 1, 3, 6, 0, 2, 4]",10,0
"[7, 5, 1, 3, 6, 0, 2, 4]",11,0
"[7, 5, 1, 3, 6, 0, 2, 4]",12,0
"[7, 5, 1, 3, 6, 0, 2, 4]",13,0
"[7, 5, 1, 3, 6, 0, 2, 4]",14,0
"[7, 5, 1, 3, 6, 0, 2, 4]",15,1
"[7, 5, 1, 3, 6, 0, 2, 4]",16,0
"[7, 5, 1, 3, 6, 0, 2, 4]",17,1
"[7, 5, 1, 3, 6, 0, 2, 4]",18,1
"[7, 5, 1, 3, 6, 0, 2, 4]",19,1
"[7, 5, 1, 3, 6, 0, 2, 4]",20,0
"[7, 5, 1, 3, 6, 0, 2, 4]",21,0
"[7, 5, 1, 3, 6, 0, 2, 4]",22,0
"[7, 5, 1, 3, 6, 0, 2, 4]",23,0
"[7, 5, 1, 3, 6, 0, 2, 4]",24,0
"[7, 5, 1, 3, 6, 0, 2, 4]",25,0
"[7, 5, 1, 3, 6, 0, 2, 4]",26,0
"[7, 5, 1, 3, 6, 0, 2, 4]",27,1
"[7, 5, 1, 3, 6, 0, 2, 4]",28,0
"[7, 5, 1, 3, 6, 0, 2, 4]",29,0
"[7, 5, 1, 3, 6, 0, 2, 4]",30,1
"[7, 5, 1, 3, 6, 0, 2, 4]",31,1
"[7, 5, 1, 3, 6, 0, 2, 4]",32,0
"[7, 5, 1, 3, 6, 0, 2, 4]",33,0
"[7, 5, 1, 3, 6, 0, 2, 4]",34,0
"[7, 5, 1, 3, 6, 0, 2, 4]",35,0
"[7, 5, 1, 3, 6, 0, 2, 4]",36,0
"[7, 5, 1, 3, 6, 0, 2, 4]",37,1
"[7, 5, 1, 3, 6, 0, 2, 4]",38,0
"[7, 5, 1, 3, 6, 0, 2, 4]",39,0
"[7, 5, 1, 3, 6, 0, 2, 4]",40,1
"[7, 5, 1, 3, 6, 0, 2, 4]",41,1
"[7, 5, 1, 3, 6, 0, 2, 4]",42,0
"[7, 5, 1, 3, 6, 0, 2, 4]",43,0
"[7, 5, 1, 3, 6, 0, 2, 4]",44,0
"[7, 5, 1, 3, 6, 0, 2, 4]",45,0
"[7, 5, 1, 3, 6, 0, 2, 4]",46,1
"[7, 5, 1, 3, 6, 0, 2, 4]",47,0
"[7, 5, 1, 3, 6, 0, 2, 4]",48,1
"[7, 5, 1, 3, 6, 0, 2, 4]",49,0
"[7, 5, 1, 3, 6, 0, 2, 4]",50,1
"[7, 5, 1, 3, 6, 0, 2, 4]",51,0
"[7, 5, 1, 3, 6, 0, 2, 4]",52,0
"[7, 5, 1, 3, 6, 0, 2, 4]",53,0
"[7, 5, 1, 3, 6, 0, 2, 4]",54,0
"[7, 5, 1, 3, 6, 0, 2, 4]",55,1
"[7, 5, 1, 3, 6, 0, 2, 4]",56,0
"[7, 5, 1, 3, 6, 0, 2, 4]",57,0
"[7, 5, 1, 3, 6, 0, 2, 4]",58,0
"[7, 5, 1, 3, 6, 0, 2, 4]",59,0
"[7, 5, 1, 3, 6, 0, 2, 4]",60,0
"[7, 5, 1, 3, 6, 0, 2, 4]",61,1
"[7, 5, 1, 3, 6, 0, 2, 4]",62,0
"[7, 5, 1, 3, 6, 0, 2, 4]",63,1
"[7, 5, 1, 3, 6, 0, 2, 4]",64,1
"[7, 5, 1, 3, 6, 0, 2, 4]",65,0
"[7, 5, 1, 3, 6, 0, 2, 4]",66,0
"[7, 5, 1, 3, 6, 0, 2, 4]",67,1
"[7, 5, 1, 3, 6, 0, 2, 4]",68,1
"[7, 5, 1, 3, 6, 0, 2, 4]",69,1
"[7, 5, 1, 3, 6, 0, 2, 4]",70,0
"[7, 5, 1, 3, 6, 0, 2, 4]",71,1
"[7, 5, 1, 3, 6, 0, 2, 4]",72,0
"[7, 5, 1, 3, 6, 0, 2, 4]",73,0
"[7, 5, 1, 3, 6, 0, 2, 4]",74,0
"[7, 5, 1, 3, 6, 0, 2, 4]",75,0
"[7, 5, 1, 3, 6, 0, 2, 4]",76,0
"[7, 5, 1, 3, 6, 0, 2, 4]",77,0
"[7, 5, 1, 3, 6, 0, 2, 4]",78,0
"[7, 5, 1, 3, 6, 0, 2, 4]",79,1
"[7, 5, 1, 3, 6, 0, 2, 4]",80,1
"[7, 5, 1, 3, 6, 0, 2, 4]",81,1
"[7, 5, 1, 3, 6, 0, 2, 4]",82,0
"[7, 5, 1, 3, 6, 0, 2, 4]",83,0
"[7, 5, 1, 3, 6, 0, 2, 4]",84,1
"[7, 5, 1, 3, 6, 0, 2, 4]",85,0
"[7, 5, 1, 3, 6, 0, 2, 4]",86,0
"[7, 5, 1, 3, 6, 0, 2, 4]",87,1
"[7, 5, 1, 3, 6, 0, 2, 4]",88,1
"[7, 5, 1, 3, 6, 0, 2, 4]",89,1
"[7, 5, 1, 3, 6, 0, 2, 4]",90,0
"[7, 5, 1, 3, 6, 0, 2, 4]",91,0
"[7, 5, 1, 3, 6, 0, 2, 4]",92,0
"[7, 5, 1, 3, 6, 0, 2, 4]",93,0
"[7, 5, 1, 3, 6, 0, 2, 4]",94,1
"[7, 5, 1, 3, 6, 0, 2, 4]",95,1
"[7, 5, 1, 3, 6, 0, 2, 4]",96,0
"[7, 5, 1, 3, 6, 0, 2, 4]",97,0
"[7, 5, 1, 3, 6, 0, 2, 4]",98,1
"[7, 5, 1, 3, 6, 0, 2, 4]",99,0
"[2, 5, 6, 7, 0, 4, 3, 1]",0,0
"[2, 5, 6, 7, 0, 4, 3, 1]",1,1
"[2, 5, 6, 7, 0, 4, 3, 1]",2,0
"[2, 5, 6, 7, 0, 4, 3, 1]",3,0
"[2, 5, 6, 7, 0, 4, 3, 1]",4,1
"[2, 5, 6, 7, 0, 4, 3, 1]",5,0
"[2, 5, 6, 7, 0, 4, 3, 1]",6,1
"[2, 5, 6, 7, 0, 4, 3, 1]",7,1
"[2, 5, 6, 7, 0, 4, 3, 1]",8,0
"[2, 5, 6, 7, 0, 4, 3, 1]",9,1
"[2, 5, 6, 7, 0, 4, 3, 1]",10,0
"[2, 5, 6, 7, 0, 4, 3, 1]",11,0
"[2, 5, 6, 7, 0, 4, 3, 1]",12,0
"[2, 5, 6, 7, 0, 4, 3, 1]",13,0
"[2, 5, 6, 7, 0, 4, 3, 1]",14,0
"[2, 5, 6, 7, 0, 4, 3, 1]",15,1
"[2, 5, 6, 7, 0, 4, 3, 1]",16,0
"[2, 5, 6, 7, 0, 4, 3, 1]",17,1
"[2, 5, 6, 7, 0, 4, 3, 1]",18,0
"[2, 5, 6, 7, 0, 4, 3, 1]",19,0
"[2, 5, 6, 7, 0, 4, 3, 1]",20,0
"[2, 5, 6, 7, 0, 4, 3, 1]",21,1
"[2, 5, 6, 7, 0, 4, 3, 1]",22,1
"[2, 5, 6, 7, 0, 4, 3, 1]",23,0
"[2, 5, 6, 7, 0, 4, 3, 1]",24,0
"[2, 5, 6, 7, 0, 4, 3, 1]",25,0
"[2, 5, 6, 7, 0, 4, 3, 1]",26,1
"[2, 5, 6, 7, 0, 4, 3, 1]",27,0
"[2, 5, 6, 7, 0, 4, 3, 1]",28,0
"[2, 5, 6, 7, 0, 4, 3, 1]",29,0
"[2, 5, 6, 7, 0, 4, 3, 1]",30,1
"[2, 5, 6, 7, 0, 4, 3, 1]",31,0
"[2, 5, 6, 7, 0, 4, 3, 1]",32,0
"[2, 5, 6, 7, 0, 4, 3, 1]",33,1
"[2, 5, 6, 7, 0, 4, 3, 1]",34,0
"[2, 5, 6, 7, 0, 4, 3, 1]",35,1
"[2, 5, 6, 7, 0, 4, 3, 1]",36,0
"[2, 5, 6, 7, 0, 4, 3, 1]",37,1
"[2, 5, 6, 7, 0, 4, 3, 1]",38,1
"[2, 5, 6, 7, 0, 4, 3, 1]",39,0
"[2, 5, 6, 7, 0, 4, 3, 1]",40,0
"[2, 5, 6, 7, 0, 4, 3, 1]",41,1
"[2, 5, 6, 7, 0, 4, 3, 1]",42,0
"[2, 5, 6, 7, 0, 4, 3, 1]",43,0
"[2, 5, 6, 7, 0, 4, 3, 1]",44,0
"[2, 5, 6, 7, 0, 4, 3, 1]",45,0
"[2, 5, 6, 7, 0, 4, 3, 1]",46,1
"[2, 5, 6, 7, 0, 4, 3, 1]",47,0
"[2, 5, 6, 7, 0, 4, 3, 1]",48,1
"[2, 5, 6, 7, 0, 4, 3, 1]",49,0
"[2, 5, 6, 7, 0, 4, 3, 1]",50,1
"[2, 5, 6, 7, 0, 4, 3, 1]",51,1
"[2, 5, 6, 7, 0, 4, 3, 1]",52,0
"[2, 5, 6, 7, 0, 4, 3, 1]",53,1
"[2, 5, 6, 7, 0, 4, 3, 1]",54,0
"[2, 5, 6, 7, 0, 4, 3, 1]",55,1
"[2, 5, 6, 7, 0, 4, 3, 1]",56,0
"[2, 5, 6, 7, 0, 4, 3, 1]",57,0
"[2, 5, 6, 7, 0, 4, 3, 1]",58,1
"[2, 5, 6, 7, 0, 4, 3, 1]",59,0
"[2, 5, 6, 7, 0, 4, 3, 1]",60,0
"[2, 5, 6, 7, 0, 4, 3, 1]",61,1
"[2, 5, 6, 7, 0, 4, 3, 1]",62,0
"[2, 5, 6, 7, 0, 4, 3, 1]",63,0
"[2, 5, 6, 7, 0, 4, 3, 1]",64,1
"[2, 5, 6, 7, 0, 4, 3, 1]",65,0
"[2, 5, 6, 7, 0, 4, 3, 1]",66,1
"[2, 5, 6, 7, 0, 4, 3, 1]",67,0
"[2, 5, 6, 7, 0, 4, 3, 1]",68,1
"[2, 5, 6, 7, 0, 4, 3, 1]",69,0
"[2, 5, 6, 7, 0, 4, 3, 1]",70,0
"[2, 5, 6, 7, 0, 4, 3, 1]",71,1
"[2, 5, 6, 7, 0, 4, 3, 1]",72,0
"[2, 5, 6, 7, 0, 4, 3, 1]",73,0
"[2, 5, 6, 7, 0, 4, 3, 1]",74,0
"[2, 5, 6, 7, 0, 4, 3, 1]",75,1
"[2, 5, 6, 7, 0, 4, 3, 1]",76,0
"[2, 5, 6, 7, 0, 4, 3, 1]",77,0
"[2, 5, 6, 7, 0, 4, 3, 1]",78,0
"[2, 5, 6, 7, 0, 4, 3, 1]",79,0
"[2, 5, 6, 7, 0, 4, 3, 1]",80,0
"[2, 5, 6, 7, 0, 4, 3, 1]",81,0
"[2, 5, 6, 7, 0, 4, 3, 1]",82,0
"[2, 5, 6, 7, 0, 4, 3, 1]",83,0
"[2, 5, 6, 7, 0, 4, 3, 1]",84,0
"[2, 5, 6, 7, 0, 4, 3, 1]",85,0
"[2, 5, 6, 7, 0, 4, 3, 1]",86,0
"[2, 5, 6, 7, 0, 4, 3, 1]",87,1
"[2, 5, 6, 7, 0, 4, 3, 1]",88,0
"[2, 5, 6, 7, 0, 4, 3, 1]",89,0
"[2, 5, 6, 7, 0, 4, 3, 1]",90,0
"[2, 5, 6, 7, 0, 4, 3, 1]",91,0
"[2, 5, 6, 7, 0, 4, 3, 1]",92,0
"[2, 5, 6, 7, 0, 4, 3, 1]",93,0
"[2, 5, 6, 7, 0, 4, 3, 1]",94,1
"[2, 5, 6, 7, 0, 4, 3, 1]",95,1
"[2, 5, 6, 7, 0, 4, 3, 1]",96,0
"[2, 5, 6, 7, 0, 4, 3, 1]",97,1
"[2, 5, 6, 7, 0, 4, 3, 1]",98,1
"[2, 5, 6, 7, 0, 4, 3, 1]",99,0
"[7, 2, 1, 5, 4, 3, 0, 6]",0,0
"[7, 2, 1, 5, 4, 3, 0, 6]",1,0
"[7, 2, 1, 5, 4, 3, 0, 6]",2,0
"[7, 2, 1, 5, 4, 3, 0, 6]",3,1
"[7, 2, 1, 5, 4, 3, 0, 6]",4,1
"[7, 2, 1, 5, 4, 3, 0, 6]",5,0
"[7, 2, 1, 5, 4, 3, 0, 6]",6,0
"[7, 2, 1, 5, 4, 3, 0, 6]",7,0
"[7, 2, 1, 5, 4, 3, 0, 6]",8,0
"[7, 2, 1, 5, 4, 3, 0, 6]",9,1
"[7, 2, 1, 5, 4, 3, 0, 6]",10,0
"[7, 2, 1, 5, 4, 3, 0, 6]",11,0
"[7, 2, 1, 5, 4, 3, 0, 6]",12,0
"[7, 2, 1, 5, 4, 3, 0, 6]",13,0
"[7, 2, 1, 5, 4, 3, 0, 6]",14,0
"[7, 2, 1, 5, 4, 3, 0, 6]",15,1
"[7, 2, 1, 5, 4, 3, 0, 6]",16,0
"[7, 2, 1, 5, 4, 3, 0, 6]",17,1
"[7, 2, 1, 5, 4, 3, 0, 6]",18,0
"[7, 2, 1, 5, 4, 3, 0, 6]",19,1
"[7, 2, 1, 5, 4, 3, 0, 6]",20,0
"[7, 2, 1, 5, 4, 3, 0, 6]",21,0
"[7, 2, 1, 5, 4, 3, 0, 6]",22,0
"[7, 2, 1, 5, 4, 3, 0, 6]",23,0
"[7, 2, 1, 5, 4, 3, 0, 6]",24,0
"[7, 2, 1, 5, 4, 3, 0, 6]",25,0
"[7, 2, 1, 5, 4, 3, 0, 6]",26,0
"[7, 2, 1, 5, 4, 3, 0, 6]",27,1
"[7, 2, 1, 5, 4, 3, 0, 6]",28,0
"[7, 2, 1, 5, 4, 3, 0, 6]",29,0
"[7, 2, 1, 5, 4, 3, 0, 6]",30,0
"[7, 2, 1, 5, 4, 3, 0, 6]",31,0
"[7, 2, 1, 5, 4, 3, 0, 6]",32,0
"[7, 2, 1, 5, 4, 3, 0, 6]",33,0
"[7, 2, 1, 5, 4, 3, 0, 6]",34,1
"[7, 2, 1, 5, 4, 3, 0, 6]",35,1
"[7, 2, 1, 5, 4, 3, 0, 6]",36,0
"[7, 2, 1, 5, 4, 3, 0, 6]",37,1
"[7, 2, 1, 5, 4, 3, 0, 6]",38,0
"[7, 2, 1, 5, 4, 3, 0, 6]",39,0
"[7, 2, 1, 5, 4, 3, 0, 6]",40,0
"[7, 2, 1, 5, 4, 3, 0, 6]",41,0
"[7, 2, 1, 5, 4, 3, 0, 6]",42,0
"[7, 2, 1, 5, 4, 3, 0, 6]",43,0
"[7, 2, 1, 5, 4, 3, 0, 6]",44,0
"[7, 2, 1, 5, 4, 3, 0, 6]",45,0
"[7, 2, 1, 5, 4, 3, 0, 6]",46,1
"[7, 2, 1, 5, 4, 3, 0, 6]",47,0
"[7, 2, 1, 5, 4, 3, 0, 6]",48,0
"[7, 2, 1, 5, 4, 3, 0, 6]",49,0
"[7, 2, 1, 5, 4, 3, 0, 6]",50,1
"[7, 2, 1, 5, 4, 3, 0, 6]",51,0
"[7, 2, 1, 5, 4, 3, 0, 6]",52,0
"[7, 2, 1, 5, 4, 3, 0, 6]",53,0
"[7, 2, 1, 5, 4, 3, 0, 6]",54,0
"[7, 2, 1, 5, 4, 3, 0, 6]",55,1
"[7, 2, 1, 5, 4, 3, 0, 6]",56,0
"[7, 2, 1, 5, 4, 3, 0, 6]",57,0
"[7, 2, 1, 5, 4, 3, 0, 6]",58,0
"[7, 2, 1, 5, 4, 3, 0, 6]",59,0
"[7, 2, 1, 5, 4, 3, 0, 6]",60,0
"[7, 2, 1, 5, 4, 3, 0, 6]",61,1
"[7, 2, 1, 5, 4, 3, 0, 6]",62,0
"[7, 2, 1, 5, 4, 3, 0, 6]",63,0
"[7, 2, 1, 5, 4, 3, 0, 6]",64,0
"[7, 2, 1, 5, 4, 3, 0, 6]",65,0
"[7, 2, 1, 5, 4, 3, 0, 6]",66,0
"[7, 2, 1, 5, 4, 3, 0, 6]",67,0
"[7, 2, 1, 5, 4, 3, 0, 6]",68,1
"[7, 2, 1, 5, 4, 3, 0, 6]",69,0
"[7, 2, 1, 5, 4, 3, 0, 6]",70,0
"[7, 2, 1, 5, 4, 3, 0, 6]",71,1
"[7, 2, 1, 5, 4, 3, 0, 6]",72,0
"[7, 2, 1, 5, 4, 3, 0, 6]",73,1
"[7, 2, 1, 5, 4, 3, 0, 6]",74,0
"[7, 2, 1, 5, 4, 3, 0, 6]",75,1
"[7, 2, 1, 5, 4, 3, 0, 6]",76,0
"[7, 2, 1, 5, 4, 3, 0, 6]",77,0
"[7, 2, 1, 5, 4, 3, 0, 6]",78,0
"[7, 2, 1, 5, 4, 3, 0, 6]",79,0
"[7, 2, 1, 5, 4, 3, 0, 6]",80,0
"[7, 2, 1, 5, 4, 3, 0, 6]",81,1
"[7, 2, 1, 5, 4, 3, 0, 6]",82,0
"[7, 2, 1, 5, 4, 3, 0, 6]",83,0
"[7, 2, 1, 5, 4, 3, 0, 6]",84,1
"[7, 2, 1, 5, 4, 3, 0, 6]",85,0
"[7, 2, 1, 5, 4, 3, 0, 6]",86,0
"[7, 2, 1, 5, 4, 3, 0, 6]",87,1
"[7, 2, 1, 5, 4, 3, 0, 6]",88,0
"[7, 2, 1, 5, 4, 3, 0, 6]",89,0
"[7, 2, 1, 5, 4, 3, 0, 6]",90,0
"[7, 2, 1, 5, 4, 3, 0, 6]",91,0
"[7, 2, 1, 5, 4, 3, 0, 6]",92,0
"[7, 2, 1, 5, 4, 3, 0, 6]",93,1
"[7, 2, 1, 5, 4, 3, 0, 6]",94,1
"[7, 2, 1, 5, 4, 3, 0, 6]",95,1
"[7, 2, 1, 5, 4, 3, 0, 6]",96,1
"[7, 2, 1, 5, 4, 3, 0, 6]",97,0
"[7, 2, 1, 5, 4, 3, 0, 6]",98,0
"[7, 2, 1, 5, 4, 3, 0, 6]",99,0
"[4, 7, 6, 3, 1, 2, 0, 5]",0,0
"[4, 7, 6, 3, 1, 2, 0, 5]",1,0
"[4, 7, 6, 3, 1, 2, 0, 5]",2,0
"[4, 7, 6, 3, 1, 2, 0, 5]",3,0
"[4, 7, 6, 3, 1, 2, 0, 5]",4,1
"[4, 7, 6, 3, 1, 2, 0, 5]",5,0
"[4, 7, 6, 3, 1, 2, 0, 5]",6,0
"[4, 7, 6, 3, 1, 2, 0, 5]",7,0
"[4, 7, 6, 3, 1, 2, 0, 5]",8,0
"[4, 7, 6, 3, 1, 2, 0, 5]",9,1
"[4, 7, 6, 3, 1, 2, 0, 5]",10,0
"[4, 7, 6, 3, 1, 2, 0, 5]",11,0
"[4, 7, 6, 3, 1, 2, 0, 5]",12,0
"[4, 7, 6, 3, 1, 2, 0, 5]",13,1
"[4, 7, 6, 3, 1, 2, 0, 5]",14,0
"[4, 7, 6, 3, 1, 2, 0, 5]",15,0
"[4, 7, 6, 3, 1, 2, 0, 5]",16,0
"[4, 7, 6, 3, 1, 2, 0, 5]",17,1
"[4, 7, 6, 3, 1, 2, 0, 5]",18,0
"[4, 7, 6, 3, 1, 2, 0, 5]",19,1
"[4, 7, 6, 3, 1, 2, 0, 5]",20,0
"[4, 7, 6, 3, 1, 2, 0, 5]",21,1
"[4, 7, 6, 3, 1, 2, 0, 5]",22,0
"[4, 7, 6, 3, 1, 2, 0, 5]",24,0
"[4, 7, 6, 3, 1, 2, 0, 5]",25,0
"[4, 7, 6, 3, 1, 2, 0, 5]",26,0
"[4, 7, 6, 3, 1, 2, 0, 5]",27,1
"[4, 7, 6, 3, 1, 2, 0, 5]",28,0
"[4, 7, 6, 3, 1, 2, 0, 5]",29,0
"[4, 7, 6, 3, 1, 2, 0, 5]",30,1
"[4, 7, 6, 3, 1, 2, 0, 5]",31,0
"[4, 7, 6, 3, 1, 2, 0, 5]",32,0
"[4, 7, 6, 3, 1, 2, 0, 5]",33,0
"[4, 7, 6, 3, 1, 2, 0, 5]",34,0
"[4, 7, 6, 3, 1, 2, 0, 5]",35,0
"[4, 7, 6, 3, 1, 2, 0, 5]",36,0
"[4, 7, 6, 3, 1, 2, 0, 5]",37,0
"[4, 7, 6, 3, 1, 2, 0, 5]",38,0
"[4, 7, 6, 3, 1, 2, 0, 5]",39,0
"[4, 7, 6, 3, 1, 2, 0, 5]",40,0
"[4, 7, 6, 3, 1, 2, 0, 5]",41,1
"[4, 7, 6, 3, 1, 2, 0, 5]",42,0
"[4, 7, 6, 3, 1, 2, 0, 5]",43,1
"[4, 7, 6, 3, 1, 2, 0, 5]",44,0
"[4, 7, 6, 3, 1, 2, 0, 5]",45,0
"[4, 7, 6, 3, 1, 2, 0, 5]",46,1
"[4, 7, 6, 3, 1, 2, 0, 5]",47,0
"[4, 7, 6, 3, 1, 2, 0, 5]",48,0
"[4, 7, 6, 3, 1, 2, 0, 5]",49,0
"[4, 7, 6, 3, 1, 2, 0, 5]",50,1
"[4, 7, 6, 3, 1, 2, 0, 5]",51,0
"[4, 7, 6, 3, 1, 2, 0, 5]",52,0
"[4, 7, 6, 3, 1, 2, 0, 5]",53,0
"[4, 7, 6, 3, 1, 2, 0, 5]",54,0
"[4, 7, 6, 3, 1, 2, 0, 5]",55,0
"[4, 7, 6, 3, 1, 2, 0, 5]",56,0
"[4, 7, 6, 3, 1, 2, 0, 5]",57,0
"[4, 7, 6, 3, 1, 2, 0, 5]",58,0
"[4, 7, 6, 3, 1, 2, 0, 5]",59,0
"[4, 7, 6, 3, 1, 2, 0, 5]",60,0
"[4, 7, 6, 3, 1, 2, 0, 5]",61,1
"[4, 7, 6, 3, 1, 2, 0, 5]",62,0
"[4, 7, 6, 3, 1, 2, 0, 5]",63,0
"[4, 7, 6, 3, 1, 2, 0, 5]",64,1
"[4, 7, 6, 3, 1, 2, 0, 5]",65,0
"[4, 7, 6, 3, 1, 2, 0, 5]",66,0
"[4, 7, 6, 3, 1, 2, 0, 5]",67,0
"[4, 7, 6, 3, 1, 2, 0, 5]",68,1
"[4, 7, 6, 3, 1, 2, 0, 5]",69,0
"[4, 7, 6, 3, 1, 2, 0, 5]",70,1
"[4, 7, 6, 3, 1, 2, 0, 5]",71,1
"[4, 7, 6, 3, 1, 2, 0, 5]",72,1
"[4, 7, 6, 3, 1, 2, 0, 5]",73,1
"[4, 7, 6, 3, 1, 2, 0, 5]",74,0
"[4, 7, 6, 3, 1, 2, 0, 5]",75,0
"[4, 7, 6, 3, 1, 2, 0, 5]",76,0
"[4, 7, 6, 3, 1, 2, 0, 5]",77,0
"[4, 7, 6, 3, 1, 2, 0, 5]",78,0
"[4, 7, 6, 3, 1, 2, 0, 5]",79,0
"[4, 7, 6, 3, 1, 2, 0, 5]",80,0
"[4, 7, 6, 3, 1, 2, 0, 5]",81,1
"[4, 7, 6, 3, 1, 2, 0, 5]",82,0
"[4, 7, 6, 3, 1, 2, 0, 5]",83,0
"[4, 7, 6, 3, 1, 2, 0, 5]",84,0
"[4, 7, 6, 3, 1, 2, 0, 5]",85,1
"[4, 7, 6, 3, 1, 2, 0, 5]",86,0
"[4, 7, 6, 3, 1, 2, 0, 5]",87,0
"[4, 7, 6, 3, 1, 2, 0, 5]",88,0
"[4, 7, 6, 3, 1, 2, 0, 5]",89,0
"[4, 7, 6, 3, 1, 2, 0, 5]",90,0
"[4, 7, 6, 3, 1, 2, 0, 5]",91,0
"[4, 7, 6, 3, 1, 2, 0, 5]",92,0
"[4, 7, 6, 3, 1, 2, 0, 5]",93,0
"[4, 7, 6, 3, 1, 2, 0, 5]",94,0
"[4, 7, 6, 3, 1, 2, 0, 5]",95,0
"[4, 7, 6, 3, 1, 2, 0, 5]",96,0
"[4, 7, 6, 3, 1, 2, 0, 5]",97,1
"[4, 7, 6, 3, 1, 2, 0, 5]",98,0
"[4, 7, 6, 3, 1, 2, 0, 5]",99,0
"[2, 3, 1, 7, 5, 0, 6, 4]",0,0
"[2, 3, 1, 7, 5, 0, 6, 4]",1,1
"[2, 3, 1, 7, 5, 0, 6, 4]",2,0
"[2, 3, 1, 7, 5, 0, 6, 4]",3,1
"[2, 3, 1, 7, 5, 0, 6, 4]",4,0
"[2, 3, 1, 7, 5, 0, 6, 4]",5,0
"[2, 3, 1, 7, 5, 0, 6, 4]",6,0
"[2, 3, 1, 7, 5, 0, 6, 4]",7,1
"[2, 3, 1, 7, 5, 0, 6, 4]",8,0
"[2, 3, 1, 7, 5, 0, 6, 4]",9,0
"[2, 3, 1, 7, 5, 0, 6, 4]",10,0
"[2, 3, 1, 7, 5, 0, 6, 4]",11,0
"[2, 3, 1, 7, 5, 0, 6, 4]",12,1
"[2, 3, 1, 7, 5, 0, 6, 4]",13,0
"[2, 3, 1, 7, 5, 0, 6, 4]",14,0
"[2, 3, 1, 7, 5, 0, 6, 4]",15,0
"[2, 3, 1, 7, 5, 0, 6, 4]",16,0
"[2, 3, 1, 7, 5, 0, 6, 4]",17,1
"[2, 3, 1, 7, 5, 0, 6, 4]",18,0
"[2, 3, 1, 7, 5, 0, 6, 4]",19,0
"[2, 3, 1, 7, 5, 0, 6, 4]",20,0
"[2, 3, 1, 7, 5, 0, 6, 4]",21,1
"[2, 3, 1, 7, 5, 0, 6, 4]",22,0
"[2, 3, 1, 7, 5, 0, 6, 4]",23,0
"[2, 3, 1, 7, 5, 0, 6, 4]",24,0
"[2, 3, 1, 7, 5, 0, 6, 4]",25,0
"[2, 3, 1, 7, 5, 0, 6, 4]",26,0
"[2, 3, 1, 7, 5, 0, 6, 4]",27,1
"[2, 3, 1, 7, 5, 0, 6, 4]",28,1
"[2, 3, 1, 7, 5, 0, 6, 4]",29,0
"[2, 3, 1, 7, 5, 0, 6, 4]",30,1
"[2, 3, 1, 7, 5, 0, 6, 4]",31,1
"[2, 3, 1, 7, 5, 0, 6, 4]",32,0
"[2, 3, 1, 7, 5, 0, 6, 4]",33,1
"[2, 3, 1, 7, 5, 0, 6, 4]",34,0
"[2, 3, 1, 7, 5, 0, 6, 4]",35,1
"[2, 3, 1, 7, 5, 0, 6, 4]",36,0
"[2, 3, 1, 7, 5, 0, 6, 4]",37,1
"[2, 3, 1, 7, 5, 0, 6, 4]",38,0
"[2, 3, 1, 7, 5, 0, 6, 4]",39,0
"[2, 3, 1, 7, 5, 0, 6, 4]",40,0
"[2, 3, 1, 7, 5, 0, 6, 4]",41,1
"[2, 3, 1, 7, 5, 0, 6, 4]",42,1
"[2, 3, 1, 7, 5, 0, 6, 4]",43,1
"[2, 3, 1, 7, 5, 0, 6, 4]",44,0
"[2, 3, 1, 7, 5, 0, 6, 4]",45,0
"[2, 3, 1, 7, 5, 0, 6, 4]",46,1
"[2, 3, 1, 7, 5, 0, 6, 4]",47,0
"[2, 3, 1, 7, 5, 0, 6, 4]",48,1
"[2, 3, 1, 7, 5, 0, 6, 4]",49,0
"[2, 3, 1, 7, 5, 0, 6, 4]",50,1
"[2, 3, 1, 7, 5, 0, 6, 4]",51,0
"[2, 3, 1, 7, 5, 0, 6, 4]",52,0
"[2, 3, 1, 7, 5, 0, 6, 4]",53,1
"[2, 3, 1, 7, 5, 0, 6, 4]",54,0
"[2, 3, 1, 7, 5, 0, 6, 4]",55,1
"[2, 3, 1, 7, 5, 0, 6, 4]",56,1
"[2, 3, 1, 7, 5, 0, 6, 4]",57,0
"[2, 3, 1, 7, 5, 0, 6, 4]",58,0
"[2, 3, 1, 7, 5, 0, 6, 4]",59,0
"[2, 3, 1, 7, 5, 0, 6, 4]",60,0
"[2, 3, 1, 7, 5, 0, 6, 4]",61,0
"[2, 3, 1, 7, 5, 0, 6, 4]",62,0
"[2, 3, 1, 7, 5, 0, 6, 4]",63,1
"[2, 3, 1, 7, 5, 0, 6, 4]",64,1
"[2, 3, 1, 7, 5, 0, 6, 4]",65,0
"[2, 3, 1, 7, 5, 0, 6, 4]",66,0
"[2, 3, 1, 7, 5, 0, 6, 4]",67,1
"[2, 3, 1, 7, 5, 0, 6, 4]",68,1
"[2, 3, 1, 7, 5, 0, 6, 4]",69,0
"[2, 3, 1, 7, 5, 0, 6, 4]",70,1
"[2, 3, 1, 7, 5, 0, 6, 4]",71,1
"[2, 3, 1, 7, 5, 0, 6, 4]",72,0
"[2, 3, 1, 7, 5, 0, 6, 4]",73,0
"[2, 3, 1, 7, 5, 0, 6, 4]",74,0
"[2, 3, 1, 7, 5, 0, 6, 4]",75,1
"[2, 3, 1, 7, 5, 0, 6, 4]",76,0
"[2, 3, 1, 7, 5, 0, 6, 4]",77,0
"[2, 3, 1, 7, 5, 0, 6, 4]",78,0
"[2, 3, 1, 7, 5, 0, 6, 4]",79,1
"[2, 3, 1, 7, 5, 0, 6, 4]",80,1
"[2, 3, 1, 7, 5, 0, 6, 4]",81,0
"[2, 3, 1, 7, 5, 0, 6, 4]",82,1
"[2, 3, 1, 7, 5, 0, 6, 4]",83,1
"[2, 3, 1, 7, 5, 0, 6, 4]",84,1
"[2, 3, 1, 7, 5, 0, 6, 4]",85,0
"[2, 3, 1, 7, 5, 0, 6, 4]",86,0
"[2, 3, 1, 7, 5, 0, 6, 4]",87,1
"[2, 3, 1, 7, 5, 0, 6, 4]",88,1
"[2, 3, 1, 7, 5, 0, 6, 4]",89,0
"[2, 3, 1, 7, 5, 0, 6, 4]",90,0
"[2, 3, 1, 7, 5, 0, 6, 4]",91,0
"[2, 3, 1, 7, 5, 0, 6, 4]",92,0
"[2, 3, 1, 7, 5, 0, 6, 4]",93,1
"[2, 3, 1, 7, 5, 0, 6, 4]",94,1
"[2, 3, 1, 7, 5, 0, 6, 4]",95,1
"[2, 3, 1, 7, 5, 0, 6, 4]",96,0
"[2, 3, 1, 7, 5, 0, 6, 4]",97,1
"[2, 3, 1, 7, 5, 0, 6, 4]",98,1
"[2, 3, 1, 7, 5, 0, 6, 4]",99,0
"[6, 3, 4, 5, 1, 2, 0, 7]",0,0
"[6, 3, 4, 5, 1, 2, 0, 7]",1,1
"[6, 3, 4, 5, 1, 2, 0, 7]",2,0
"[6, 3, 4, 5, 1, 2, 0, 7]",3,0
"[6, 3, 4, 5, 1, 2, 0, 7]",4,0
"[6, 3, 4, 5, 1, 2, 0, 7]",5,0
"[6, 3, 4, 5, 1, 2, 0, 7]",6,0
"[6, 3, 4, 5, 1, 2, 0, 7]",7,1
"[6, 3, 4, 5, 1, 2, 0, 7]",8,0
"[6, 3, 4, 5, 1, 2, 0, 7]",9,1
"[6, 3, 4, 5, 1, 2, 0, 7]",10,0
"[6, 3, 4, 5, 1, 2, 0, 7]",11,0
"[6, 3, 4, 5, 1, 2, 0, 7]",12,1
"[6, 3, 4, 5, 1, 2, 0, 7]",13,0
"[6, 3, 4, 5, 1, 2, 0, 7]",14,1
"[6, 3, 4, 5, 1, 2, 0, 7]",15,0
"[6, 3, 4, 5, 1, 2, 0, 7]",16,0
"[6, 3, 4, 5, 1, 2, 0, 7]",17,1
"[6, 3, 4, 5, 1, 2, 0, 7]",18,1
"[6, 3, 4, 5, 1, 2, 0, 7]",19,0
"[6, 3, 4, 5, 1, 2, 0, 7]",20,0
"[6, 3, 4, 5, 1, 2, 0, 7]",21,0
"[6, 3, 4, 5, 1, 2, 0, 7]",22,0
"[6, 3, 4, 5, 1, 2, 0, 7]",23,0
"[6, 3, 4, 5, 1, 2, 0, 7]",24,0
"[6, 3, 4, 5, 1, 2, 0, 7]",25,0
"[6, 3, 4, 5, 1, 2, 0, 7]",26,0
"[6, 3, 4, 5, 1, 2, 0, 7]",27,1
"[6, 3, 4, 5, 1, 2, 0, 7]",28,0
"[6, 3, 4, 5, 1, 2, 0, 7]",29,0
"[6, 3, 4, 5, 1, 2, 0, 7]",30,1
"[6, 3, 4, 5, 1, 2, 0, 7]",31,1
"[6, 3, 4, 5, 1, 2, 0, 7]",32,0
"[6, 3, 4, 5, 1, 2, 0, 7]",33,1
"[6, 3, 4, 5, 1, 2, 0, 7]",34,1
"[6, 3, 4, 5, 1, 2, 0, 7]",35,1
"[6, 3, 4, 5, 1, 2, 0, 7]",36,0
"[6, 3, 4, 5, 1, 2, 0, 7]",37,1
"[6, 3, 4, 5, 1, 2, 0, 7]",38,0
"[6, 3, 4, 5, 1, 2, 0, 7]",39,0
"[6, 3, 4, 5, 1, 2, 0, 7]",40,0
"[6, 3, 4, 5, 1, 2, 0, 7]",41,1
"[6, 3, 4, 5, 1, 2, 0, 7]",42,0
"[6, 3, 4, 5, 1, 2, 0, 7]",43,0
"[6, 3, 4, 5, 1, 2, 0, 7]",44,0
"[6, 3, 4, 5, 1, 2, 0, 7]",45,0
"[6, 3, 4, 5, 1, 2, 0, 7]",46,1
"[6, 3, 4, 5, 1, 2, 0, 7]",47,1
"[6, 3, 4, 5, 1, 2, 0, 7]",48,1
"[6, 3, 4, 5, 1, 2, 0, 7]",49,1
"[6, 3, 4, 5, 1, 2, 0, 7]",50,1
"[6, 3, 4, 5, 1, 2, 0, 7]",51,1
"[6, 3, 4, 5, 1, 2, 0, 7]",52,0
"[6, 3, 4, 5, 1, 2, 0, 7]",53,1
"[6, 3, 4, 5, 1, 2, 0, 7]",54,1
"[6, 3, 4, 5, 1, 2, 0, 7]",55,1
"[6, 3, 4, 5, 1, 2, 0, 7]",56,0
"[6, 3, 4, 5, 1, 2, 0, 7]",57,0
"[6, 3, 4, 5, 1, 2, 0, 7]",58,1
"[6, 3, 4, 5, 1, 2, 0, 7]",59,0
"[6, 3, 4, 5, 1, 2, 0, 7]",60,0
"[6, 3, 4, 5, 1, 2, 0, 7]",61,1
"[6, 3, 4, 5, 1, 2, 0, 7]",62,1
"[6, 3, 4, 5, 1, 2, 0, 7]",63,0
"[6, 3, 4, 5, 1, 2, 0, 7]",64,1
"[6, 3, 4, 5, 1, 2, 0, 7]",65,0
"[6, 3, 4, 5, 1, 2, 0, 7]",66,0
"[6, 3, 4, 5, 1, 2, 0, 7]",67,0
"[6, 3, 4, 5, 1, 2, 0, 7]",68,1
"[6, 3, 4, 5, 1, 2, 0, 7]",69,1
"[6, 3, 4, 5, 1, 2, 0, 7]",70,1
"[6, 3, 4, 5, 1, 2, 0, 7]",71,1
"[6, 3, 4, 5, 1, 2, 0, 7]",72,0
"[6, 3, 4, 5, 1, 2, 0, 7]",73,0
"[6, 3, 4, 5, 1, 2, 0, 7]",74,0
"[6, 3, 4, 5, 1, 2, 0, 7]",75,0
"[6, 3, 4, 5, 1, 2, 0, 7]",76,0
"[6, 3, 4, 5, 1, 2, 0, 7]",77,0
"[6, 3, 4, 5, 1, 2, 0, 7]",78,0
"[6, 3, 4, 5, 1, 2, 0, 7]",79,1
"[6, 3, 4, 5, 1, 2, 0, 7]",80,0
"[6, 3, 4, 5, 1, 2, 0, 7]",81,1
"[6, 3, 4, 5, 1, 2, 0, 7]",82,0
"[6, 3, 4, 5, 1, 2, 0, 7]",83,0
"[6, 3, 4, 5, 1, 2, 0, 7]",84,0
"[6, 3, 4, 5, 1, 2, 0, 7]",85,0
"[6, 3, 4, 5, 1, 2, 0, 7]",86,0
"[6, 3, 4, 5, 1, 2, 0, 7]",87,1
"[6, 3, 4, 5, 1, 2, 0, 7]",88,1
"[6, 3, 4, 5, 1, 2, 0, 7]",89,0
"[6, 3, 4, 5, 1, 2, 0, 7]",90,0
"[6, 3, 4, 5, 1, 2, 0, 7]",91,0
"[6, 3, 4, 5, 1, 2, 0, 7]",92,0
"[6, 3, 4, 5, 1, 2, 0, 7]",93,1
"[6, 3, 4, 5, 1, 2, 0, 7]",94,1
"[6, 3, 4, 5, 1, 2, 0, 7]",95,1
"[6, 3, 4, 5, 1, 2, 0, 7]",96,0
"[6, 3, 4, 5, 1, 2, 0, 7]",97,0
"[6, 3, 4, 5, 1, 2, 0, 7]",98,1
"[6, 3, 4, 5, 1, 2, 0, 7]",99,1
"[5, 1, 3, 6, 0, 7, 2, 4]",0,0
"[5, 1, 3, 6, 0, 7, 2, 4]",1,0
"[5, 1, 3, 6, 0, 7, 2, 4]",2,0
"[5, 1, 3, 6, 0, 7, 2, 4]",3,0
"[5, 1, 3, 6, 0, 7, 2, 4]",4,0
"[5, 1, 3, 6, 0, 7, 2, 4]",5,0
"[5, 1, 3, 6, 0, 7, 2, 4]",6,0
"[5, 1, 3, 6, 0, 7, 2, 4]",7,0
"[5, 1, 3, 6, 0, 7, 2, 4]",8,0
"[5, 1, 3, 6, 0, 7, 2, 4]",9,1
"[5, 1, 3, 6, 0, 7, 2, 4]",10,0
"[5, 1, 3, 6, 0, 7, 2, 4]",11,0
"[5, 1, 3, 6, 0, 7, 2, 4]",12,0
"[5, 1, 3, 6, 0, 7, 2, 4]",13,0
"[5, 1, 3, 6, 0, 7, 2, 4]",14,0
"[5, 1, 3, 6, 0, 7, 2, 4]",15,1
"[5, 1, 3, 6, 0, 7, 2, 4]",16,0
"[5, 1, 3, 6, 0, 7, 2, 4]",17,1
"[5, 1, 3, 6, 0, 7, 2, 4]",18,1
"[5, 1, 3, 6, 0, 7, 2, 4]",19,1
"[5, 1, 3, 6, 0, 7, 2, 4]",20,0
"[5, 1, 3, 6, 0, 7, 2, 4]",21,0
"[5, 1, 3, 6, 0, 7, 2, 4]",22,1
"[5, 1, 3, 6, 0, 7, 2, 4]",23,0
"[5, 1, 3, 6, 0, 7, 2, 4]",24,0
"[5, 1, 3, 6, 0, 7, 2, 4]",25,0
"[5, 1, 3, 6, 0, 7, 2, 4]",26,0
"[5, 1, 3, 6, 0, 7, 2, 4]",27,1
"[5, 1, 3, 6, 0, 7, 2, 4]",28,0
"[5, 1, 3, 6, 0, 7, 2, 4]",29,0
"[5, 1, 3, 6, 0, 7, 2, 4]",30,1
"[5, 1, 3, 6, 0, 7, 2, 4]",31,1
"[5, 1, 3, 6, 0, 7, 2, 4]",32,0
"[5, 1, 3, 6, 0, 7, 2, 4]",33,1
"[5, 1, 3, 6, 0, 7, 2, 4]",34,1
"[5, 1, 3, 6, 0, 7, 2, 4]",35,1
"[5, 1, 3, 6, 0, 7, 2, 4]",36,0
"[5, 1, 3, 6, 0, 7, 2, 4]",37,1
"[5, 1, 3, 6, 0, 7, 2, 4]",38,1
"[5, 1, 3, 6, 0, 7, 2, 4]",39,0
"[5, 1, 3, 6, 0, 7, 2, 4]",40,0
"[5, 1, 3, 6, 0, 7, 2, 4]",41,1
"[5, 1, 3, 6, 0, 7, 2, 4]",42,0
"[5, 1, 3, 6, 0, 7, 2, 4]",43,0
"[5, 1, 3, 6, 0, 7, 2, 4]",44,0
"[5, 1, 3, 6, 0, 7, 2, 4]",45,0
"[5, 1, 3, 6, 0, 7, 2, 4]",46,1
"[5, 1, 3, 6, 0, 7, 2, 4]",47,0
"[5, 1, 3, 6, 0, 7, 2, 4]",48,0
"[5, 1, 3, 6, 0, 7, 2, 4]",49,0
"[5, 1, 3, 6, 0, 7, 2, 4]",50,1
"[5, 1, 3, 6, 0, 7, 2, 4]",51,1
"[5, 1, 3, 6, 0, 7, 2, 4]",52,0
"[5, 1, 3, 6, 0, 7, 2, 4]",53,1
"[5, 1, 3, 6, 0, 7, 2, 4]",54,1
"[5, 1, 3, 6, 0, 7, 2, 4]",55,1
"[5, 1, 3, 6, 0, 7, 2, 4]",56,1
"[5, 1, 3, 6, 0, 7, 2, 4]",57,0
"[5, 1, 3, 6, 0, 7, 2, 4]",58,1
"[5, 1, 3, 6, 0, 7, 2, 4]",59,0
"[5, 1, 3, 6, 0, 7, 2, 4]",60,0
"[5, 1, 3, 6, 0, 7, 2, 4]",61,1
"[5, 1, 3, 6, 0, 7, 2, 4]",62,0
"[5, 1, 3, 6, 0, 7, 2, 4]",63,1
"[5, 1, 3, 6, 0, 7, 2, 4]",64,1
"[5, 1, 3, 6, 0, 7, 2, 4]",65,0
"[5, 1, 3, 6, 0, 7, 2, 4]",66,0
"[5, 1, 3, 6, 0, 7, 2, 4]",67,1
"[5, 1, 3, 6, 0, 7, 2, 4]",68,1
"[5, 1, 3, 6, 0, 7, 2, 4]",69,0
"[5, 1, 3, 6, 0, 7, 2, 4]",70,0
"[5, 1, 3, 6, 0, 7, 2, 4]",71,1
"[5, 1, 3, 6, 0, 7, 2, 4]",72,0
"[5, 1, 3, 6, 0, 7, 2, 4]",73,0
"[5, 1, 3, 6, 0, 7, 2, 4]",74,0
"[5, 1, 3, 6, 0, 7, 2, 4]",75,0
"[5, 1, 3, 6, 0, 7, 2, 4]",76,0
"[5, 1, 3, 6, 0, 7, 2, 4]",77,0
"[5, 1, 3, 6, 0, 7, 2, 4]",78,0
"[5, 1, 3, 6, 0, 7, 2, 4]",79,0
"[5, 1, 3, 6, 0, 7, 2, 4]",80,1
"[5, 1, 3, 6, 0, 7, 2, 4]",81,1
"[5, 1, 3, 6, 0, 7, 2, 4]",82,1
"[5, 1, 3, 6, 0, 7, 2, 4]",83,0
"[5, 1, 3, 6, 0, 7, 2, 4]",84,0
"[5, 1, 3, 6, 0, 7, 2, 4]",85,0
"[5, 1, 3, 6, 0, 7, 2, 4]",86,0
"[5, 1, 3, 6, 0, 7, 2, 4]",87,1
"[5, 1, 3, 6, 0, 7, 2, 4]",88,1
"[5, 1, 3, 6, 0, 7, 2, 4]",89,0
"[5, 1, 3, 6, 0, 7, 2, 4]",90,0
"[5, 1, 3, 6, 0, 7, 2, 4]",91,0
"[5, 1, 3, 6, 0, 7, 2, 4]",92,0
"[5, 1, 3, 6, 0, 7, 2, 4]",93,0
"[5, 1, 3, 6, 0, 7, 2, 4]",94,0
"[5, 1, 3, 6, 0, 7, 2, 4]",95,1
"[5, 1, 3, 6, 0, 7, 2, 4]",96,0
"[5, 1, 3, 6, 0, 7, 2, 4]",97,1
"[5, 1, 3, 6, 0, 7, 2, 4]",98,1
"[5, 1, 3, 6, 0, 7, 2, 4]",99,0
"[4, 2, 5, 7, 6, 1, 0, 3]",0,0
"[4, 2, 5, 7, 6, 1, 0, 3]",1,1
"[4, 2, 5, 7, 6, 1, 0, 3]",2,0
"[4, 2, 5, 7, 6, 1, 0, 3]",3,1
"[4, 2, 5, 7, 6, 1, 0, 3]",4,1
"[4, 2, 5, 7, 6, 1, 0, 3]",5,0
"[4, 2, 5, 7, 6, 1, 0, 3]",6,0
"[4, 2, 5, 7, 6, 1, 0, 3]",7,1
"[4, 2, 5, 7, 6, 1, 0, 3]",8,0
"[4, 2, 5, 7, 6, 1, 0, 3]",9,1
"[4, 2, 5, 7, 6, 1, 0, 3]",10,0
"[4, 2, 5, 7, 6, 1, 0, 3]",11,0
"[4, 2, 5, 7, 6, 1, 0, 3]",12,0
"[4, 2, 5, 7, 6, 1, 0, 3]",13,1
"[4, 2, 5, 7, 6, 1, 0, 3]",14,0
"[4, 2, 5, 7, 6, 1, 0, 3]",15,0
"[4, 2, 5, 7, 6, 1, 0, 3]",16,0
"[4, 2, 5, 7, 6, 1, 0, 3]",17,1
"[4, 2, 5, 7, 6, 1, 0, 3]",18,1
"[4, 2, 5, 7, 6, 1, 0, 3]",19,1
"[4, 2, 5, 7, 6, 1, 0, 3]",20,0
"[4, 2, 5, 7, 6, 1, 0, 3]",21,1
"[4, 2, 5, 7, 6, 1, 0, 3]",22,1
"[4, 2, 5, 7, 6, 1, 0, 3]",23,0
"[4, 2, 5, 7, 6, 1, 0, 3]",24,0
"[4, 2, 5, 7, 6, 1, 0, 3]",25,0
"[4, 2, 5, 7, 6, 1, 0, 3]",26,0
"[4, 2, 5, 7, 6, 1, 0, 3]",27,0
"[4, 2, 5, 7, 6, 1, 0, 3]",28,0
"[4, 2, 5, 7, 6, 1, 0, 3]",29,0
"[4, 2, 5, 7, 6, 1, 0, 3]",30,1
"[4, 2, 5, 7, 6, 1, 0, 3]",31,0
"[4, 2, 5, 7, 6, 1, 0, 3]",32,0
"[4, 2, 5, 7, 6, 1, 0, 3]",33,0
"[4, 2, 5, 7, 6, 1, 0, 3]",34,1
"[4, 2, 5, 7, 6, 1, 0, 3]",35,1
"[4, 2, 5, 7, 6, 1, 0, 3]",36,0
"[4, 2, 5, 7, 6, 1, 0, 3]",37,1
"[4, 2, 5, 7, 6, 1, 0, 3]",38,0
"[4, 2, 5, 7, 6, 1, 0, 3]",39,0
"[4, 2, 5, 7, 6, 1, 0, 3]",40,0
"[4, 2, 5, 7, 6, 1, 0, 3]",41,0
"[4, 2, 5, 7, 6, 1, 0, 3]",42,0
"[4, 2, 5, 7, 6, 1, 0, 3]",43,1
"[4, 2, 5, 7, 6, 1, 0, 3]",44,0
"[4, 2, 5, 7, 6, 1, 0, 3]",45,0
"[4, 2, 5, 7, 6, 1, 0, 3]",46,1
"[4, 2, 5, 7, 6, 1, 0, 3]",47,0
"[4, 2, 5, 7, 6, 1, 0, 3]",48,1
"[4, 2, 5, 7, 6, 1, 0, 3]",49,0
"[4, 2, 5, 7, 6, 1, 0, 3]",50,1
"[4, 2, 5, 7, 6, 1, 0, 3]",51,0
"[4, 2, 5, 7, 6, 1, 0, 3]",52,0
"[4, 2, 5, 7, 6, 1, 0, 3]",53,0
"[4, 2, 5, 7, 6, 1, 0, 3]",54,0
"[4, 2, 5, 7, 6, 1, 0, 3]",55,1
"[4, 2, 5, 7, 6, 1, 0, 3]",56,0
"[4, 2, 5, 7, 6, 1, 0, 3]",57,0
"[4, 2, 5, 7, 6, 1, 0, 3]",58,1
"[4, 2, 5, 7, 6, 1, 0, 3]",59,0
"[4, 2, 5, 7, 6, 1, 0, 3]",60,0
"[4, 2, 5, 7, 6, 1, 0, 3]",61,0
"[4, 2, 5, 7, 6, 1, 0, 3]",62,0
"[4, 2, 5, 7, 6, 1, 0, 3]",63,0
"[4, 2, 5, 7, 6, 1, 0, 3]",64,1
"[4, 2, 5, 7, 6, 1, 0, 3]",65,0
"[4, 2, 5, 7, 6, 1, 0, 3]",66,0
"[4, 2, 5, 7, 6, 1, 0, 3]",67,1
"[4, 2, 5, 7, 6, 1, 0, 3]",68,0
"[4, 2, 5, 7, 6, 1, 0, 3]",69,0
"[4, 2, 5, 7, 6, 1, 0, 3]",70,1
"[4, 2, 5, 7, 6, 1, 0, 3]",71,1
"[4, 2, 5, 7, 6, 1, 0, 3]",72,0
"[4, 2, 5, 7, 6, 1, 0, 3]",73,0
"[4, 2, 5, 7, 6, 1, 0, 3]",74,0
"[4, 2, 5, 7, 6, 1, 0, 3]",75,0
"[4, 2, 5, 7, 6, 1, 0, 3]",76,0
"[4, 2, 5, 7, 6, 1, 0, 3]",77,0
"[4, 2, 5, 7, 6, 1, 0, 3]",78,0
"[4, 2, 5, 7, 6, 1, 0, 3]",79,1
"[4, 2, 5, 7, 6, 1, 0, 3]",80,0
"[4, 2, 5, 7, 6, 1, 0, 3]",81,1
"[4, 2, 5, 7, 6, 1, 0, 3]",82,1
"[4, 2, 5, 7, 6, 1, 0, 3]",83,1
"[4, 2, 5, 7, 6, 1, 0, 3]",84,1
"[4, 2, 5, 7, 6, 1, 0, 3]",85,0
"[4, 2, 5, 7, 6, 1, 0, 3]",86,0
"[4, 2, 5, 7, 6, 1, 0, 3]",87,1
"[4, 2, 5, 7, 6, 1, 0, 3]",88,1
"[4, 2, 5, 7, 6, 1, 0, 3]",89,0
"[4, 2, 5, 7, 6, 1, 0, 3]",90,0
"[4, 2, 5, 7, 6, 1, 0, 3]",91,0
"[4, 2, 5, 7, 6, 1, 0, 3]",92,0
"[4, 2, 5, 7, 6, 1, 0, 3]",93,1
"[4, 2, 5, 7, 6, 1, 0, 3]",94,1
"[4, 2, 5, 7, 6, 1, 0, 3]",95,1
"[4, 2, 5, 7, 6, 1, 0, 3]",96,0
"[4, 2, 5, 7, 6, 1, 0, 3]",97,1
"[4, 2, 5, 7, 6, 1, 0, 3]",98,0
"[4, 2, 5, 7, 6, 1, 0, 3]",99,1
"[0, 1, 6, 5, 3, 2, 7, 4]",0,0
"[0, 1, 6, 5, 3, 2, 7, 4]",1,0
"[0, 1, 6, 5, 3, 2, 7, 4]",2,0
"[0, 1, 6, 5, 3, 2, 7, 4]",3,0
"[0, 1, 6, 5, 3, 2, 7, 4]",4,0
"[0, 1, 6, 5, 3, 2, 7, 4]",5,0
"[0, 1, 6, 5, 3, 2, 7, 4]",6,0
"[0, 1, 6, 5, 3, 2, 7, 4]",7,0
"[0, 1, 6, 5, 3, 2, 7, 4]",8,0
"[0, 1, 6, 5, 3, 2, 7, 4]",9,1
"[0, 1, 6, 5, 3, 2, 7, 4]",10,0
"[0, 1, 6, 5, 3, 2, 7, 4]",11,0
"[0, 1, 6, 5, 3, 2, 7, 4]",12,0
"[0, 1, 6, 5, 3, 2, 7, 4]",13,0
"[0, 1, 6, 5, 3, 2, 7, 4]",14,0
"[0, 1, 6, 5, 3, 2, 7, 4]",15,1
"[0, 1, 6, 5, 3, 2, 7, 4]",16,0
"[0, 1, 6, 5, 3, 2, 7, 4]",17,1
"[0, 1, 6, 5, 3, 2, 7, 4]",18,1
"[0, 1, 6, 5, 3, 2, 7, 4]",19,1
"[0, 1, 6, 5, 3, 2, 7, 4]",20,0
"[0, 1, 6, 5, 3, 2, 7, 4]",21,0
"[0, 1, 6, 5, 3, 2, 7, 4]",22,0
"[0, 1, 6, 5, 3, 2, 7, 4]",23,0
"[0, 1, 6, 5, 3, 2, 7, 4]",24,0
"[0, 1, 6, 5, 3, 2, 7, 4]",25,0
"[0, 1, 6, 5, 3, 2, 7, 4]",26,1
"[0, 1, 6, 5, 3, 2, 7, 4]",27,1
"[0, 1, 6, 5, 3, 2, 7, 4]",28,1
"[0, 1, 6, 5, 3, 2, 7, 4]",29,0
"[0, 1, 6, 5, 3, 2, 7, 4]",30,1
"[0, 1, 6, 5, 3, 2, 7, 4]",31,1
"[0, 1, 6, 5, 3, 2, 7, 4]",32,0
"[0, 1, 6, 5, 3, 2, 7, 4]",33,0
"[0, 1, 6, 5, 3, 2, 7, 4]",34,0
"[0, 1, 6, 5, 3, 2, 7, 4]",35,1
"[0, 1, 6, 5, 3, 2, 7, 4]",36,0
"[0, 1, 6, 5, 3, 2, 7, 4]",37,1
"[0, 1, 6, 5, 3, 2, 7, 4]",38,1
"[0, 1, 6, 5, 3, 2, 7, 4]",39,0
"[0, 1, 6, 5, 3, 2, 7, 4]",40,0
"[0, 1, 6, 5, 3, 2, 7, 4]",41,1
"[0, 1, 6, 5, 3, 2, 7, 4]",42,0
"[0, 1, 6, 5, 3, 2, 7, 4]",43,1
"[0, 1, 6, 5, 3, 2, 7, 4]",44,0
"[0, 1, 6, 5, 3, 2, 7, 4]",45,0
"[0, 1, 6, 5, 3, 2, 7, 4]",46,1
"[0, 1, 6, 5, 3, 2, 7, 4]",47,0
"[0, 1, 6, 5, 3, 2, 7, 4]",48,1
"[0, 1, 6, 5, 3, 2, 7, 4]",49,0
"[0, 1, 6, 5, 3, 2, 7, 4]",50,1
"[0, 1, 6, 5, 3, 2, 7, 4]",51,1
"[0, 1, 6, 5, 3, 2, 7, 4]",52,0
"[0, 1, 6, 5, 3, 2, 7, 4]",53,1
"[0, 1, 6, 5, 3, 2, 7, 4]",54,1
"[0, 1, 6, 5, 3, 2, 7, 4]",55,1
"[0, 1, 6, 5, 3, 2, 7, 4]",56,0
"[0, 1, 6, 5, 3, 2, 7, 4]",57,0
"[0, 1, 6, 5, 3, 2, 7, 4]",58,1
"[0, 1, 6, 5, 3, 2, 7, 4]",59,0
"[0, 1, 6, 5, 3, 2, 7, 4]",60,0
"[0, 1, 6, 5, 3, 2, 7, 4]",61,1
"[0, 1, 6, 5, 3, 2, 7, 4]",62,0
"[0, 1, 6, 5, 3, 2, 7, 4]",63,1
"[0, 1, 6, 5, 3, 2, 7, 4]",64,1
"[0, 1, 6, 5, 3, 2, 7, 4]",65,1
"[0, 1, 6, 5, 3, 2, 7, 4]",66,0
"[0, 1, 6, 5, 3, 2, 7, 4]",67,1
"[0, 1, 6, 5, 3, 2, 7, 4]",68,0
"[0, 1, 6, 5, 3, 2, 7, 4]",69,1
"[0, 1, 6, 5, 3, 2, 7, 4]",70,1
"[0, 1, 6, 5, 3, 2, 7, 4]",71,1
"[0, 1, 6, 5, 3, 2, 7, 4]",72,0
"[0, 1, 6, 5, 3, 2, 7, 4]",73,0
"[0, 1, 6, 5, 3, 2, 7, 4]",74,0
"[0, 1, 6, 5, 3, 2, 7, 4]",75,1
"[0, 1, 6, 5, 3, 2, 7, 4]",76,0
"[0, 1, 6, 5, 3, 2, 7, 4]",77,0
"[0, 1, 6, 5, 3, 2, 7, 4]",78,0
"[0, 1, 6, 5, 3, 2, 7, 4]",79,0
"[0, 1, 6, 5, 3, 2, 7, 4]",80,1
"[0, 1, 6, 5, 3, 2, 7, 4]",81,1
"[0, 1, 6, 5, 3, 2, 7, 4]",82,0
"[0, 1, 6, 5, 3, 2, 7, 4]",83,0
"[0, 1, 6, 5, 3, 2, 7, 4]",84,1
"[0, 1, 6, 5, 3, 2, 7, 4]",85,0
"[0, 1, 6, 5, 3, 2, 7, 4]",86,0
"[0, 1, 6, 5, 3, 2, 7, 4]",87,1
"[0, 1, 6, 5, 3, 2, 7, 4]",88,1
"[0, 1, 6, 5, 3, 2, 7, 4]",89,0
"[0, 1, 6, 5, 3, 2, 7, 4]",90,0
"[0, 1, 6, 5, 3, 2, 7, 4]",91,0
"[0, 1, 6, 5, 3, 2, 7, 4]",92,0
"[0, 1, 6, 5, 3, 2, 7, 4]",93,1
"[0, 1, 6, 5, 3, 2, 7, 4]",94,1
"[0, 1, 6, 5, 3, 2, 7, 4]",95,1
"[0, 1, 6, 5, 3, 2, 7, 4]",96,0
"[0, 1, 6, 5, 3, 2, 7, 4]",97,0
"[0, 1, 6, 5, 3, 2, 7, 4]",98,1
"[0, 1, 6, 5, 3, 2, 7, 4]",99,0
"[7, 1, 4, 5, 2, 0, 6, 3]",0,0
"[7, 1, 4, 5, 2, 0, 6, 3]",1,1
"[7, 1, 4, 5, 2, 0, 6, 3]",2,0
"[7, 1, 4, 5, 2, 0, 6, 3]",3,0
"[7, 1, 4, 5, 2, 0, 6, 3]",4,1
"[7, 1, 4, 5, 2, 0, 6, 3]",5,0
"[7, 1, 4, 5, 2, 0, 6, 3]",6,0
"[7, 1, 4, 5, 2, 0, 6, 3]",7,0
"[7, 1, 4, 5, 2, 0, 6, 3]",8,0
"[7, 1, 4, 5, 2, 0, 6, 3]",9,0
"[7, 1, 4, 5, 2, 0, 6, 3]",10,0
"[7, 1, 4, 5, 2, 0, 6, 3]",11,0
"[7, 1, 4, 5, 2, 0, 6, 3]",12,0
"[7, 1, 4, 5, 2, 0, 6, 3]",13,0
"[7, 1, 4, 5, 2, 0, 6, 3]",14,0
"[7, 1, 4, 5, 2, 0, 6, 3]",15,1
"[7, 1, 4, 5, 2, 0, 6, 3]",16,0
"[7, 1, 4, 5, 2, 0, 6, 3]",17,1
"[7, 1, 4, 5, 2, 0, 6, 3]",18,1
"[7, 1, 4, 5, 2, 0, 6, 3]",19,0
"[7, 1, 4, 5, 2, 0, 6, 3]",20,0
"[7, 1, 4, 5, 2, 0, 6, 3]",21,0
"[7, 1, 4, 5, 2, 0, 6, 3]",22,1
"[7, 1, 4, 5, 2, 0, 6, 3]",23,0
"[7, 1, 4, 5, 2, 0, 6, 3]",24,0
"[7, 1, 4, 5, 2, 0, 6, 3]",25,0
"[7, 1, 4, 5, 2, 0, 6, 3]",26,1
"[7, 1, 4, 5, 2, 0, 6, 3]",27,0
"[7, 1, 4, 5, 2, 0, 6, 3]",28,0
"[7, 1, 4, 5, 2, 0, 6, 3]",29,0
"[7, 1, 4, 5, 2, 0, 6, 3]",30,0
"[7, 1, 4, 5, 2, 0, 6, 3]",31,0
"[7, 1, 4, 5, 2, 0, 6, 3]",32,0
"[7, 1, 4, 5, 2, 0, 6, 3]",33,1
"[7, 1, 4, 5, 2, 0, 6, 3]",34,0
"[7, 1, 4, 5, 2, 0, 6, 3]",35,1
"[7, 1, 4, 5, 2, 0, 6, 3]",36,0
"[7, 1, 4, 5, 2, 0, 6, 3]",37,1
"[7, 1, 4, 5, 2, 0, 6, 3]",38,0
"[7, 1, 4, 5, 2, 0, 6, 3]",39,0
"[7, 1, 4, 5, 2, 0, 6, 3]",40,0
"[7, 1, 4, 5, 2, 0, 6, 3]",41,0
"[7, 1, 4, 5, 2, 0, 6, 3]",42,0
"[7, 1, 4, 5, 2, 0, 6, 3]",43,1
"[7, 1, 4, 5, 2, 0, 6, 3]",44,0
"[7, 1, 4, 5, 2, 0, 6, 3]",45,0
"[7, 1, 4, 5, 2, 0, 6, 3]",46,1
"[7, 1, 4, 5, 2, 0, 6, 3]",47,0
"[7, 1, 4, 5, 2, 0, 6, 3]",48,0
"[7, 1, 4, 5, 2, 0, 6, 3]",49,0
"[7, 1, 4, 5, 2, 0, 6, 3]",50,1
"[7, 1, 4, 5, 2, 0, 6, 3]",51,0
"[7, 1, 4, 5, 2, 0, 6, 3]",52,0
"[7, 1, 4, 5, 2, 0, 6, 3]",53,0
"[7, 1, 4, 5, 2, 0, 6, 3]",54,0
"[7, 1, 4, 5, 2, 0, 6, 3]",55,1
"[7, 1, 4, 5, 2, 0, 6, 3]",56,0
"[7, 1, 4, 5, 2, 0, 6, 3]",57,0
"[7, 1, 4, 5, 2, 0, 6, 3]",58,0
"[7, 1, 4, 5, 2, 0, 6, 3]",59,0
"[7, 1, 4, 5, 2, 0, 6, 3]",60,0
"[7, 1, 4, 5, 2, 0, 6, 3]",61,0
"[7, 1, 4, 5, 2, 0, 6, 3]",62,1
"[7, 1, 4, 5, 2, 0, 6, 3]",63,0
"[7, 1, 4, 5, 2, 0, 6, 3]",64,0
"[7, 1, 4, 5, 2, 0, 6, 3]",65,0
"[7, 1, 4, 5, 2, 0, 6, 3]",66,0
"[7, 1, 4, 5, 2, 0, 6, 3]",67,0
"[7, 1, 4, 5, 2, 0, 6, 3]",68,0
"[7, 1, 4, 5, 2, 0, 6, 3]",69,0
"[7, 1, 4, 5, 2, 0, 6, 3]",70,0
"[7, 1, 4, 5, 2, 0, 6, 3]",71,0
"[7, 1, 4, 5, 2, 0, 6, 3]",72,1
"[7, 1, 4, 5, 2, 0, 6, 3]",73,1
"[7, 1, 4, 5, 2, 0, 6, 3]",74,0
"[7, 1, 4, 5, 2, 0, 6, 3]",75,0
"[7, 1, 4, 5, 2, 0, 6, 3]",76,0
"[7, 1, 4, 5, 2, 0, 6, 3]",77,0
"[7, 1, 4, 5, 2, 0, 6, 3]",78,0
"[7, 1, 4, 5, 2, 0, 6, 3]",79,1
"[7, 1, 4, 5, 2, 0, 6, 3]",80,1
"[7, 1, 4, 5, 2, 0, 6, 3]",81,0
"[7, 1, 4, 5, 2, 0, 6, 3]",82,0
"[7, 1, 4, 5, 2, 0, 6, 3]",83,0
"[7, 1, 4, 5, 2, 0, 6, 3]",84,1
"[7, 1, 4, 5, 2, 0, 6, 3]",85,0
"[7, 1, 4, 5, 2, 0, 6, 3]",86,0
"[7, 1, 4, 5, 2, 0, 6, 3]",87,0
"[7, 1, 4, 5, 2, 0, 6, 3]",88,1
"[7, 1, 4, 5, 2, 0, 6, 3]",89,0
"[7, 1, 4, 5, 2, 0, 6, 3]",90,0
"[7, 1, 4, 5, 2, 0, 6, 3]",91,0
"[7, 1, 4, 5, 2, 0, 6, 3]",92,0
"[7, 1, 4, 5, 2, 0, 6, 3]",93,0
"[7, 1, 4, 5, 2, 0, 6, 3]",94,0
"[7, 1, 4, 5, 2, 0, 6, 3]",95,1
"[7, 1, 4, 5, 2, 0, 6, 3]",96,1
"[7, 1, 4, 5, 2, 0, 6, 3]",97,0
"[7, 1, 4, 5, 2, 0, 6, 3]",98,0
"[7, 1, 4, 5, 2, 0, 6, 3]",99,0
"[7, 5, 4, 0, 1, 3, 6, 2]",0,0
"[7, 5, 4, 0, 1, 3, 6, 2]",1,0
"[7, 5, 4, 0, 1, 3, 6, 2]",2,0
"[7, 5, 4, 0, 1, 3, 6, 2]",3,0
"[7, 5, 4, 0, 1, 3, 6, 2]",4,0
"[7, 5, 4, 0, 1, 3, 6, 2]",5,0
"[7, 5, 4, 0, 1, 3, 6, 2]",6,0
"[7, 5, 4, 0, 1, 3, 6, 2]",7,0
"[7, 5, 4, 0, 1, 3, 6, 2]",8,0
"[7, 5, 4, 0, 1, 3, 6, 2]",9,1
"[7, 5, 4, 0, 1, 3, 6, 2]",10,0
"[7, 5, 4, 0, 1, 3, 6, 2]",11,0
"[7, 5, 4, 0, 1, 3, 6, 2]",12,0
"[7, 5, 4, 0, 1, 3, 6, 2]",13,1
"[7, 5, 4, 0, 1, 3, 6, 2]",14,0
"[7, 5, 4, 0, 1, 3, 6, 2]",15,0
"[7, 5, 4, 0, 1, 3, 6, 2]",16,1
"[7, 5, 4, 0, 1, 3, 6, 2]",17,0
"[7, 5, 4, 0, 1, 3, 6, 2]",18,1
"[7, 5, 4, 0, 1, 3, 6, 2]",19,0
"[7, 5, 4, 0, 1, 3, 6, 2]",20,0
"[7, 5, 4, 0, 1, 3, 6, 2]",21,0
"[7, 5, 4, 0, 1, 3, 6, 2]",22,0
"[7, 5, 4, 0, 1, 3, 6, 2]",23,0
"[7, 5, 4, 0, 1, 3, 6, 2]",24,0
"[7, 5, 4, 0, 1, 3, 6, 2]",25,0
"[7, 5, 4, 0, 1, 3, 6, 2]",26,0
"[7, 5, 4, 0, 1, 3, 6, 2]",27,1
"[7, 5, 4, 0, 1, 3, 6, 2]",28,1
"[7, 5, 4, 0, 1, 3, 6, 2]",29,1
"[7, 5, 4, 0, 1, 3, 6, 2]",30,1
"[7, 5, 4, 0, 1, 3, 6, 2]",31,0
"[7, 5, 4, 0, 1, 3, 6, 2]",32,0
"[7, 5, 4, 0, 1, 3, 6, 2]",33,0
"[7, 5, 4, 0, 1, 3, 6, 2]",34,0
"[7, 5, 4, 0, 1, 3, 6, 2]",35,0
"[7, 5, 4, 0, 1, 3, 6, 2]",36,0
"[7, 5, 4, 0, 1, 3, 6, 2]",37,1
"[7, 5, 4, 0, 1, 3, 6, 2]",38,0
"[7, 5, 4, 0, 1, 3, 6, 2]",39,0
"[7, 5, 4, 0, 1, 3, 6, 2]",40,0
"[7, 5, 4, 0, 1, 3, 6, 2]",41,1
"[7, 5, 4, 0, 1, 3, 6, 2]",42,1
"[7, 5, 4, 0, 1, 3, 6, 2]",43,1
"[7, 5, 4, 0, 1, 3, 6, 2]",44,0
"[7, 5, 4, 0, 1, 3, 6, 2]",45,0
"[7, 5, 4, 0, 1, 3, 6, 2]",46,1
"[7, 5, 4, 0, 1, 3, 6, 2]",47,1
"[7, 5, 4, 0, 1, 3, 6, 2]",48,0
"[7, 5, 4, 0, 1, 3, 6, 2]",49,0
"[7, 5, 4, 0, 1, 3, 6, 2]",50,1
"[7, 5, 4, 0, 1, 3, 6, 2]",51,0
"[7, 5, 4, 0, 1, 3, 6, 2]",52,0
"[7, 5, 4, 0, 1, 3, 6, 2]",53,1
"[7, 5, 4, 0, 1, 3, 6, 2]",54,0
"[7, 5, 4, 0, 1, 3, 6, 2]",55,1
"[7, 5, 4, 0, 1, 3, 6, 2]",56,0
"[7, 5, 4, 0, 1, 3, 6, 2]",57,0
"[7, 5, 4, 0, 1, 3, 6, 2]",58,0
"[7, 5, 4, 0, 1, 3, 6, 2]",59,0
"[7, 5, 4, 0, 1, 3, 6, 2]",60,0
"[7, 5, 4, 0, 1, 3, 6, 2]",61,1
"[7, 5, 4, 0, 1, 3, 6, 2]",62,0
"[7, 5, 4, 0, 1, 3, 6, 2]",63,1
"[7, 5, 4, 0, 1, 3, 6, 2]",64,1
"[7, 5, 4, 0, 1, 3, 6, 2]",65,0
"[7, 5, 4, 0, 1, 3, 6, 2]",66,1
"[7, 5, 4, 0, 1, 3, 6, 2]",67,1
"[7, 5, 4, 0, 1, 3, 6, 2]",68,1
"[7, 5, 4, 0, 1, 3, 6, 2]",69,0
"[7, 5, 4, 0, 1, 3, 6, 2]",70,1
"[7, 5, 4, 0, 1, 3, 6, 2]",71,1
"[7, 5, 4, 0, 1, 3, 6, 2]",72,0
"[7, 5, 4, 0, 1, 3, 6, 2]",73,0
"[7, 5, 4, 0, 1, 3, 6, 2]",74,1
"[7, 5, 4, 0, 1, 3, 6, 2]",75,1
"[7, 5, 4, 0, 1, 3, 6, 2]",76,0
"[7, 5, 4, 0, 1, 3, 6, 2]",77,0
"[7, 5, 4, 0, 1, 3, 6, 2]",78,0
"[7, 5, 4, 0, 1, 3, 6, 2]",79,0
"[7, 5, 4, 0, 1, 3, 6, 2]",80,0
"[7, 5, 4, 0, 1, 3, 6, 2]",81,0
"[7, 5, 4, 0, 1, 3, 6, 2]",82,0
"[7, 5, 4, 0, 1, 3, 6, 2]",83,0
"[7, 5, 4, 0, 1, 3, 6, 2]",84,1
"[7, 5, 4, 0, 1, 3, 6, 2]",85,0
"[7, 5, 4, 0, 1, 3, 6, 2]",86,0
"[7, 5, 4, 0, 1, 3, 6, 2]",87,1
"[7, 5, 4, 0, 1, 3, 6, 2]",88,1
"[7, 5, 4, 0, 1, 3, 6, 2]",89,0
"[7, 5, 4, 0, 1, 3, 6, 2]",90,0
"[7, 5, 4, 0, 1, 3, 6, 2]",91,0
"[7, 5, 4, 0, 1, 3, 6, 2]",92,0
"[7, 5, 4, 0, 1, 3, 6, 2]",93,1
"[7, 5, 4, 0, 1, 3, 6, 2]",94,1
"[7, 5, 4, 0, 1, 3, 6, 2]",95,1
"[7, 5, 4, 0, 1, 3, 6, 2]",96,0
"[7, 5, 4, 0, 1, 3, 6, 2]",97,0
"[7, 5, 4, 0, 1, 3, 6, 2]",98,1
"[7, 5, 4, 0, 1, 3, 6, 2]",99,1
"[6, 0, 2, 7, 4, 1, 5, 3]",0,0
"[6, 0, 2, 7, 4, 1, 5, 3]",1,0
"[6, 0, 2, 7, 4, 1, 5, 3]",2,0
"[6, 0, 2, 7, 4, 1, 5, 3]",3,0
"[6, 0, 2, 7, 4, 1, 5, 3]",4,0
"[6, 0, 2, 7, 4, 1, 5, 3]",5,0
"[6, 0, 2, 7, 4, 1, 5, 3]",6,0
"[6, 0, 2, 7, 4, 1, 5, 3]",7,1
"[6, 0, 2, 7, 4, 1, 5, 3]",8,0
"[6, 0, 2, 7, 4, 1, 5, 3]",9,1
"[6, 0, 2, 7, 4, 1, 5, 3]",10,0
"[6, 0, 2, 7, 4, 1, 5, 3]",11,0
"[6, 0, 2, 7, 4, 1, 5, 3]",12,0
"[6, 0, 2, 7, 4, 1, 5, 3]",13,0
"[6, 0, 2, 7, 4, 1, 5, 3]",14,0
"[6, 0, 2, 7, 4, 1, 5, 3]",15,0
"[6, 0, 2, 7, 4, 1, 5, 3]",16,0
"[6, 0, 2, 7, 4, 1, 5, 3]",17,1
"[6, 0, 2, 7, 4, 1, 5, 3]",18,0
"[6, 0, 2, 7, 4, 1, 5, 3]",19,1
"[6, 0, 2, 7, 4, 1, 5, 3]",20,0
"[6, 0, 2, 7, 4, 1, 5, 3]",21,1
"[6, 0, 2, 7, 4, 1, 5, 3]",22,0
"[6, 0, 2, 7, 4, 1, 5, 3]",23,1
"[6, 0, 2, 7, 4, 1, 5, 3]",24,0
"[6, 0, 2, 7, 4, 1, 5, 3]",25,0
"[6, 0, 2, 7, 4, 1, 5, 3]",26,0
"[6, 0, 2, 7, 4, 1, 5, 3]",27,1
"[6, 0, 2, 7, 4, 1, 5, 3]",28,0
"[6, 0, 2, 7, 4, 1, 5, 3]",29,1
"[6, 0, 2, 7, 4, 1, 5, 3]",30,1
"[6, 0, 2, 7, 4, 1, 5, 3]",31,0
"[6, 0, 2, 7, 4, 1, 5, 3]",32,1
"[6, 0, 2, 7, 4, 1, 5, 3]",33,0
"[6, 0, 2, 7, 4, 1, 5, 3]",34,0
"[6, 0, 2, 7, 4, 1, 5, 3]",35,1
"[6, 0, 2, 7, 4, 1, 5, 3]",36,0
"[6, 0, 2, 7, 4, 1, 5, 3]",37,1
"[6, 0, 2, 7, 4, 1, 5, 3]",38,0
"[6, 0, 2, 7, 4, 1, 5, 3]",39,0
"[6, 0, 2, 7, 4, 1, 5, 3]",40,0
"[6, 0, 2, 7, 4, 1, 5, 3]",41,1
"[6, 0, 2, 7, 4, 1, 5, 3]",42,0
"[6, 0, 2, 7, 4, 1, 5, 3]",43,0
"[6, 0, 2, 7, 4, 1, 5, 3]",44,0
"[6, 0, 2, 7, 4, 1, 5, 3]",45,0
"[6, 0, 2, 7, 4, 1, 5, 3]",46,0
"[6, 0, 2, 7, 4, 1, 5, 3]",47,0
"[6, 0, 2, 7, 4, 1, 5, 3]",48,1
"[6, 0, 2, 7, 4, 1, 5, 3]",49,0
"[6, 0, 2, 7, 4, 1, 5, 3]",50,1
"[6, 0, 2, 7, 4, 1, 5, 3]",51,0
"[6, 0, 2, 7, 4, 1, 5, 3]",52,0
"[6, 0, 2, 7, 4, 1, 5, 3]",53,1
"[6, 0, 2, 7, 4, 1, 5, 3]",54,1
"[6, 0, 2, 7, 4, 1, 5, 3]",55,0
"[6, 0, 2, 7, 4, 1, 5, 3]",56,1
"[6, 0, 2, 7, 4, 1, 5, 3]",57,0
"[6, 0, 2, 7, 4, 1, 5, 3]",58,1
"[6, 0, 2, 7, 4, 1, 5, 3]",59,0
"[6, 0, 2, 7, 4, 1, 5, 3]",60,0
"[6, 0, 2, 7, 4, 1, 5, 3]",61,1
"[6, 0, 2, 7, 4, 1, 5, 3]",62,0
"[6, 0, 2, 7, 4, 1, 5, 3]",63,0
"[6, 0, 2, 7, 4, 1, 5, 3]",64,1
"[6, 0, 2, 7, 4, 1, 5, 3]",65,0
"[6, 0, 2, 7, 4, 1, 5, 3]",66,0
"[6, 0, 2, 7, 4, 1, 5, 3]",67,0
"[6, 0, 2, 7, 4, 1, 5, 3]",68,0
"[6, 0, 2, 7, 4, 1, 5, 3]",69,0
"[6, 0, 2, 7, 4, 1, 5, 3]",70,0
"[6, 0, 2, 7, 4, 1, 5, 3]",71,1
"[6, 0, 2, 7, 4, 1, 5, 3]",72,0
"[6, 0, 2, 7, 4, 1, 5, 3]",73,0
"[6, 0, 2, 7, 4, 1, 5, 3]",74,0
"[6, 0, 2, 7, 4, 1, 5, 3]",75,0
"[6, 0, 2, 7, 4, 1, 5, 3]",76,1
"[6, 0, 2, 7, 4, 1, 5, 3]",77,0
"[6, 0, 2, 7, 4, 1, 5, 3]",78,0
"[6, 0, 2, 7, 4, 1, 5, 3]",79,1
"[6, 0, 2, 7, 4, 1, 5, 3]",80,1
"[6, 0, 2, 7, 4, 1, 5, 3]",81,1
"[6, 0, 2, 7, 4, 1, 5, 3]",82,1
"[6, 0, 2, 7, 4, 1, 5, 3]",83,0
"[6, 0, 2, 7, 4, 1, 5, 3]",84,0
"[6, 0, 2, 7, 4, 1, 5, 3]",85,0
"[6, 0, 2, 7, 4, 1, 5, 3]",86,0
"[6, 0, 2, 7, 4, 1, 5, 3]",87,1
"[6, 0, 2, 7, 4, 1, 5, 3]",88,1
"[6, 0, 2, 7, 4, 1, 5, 3]",89,0
"[6, 0, 2, 7, 4, 1, 5, 3]",90,0
"[6, 0, 2, 7, 4, 1, 5, 3]",91,0
"[6, 0, 2, 7, 4, 1, 5, 3]",92,0
"[6, 0, 2, 7, 4, 1, 5, 3]",93,1
"[6, 0, 2, 7, 4, 1, 5, 3]",94,1
"[6, 0, 2, 7, 4, 1, 5, 3]",95,1
"[6, 0, 2, 7, 4, 1, 5, 3]",96,0
"[6, 0, 2, 7, 4, 1, 5, 3]",97,0
"[6, 0, 2, 7, 4, 1, 5, 3]",98,1
"[6, 0, 2, 7, 4, 1, 5, 3]",99,0
"[7, 4, 5, 3, 6, 1, 0, 2]",0,0
"[7, 4, 5, 3, 6, 1, 0, 2]",1,0
"[7, 4, 5, 3, 6, 1, 0, 2]",2,0
"[7, 4, 5, 3, 6, 1, 0, 2]",3,0
"[7, 4, 5, 3, 6, 1, 0, 2]",4,0
"[7, 4, 5, 3, 6, 1, 0, 2]",5,0
"[7, 4, 5, 3, 6, 1, 0, 2]",6,0
"[7, 4, 5, 3, 6, 1, 0, 2]",7,0
"[7, 4, 5, 3, 6, 1, 0, 2]",8,0
"[7, 4, 5, 3, 6, 1, 0, 2]",9,1
"[7, 4, 5, 3, 6, 1, 0, 2]",10,0
"[7, 4, 5, 3, 6, 1, 0, 2]",11,0
"[7, 4, 5, 3, 6, 1, 0, 2]",12,0
"[7, 4, 5, 3, 6, 1, 0, 2]",13,1
"[7, 4, 5, 3, 6, 1, 0, 2]",14,1
"[7, 4, 5, 3, 6, 1, 0, 2]",15,0
"[7, 4, 5, 3, 6, 1, 0, 2]",16,0
"[7, 4, 5, 3, 6, 1, 0, 2]",17,1
"[7, 4, 5, 3, 6, 1, 0, 2]",18,0
"[7, 4, 5, 3, 6, 1, 0, 2]",19,0
"[7, 4, 5, 3, 6, 1, 0, 2]",20,0
"[7, 4, 5, 3, 6, 1, 0, 2]",21,0
"[7, 4, 5, 3, 6, 1, 0, 2]",22,0
"[7, 4, 5, 3, 6, 1, 0, 2]",23,0
"[7, 4, 5, 3, 6, 1, 0, 2]",24,0
"[7, 4, 5, 3, 6, 1, 0, 2]",25,0
"[7, 4, 5, 3, 6, 1, 0, 2]",26,1
"[7, 4, 5, 3, 6, 1, 0, 2]",27,1
"[7, 4, 5, 3, 6, 1, 0, 2]",28,0
"[7, 4, 5, 3, 6, 1, 0, 2]",29,0
"[7, 4, 5, 3, 6, 1, 0, 2]",30,0
"[7, 4, 5, 3, 6, 1, 0, 2]",31,0
"[7, 4, 5, 3, 6, 1, 0, 2]",32,0
"[7, 4, 5, 3, 6, 1, 0, 2]",33,1
"[7, 4, 5, 3, 6, 1, 0, 2]",34,0
"[7, 4, 5, 3, 6, 1, 0, 2]",35,1
"[7, 4, 5, 3, 6, 1, 0, 2]",36,0
"[7, 4, 5, 3, 6, 1, 0, 2]",37,1
"[7, 4, 5, 3, 6, 1, 0, 2]",38,0
"[7, 4, 5, 3, 6, 1, 0, 2]",39,0
"[7, 4, 5, 3, 6, 1, 0, 2]",40,0
"[7, 4, 5, 3, 6, 1, 0, 2]",41,1
"[7, 4, 5, 3, 6, 1, 0, 2]",42,1
"[7, 4, 5, 3, 6, 1, 0, 2]",43,1
"[7, 4, 5, 3, 6, 1, 0, 2]",44,0
"[7, 4, 5, 3, 6, 1, 0, 2]",45,0
"[7, 4, 5, 3, 6, 1, 0, 2]",46,1
"[7, 4, 5, 3, 6, 1, 0, 2]",47,1
"[7, 4, 5, 3, 6, 1, 0, 2]",48,0
"[7, 4, 5, 3, 6, 1, 0, 2]",49,0
"[7, 4, 5, 3, 6, 1, 0, 2]",50,1
"[7, 4, 5, 3, 6, 1, 0, 2]",51,0
"[7, 4, 5, 3, 6, 1, 0, 2]",52,0
"[7, 4, 5, 3, 6, 1, 0, 2]",53,1
"[7, 4, 5, 3, 6, 1, 0, 2]",54,0
"[7, 4, 5, 3, 6, 1, 0, 2]",55,1
"[7, 4, 5, 3, 6, 1, 0, 2]",56,0
"[7, 4, 5, 3, 6, 1, 0, 2]",57,0
"[7, 4, 5, 3, 6, 1, 0, 2]",58,0
"[7, 4, 5, 3, 6, 1, 0, 2]",59,0
"[7, 4, 5, 3, 6, 1, 0, 2]",60,0
"[7, 4, 5, 3, 6, 1, 0, 2]",61,1
"[7, 4, 5, 3, 6, 1, 0, 2]",62,0
"[7, 4, 5, 3, 6, 1, 0, 2]",63,0
"[7, 4, 5, 3, 6, 1, 0, 2]",64,0
"[7, 4, 5, 3, 6, 1, 0, 2]",65,0
"[7, 4, 5, 3, 6, 1, 0, 2]",66,0
"[7, 4, 5, 3, 6, 1, 0, 2]",67,1
"[7, 4, 5, 3, 6, 1, 0, 2]",68,0
"[7, 4, 5, 3, 6, 1, 0, 2]",69,0
"[7, 4, 5, 3, 6, 1, 0, 2]",70,1
"[7, 4, 5, 3, 6, 1, 0, 2]",71,0
"[7, 4, 5, 3, 6, 1, 0, 2]",72,0
"[7, 4, 5, 3, 6, 1, 0, 2]",73,1
"[7, 4, 5, 3, 6, 1, 0, 2]",74,0
"[7, 4, 5, 3, 6, 1, 0, 2]",75,0
"[7, 4, 5, 3, 6, 1, 0, 2]",76,1
"[7, 4, 5, 3, 6, 1, 0, 2]",77,0
"[7, 4, 5, 3, 6, 1, 0, 2]",78,0
"[7, 4, 5, 3, 6, 1, 0, 2]",79,1
"[7, 4, 5, 3, 6, 1, 0, 2]",80,1
"[7, 4, 5, 3, 6, 1, 0, 2]",81,1
"[7, 4, 5, 3, 6, 1, 0, 2]",82,0
"[7, 4, 5, 3, 6, 1, 0, 2]",83,0
"[7, 4, 5, 3, 6, 1, 0, 2]",84,1
"[7, 4, 5, 3, 6, 1, 0, 2]",85,0
"[7, 4, 5, 3, 6, 1, 0, 2]",86,0
"[7, 4, 5, 3, 6, 1, 0, 2]",87,1
"[7, 4, 5, 3, 6, 1, 0, 2]",88,1
"[7, 4, 5, 3, 6, 1, 0, 2]",89,0
"[7, 4, 5, 3, 6, 1, 0, 2]",90,0
"[7, 4, 5, 3, 6, 1, 0, 2]",91,0
"[7, 4, 5, 3, 6, 1, 0, 2]",92,0
"[7, 4, 5, 3, 6, 1, 0, 2]",93,0
"[7, 4, 5, 3, 6, 1, 0, 2]",94,1
"[7, 4, 5, 3, 6, 1, 0, 2]",95,1
"[7, 4, 5, 3, 6, 1, 0, 2]",96,1
"[7, 4, 5, 3, 6, 1, 0, 2]",97,0
"[7, 4, 5, 3, 6, 1, 0, 2]",98,0
"[7, 4, 5, 3, 6, 1, 0, 2]",99,0
"[5, 6, 1, 2, 7, 0, 3, 4]",0,0
"[5, 6, 1, 2, 7, 0, 3, 4]",1,0
"[5, 6, 1, 2, 7, 0, 3, 4]",2,0
"[5, 6, 1, 2, 7, 0, 3, 4]",3,1
"[5, 6, 1, 2, 7, 0, 3, 4]",4,1
"[5, 6, 1, 2, 7, 0, 3, 4]",5,0
"[5, 6, 1, 2, 7, 0, 3, 4]",6,0
"[5, 6, 1, 2, 7, 0, 3, 4]",7,0
"[5, 6, 1, 2, 7, 0, 3, 4]",8,0
"[5, 6, 1, 2, 7, 0, 3, 4]",9,1
"[5, 6, 1, 2, 7, 0, 3, 4]",10,0
"[5, 6, 1, 2, 7, 0, 3, 4]",11,0
"[5, 6, 1, 2, 7, 0, 3, 4]",12,0
"[5, 6, 1, 2, 7, 0, 3, 4]",13,0
"[5, 6, 1, 2, 7, 0, 3, 4]",14,0
"[5, 6, 1, 2, 7, 0, 3, 4]",15,0
"[5, 6, 1, 2, 7, 0, 3, 4]",16,0
"[5, 6, 1, 2, 7, 0, 3, 4]",17,1
"[5, 6, 1, 2, 7, 0, 3, 4]",18,1
"[5, 6, 1, 2, 7, 0, 3, 4]",19,1
"[5, 6, 1, 2, 7, 0, 3, 4]",20,0
"[5, 6, 1, 2, 7, 0, 3, 4]",21,0
"[5, 6, 1, 2, 7, 0, 3, 4]",22,1
"[5, 6, 1, 2, 7, 0, 3, 4]",23,0
"[5, 6, 1, 2, 7, 0, 3, 4]",24,0
"[5, 6, 1, 2, 7, 0, 3, 4]",25,0
"[5, 6, 1, 2, 7, 0, 3, 4]",26,1
"[5, 6, 1, 2, 7, 0, 3, 4]",27,0
"[5, 6, 1, 2, 7, 0, 3, 4]",28,0
"[5, 6, 1, 2, 7, 0, 3, 4]",29,0
"[5, 6, 1, 2, 7, 0, 3, 4]",30,1
"[5, 6, 1, 2, 7, 0, 3, 4]",31,0
"[5, 6, 1, 2, 7, 0, 3, 4]",32,0
"[5, 6, 1, 2, 7, 0, 3, 4]",33,1
"[5, 6, 1, 2, 7, 0, 3, 4]",34,0
"[5, 6, 1, 2, 7, 0, 3, 4]",35,0
"[5, 6, 1, 2, 7, 0, 3, 4]",36,0
"[5, 6, 1, 2, 7, 0, 3, 4]",37,1
"[5, 6, 1, 2, 7, 0, 3, 4]",38,1
"[5, 6, 1, 2, 7, 0, 3, 4]",39,0
"[5, 6, 1, 2, 7, 0, 3, 4]",40,0
"[5, 6, 1, 2, 7, 0, 3, 4]",41,1
"[5, 6, 1, 2, 7, 0, 3, 4]",42,0
"[5, 6, 1, 2, 7, 0, 3, 4]",43,1
"[5, 6, 1, 2, 7, 0, 3, 4]",44,0
"[5, 6, 1, 2, 7, 0, 3, 4]",45,0
"[5, 6, 1, 2, 7, 0, 3, 4]",46,1
"[5, 6, 1, 2, 7, 0, 3, 4]",47,0
"[5, 6, 1, 2, 7, 0, 3, 4]",48,1
"[5, 6, 1, 2, 7, 0, 3, 4]",49,0
"[5, 6, 1, 2, 7, 0, 3, 4]",50,1
"[5, 6, 1, 2, 7, 0, 3, 4]",51,0
"[5, 6, 1, 2, 7, 0, 3, 4]",52,0
"[5, 6, 1, 2, 7, 0, 3, 4]",53,1
"[5, 6, 1, 2, 7, 0, 3, 4]",54,0
"[5, 6, 1, 2, 7, 0, 3, 4]",55,1
"[5, 6, 1, 2, 7, 0, 3, 4]",56,0
"[5, 6, 1, 2, 7, 0, 3, 4]",57,0
"[5, 6, 1, 2, 7, 0, 3, 4]",58,0
"[5, 6, 1, 2, 7, 0, 3, 4]",59,0
"[5, 6, 1, 2, 7, 0, 3, 4]",60,0
"[5, 6, 1, 2, 7, 0, 3, 4]",61,0
"[5, 6, 1, 2, 7, 0, 3, 4]",62,0
"[5, 6, 1, 2, 7, 0, 3, 4]",63,0
"[5, 6, 1, 2, 7, 0, 3, 4]",64,1
"[5, 6, 1, 2, 7, 0, 3, 4]",65,0
"[5, 6, 1, 2, 7, 0, 3, 4]",66,0
"[5, 6, 1, 2, 7, 0, 3, 4]",67,0
"[5, 6, 1, 2, 7, 0, 3, 4]",68,0
"[5, 6, 1, 2, 7, 0, 3, 4]",69,0
"[5, 6, 1, 2, 7, 0, 3, 4]",70,1
"[5, 6, 1, 2, 7, 0, 3, 4]",71,1
"[5, 6, 1, 2, 7, 0, 3, 4]",72,1
"[5, 6, 1, 2, 7, 0, 3, 4]",73,0
"[5, 6, 1, 2, 7, 0, 3, 4]",74,0
"[5, 6, 1, 2, 7, 0, 3, 4]",75,0
"[5, 6, 1, 2, 7, 0, 3, 4]",76,1
"[5, 6, 1, 2, 7, 0, 3, 4]",77,0
"[5, 6, 1, 2, 7, 0, 3, 4]",78,0
"[5, 6, 1, 2, 7, 0, 3, 4]",79,1
"[5, 6, 1, 2, 7, 0, 3, 4]",80,0
"[5, 6, 1, 2, 7, 0, 3, 4]",81,1
"[5, 6, 1, 2, 7, 0, 3, 4]",82,1
"[5, 6, 1, 2, 7, 0, 3, 4]",83,1
"[5, 6, 1, 2, 7, 0, 3, 4]",84,1
"[5, 6, 1, 2, 7, 0, 3, 4]",85,0
"[5, 6, 1, 2, 7, 0, 3, 4]",86,0
"[5, 6, 1, 2, 7, 0, 3, 4]",87,1
"[5, 6, 1, 2, 7, 0, 3, 4]",88,1
"[5, 6, 1, 2, 7, 0, 3, 4]",89,0
"[5, 6, 1, 2, 7, 0, 3, 4]",90,0
"[5, 6, 1, 2, 7, 0, 3, 4]",91,0
"[5, 6, 1, 2, 7, 0, 3, 4]",92,0
"[5, 6, 1, 2, 7, 0, 3, 4]",93,1
"[5, 6, 1, 2, 7, 0, 3, 4]",94,1
"[5, 6, 1, 2, 7, 0, 3, 4]",95,1
"[5, 6, 1, 2, 7, 0, 3, 4]",96,0
"[5, 6, 1, 2, 7, 0, 3, 4]",97,1
"[5, 6, 1, 2, 7, 0, 3, 4]",98,1
"[5, 6, 1, 2, 7, 0, 3, 4]",99,0
"[1, 7, 5, 3, 4, 2, 0, 6]",0,0
"[1, 7, 5, 3, 4, 2, 0, 6]",1,1
"[1, 7, 5, 3, 4, 2, 0, 6]",2,0
"[1, 7, 5, 3, 4, 2, 0, 6]",3,0
"[1, 7, 5, 3, 4, 2, 0, 6]",4,1
"[1, 7, 5, 3, 4, 2, 0, 6]",5,0
"[1, 7, 5, 3, 4, 2, 0, 6]",6,0
"[1, 7, 5, 3, 4, 2, 0, 6]",7,1
"[1, 7, 5, 3, 4, 2, 0, 6]",8,0
"[1, 7, 5, 3, 4, 2, 0, 6]",9,1
"[1, 7, 5, 3, 4, 2, 0, 6]",10,0
"[1, 7, 5, 3, 4, 2, 0, 6]",11,0
"[1, 7, 5, 3, 4, 2, 0, 6]",12,0
"[1, 7, 5, 3, 4, 2, 0, 6]",13,1
"[1, 7, 5, 3, 4, 2, 0, 6]",14,0
"[1, 7, 5, 3, 4, 2, 0, 6]",15,0
"[1, 7, 5, 3, 4, 2, 0, 6]",16,0
"[1, 7, 5, 3, 4, 2, 0, 6]",17,1
"[1, 7, 5, 3, 4, 2, 0, 6]",18,1
"[1, 7, 5, 3, 4, 2, 0, 6]",19,0
"[1, 7, 5, 3, 4, 2, 0, 6]",20,0
"[1, 7, 5, 3, 4, 2, 0, 6]",21,0
"[1, 7, 5, 3, 4, 2, 0, 6]",22,0
"[1, 7, 5, 3, 4, 2, 0, 6]",23,0
"[1, 7, 5, 3, 4, 2, 0, 6]",24,0
"[1, 7, 5, 3, 4, 2, 0, 6]",25,0
"[1, 7, 5, 3, 4, 2, 0, 6]",26,0
"[1, 7, 5, 3, 4, 2, 0, 6]",27,1
"[1, 7, 5, 3, 4, 2, 0, 6]",28,0
"[1, 7, 5, 3, 4, 2, 0, 6]",29,0
"[1, 7, 5, 3, 4, 2, 0, 6]",30,1
"[1, 7, 5, 3, 4, 2, 0, 6]",31,0
"[1, 7, 5, 3, 4, 2, 0, 6]",32,0
"[1, 7, 5, 3, 4, 2, 0, 6]",33,0
"[1, 7, 5, 3, 4, 2, 0, 6]",34,0
"[1, 7, 5, 3, 4, 2, 0, 6]",35,1
"[1, 7, 5, 3, 4, 2, 0, 6]",36,0
"[1, 7, 5, 3, 4, 2, 0, 6]",37,1
"[1, 7, 5, 3, 4, 2, 0, 6]",38,0
"[1, 7, 5, 3, 4, 2, 0, 6]",39,0
"[1, 7, 5, 3, 4, 2, 0, 6]",40,1
"[1, 7, 5, 3, 4, 2, 0, 6]",41,0
"[1, 7, 5, 3, 4, 2, 0, 6]",42,0
"[1, 7, 5, 3, 4, 2, 0, 6]",43,1
"[1, 7, 5, 3, 4, 2, 0, 6]",44,0
"[1, 7, 5, 3, 4, 2, 0, 6]",45,0
"[1, 7, 5, 3, 4, 2, 0, 6]",46,1
"[1, 7, 5, 3, 4, 2, 0, 6]",47,0
"[1, 7, 5, 3, 4, 2, 0, 6]",48,1
"[1, 7, 5, 3, 4, 2, 0, 6]",49,1
"[1, 7, 5, 3, 4, 2, 0, 6]",50,1
"[1, 7, 5, 3, 4, 2, 0, 6]",51,1
"[1, 7, 5, 3, 4, 2, 0, 6]",52,0
"[1, 7, 5, 3, 4, 2, 0, 6]",53,1
"[1, 7, 5, 3, 4, 2, 0, 6]",54,0
"[1, 7, 5, 3, 4, 2, 0, 6]",55,1
"[1, 7, 5, 3, 4, 2, 0, 6]",56,0
"[1, 7, 5, 3, 4, 2, 0, 6]",57,0
"[1, 7, 5, 3, 4, 2, 0, 6]",58,1
"[1, 7, 5, 3, 4, 2, 0, 6]",59,0
"[1, 7, 5, 3, 4, 2, 0, 6]",60,0
"[1, 7, 5, 3, 4, 2, 0, 6]",61,1
"[1, 7, 5, 3, 4, 2, 0, 6]",62,1
"[1, 7, 5, 3, 4, 2, 0, 6]",63,0
"[1, 7, 5, 3, 4, 2, 0, 6]",64,1
"[1, 7, 5, 3, 4, 2, 0, 6]",65,0
"[1, 7, 5, 3, 4, 2, 0, 6]",66,0
"[1, 7, 5, 3, 4, 2, 0, 6]",67,0
"[1, 7, 5, 3, 4, 2, 0, 6]",68,0
"[1, 7, 5, 3, 4, 2, 0, 6]",69,0
"[1, 7, 5, 3, 4, 2, 0, 6]",70,0
"[1, 7, 5, 3, 4, 2, 0, 6]",71,0
"[1, 7, 5, 3, 4, 2, 0, 6]",72,0
"[1, 7, 5, 3, 4, 2, 0, 6]",73,0
"[1, 7, 5, 3, 4, 2, 0, 6]",74,1
"[1, 7, 5, 3, 4, 2, 0, 6]",75,1
"[1, 7, 5, 3, 4, 2, 0, 6]",76,0
"[1, 7, 5, 3, 4, 2, 0, 6]",77,0
"[1, 7, 5, 3, 4, 2, 0, 6]",78,0
"[1, 7, 5, 3, 4, 2, 0, 6]",79,1
"[1, 7, 5, 3, 4, 2, 0, 6]",80,0
"[1, 7, 5, 3, 4, 2, 0, 6]",81,0
"[1, 7, 5, 3, 4, 2, 0, 6]",82,1
"[1, 7, 5, 3, 4, 2, 0, 6]",83,0
"[1, 7, 5, 3, 4, 2, 0, 6]",84,0
"[1, 7, 5, 3, 4, 2, 0, 6]",85,0
"[1, 7, 5, 3, 4, 2, 0, 6]",86,1
"[1, 7, 5, 3, 4, 2, 0, 6]",87,1
"[1, 7, 5, 3, 4, 2, 0, 6]",88,1
"[1, 7, 5, 3, 4, 2, 0, 6]",89,0
"[1, 7, 5, 3, 4, 2, 0, 6]",90,0
"[1, 7, 5, 3, 4, 2, 0, 6]",91,0
"[1, 7, 5, 3, 4, 2, 0, 6]",92,0
"[1, 7, 5, 3, 4, 2, 0, 6]",93,1
"[1, 7, 5, 3, 4, 2, 0, 6]",94,1
"[1, 7, 5, 3, 4, 2, 0, 6]",95,1
"[1, 7, 5, 3, 4, 2, 0, 6]",96,1
"[1, 7, 5, 3, 4, 2, 0, 6]",97,0
"[1, 7, 5, 3, 4, 2, 0, 6]",98,1
"[1, 7, 5, 3, 4, 2, 0, 6]",99,0
"[3, 7, 5, 0, 2, 4, 6, 1]",0,0
"[3, 7, 5, 0, 2, 4, 6, 1]",1,1
"[3, 7, 5, 0, 2, 4, 6, 1]",2,0
"[3, 7, 5, 0, 2, 4, 6, 1]",3,1
"[3, 7, 5, 0, 2, 4, 6, 1]",4,0
"[3, 7, 5, 0, 2, 4, 6, 1]",5,0
"[3, 7, 5, 0, 2, 4, 6, 1]",6,0
"[3, 7, 5, 0, 2, 4, 6, 1]",7,0
"[3, 7, 5, 0, 2, 4, 6, 1]",8,0
"[3, 7, 5, 0, 2, 4, 6, 1]",9,1
"[3, 7, 5, 0, 2, 4, 6, 1]",10,0
"[3, 7, 5, 0, 2, 4, 6, 1]",11,0
"[3, 7, 5, 0, 2, 4, 6, 1]",12,0
"[3, 7, 5, 0, 2, 4, 6, 1]",13,1
"[3, 7, 5, 0, 2, 4, 6, 1]",14,0
"[3, 7, 5, 0, 2, 4, 6, 1]",15,1
"[3, 7, 5, 0, 2, 4, 6, 1]",16,0
"[3, 7, 5, 0, 2, 4, 6, 1]",17,1
"[3, 7, 5, 0, 2, 4, 6, 1]",18,0
"[3, 7, 5, 0, 2, 4, 6, 1]",19,0
"[3, 7, 5, 0, 2, 4, 6, 1]",20,0
"[3, 7, 5, 0, 2, 4, 6, 1]",21,1
"[3, 7, 5, 0, 2, 4, 6, 1]",22,1
"[3, 7, 5, 0, 2, 4, 6, 1]",23,0
"[3, 7, 5, 0, 2, 4, 6, 1]",24,0
"[3, 7, 5, 0, 2, 4, 6, 1]",25,0
"[3, 7, 5, 0, 2, 4, 6, 1]",26,0
"[3, 7, 5, 0, 2, 4, 6, 1]",27,1
"[3, 7, 5, 0, 2, 4, 6, 1]",28,1
"[3, 7, 5, 0, 2, 4, 6, 1]",29,0
"[3, 7, 5, 0, 2, 4, 6, 1]",30,0
"[3, 7, 5, 0, 2, 4, 6, 1]",31,1
"[3, 7, 5, 0, 2, 4, 6, 1]",32,0
"[3, 7, 5, 0, 2, 4, 6, 1]",33,0
"[3, 7, 5, 0, 2, 4, 6, 1]",34,0
"[3, 7, 5, 0, 2, 4, 6, 1]",35,1
"[3, 7, 5, 0, 2, 4, 6, 1]",36,0
"[3, 7, 5, 0, 2, 4, 6, 1]",37,1
"[3, 7, 5, 0, 2, 4, 6, 1]",38,0
"[3, 7, 5, 0, 2, 4, 6, 1]",39,0
"[3, 7, 5, 0, 2, 4, 6, 1]",40,1
"[3, 7, 5, 0, 2, 4, 6, 1]",41,1
"[3, 7, 5, 0, 2, 4, 6, 1]",42,0
"[3, 7, 5, 0, 2, 4, 6, 1]",43,1
"[3, 7, 5, 0, 2, 4, 6, 1]",44,0
"[3, 7, 5, 0, 2, 4, 6, 1]",45,0
"[3, 7, 5, 0, 2, 4, 6, 1]",46,1
"[3, 7, 5, 0, 2, 4, 6, 1]",47,0
"[3, 7, 5, 0, 2, 4, 6, 1]",48,0
"[3, 7, 5, 0, 2, 4, 6, 1]",49,0
"[3, 7, 5, 0, 2, 4, 6, 1]",50,1
"[3, 7, 5, 0, 2, 4, 6, 1]",51,0
"[3, 7, 5, 0, 2, 4, 6, 1]",52,0
"[3, 7, 5, 0, 2, 4, 6, 1]",53,1
"[3, 7, 5, 0, 2, 4, 6, 1]",54,0
"[3, 7, 5, 0, 2, 4, 6, 1]",55,1
"[3, 7, 5, 0, 2, 4, 6, 1]",56,0
"[3, 7, 5, 0, 2, 4, 6, 1]",57,0
"[3, 7, 5, 0, 2, 4, 6, 1]",58,1
"[3, 7, 5, 0, 2, 4, 6, 1]",59,0
"[3, 7, 5, 0, 2, 4, 6, 1]",60,0
"[3, 7, 5, 0, 2, 4, 6, 1]",61,1
"[3, 7, 5, 0, 2, 4, 6, 1]",62,0
"[3, 7, 5, 0, 2, 4, 6, 1]",63,1
"[3, 7, 5, 0, 2, 4, 6, 1]",64,1
"[3, 7, 5, 0, 2, 4, 6, 1]",65,0
"[3, 7, 5, 0, 2, 4, 6, 1]",66,0
"[3, 7, 5, 0, 2, 4, 6, 1]",67,1
"[3, 7, 5, 0, 2, 4, 6, 1]",68,1
"[3, 7, 5, 0, 2, 4, 6, 1]",69,0
"[3, 7, 5, 0, 2, 4, 6, 1]",70,1
"[3, 7, 5, 0, 2, 4, 6, 1]",71,1
"[3, 7, 5, 0, 2, 4, 6, 1]",72,0
"[3, 7, 5, 0, 2, 4, 6, 1]",73,0
"[3, 7, 5, 0, 2, 4, 6, 1]",74,0
"[3, 7, 5, 0, 2, 4, 6, 1]",75,1
"[3, 7, 5, 0, 2, 4, 6, 1]",76,0
"[3, 7, 5, 0, 2, 4, 6, 1]",77,0
"[3, 7, 5, 0, 2, 4, 6, 1]",78,1
"[3, 7, 5, 0, 2, 4, 6, 1]",79,0
"[3, 7, 5, 0, 2, 4, 6, 1]",80,0
"[3, 7, 5, 0, 2, 4, 6, 1]",81,1
"[3, 7, 5, 0, 2, 4, 6, 1]",82,0
"[3, 7, 5, 0, 2, 4, 6, 1]",83,0
"[3, 7, 5, 0, 2, 4, 6, 1]",84,0
"[3, 7, 5, 0, 2, 4, 6, 1]",85,0
"[3, 7, 5, 0, 2, 4, 6, 1]",86,0
"[3, 7, 5, 0, 2, 4, 6, 1]",87,1
"[3, 7, 5, 0, 2, 4, 6, 1]",88,1
"[3, 7, 5, 0, 2, 4, 6, 1]",89,0
"[3, 7, 5, 0, 2, 4, 6, 1]",90,0
"[3, 7, 5, 0, 2, 4, 6, 1]",91,0
"[3, 7, 5, 0, 2, 4, 6, 1]",92,0
"[3, 7, 5, 0, 2, 4, 6, 1]",93,1
"[3, 7, 5, 0, 2, 4, 6, 1]",94,1
"[3, 7, 5, 0, 2, 4, 6, 1]",95,1
"[3, 7, 5, 0, 2, 4, 6, 1]",96,0
"[3, 7, 5, 0, 2, 4, 6, 1]",97,1
"[3, 7, 5, 0, 2, 4, 6, 1]",98,1
"[3, 7, 5, 0, 2, 4, 6, 1]",99,0
"[3, 5, 7, 4, 1, 2, 0, 6]",0,0
"[3, 5, 7, 4, 1, 2, 0, 6]",1,0
"[3, 5, 7, 4, 1, 2, 0, 6]",2,0
"[3, 5, 7, 4, 1, 2, 0, 6]",3,0
"[3, 5, 7, 4, 1, 2, 0, 6]",4,0
"[3, 5, 7, 4, 1, 2, 0, 6]",5,0
"[3, 5, 7, 4, 1, 2, 0, 6]",6,1
"[3, 5, 7, 4, 1, 2, 0, 6]",7,1
"[3, 5, 7, 4, 1, 2, 0, 6]",8,0
"[3, 5, 7, 4, 1, 2, 0, 6]",9,0
"[3, 5, 7, 4, 1, 2, 0, 6]",10,0
"[3, 5, 7, 4, 1, 2, 0, 6]",11,0
"[3, 5, 7, 4, 1, 2, 0, 6]",12,0
"[3, 5, 7, 4, 1, 2, 0, 6]",13,1
"[3, 5, 7, 4, 1, 2, 0, 6]",14,0
"[3, 5, 7, 4, 1, 2, 0, 6]",15,1
"[3, 5, 7, 4, 1, 2, 0, 6]",16,0
"[3, 5, 7, 4, 1, 2, 0, 6]",17,0
"[3, 5, 7, 4, 1, 2, 0, 6]",18,0
"[3, 5, 7, 4, 1, 2, 0, 6]",19,1
"[3, 5, 7, 4, 1, 2, 0, 6]",20,0
"[3, 5, 7, 4, 1, 2, 0, 6]",21,1
"[3, 5, 7, 4, 1, 2, 0, 6]",22,0
"[3, 5, 7, 4, 1, 2, 0, 6]",23,0
"[3, 5, 7, 4, 1, 2, 0, 6]",24,0
"[3, 5, 7, 4, 1, 2, 0, 6]",25,0
"[3, 5, 7, 4, 1, 2, 0, 6]",26,0
"[3, 5, 7, 4, 1, 2, 0, 6]",27,1
"[3, 5, 7, 4, 1, 2, 0, 6]",28,0
"[3, 5, 7, 4, 1, 2, 0, 6]",29,0
"[3, 5, 7, 4, 1, 2, 0, 6]",30,1
"[3, 5, 7, 4, 1, 2, 0, 6]",31,0
"[3, 5, 7, 4, 1, 2, 0, 6]",32,0
"[3, 5, 7, 4, 1, 2, 0, 6]",33,0
"[3, 5, 7, 4, 1, 2, 0, 6]",34,0
"[3, 5, 7, 4, 1, 2, 0, 6]",35,1
"[3, 5, 7, 4, 1, 2, 0, 6]",36,0
"[3, 5, 7, 4, 1, 2, 0, 6]",37,1
"[3, 5, 7, 4, 1, 2, 0, 6]",38,0
"[3, 5, 7, 4, 1, 2, 0, 6]",39,0
"[3, 5, 7, 4, 1, 2, 0, 6]",40,0
"[3, 5, 7, 4, 1, 2, 0, 6]",41,1
"[3, 5, 7, 4, 1, 2, 0, 6]",42,1
"[3, 5, 7, 4, 1, 2, 0, 6]",43,1
"[3, 5, 7, 4, 1, 2, 0, 6]",44,0
"[3, 5, 7, 4, 1, 2, 0, 6]",45,0
"[3, 5, 7, 4, 1, 2, 0, 6]",46,1
"[3, 5, 7, 4, 1, 2, 0, 6]",47,0
"[3, 5, 7, 4, 1, 2, 0, 6]",48,0
"[3, 5, 7, 4, 1, 2, 0, 6]",49,1
"[3, 5, 7, 4, 1, 2, 0, 6]",50,1
"[3, 5, 7, 4, 1, 2, 0, 6]",51,1
"[3, 5, 7, 4, 1, 2, 0, 6]",52,0
"[3, 5, 7, 4, 1, 2, 0, 6]",53,0
"[3, 5, 7, 4, 1, 2, 0, 6]",54,0
"[3, 5, 7, 4, 1, 2, 0, 6]",55,0
"[3, 5, 7, 4, 1, 2, 0, 6]",56,0
"[3, 5, 7, 4, 1, 2, 0, 6]",57,0
"[3, 5, 7, 4, 1, 2, 0, 6]",58,0
"[3, 5, 7, 4, 1, 2, 0, 6]",59,0
"[3, 5, 7, 4, 1, 2, 0, 6]",60,0
"[3, 5, 7, 4, 1, 2, 0, 6]",61,1
"[3, 5, 7, 4, 1, 2, 0, 6]",62,1
"[3, 5, 7, 4, 1, 2, 0, 6]",63,0
"[3, 5, 7, 4, 1, 2, 0, 6]",64,1
"[3, 5, 7, 4, 1, 2, 0, 6]",65,0
"[3, 5, 7, 4, 1, 2, 0, 6]",66,0
"[3, 5, 7, 4, 1, 2, 0, 6]",67,0
"[3, 5, 7, 4, 1, 2, 0, 6]",68,0
"[3, 5, 7, 4, 1, 2, 0, 6]",69,0
"[3, 5, 7, 4, 1, 2, 0, 6]",70,1
"[3, 5, 7, 4, 1, 2, 0, 6]",71,1
"[3, 5, 7, 4, 1, 2, 0, 6]",72,1
"[3, 5, 7, 4, 1, 2, 0, 6]",73,0
"[3, 5, 7, 4, 1, 2, 0, 6]",74,0
"[3, 5, 7, 4, 1, 2, 0, 6]",75,1
"[3, 5, 7, 4, 1, 2, 0, 6]",76,0
"[3, 5, 7, 4, 1, 2, 0, 6]",77,0
"[3, 5, 7, 4, 1, 2, 0, 6]",78,0
"[3, 5, 7, 4, 1, 2, 0, 6]",79,0
"[3, 5, 7, 4, 1, 2, 0, 6]",80,0
"[3, 5, 7, 4, 1, 2, 0, 6]",81,1
"[3, 5, 7, 4, 1, 2, 0, 6]",82,0
"[3, 5, 7, 4, 1, 2, 0, 6]",83,0
"[3, 5, 7, 4, 1, 2, 0, 6]",84,1
"[3, 5, 7, 4, 1, 2, 0, 6]",85,0
"[3, 5, 7, 4, 1, 2, 0, 6]",86,0
"[3, 5, 7, 4, 1, 2, 0, 6]",87,0
"[3, 5, 7, 4, 1, 2, 0, 6]",88,0
"[3, 5, 7, 4, 1, 2, 0, 6]",89,0
"[3, 5, 7, 4, 1, 2, 0, 6]",90,0
"[3, 5, 7, 4, 1, 2, 0, 6]",91,0
"[3, 5, 7, 4, 1, 2, 0, 6]",92,0
"[3, 5, 7, 4, 1, 2, 0, 6]",93,0
"[3, 5, 7, 4, 1, 2, 0, 6]",94,0
"[3, 5, 7, 4, 1, 2, 0, 6]",95,0
"[3, 5, 7, 4, 1, 2, 0, 6]",96,0
"[3, 5, 7, 4, 1, 2, 0, 6]",97,1
"[3, 5, 7, 4, 1, 2, 0, 6]",98,0
"[3, 5, 7, 4, 1, 2, 0, 6]",99,0
"[2, 0, 7, 5, 1, 3, 6, 4]",0,0
"[2, 0, 7, 5, 1, 3, 6, 4]",1,1
"[2, 0, 7, 5, 1, 3, 6, 4]",2,0
"[2, 0, 7, 5, 1, 3, 6, 4]",3,0
"[2, 0, 7, 5, 1, 3, 6, 4]",4,0
"[2, 0, 7, 5, 1, 3, 6, 4]",5,0
"[2, 0, 7, 5, 1, 3, 6, 4]",6,0
"[2, 0, 7, 5, 1, 3, 6, 4]",7,0
"[2, 0, 7, 5, 1, 3, 6, 4]",8,0
"[2, 0, 7, 5, 1, 3, 6, 4]",9,1
"[2, 0, 7, 5, 1, 3, 6, 4]",10,0
"[2, 0, 7, 5, 1, 3, 6, 4]",11,0
"[2, 0, 7, 5, 1, 3, 6, 4]",12,0
"[2, 0, 7, 5, 1, 3, 6, 4]",13,0
"[2, 0, 7, 5, 1, 3, 6, 4]",14,0
"[2, 0, 7, 5, 1, 3, 6, 4]",15,0
"[2, 0, 7, 5, 1, 3, 6, 4]",16,0
"[2, 0, 7, 5, 1, 3, 6, 4]",17,1
"[2, 0, 7, 5, 1, 3, 6, 4]",18,0
"[2, 0, 7, 5, 1, 3, 6, 4]",19,1
"[2, 0, 7, 5, 1, 3, 6, 4]",20,1
"[2, 0, 7, 5, 1, 3, 6, 4]",21,0
"[2, 0, 7, 5, 1, 3, 6, 4]",22,0
"[2, 0, 7, 5, 1, 3, 6, 4]",23,0
"[2, 0, 7, 5, 1, 3, 6, 4]",24,0
"[2, 0, 7, 5, 1, 3, 6, 4]",25,0
"[2, 0, 7, 5, 1, 3, 6, 4]",26,0
"[2, 0, 7, 5, 1, 3, 6, 4]",27,1
"[2, 0, 7, 5, 1, 3, 6, 4]",28,0
"[2, 0, 7, 5, 1, 3, 6, 4]",29,0
"[2, 0, 7, 5, 1, 3, 6, 4]",30,0
"[2, 0, 7, 5, 1, 3, 6, 4]",31,0
"[2, 0, 7, 5, 1, 3, 6, 4]",32,0
"[2, 0, 7, 5, 1, 3, 6, 4]",33,1
"[2, 0, 7, 5, 1, 3, 6, 4]",34,1
"[2, 0, 7, 5, 1, 3, 6, 4]",35,0
"[2, 0, 7, 5, 1, 3, 6, 4]",36,0
"[2, 0, 7, 5, 1, 3, 6, 4]",37,1
"[2, 0, 7, 5, 1, 3, 6, 4]",38,0
"[2, 0, 7, 5, 1, 3, 6, 4]",39,0
"[2, 0, 7, 5, 1, 3, 6, 4]",40,1
"[2, 0, 7, 5, 1, 3, 6, 4]",41,0
"[2, 0, 7, 5, 1, 3, 6, 4]",42,0
"[2, 0, 7, 5, 1, 3, 6, 4]",43,0
"[2, 0, 7, 5, 1, 3, 6, 4]",44,0
"[2, 0, 7, 5, 1, 3, 6, 4]",45,0
"[2, 0, 7, 5, 1, 3, 6, 4]",46,1
"[2, 0, 7, 5, 1, 3, 6, 4]",47,1
"[2, 0, 7, 5, 1, 3, 6, 4]",48,0
"[2, 0, 7, 5, 1, 3, 6, 4]",49,1
"[2, 0, 7, 5, 1, 3, 6, 4]",50,1
"[2, 0, 7, 5, 1, 3, 6, 4]",51,0
"[2, 0, 7, 5, 1, 3, 6, 4]",52,0
"[2, 0, 7, 5, 1, 3, 6, 4]",53,1
"[2, 0, 7, 5, 1, 3, 6, 4]",54,0
"[2, 0, 7, 5, 1, 3, 6, 4]",55,1
"[2, 0, 7, 5, 1, 3, 6, 4]",56,0
"[2, 0, 7, 5, 1, 3, 6, 4]",57,0
"[2, 0, 7, 5, 1, 3, 6, 4]",58,1
"[2, 0, 7, 5, 1, 3, 6, 4]",59,0
"[2, 0, 7, 5, 1, 3, 6, 4]",60,0
"[2, 0, 7, 5, 1, 3, 6, 4]",61,1
"[2, 0, 7, 5, 1, 3, 6, 4]",62,0
"[2, 0, 7, 5, 1, 3, 6, 4]",63,1
"[2, 0, 7, 5, 1, 3, 6, 4]",64,1
"[2, 0, 7, 5, 1, 3, 6, 4]",65,0
"[2, 0, 7, 5, 1, 3, 6, 4]",66,0
"[2, 0, 7, 5, 1, 3, 6, 4]",67,0
"[2, 0, 7, 5, 1, 3, 6, 4]",68,1
"[2, 0, 7, 5, 1, 3, 6, 4]",69,0
"[2, 0, 7, 5, 1, 3, 6, 4]",70,0
"[2, 0, 7, 5, 1, 3, 6, 4]",71,1
"[2, 0, 7, 5, 1, 3, 6, 4]",72,1
"[2, 0, 7, 5, 1, 3, 6, 4]",73,1
"[2, 0, 7, 5, 1, 3, 6, 4]",74,0
"[2, 0, 7, 5, 1, 3, 6, 4]",75,1
"[2, 0, 7, 5, 1, 3, 6, 4]",76,0
"[2, 0, 7, 5, 1, 3, 6, 4]",77,0
"[2, 0, 7, 5, 1, 3, 6, 4]",78,0
"[2, 0, 7, 5, 1, 3, 6, 4]",79,1
"[2, 0, 7, 5, 1, 3, 6, 4]",80,0
"[2, 0, 7, 5, 1, 3, 6, 4]",81,1
"[2, 0, 7, 5, 1, 3, 6, 4]",82,1
"[2, 0, 7, 5, 1, 3, 6, 4]",83,0
"[2, 0, 7, 5, 1, 3, 6, 4]",84,1
"[2, 0, 7, 5, 1, 3, 6, 4]",85,0
"[2, 0, 7, 5, 1, 3, 6, 4]",86,0
"[2, 0, 7, 5, 1, 3, 6, 4]",87,1
"[2, 0, 7, 5, 1, 3, 6, 4]",88,1
"[2, 0, 7, 5, 1, 3, 6, 4]",89,0
"[2, 0, 7, 5, 1, 3, 6, 4]",90,0
"[2, 0, 7, 5, 1, 3, 6, 4]",91,0
"[2, 0, 7, 5, 1, 3, 6, 4]",92,0
"[2, 0, 7, 5, 1, 3, 6, 4]",93,1
"[2, 0, 7, 5, 1, 3, 6, 4]",94,1
"[2, 0, 7, 5, 1, 3, 6, 4]",95,1
"[2, 0, 7, 5, 1, 3, 6, 4]",96,0
"[2, 0, 7, 5, 1, 3, 6, 4]",97,0
"[2, 0, 7, 5, 1, 3, 6, 4]",98,1
"[2, 0, 7, 5, 1, 3, 6, 4]",99,1
"[2, 1, 7, 0, 6, 4, 3, 5]",0,0
"[2, 1, 7, 0, 6, 4, 3, 5]",1,0
"[2, 1, 7, 0, 6, 4, 3, 5]",2,0
"[2, 1, 7, 0, 6, 4, 3, 5]",3,1
"[2, 1, 7, 0, 6, 4, 3, 5]",4,0
"[2, 1, 7, 0, 6, 4, 3, 5]",5,0
"[2, 1, 7, 0, 6, 4, 3, 5]",6,0
"[2, 1, 7, 0, 6, 4, 3, 5]",7,0
"[2, 1, 7, 0, 6, 4, 3, 5]",8,0
"[2, 1, 7, 0, 6, 4, 3, 5]",9,1
"[2, 1, 7, 0, 6, 4, 3, 5]",10,0
"[2, 1, 7, 0, 6, 4, 3, 5]",11,0
"[2, 1, 7, 0, 6, 4, 3, 5]",12,0
"[2, 1, 7, 0, 6, 4, 3, 5]",13,0
"[2, 1, 7, 0, 6, 4, 3, 5]",14,1
"[2, 1, 7, 0, 6, 4, 3, 5]",15,0
"[2, 1, 7, 0, 6, 4, 3, 5]",16,0
"[2, 1, 7, 0, 6, 4, 3, 5]",17,1
"[2, 1, 7, 0, 6, 4, 3, 5]",18,1
"[2, 1, 7, 0, 6, 4, 3, 5]",19,1
"[2, 1, 7, 0, 6, 4, 3, 5]",20,0
"[2, 1, 7, 0, 6, 4, 3, 5]",21,0
"[2, 1, 7, 0, 6, 4, 3, 5]",22,0
"[2, 1, 7, 0, 6, 4, 3, 5]",23,0
"[2, 1, 7, 0, 6, 4, 3, 5]",24,0
"[2, 1, 7, 0, 6, 4, 3, 5]",25,0
"[2, 1, 7, 0, 6, 4, 3, 5]",26,0
"[2, 1, 7, 0, 6, 4, 3, 5]",27,1
"[2, 1, 7, 0, 6, 4, 3, 5]",28,0
"[2, 1, 7, 0, 6, 4, 3, 5]",29,0
"[2, 1, 7, 0, 6, 4, 3, 5]",30,0
"[2, 1, 7, 0, 6, 4, 3, 5]",31,0
"[2, 1, 7, 0, 6, 4, 3, 5]",32,0
"[2, 1, 7, 0, 6, 4, 3, 5]",33,0
"[2, 1, 7, 0, 6, 4, 3, 5]",34,1
"[2, 1, 7, 0, 6, 4, 3, 5]",35,1
"[2, 1, 7, 0, 6, 4, 3, 5]",36,0
"[2, 1, 7, 0, 6, 4, 3, 5]",37,1
"[2, 1, 7, 0, 6, 4, 3, 5]",38,1
"[2, 1, 7, 0, 6, 4, 3, 5]",39,0
"[2, 1, 7, 0, 6, 4, 3, 5]",40,0
"[2, 1, 7, 0, 6, 4, 3, 5]",41,0
"[2, 1, 7, 0, 6, 4, 3, 5]",42,0
"[2, 1, 7, 0, 6, 4, 3, 5]",43,1
"[2, 1, 7, 0, 6, 4, 3, 5]",44,0
"[2, 1, 7, 0, 6, 4, 3, 5]",45,0
"[2, 1, 7, 0, 6, 4, 3, 5]",46,1
"[2, 1, 7, 0, 6, 4, 3, 5]",47,0
"[2, 1, 7, 0, 6, 4, 3, 5]",48,1
"[2, 1, 7, 0, 6, 4, 3, 5]",49,0
"[2, 1, 7, 0, 6, 4, 3, 5]",50,1
"[2, 1, 7, 0, 6, 4, 3, 5]",51,0
"[2, 1, 7, 0, 6, 4, 3, 5]",52,0
"[2, 1, 7, 0, 6, 4, 3, 5]",53,1
"[2, 1, 7, 0, 6, 4, 3, 5]",54,0
"[2, 1, 7, 0, 6, 4, 3, 5]",55,1
"[2, 1, 7, 0, 6, 4, 3, 5]",56,1
"[2, 1, 7, 0, 6, 4, 3, 5]",57,0
"[2, 1, 7, 0, 6, 4, 3, 5]",58,0
"[2, 1, 7, 0, 6, 4, 3, 5]",59,0
"[2, 1, 7, 0, 6, 4, 3, 5]",60,0
"[2, 1, 7, 0, 6, 4, 3, 5]",61,0
"[2, 1, 7, 0, 6, 4, 3, 5]",62,0
"[2, 1, 7, 0, 6, 4, 3, 5]",63,0
"[2, 1, 7, 0, 6, 4, 3, 5]",64,1
"[2, 1, 7, 0, 6, 4, 3, 5]",65,0
"[2, 1, 7, 0, 6, 4, 3, 5]",66,0
"[2, 1, 7, 0, 6, 4, 3, 5]",67,0
"[2, 1, 7, 0, 6, 4, 3, 5]",68,1
"[2, 1, 7, 0, 6, 4, 3, 5]",69,0
"[2, 1, 7, 0, 6, 4, 3, 5]",70,0
"[2, 1, 7, 0, 6, 4, 3, 5]",71,0
"[2, 1, 7, 0, 6, 4, 3, 5]",72,1
"[2, 1, 7, 0, 6, 4, 3, 5]",73,0
"[2, 1, 7, 0, 6, 4, 3, 5]",74,0
"[2, 1, 7, 0, 6, 4, 3, 5]",75,0
"[2, 1, 7, 0, 6, 4, 3, 5]",76,0
"[2, 1, 7, 0, 6, 4, 3, 5]",77,0
"[2, 1, 7, 0, 6, 4, 3, 5]",78,0
"[2, 1, 7, 0, 6, 4, 3, 5]",79,1
"[2, 1, 7, 0, 6, 4, 3, 5]",80,0
"[2, 1, 7, 0, 6, 4, 3, 5]",81,1
"[2, 1, 7, 0, 6, 4, 3, 5]",82,0
"[2, 1, 7, 0, 6, 4, 3, 5]",83,0
"[2, 1, 7, 0, 6, 4, 3, 5]",84,1
"[2, 1, 7, 0, 6, 4, 3, 5]",85,1
"[2, 1, 7, 0, 6, 4, 3, 5]",86,0
"[2, 1, 7, 0, 6, 4, 3, 5]",87,1
"[2, 1, 7, 0, 6, 4, 3, 5]",88,1
"[2, 1, 7, 0, 6, 4, 3, 5]",89,0
"[2, 1, 7, 0, 6, 4, 3, 5]",90,0
"[2, 1, 7, 0, 6, 4, 3, 5]",91,0
"[2, 1, 7, 0, 6, 4, 3, 5]",92,0
"[2, 1, 7, 0, 6, 4, 3, 5]",93,1
"[2, 1, 7, 0, 6, 4, 3, 5]",94,1
"[2, 1, 7, 0, 6, 4, 3, 5]",95,0
"[2, 1, 7, 0, 6, 4, 3, 5]",96,0
"[2, 1, 7, 0, 6, 4, 3, 5]",97,0
"[2, 1, 7, 0, 6, 4, 3, 5]",98,1
"[2, 1, 7, 0, 6, 4, 3, 5]",99,0
"[7, 0, 2, 6, 3, 4, 5, 1]",0,0
"[7, 0, 2, 6, 3, 4, 5, 1]",1,0
"[7, 0, 2, 6, 3, 4, 5, 1]",2,0
"[7, 0, 2, 6, 3, 4, 5, 1]",3,0
"[7, 0, 2, 6, 3, 4, 5, 1]",4,0
"[7, 0, 2, 6, 3, 4, 5, 1]",5,0
"[7, 0, 2, 6, 3, 4, 5, 1]",6,0
"[7, 0, 2, 6, 3, 4, 5, 1]",7,0
"[7, 0, 2, 6, 3, 4, 5, 1]",8,0
"[7, 0, 2, 6, 3, 4, 5, 1]",9,0
"[7, 0, 2, 6, 3, 4, 5, 1]",10,0
"[7, 0, 2, 6, 3, 4, 5, 1]",11,0
"[7, 0, 2, 6, 3, 4, 5, 1]",12,0
"[7, 0, 2, 6, 3, 4, 5, 1]",13,0
"[7, 0, 2, 6, 3, 4, 5, 1]",14,0
"[7, 0, 2, 6, 3, 4, 5, 1]",15,1
"[7, 0, 2, 6, 3, 4, 5, 1]",16,0
"[7, 0, 2, 6, 3, 4, 5, 1]",17,0
"[7, 0, 2, 6, 3, 4, 5, 1]",18,0
"[7, 0, 2, 6, 3, 4, 5, 1]",19,0
"[7, 0, 2, 6, 3, 4, 5, 1]",20,0
"[7, 0, 2, 6, 3, 4, 5, 1]",21,0
"[7, 0, 2, 6, 3, 4, 5, 1]",22,0
"[7, 0, 2, 6, 3, 4, 5, 1]",23,0
"[7, 0, 2, 6, 3, 4, 5, 1]",24,0
"[7, 0, 2, 6, 3, 4, 5, 1]",25,0
"[7, 0, 2, 6, 3, 4, 5, 1]",26,0
"[7, 0, 2, 6, 3, 4, 5, 1]",27,1
"[7, 0, 2, 6, 3, 4, 5, 1]",28,0
"[7, 0, 2, 6, 3, 4, 5, 1]",29,0
"[7, 0, 2, 6, 3, 4, 5, 1]",30,0
"[7, 0, 2, 6, 3, 4, 5, 1]",31,0
"[7, 0, 2, 6, 3, 4, 5, 1]",32,0
"[7, 0, 2, 6, 3, 4, 5, 1]",33,0
"[7, 0, 2, 6, 3, 4, 5, 1]",34,0
"[7, 0, 2, 6, 3, 4, 5, 1]",35,0
"[7, 0, 2, 6, 3, 4, 5, 1]",36,0
"[7, 0, 2, 6, 3, 4, 5, 1]",37,1
"[7, 0, 2, 6, 3, 4, 5, 1]",38,0
"[7, 0, 2, 6, 3, 4, 5, 1]",39,0
"[7, 0, 2, 6, 3, 4, 5, 1]",40,0
"[7, 0, 2, 6, 3, 4, 5, 1]",41,0
"[7, 0, 2, 6, 3, 4, 5, 1]",42,0
"[7, 0, 2, 6, 3, 4, 5, 1]",43,1
"[7, 0, 2, 6, 3, 4, 5, 1]",44,0
"[7, 0, 2, 6, 3, 4, 5, 1]",45,0
"[7, 0, 2, 6, 3, 4, 5, 1]",46,1
"[7, 0, 2, 6, 3, 4, 5, 1]",47,0
"[7, 0, 2, 6, 3, 4, 5, 1]",48,0
"[7, 0, 2, 6, 3, 4, 5, 1]",49,0
"[7, 0, 2, 6, 3, 4, 5, 1]",50,0
"[7, 0, 2, 6, 3, 4, 5, 1]",51,0
"[7, 0, 2, 6, 3, 4, 5, 1]",52,0
"[7, 0, 2, 6, 3, 4, 5, 1]",53,0
"[7, 0, 2, 6, 3, 4, 5, 1]",54,0
"[7, 0, 2, 6, 3, 4, 5, 1]",55,0
"[7, 0, 2, 6, 3, 4, 5, 1]",56,0
"[7, 0, 2, 6, 3, 4, 5, 1]",57,0
"[7, 0, 2, 6, 3, 4, 5, 1]",58,0
"[7, 0, 2, 6, 3, 4, 5, 1]",59,0
"[7, 0, 2, 6, 3, 4, 5, 1]",60,0
"[7, 0, 2, 6, 3, 4, 5, 1]",61,0
"[7, 0, 2, 6, 3, 4, 5, 1]",62,0
"[7, 0, 2, 6, 3, 4, 5, 1]",63,0
"[7, 0, 2, 6, 3, 4, 5, 1]",64,0
"[7, 0, 2, 6, 3, 4, 5, 1]",65,0
"[7, 0, 2, 6, 3, 4, 5, 1]",66,0
"[7, 0, 2, 6, 3, 4, 5, 1]",67,0
"[7, 0, 2, 6, 3, 4, 5, 1]",68,0
"[7, 0, 2, 6, 3, 4, 5, 1]",69,0
"[7, 0, 2, 6, 3, 4, 5, 1]",70,0
"[7, 0, 2, 6, 3, 4, 5, 1]",71,0
"[7, 0, 2, 6, 3, 4, 5, 1]",72,1
"[7, 0, 2, 6, 3, 4, 5, 1]",73,1
"[7, 0, 2, 6, 3, 4, 5, 1]",74,0
"[7, 0, 2, 6, 3, 4, 5, 1]",75,0
"[7, 0, 2, 6, 3, 4, 5, 1]",76,0
"[7, 0, 2, 6, 3, 4, 5, 1]",77,0
"[7, 0, 2, 6, 3, 4, 5, 1]",78,0
"[7, 0, 2, 6, 3, 4, 5, 1]",79,0
"[7, 0, 2, 6, 3, 4, 5, 1]",80,0
"[7, 0, 2, 6, 3, 4, 5, 1]",81,0
"[7, 0, 2, 6, 3, 4, 5, 1]",82,0
"[7, 0, 2, 6, 3, 4, 5, 1]",83,0
"[7, 0, 2, 6, 3, 4, 5, 1]",84,0
"[7, 0, 2, 6, 3, 4, 5, 1]",85,0
"[7, 0, 2, 6, 3, 4, 5, 1]",86,0
"[7, 0, 2, 6, 3, 4, 5, 1]",87,0
"[7, 0, 2, 6, 3, 4, 5, 1]",88,0
"[7, 0, 2, 6, 3, 4, 5, 1]",89,0
"[7, 0, 2, 6, 3, 4, 5, 1]",90,0
"[7, 0, 2, 6, 3, 4, 5, 1]",91,0
"[7, 0, 2, 6, 3, 4, 5, 1]",92,0
"[7, 0, 2, 6, 3, 4, 5, 1]",93,0
"[7, 0, 2, 6, 3, 4, 5, 1]",94,0
"[7, 0, 2, 6, 3, 4, 5, 1]",95,1
"[7, 0, 2, 6, 3, 4, 5, 1]",96,0
"[7, 0, 2, 6, 3, 4, 5, 1]",97,0
"[7, 0, 2, 6, 3, 4, 5, 1]",98,0
"[7, 0, 2, 6, 3, 4, 5, 1]",99,0
"[3, 6, 4, 7, 2, 0, 5, 1]",0,0
"[3, 6, 4, 7, 2, 0, 5, 1]",1,1
"[3, 6, 4, 7, 2, 0, 5, 1]",2,0
"[3, 6, 4, 7, 2, 0, 5, 1]",3,0
"[3, 6, 4, 7, 2, 0, 5, 1]",4,0
"[3, 6, 4, 7, 2, 0, 5, 1]",5,0
"[3, 6, 4, 7, 2, 0, 5, 1]",6,0
"[3, 6, 4, 7, 2, 0, 5, 1]",7,1
"[3, 6, 4, 7, 2, 0, 5, 1]",8,0
"[3, 6, 4, 7, 2, 0, 5, 1]",9,1
"[3, 6, 4, 7, 2, 0, 5, 1]",10,0
"[3, 6, 4, 7, 2, 0, 5, 1]",11,0
"[3, 6, 4, 7, 2, 0, 5, 1]",12,0
"[3, 6, 4, 7, 2, 0, 5, 1]",13,1
"[3, 6, 4, 7, 2, 0, 5, 1]",14,0
"[3, 6, 4, 7, 2, 0, 5, 1]",15,0
"[3, 6, 4, 7, 2, 0, 5, 1]",16,0
"[3, 6, 4, 7, 2, 0, 5, 1]",17,1
"[3, 6, 4, 7, 2, 0, 5, 1]",18,0
"[3, 6, 4, 7, 2, 0, 5, 1]",19,1
"[3, 6, 4, 7, 2, 0, 5, 1]",20,0
"[3, 6, 4, 7, 2, 0, 5, 1]",21,0
"[3, 6, 4, 7, 2, 0, 5, 1]",22,0
"[3, 6, 4, 7, 2, 0, 5, 1]",23,0
"[3, 6, 4, 7, 2, 0, 5, 1]",24,0
"[3, 6, 4, 7, 2, 0, 5, 1]",25,0
"[3, 6, 4, 7, 2, 0, 5, 1]",26,0
"[3, 6, 4, 7, 2, 0, 5, 1]",27,1
"[3, 6, 4, 7, 2, 0, 5, 1]",28,1
"[3, 6, 4, 7, 2, 0, 5, 1]",29,0
"[3, 6, 4, 7, 2, 0, 5, 1]",30,1
"[3, 6, 4, 7, 2, 0, 5, 1]",31,1
"[3, 6, 4, 7, 2, 0, 5, 1]",32,0
"[3, 6, 4, 7, 2, 0, 5, 1]",33,1
"[3, 6, 4, 7, 2, 0, 5, 1]",34,0
"[3, 6, 4, 7, 2, 0, 5, 1]",35,1
"[3, 6, 4, 7, 2, 0, 5, 1]",36,0
"[3, 6, 4, 7, 2, 0, 5, 1]",37,1
"[3, 6, 4, 7, 2, 0, 5, 1]",38,1
"[3, 6, 4, 7, 2, 0, 5, 1]",39,0
"[3, 6, 4, 7, 2, 0, 5, 1]",40,0
"[3, 6, 4, 7, 2, 0, 5, 1]",41,1
"[3, 6, 4, 7, 2, 0, 5, 1]",42,0
"[3, 6, 4, 7, 2, 0, 5, 1]",43,0
"[3, 6, 4, 7, 2, 0, 5, 1]",44,0
"[3, 6, 4, 7, 2, 0, 5, 1]",45,0
"[3, 6, 4, 7, 2, 0, 5, 1]",46,1
"[3, 6, 4, 7, 2, 0, 5, 1]",47,0
"[3, 6, 4, 7, 2, 0, 5, 1]",48,0
"[3, 6, 4, 7, 2, 0, 5, 1]",49,0
"[3, 6, 4, 7, 2, 0, 5, 1]",50,1
"[3, 6, 4, 7, 2, 0, 5, 1]",51,0
"[3, 6, 4, 7, 2, 0, 5, 1]",52,0
"[3, 6, 4, 7, 2, 0, 5, 1]",53,1
"[3, 6, 4, 7, 2, 0, 5, 1]",54,0
"[3, 6, 4, 7, 2, 0, 5, 1]",55,1
"[3, 6, 4, 7, 2, 0, 5, 1]",56,0
"[3, 6, 4, 7, 2, 0, 5, 1]",57,0
"[3, 6, 4, 7, 2, 0, 5, 1]",58,0
"[3, 6, 4, 7, 2, 0, 5, 1]",59,0
"[3, 6, 4, 7, 2, 0, 5, 1]",60,0
"[3, 6, 4, 7, 2, 0, 5, 1]",61,1
"[3, 6, 4, 7, 2, 0, 5, 1]",62,0
"[3, 6, 4, 7, 2, 0, 5, 1]",63,1
"[3, 6, 4, 7, 2, 0, 5, 1]",64,1
"[3, 6, 4, 7, 2, 0, 5, 1]",65,0
"[3, 6, 4, 7, 2, 0, 5, 1]",66,0
"[3, 6, 4, 7, 2, 0, 5, 1]",67,0
"[3, 6, 4, 7, 2, 0, 5, 1]",68,1
"[3, 6, 4, 7, 2, 0, 5, 1]",69,0
"[3, 6, 4, 7, 2, 0, 5, 1]",70,1
"[3, 6, 4, 7, 2, 0, 5, 1]",71,1
"[3, 6, 4, 7, 2, 0, 5, 1]",72,0
"[3, 6, 4, 7, 2, 0, 5, 1]",73,0
"[3, 6, 4, 7, 2, 0, 5, 1]",74,0
"[3, 6, 4, 7, 2, 0, 5, 1]",75,0
"[3, 6, 4, 7, 2, 0, 5, 1]",76,0
"[3, 6, 4, 7, 2, 0, 5, 1]",77,0
"[3, 6, 4, 7, 2, 0, 5, 1]",78,0
"[3, 6, 4, 7, 2, 0, 5, 1]",79,1
"[3, 6, 4, 7, 2, 0, 5, 1]",80,1
"[3, 6, 4, 7, 2, 0, 5, 1]",81,1
"[3, 6, 4, 7, 2, 0, 5, 1]",82,1
"[3, 6, 4, 7, 2, 0, 5, 1]",83,0
"[3, 6, 4, 7, 2, 0, 5, 1]",84,0
"[3, 6, 4, 7, 2, 0, 5, 1]",85,1
"[3, 6, 4, 7, 2, 0, 5, 1]",86,0
"[3, 6, 4, 7, 2, 0, 5, 1]",87,1
"[3, 6, 4, 7, 2, 0, 5, 1]",88,1
"[3, 6, 4, 7, 2, 0, 5, 1]",89,0
"[3, 6, 4, 7, 2, 0, 5, 1]",90,0
"[3, 6, 4, 7, 2, 0, 5, 1]",91,0
"[3, 6, 4, 7, 2, 0, 5, 1]",92,0
"[3, 6, 4, 7, 2, 0, 5, 1]",93,1
"[3, 6, 4, 7, 2, 0, 5, 1]",94,1
"[3, 6, 4, 7, 2, 0, 5, 1]",95,1
"[3, 6, 4, 7, 2, 0, 5, 1]",96,0
"[3, 6, 4, 7, 2, 0, 5, 1]",97,0
"[3, 6, 4, 7, 2, 0, 5, 1]",98,1
"[3, 6, 4, 7, 2, 0, 5, 1]",99,0
"[3, 7, 5, 6, 0, 1, 2, 4]",0,0
"[3, 7, 5, 6, 0, 1, 2, 4]",1,0
"[3, 7, 5, 6, 0, 1, 2, 4]",2,0
"[3, 7, 5, 6, 0, 1, 2, 4]",3,0
"[3, 7, 5, 6, 0, 1, 2, 4]",4,0
"[3, 7, 5, 6, 0, 1, 2, 4]",5,0
"[3, 7, 5, 6, 0, 1, 2, 4]",6,0
"[3, 7, 5, 6, 0, 1, 2, 4]",7,1
"[3, 7, 5, 6, 0, 1, 2, 4]",8,0
"[3, 7, 5, 6, 0, 1, 2, 4]",9,1
"[3, 7, 5, 6, 0, 1, 2, 4]",10,0
"[3, 7, 5, 6, 0, 1, 2, 4]",11,0
"[3, 7, 5, 6, 0, 1, 2, 4]",12,0
"[3, 7, 5, 6, 0, 1, 2, 4]",13,1
"[3, 7, 5, 6, 0, 1, 2, 4]",14,0
"[3, 7, 5, 6, 0, 1, 2, 4]",15,1
"[3, 7, 5, 6, 0, 1, 2, 4]",16,0
"[3, 7, 5, 6, 0, 1, 2, 4]",17,0
"[3, 7, 5, 6, 0, 1, 2, 4]",18,0
"[3, 7, 5, 6, 0, 1, 2, 4]",19,1
"[3, 7, 5, 6, 0, 1, 2, 4]",20,0
"[3, 7, 5, 6, 0, 1, 2, 4]",21,0
"[3, 7, 5, 6, 0, 1, 2, 4]",22,0
"[3, 7, 5, 6, 0, 1, 2, 4]",23,0
"[3, 7, 5, 6, 0, 1, 2, 4]",24,0
"[3, 7, 5, 6, 0, 1, 2, 4]",25,0
"[3, 7, 5, 6, 0, 1, 2, 4]",26,0
"[3, 7, 5, 6, 0, 1, 2, 4]",27,0
"[3, 7, 5, 6, 0, 1, 2, 4]",28,1
"[3, 7, 5, 6, 0, 1, 2, 4]",29,0
"[3, 7, 5, 6, 0, 1, 2, 4]",30,0
"[3, 7, 5, 6, 0, 1, 2, 4]",31,0
"[3, 7, 5, 6, 0, 1, 2, 4]",32,0
"[3, 7, 5, 6, 0, 1, 2, 4]",33,1
"[3, 7, 5, 6, 0, 1, 2, 4]",34,0
"[3, 7, 5, 6, 0, 1, 2, 4]",35,1
"[3, 7, 5, 6, 0, 1, 2, 4]",36,0
"[3, 7, 5, 6, 0, 1, 2, 4]",37,1
"[3, 7, 5, 6, 0, 1, 2, 4]",38,0
"[3, 7, 5, 6, 0, 1, 2, 4]",39,0
"[3, 7, 5, 6, 0, 1, 2, 4]",40,0
"[3, 7, 5, 6, 0, 1, 2, 4]",41,1
"[3, 7, 5, 6, 0, 1, 2, 4]",42,0
"[3, 7, 5, 6, 0, 1, 2, 4]",43,0
"[3, 7, 5, 6, 0, 1, 2, 4]",44,0
"[3, 7, 5, 6, 0, 1, 2, 4]",45,0
"[3, 7, 5, 6, 0, 1, 2, 4]",46,1
"[3, 7, 5, 6, 0, 1, 2, 4]",47,0
"[3, 7, 5, 6, 0, 1, 2, 4]",48,1
"[3, 7, 5, 6, 0, 1, 2, 4]",49,0
"[3, 7, 5, 6, 0, 1, 2, 4]",50,1
"[3, 7, 5, 6, 0, 1, 2, 4]",51,0
"[3, 7, 5, 6, 0, 1, 2, 4]",52,0
"[3, 7, 5, 6, 0, 1, 2, 4]",53,1
"[3, 7, 5, 6, 0, 1, 2, 4]",54,0
"[3, 7, 5, 6, 0, 1, 2, 4]",55,0
"[3, 7, 5, 6, 0, 1, 2, 4]",56,0
"[3, 7, 5, 6, 0, 1, 2, 4]",57,0
"[3, 7, 5, 6, 0, 1, 2, 4]",58,1
"[3, 7, 5, 6, 0, 1, 2, 4]",59,0
"[3, 7, 5, 6, 0, 1, 2, 4]",60,0
"[3, 7, 5, 6, 0, 1, 2, 4]",61,1
"[3, 7, 5, 6, 0, 1, 2, 4]",62,0
"[3, 7, 5, 6, 0, 1, 2, 4]",63,0
"[3, 7, 5, 6, 0, 1, 2, 4]",64,1
"[3, 7, 5, 6, 0, 1, 2, 4]",65,0
"[3, 7, 5, 6, 0, 1, 2, 4]",66,0
"[3, 7, 5, 6, 0, 1, 2, 4]",67,0
"[3, 7, 5, 6, 0, 1, 2, 4]",68,1
"[3, 7, 5, 6, 0, 1, 2, 4]",69,0
"[3, 7, 5, 6, 0, 1, 2, 4]",70,0
"[3, 7, 5, 6, 0, 1, 2, 4]",71,1
"[3, 7, 5, 6, 0, 1, 2, 4]",72,1
"[3, 7, 5, 6, 0, 1, 2, 4]",73,0
"[3, 7, 5, 6, 0, 1, 2, 4]",74,0
"[3, 7, 5, 6, 0, 1, 2, 4]",75,0
"[3, 7, 5, 6, 0, 1, 2, 4]",76,0
"[3, 7, 5, 6, 0, 1, 2, 4]",77,0
"[3, 7, 5, 6, 0, 1, 2, 4]",78,0
"[3, 7, 5, 6, 0, 1, 2, 4]",79,1
"[3, 7, 5, 6, 0, 1, 2, 4]",80,0
"[3, 7, 5, 6, 0, 1, 2, 4]",81,1
"[3, 7, 5, 6, 0, 1, 2, 4]",82,1
"[3, 7, 5, 6, 0, 1, 2, 4]",83,0
"[3, 7, 5, 6, 0, 1, 2, 4]",84,1
"[3, 7, 5, 6, 0, 1, 2, 4]",85,1
"[3, 7, 5, 6, 0, 1, 2, 4]",86,0
"[3, 7, 5, 6, 0, 1, 2, 4]",87,1
"[3, 7, 5, 6, 0, 1, 2, 4]",88,1
"[3, 7, 5, 6, 0, 1, 2, 4]",89,0
"[3, 7, 5, 6, 0, 1, 2, 4]",90,0
"[3, 7, 5, 6, 0, 1, 2, 4]",91,0
"[3, 7, 5, 6, 0, 1, 2, 4]",92,0
"[3, 7, 5, 6, 0, 1, 2, 4]",93,0
"[3, 7, 5, 6, 0, 1, 2, 4]",94,1
"[3, 7, 5, 6, 0, 1, 2, 4]",95,1
"[3, 7, 5, 6, 0, 1, 2, 4]",96,0
"[3, 7, 5, 6, 0, 1, 2, 4]",97,0
"[3, 7, 5, 6, 0, 1, 2, 4]",98,1
"[3, 7, 5, 6, 0, 1, 2, 4]",99,0
"[0, 7, 5, 2, 1, 6, 4, 3]",0,0
"[0, 7, 5, 2, 1, 6, 4, 3]",1,0
"[0, 7, 5, 2, 1, 6, 4, 3]",2,0
"[0, 7, 5, 2, 1, 6, 4, 3]",3,0
"[0, 7, 5, 2, 1, 6, 4, 3]",4,0
"[0, 7, 5, 2, 1, 6, 4, 3]",5,0
"[0, 7, 5, 2, 1, 6, 4, 3]",6,0
"[0, 7, 5, 2, 1, 6, 4, 3]",7,0
"[0, 7, 5, 2, 1, 6, 4, 3]",8,0
"[0, 7, 5, 2, 1, 6, 4, 3]",9,0
"[0, 7, 5, 2, 1, 6, 4, 3]",10,0
"[0, 7, 5, 2, 1, 6, 4, 3]",11,0
"[0, 7, 5, 2, 1, 6, 4, 3]",12,0
"[0, 7, 5, 2, 1, 6, 4, 3]",13,0
"[0, 7, 5, 2, 1, 6, 4, 3]",14,0
"[0, 7, 5, 2, 1, 6, 4, 3]",15,1
"[0, 7, 5, 2, 1, 6, 4, 3]",16,0
"[0, 7, 5, 2, 1, 6, 4, 3]",17,1
"[0, 7, 5, 2, 1, 6, 4, 3]",18,1
"[0, 7, 5, 2, 1, 6, 4, 3]",19,0
"[0, 7, 5, 2, 1, 6, 4, 3]",20,0
"[0, 7, 5, 2, 1, 6, 4, 3]",21,0
"[0, 7, 5, 2, 1, 6, 4, 3]",22,1
"[0, 7, 5, 2, 1, 6, 4, 3]",23,0
"[0, 7, 5, 2, 1, 6, 4, 3]",24,0
"[0, 7, 5, 2, 1, 6, 4, 3]",25,0
"[0, 7, 5, 2, 1, 6, 4, 3]",26,0
"[0, 7, 5, 2, 1, 6, 4, 3]",27,1
"[0, 7, 5, 2, 1, 6, 4, 3]",28,0
"[0, 7, 5, 2, 1, 6, 4, 3]",29,0
"[0, 7, 5, 2, 1, 6, 4, 3]",30,1
"[0, 7, 5, 2, 1, 6, 4, 3]",31,1
"[0, 7, 5, 2, 1, 6, 4, 3]",32,0
"[0, 7, 5, 2, 1, 6, 4, 3]",33,0
"[0, 7, 5, 2, 1, 6, 4, 3]",34,0
"[0, 7, 5, 2, 1, 6, 4, 3]",35,0
"[0, 7, 5, 2, 1, 6, 4, 3]",36,0
"[0, 7, 5, 2, 1, 6, 4, 3]",37,1
"[0, 7, 5, 2, 1, 6, 4, 3]",38,0
"[0, 7, 5, 2, 1, 6, 4, 3]",39,0
"[0, 7, 5, 2, 1, 6, 4, 3]",40,0
"[0, 7, 5, 2, 1, 6, 4, 3]",41,0
"[0, 7, 5, 2, 1, 6, 4, 3]",42,0
"[0, 7, 5, 2, 1, 6, 4, 3]",43,0
"[0, 7, 5, 2, 1, 6, 4, 3]",44,0
"[0, 7, 5, 2, 1, 6, 4, 3]",45,0
"[0, 7, 5, 2, 1, 6, 4, 3]",46,1
"[0, 7, 5, 2, 1, 6, 4, 3]",47,1
"[0, 7, 5, 2, 1, 6, 4, 3]",48,1
"[0, 7, 5, 2, 1, 6, 4, 3]",49,0
"[0, 7, 5, 2, 1, 6, 4, 3]",50,1
"[0, 7, 5, 2, 1, 6, 4, 3]",51,0
"[0, 7, 5, 2, 1, 6, 4, 3]",52,0
"[0, 7, 5, 2, 1, 6, 4, 3]",53,0
"[0, 7, 5, 2, 1, 6, 4, 3]",54,1
"[0, 7, 5, 2, 1, 6, 4, 3]",55,0
"[0, 7, 5, 2, 1, 6, 4, 3]",56,0
"[0, 7, 5, 2, 1, 6, 4, 3]",57,0
"[0, 7, 5, 2, 1, 6, 4, 3]",58,0
"[0, 7, 5, 2, 1, 6, 4, 3]",59,0
"[0, 7, 5, 2, 1, 6, 4, 3]",60,0
"[0, 7, 5, 2, 1, 6, 4, 3]",61,1
"[0, 7, 5, 2, 1, 6, 4, 3]",62,0
"[0, 7, 5, 2, 1, 6, 4, 3]",63,1
"[0, 7, 5, 2, 1, 6, 4, 3]",64,1
"[0, 7, 5, 2, 1, 6, 4, 3]",65,0
"[0, 7, 5, 2, 1, 6, 4, 3]",66,0
"[0, 7, 5, 2, 1, 6, 4, 3]",67,0
"[0, 7, 5, 2, 1, 6, 4, 3]",68,1
"[0, 7, 5, 2, 1, 6, 4, 3]",69,0
"[0, 7, 5, 2, 1, 6, 4, 3]",70,0
"[0, 7, 5, 2, 1, 6, 4, 3]",71,0
"[0, 7, 5, 2, 1, 6, 4, 3]",72,1
"[0, 7, 5, 2, 1, 6, 4, 3]",73,1
"[0, 7, 5, 2, 1, 6, 4, 3]",74,0
"[0, 7, 5, 2, 1, 6, 4, 3]",75,0
"[0, 7, 5, 2, 1, 6, 4, 3]",76,0
"[0, 7, 5, 2, 1, 6, 4, 3]",77,0
"[0, 7, 5, 2, 1, 6, 4, 3]",78,0
"[0, 7, 5, 2, 1, 6, 4, 3]",79,1
"[0, 7, 5, 2, 1, 6, 4, 3]",80,0
"[0, 7, 5, 2, 1, 6, 4, 3]",81,0
"[0, 7, 5, 2, 1, 6, 4, 3]",82,0
"[0, 7, 5, 2, 1, 6, 4, 3]",83,0
"[0, 7, 5, 2, 1, 6, 4, 3]",84,1
"[0, 7, 5, 2, 1, 6, 4, 3]",85,1
"[0, 7, 5, 2, 1, 6, 4, 3]",86,0
"[0, 7, 5, 2, 1, 6, 4, 3]",87,0
"[0, 7, 5, 2, 1, 6, 4, 3]",88,0
"[0, 7, 5, 2, 1, 6, 4, 3]",89,1
"[0, 7, 5, 2, 1, 6, 4, 3]",90,0
"[0, 7, 5, 2, 1, 6, 4, 3]",91,0
"[0, 7, 5, 2, 1, 6, 4, 3]",92,0
"[0, 7, 5, 2, 1, 6, 4, 3]",93,1
"[0, 7, 5, 2, 1, 6, 4, 3]",94,1
"[0, 7, 5, 2, 1, 6, 4, 3]",95,0
"[0, 7, 5, 2, 1, 6, 4, 3]",96,0
"[0, 7, 5, 2, 1, 6, 4, 3]",97,1
"[0, 7, 5, 2, 1, 6, 4, 3]",98,0
"[0, 7, 5, 2, 1, 6, 4, 3]",99,0
"[4, 3, 5, 0, 1, 2, 6, 7]",0,0
"[4, 3, 5, 0, 1, 2, 6, 7]",1,1
"[4, 3, 5, 0, 1, 2, 6, 7]",2,0
"[4, 3, 5, 0, 1, 2, 6, 7]",3,0
"[4, 3, 5, 0, 1, 2, 6, 7]",4,0
"[4, 3, 5, 0, 1, 2, 6, 7]",5,0
"[4, 3, 5, 0, 1, 2, 6, 7]",6,0
"[4, 3, 5, 0, 1, 2, 6, 7]",7,1
"[4, 3, 5, 0, 1, 2, 6, 7]",8,0
"[4, 3, 5, 0, 1, 2, 6, 7]",9,0
"[4, 3, 5, 0, 1, 2, 6, 7]",10,0
"[4, 3, 5, 0, 1, 2, 6, 7]",11,0
"[4, 3, 5, 0, 1, 2, 6, 7]",12,0
"[4, 3, 5, 0, 1, 2, 6, 7]",13,0
"[4, 3, 5, 0, 1, 2, 6, 7]",14,0
"[4, 3, 5, 0, 1, 2, 6, 7]",15,1
"[4, 3, 5, 0, 1, 2, 6, 7]",16,0
"[4, 3, 5, 0, 1, 2, 6, 7]",17,1
"[4, 3, 5, 0, 1, 2, 6, 7]",18,1
"[4, 3, 5, 0, 1, 2, 6, 7]",19,1
"[4, 3, 5, 0, 1, 2, 6, 7]",20,0
"[4, 3, 5, 0, 1, 2, 6, 7]",21,0
"[4, 3, 5, 0, 1, 2, 6, 7]",22,0
"[4, 3, 5, 0, 1, 2, 6, 7]",23,0
"[4, 3, 5, 0, 1, 2, 6, 7]",24,0
"[4, 3, 5, 0, 1, 2, 6, 7]",25,0
"[4, 3, 5, 0, 1, 2, 6, 7]",26,0
"[4, 3, 5, 0, 1, 2, 6, 7]",27,0
"[4, 3, 5, 0, 1, 2, 6, 7]",28,0
"[4, 3, 5, 0, 1, 2, 6, 7]",29,0
"[4, 3, 5, 0, 1, 2, 6, 7]",30,1
"[4, 3, 5, 0, 1, 2, 6, 7]",31,1
"[4, 3, 5, 0, 1, 2, 6, 7]",32,0
"[4, 3, 5, 0, 1, 2, 6, 7]",33,0
"[4, 3, 5, 0, 1, 2, 6, 7]",34,0
"[4, 3, 5, 0, 1, 2, 6, 7]",35,1
"[4, 3, 5, 0, 1, 2, 6, 7]",36,0
"[4, 3, 5, 0, 1, 2, 6, 7]",37,1
"[4, 3, 5, 0, 1, 2, 6, 7]",38,0
"[4, 3, 5, 0, 1, 2, 6, 7]",39,0
"[4, 3, 5, 0, 1, 2, 6, 7]",40,0
"[4, 3, 5, 0, 1, 2, 6, 7]",41,1
"[4, 3, 5, 0, 1, 2, 6, 7]",42,1
"[4, 3, 5, 0, 1, 2, 6, 7]",43,1
"[4, 3, 5, 0, 1, 2, 6, 7]",44,0
"[4, 3, 5, 0, 1, 2, 6, 7]",45,0
"[4, 3, 5, 0, 1, 2, 6, 7]",46,1
"[4, 3, 5, 0, 1, 2, 6, 7]",47,0
"[4, 3, 5, 0, 1, 2, 6, 7]",48,1
"[4, 3, 5, 0, 1, 2, 6, 7]",49,1
"[4, 3, 5, 0, 1, 2, 6, 7]",50,1
"[4, 3, 5, 0, 1, 2, 6, 7]",51,1
"[4, 3, 5, 0, 1, 2, 6, 7]",52,0
"[4, 3, 5, 0, 1, 2, 6, 7]",53,1
"[4, 3, 5, 0, 1, 2, 6, 7]",54,1
"[4, 3, 5, 0, 1, 2, 6, 7]",55,1
"[4, 3, 5, 0, 1, 2, 6, 7]",56,0
"[4, 3, 5, 0, 1, 2, 6, 7]",57,0
"[4, 3, 5, 0, 1, 2, 6, 7]",58,0
"[4, 3, 5, 0, 1, 2, 6, 7]",59,0
"[4, 3, 5, 0, 1, 2, 6, 7]",60,0
"[4, 3, 5, 0, 1, 2, 6, 7]",61,1
"[4, 3, 5, 0, 1, 2, 6, 7]",62,0
"[4, 3, 5, 0, 1, 2, 6, 7]",63,0
"[4, 3, 5, 0, 1, 2, 6, 7]",64,1
"[4, 3, 5, 0, 1, 2, 6, 7]",65,0
"[4, 3, 5, 0, 1, 2, 6, 7]",66,0
"[4, 3, 5, 0, 1, 2, 6, 7]",67,1
"[4, 3, 5, 0, 1, 2, 6, 7]",68,1
"[4, 3, 5, 0, 1, 2, 6, 7]",69,1
"[4, 3, 5, 0, 1, 2, 6, 7]",70,1
"[4, 3, 5, 0, 1, 2, 6, 7]",71,1
"[4, 3, 5, 0, 1, 2, 6, 7]",72,0
"[4, 3, 5, 0, 1, 2, 6, 7]",73,0
"[4, 3, 5, 0, 1, 2, 6, 7]",74,0
"[4, 3, 5, 0, 1, 2, 6, 7]",75,0
"[4, 3, 5, 0, 1, 2, 6, 7]",76,0
"[4, 3, 5, 0, 1, 2, 6, 7]",77,0
"[4, 3, 5, 0, 1, 2, 6, 7]",78,0
"[4, 3, 5, 0, 1, 2, 6, 7]",79,1
"[4, 3, 5, 0, 1, 2, 6, 7]",80,1
"[4, 3, 5, 0, 1, 2, 6, 7]",81,1
"[4, 3, 5, 0, 1, 2, 6, 7]",82,0
"[4, 3, 5, 0, 1, 2, 6, 7]",83,0
"[4, 3, 5, 0, 1, 2, 6, 7]",84,1
"[4, 3, 5, 0, 1, 2, 6, 7]",85,0
"[4, 3, 5, 0, 1, 2, 6, 7]",86,0
"[4, 3, 5, 0, 1, 2, 6, 7]",87,0
"[4, 3, 5, 0, 1, 2, 6, 7]",88,1
"[4, 3, 5, 0, 1, 2, 6, 7]",89,0
"[4, 3, 5, 0, 1, 2, 6, 7]",90,0
"[4, 3, 5, 0, 1, 2, 6, 7]",91,0
"[4, 3, 5, 0, 1, 2, 6, 7]",92,0
"[4, 3, 5, 0, 1, 2, 6, 7]",93,1
"[4, 3, 5, 0, 1, 2, 6, 7]",94,0
"[4, 3, 5, 0, 1, 2, 6, 7]",95,1
"[4, 3, 5, 0, 1, 2, 6, 7]",96,0
"[4, 3, 5, 0, 1, 2, 6, 7]",97,0
"[4, 3, 5, 0, 1, 2, 6, 7]",98,1
"[4, 3, 5, 0, 1, 2, 6, 7]",99,0
"[0, 1, 2, 4, 5, 6, 3, 7]",0,0
"[0, 1, 2, 4, 5, 6, 3, 7]",1,1
"[0, 1, 2, 4, 5, 6, 3, 7]",2,0
"[0, 1, 2, 4, 5, 6, 3, 7]",3,0
"[0, 1, 2, 4, 5, 6, 3, 7]",4,1
"[0, 1, 2, 4, 5, 6, 3, 7]",5,0
"[0, 1, 2, 4, 5, 6, 3, 7]",6,1
"[0, 1, 2, 4, 5, 6, 3, 7]",7,1
"[0, 1, 2, 4, 5, 6, 3, 7]",8,0
"[0, 1, 2, 4, 5, 6, 3, 7]",9,1
"[0, 1, 2, 4, 5, 6, 3, 7]",10,0
"[0, 1, 2, 4, 5, 6, 3, 7]",11,0
"[0, 1, 2, 4, 5, 6, 3, 7]",12,0
"[0, 1, 2, 4, 5, 6, 3, 7]",13,1
"[0, 1, 2, 4, 5, 6, 3, 7]",14,1
"[0, 1, 2, 4, 5, 6, 3, 7]",15,1
"[0, 1, 2, 4, 5, 6, 3, 7]",16,0
"[0, 1, 2, 4, 5, 6, 3, 7]",17,1
"[0, 1, 2, 4, 5, 6, 3, 7]",18,1
"[0, 1, 2, 4, 5, 6, 3, 7]",19,1
"[0, 1, 2, 4, 5, 6, 3, 7]",20,0
"[0, 1, 2, 4, 5, 6, 3, 7]",21,0
"[0, 1, 2, 4, 5, 6, 3, 7]",22,0
"[0, 1, 2, 4, 5, 6, 3, 7]",23,0
"[0, 1, 2, 4, 5, 6, 3, 7]",24,0
"[0, 1, 2, 4, 5, 6, 3, 7]",25,0
"[0, 1, 2, 4, 5, 6, 3, 7]",26,1
"[0, 1, 2, 4, 5, 6, 3, 7]",27,1
"[0, 1, 2, 4, 5, 6, 3, 7]",28,0
"[0, 1, 2, 4, 5, 6, 3, 7]",29,0
"[0, 1, 2, 4, 5, 6, 3, 7]",30,1
"[0, 1, 2, 4, 5, 6, 3, 7]",31,0
"[0, 1, 2, 4, 5, 6, 3, 7]",32,0
"[0, 1, 2, 4, 5, 6, 3, 7]",33,1
"[0, 1, 2, 4, 5, 6, 3, 7]",34,0
"[0, 1, 2, 4, 5, 6, 3, 7]",35,1
"[0, 1, 2, 4, 5, 6, 3, 7]",36,0
"[0, 1, 2, 4, 5, 6, 3, 7]",37,1
"[0, 1, 2, 4, 5, 6, 3, 7]",38,0
"[0, 1, 2, 4, 5, 6, 3, 7]",39,0
"[0, 1, 2, 4, 5, 6, 3, 7]",40,1
"[0, 1, 2, 4, 5, 6, 3, 7]",41,1
"[0, 1, 2, 4, 5, 6, 3, 7]",42,1
"[0, 1, 2, 4, 5, 6, 3, 7]",43,1
"[0, 1, 2, 4, 5, 6, 3, 7]",44,0
"[0, 1, 2, 4, 5, 6, 3, 7]",45,0
"[0, 1, 2, 4, 5, 6, 3, 7]",46,0
"[0, 1, 2, 4, 5, 6, 3, 7]",47,0
"[0, 1, 2, 4, 5, 6, 3, 7]",48,1
"[0, 1, 2, 4, 5, 6, 3, 7]",49,0
"[0, 1, 2, 4, 5, 6, 3, 7]",50,1
"[0, 1, 2, 4, 5, 6, 3, 7]",51,1
"[0, 1, 2, 4, 5, 6, 3, 7]",52,0
"[0, 1, 2, 4, 5, 6, 3, 7]",53,0
"[0, 1, 2, 4, 5, 6, 3, 7]",54,1
"[0, 1, 2, 4, 5, 6, 3, 7]",55,1
"[0, 1, 2, 4, 5, 6, 3, 7]",56,0
"[0, 1, 2, 4, 5, 6, 3, 7]",57,0
"[0, 1, 2, 4, 5, 6, 3, 7]",58,0
"[0, 1, 2, 4, 5, 6, 3, 7]",59,0
"[0, 1, 2, 4, 5, 6, 3, 7]",60,0
"[0, 1, 2, 4, 5, 6, 3, 7]",61,1
"[0, 1, 2, 4, 5, 6, 3, 7]",62,0
"[0, 1, 2, 4, 5, 6, 3, 7]",63,1
"[0, 1, 2, 4, 5, 6, 3, 7]",64,0
"[0, 1, 2, 4, 5, 6, 3, 7]",65,0
"[0, 1, 2, 4, 5, 6, 3, 7]",66,0
"[0, 1, 2, 4, 5, 6, 3, 7]",67,0
"[0, 1, 2, 4, 5, 6, 3, 7]",68,1
"[0, 1, 2, 4, 5, 6, 3, 7]",69,0
"[0, 1, 2, 4, 5, 6, 3, 7]",70,1
"[0, 1, 2, 4, 5, 6, 3, 7]",71,1
"[0, 1, 2, 4, 5, 6, 3, 7]",72,0
"[0, 1, 2, 4, 5, 6, 3, 7]",73,0
"[0, 1, 2, 4, 5, 6, 3, 7]",74,0
"[0, 1, 2, 4, 5, 6, 3, 7]",75,0
"[0, 1, 2, 4, 5, 6, 3, 7]",76,0
"[0, 1, 2, 4, 5, 6, 3, 7]",77,0
"[0, 1, 2, 4, 5, 6, 3, 7]",78,0
"[0, 1, 2, 4, 5, 6, 3, 7]",79,1
"[0, 1, 2, 4, 5, 6, 3, 7]",80,1
"[0, 1, 2, 4, 5, 6, 3, 7]",81,0
"[0, 1, 2, 4, 5, 6, 3, 7]",82,0
"[0, 1, 2, 4, 5, 6, 3, 7]",83,0
"[0, 1, 2, 4, 5, 6, 3, 7]",84,0
"[0, 1, 2, 4, 5, 6, 3, 7]",85,0
"[0, 1, 2, 4, 5, 6, 3, 7]",86,0
"[0, 1, 2, 4, 5, 6, 3, 7]",87,1
"[0, 1, 2, 4, 5, 6, 3, 7]",88,1
"[0, 1, 2, 4, 5, 6, 3, 7]",89,0
"[0, 1, 2, 4, 5, 6, 3, 7]",90,0
"[0, 1, 2, 4, 5, 6, 3, 7]",91,0
"[0, 1, 2, 4, 5, 6, 3, 7]",92,0
"[0, 1, 2, 4, 5, 6, 3, 7]",93,1
"[0, 1, 2, 4, 5, 6, 3, 7]",94,1
"[0, 1, 2, 4, 5, 6, 3, 7]",95,1
"[0, 1, 2, 4, 5, 6, 3, 7]",96,0
"[0, 1, 2, 4, 5, 6, 3, 7]",97,0
"[0, 1, 2, 4, 5, 6, 3, 7]",98,1
"[0, 1, 2, 4, 5, 6, 3, 7]",99,0
"[5, 6, 2, 0, 3, 7, 4, 1]",0,0
"[5, 6, 2, 0, 3, 7, 4, 1]",1,0
"[5, 6, 2, 0, 3, 7, 4, 1]",2,0
"[5, 6, 2, 0, 3, 7, 4, 1]",3,0
"[5, 6, 2, 0, 3, 7, 4, 1]",4,0
"[5, 6, 2, 0, 3, 7, 4, 1]",5,0
"[5, 6, 2, 0, 3, 7, 4, 1]",6,0
"[5, 6, 2, 0, 3, 7, 4, 1]",7,1
"[5, 6, 2, 0, 3, 7, 4, 1]",8,0
"[5, 6, 2, 0, 3, 7, 4, 1]",9,0
"[5, 6, 2, 0, 3, 7, 4, 1]",10,0
"[5, 6, 2, 0, 3, 7, 4, 1]",11,0
"[5, 6, 2, 0, 3, 7, 4, 1]",12,1
"[5, 6, 2, 0, 3, 7, 4, 1]",13,1
"[5, 6, 2, 0, 3, 7, 4, 1]",14,0
"[5, 6, 2, 0, 3, 7, 4, 1]",15,1
"[5, 6, 2, 0, 3, 7, 4, 1]",16,0
"[5, 6, 2, 0, 3, 7, 4, 1]",17,1
"[5, 6, 2, 0, 3, 7, 4, 1]",18,0
"[5, 6, 2, 0, 3, 7, 4, 1]",19,0
"[5, 6, 2, 0, 3, 7, 4, 1]",20,0
"[5, 6, 2, 0, 3, 7, 4, 1]",21,0
"[5, 6, 2, 0, 3, 7, 4, 1]",22,0
"[5, 6, 2, 0, 3, 7, 4, 1]",23,1
"[5, 6, 2, 0, 3, 7, 4, 1]",24,0
"[5, 6, 2, 0, 3, 7, 4, 1]",25,0
"[5, 6, 2, 0, 3, 7, 4, 1]",26,0
"[5, 6, 2, 0, 3, 7, 4, 1]",27,1
"[5, 6, 2, 0, 3, 7, 4, 1]",28,1
"[5, 6, 2, 0, 3, 7, 4, 1]",29,0
"[5, 6, 2, 0, 3, 7, 4, 1]",30,1
"[5, 6, 2, 0, 3, 7, 4, 1]",31,0
"[5, 6, 2, 0, 3, 7, 4, 1]",32,0
"[5, 6, 2, 0, 3, 7, 4, 1]",33,1
"[5, 6, 2, 0, 3, 7, 4, 1]",34,0
"[5, 6, 2, 0, 3, 7, 4, 1]",35,1
"[5, 6, 2, 0, 3, 7, 4, 1]",36,0
"[5, 6, 2, 0, 3, 7, 4, 1]",37,1
"[5, 6, 2, 0, 3, 7, 4, 1]",38,1
"[5, 6, 2, 0, 3, 7, 4, 1]",39,0
"[5, 6, 2, 0, 3, 7, 4, 1]",40,0
"[5, 6, 2, 0, 3, 7, 4, 1]",41,1
"[5, 6, 2, 0, 3, 7, 4, 1]",42,0
"[5, 6, 2, 0, 3, 7, 4, 1]",43,1
"[5, 6, 2, 0, 3, 7, 4, 1]",44,0
"[5, 6, 2, 0, 3, 7, 4, 1]",45,0
"[5, 6, 2, 0, 3, 7, 4, 1]",46,1
"[5, 6, 2, 0, 3, 7, 4, 1]",47,0
"[5, 6, 2, 0, 3, 7, 4, 1]",48,1
"[5, 6, 2, 0, 3, 7, 4, 1]",49,1
"[5, 6, 2, 0, 3, 7, 4, 1]",50,1
"[5, 6, 2, 0, 3, 7, 4, 1]",51,0
"[5, 6, 2, 0, 3, 7, 4, 1]",52,0
"[5, 6, 2, 0, 3, 7, 4, 1]",53,0
"[5, 6, 2, 0, 3, 7, 4, 1]",54,1
"[5, 6, 2, 0, 3, 7, 4, 1]",55,1
"[5, 6, 2, 0, 3, 7, 4, 1]",56,0
"[5, 6, 2, 0, 3, 7, 4, 1]",57,0
"[5, 6, 2, 0, 3, 7, 4, 1]",58,1
"[5, 6, 2, 0, 3, 7, 4, 1]",59,0
"[5, 6, 2, 0, 3, 7, 4, 1]",60,0
"[5, 6, 2, 0, 3, 7, 4, 1]",61,0
"[5, 6, 2, 0, 3, 7, 4, 1]",62,1
"[5, 6, 2, 0, 3, 7, 4, 1]",63,1
"[5, 6, 2, 0, 3, 7, 4, 1]",64,1
"[5, 6, 2, 0, 3, 7, 4, 1]",65,0
"[5, 6, 2, 0, 3, 7, 4, 1]",66,0
"[5, 6, 2, 0, 3, 7, 4, 1]",67,1
"[5, 6, 2, 0, 3, 7, 4, 1]",68,1
"[5, 6, 2, 0, 3, 7, 4, 1]",69,0
"[5, 6, 2, 0, 3, 7, 4, 1]",70,1
"[5, 6, 2, 0, 3, 7, 4, 1]",71,1
"[5, 6, 2, 0, 3, 7, 4, 1]",72,1
"[5, 6, 2, 0, 3, 7, 4, 1]",73,0
"[5, 6, 2, 0, 3, 7, 4, 1]",74,0
"[5, 6, 2, 0, 3, 7, 4, 1]",75,1
"[5, 6, 2, 0, 3, 7, 4, 1]",76,0
"[5, 6, 2, 0, 3, 7, 4, 1]",77,0
"[5, 6, 2, 0, 3, 7, 4, 1]",78,0
"[5, 6, 2, 0, 3, 7, 4, 1]",79,1
"[5, 6, 2, 0, 3, 7, 4, 1]",80,1
"[5, 6, 2, 0, 3, 7, 4, 1]",81,0
"[5, 6, 2, 0, 3, 7, 4, 1]",82,0
"[5, 6, 2, 0, 3, 7, 4, 1]",83,0
"[5, 6, 2, 0, 3, 7, 4, 1]",84,0
"[5, 6, 2, 0, 3, 7, 4, 1]",85,0
"[5, 6, 2, 0, 3, 7, 4, 1]",86,0
"[5, 6, 2, 0, 3, 7, 4, 1]",87,1
"[5, 6, 2, 0, 3, 7, 4, 1]",88,1
"[5, 6, 2, 0, 3, 7, 4, 1]",89,0
"[5, 6, 2, 0, 3, 7, 4, 1]",90,0
"[5, 6, 2, 0, 3, 7, 4, 1]",91,0
"[5, 6, 2, 0, 3, 7, 4, 1]",92,0
"[5, 6, 2, 0, 3, 7, 4, 1]",93,1
"[5, 6, 2, 0, 3, 7, 4, 1]",94,1
"[5, 6, 2, 0, 3, 7, 4, 1]",95,1
"[5, 6, 2, 0, 3, 7, 4, 1]",96,0
"[5, 6, 2, 0, 3, 7, 4, 1]",97,1
"[5, 6, 2, 0, 3, 7, 4, 1]",98,0
"[5, 6, 2, 0, 3, 7, 4, 1]",99,0
"[3, 4, 0, 5, 1, 6, 7, 2]",0,0
"[3, 4, 0, 5, 1, 6, 7, 2]",1,1
"[3, 4, 0, 5, 1, 6, 7, 2]",2,0
"[3, 4, 0, 5, 1, 6, 7, 2]",3,0
"[3, 4, 0, 5, 1, 6, 7, 2]",4,0
"[3, 4, 0, 5, 1, 6, 7, 2]",5,0
"[3, 4, 0, 5, 1, 6, 7, 2]",6,0
"[3, 4, 0, 5, 1, 6, 7, 2]",7,1
"[3, 4, 0, 5, 1, 6, 7, 2]",8,0
"[3, 4, 0, 5, 1, 6, 7, 2]",9,1
"[3, 4, 0, 5, 1, 6, 7, 2]",10,0
"[3, 4, 0, 5, 1, 6, 7, 2]",11,0
"[3, 4, 0, 5, 1, 6, 7, 2]",12,0
"[3, 4, 0, 5, 1, 6, 7, 2]",13,0
"[3, 4, 0, 5, 1, 6, 7, 2]",14,1
"[3, 4, 0, 5, 1, 6, 7, 2]",15,0
"[3, 4, 0, 5, 1, 6, 7, 2]",16,0
"[3, 4, 0, 5, 1, 6, 7, 2]",17,1
"[3, 4, 0, 5, 1, 6, 7, 2]",18,1
"[3, 4, 0, 5, 1, 6, 7, 2]",19,0
"[3, 4, 0, 5, 1, 6, 7, 2]",20,0
"[3, 4, 0, 5, 1, 6, 7, 2]",21,0
"[3, 4, 0, 5, 1, 6, 7, 2]",22,0
"[3, 4, 0, 5, 1, 6, 7, 2]",23,0
"[3, 4, 0, 5, 1, 6, 7, 2]",24,0
"[3, 4, 0, 5, 1, 6, 7, 2]",25,0
"[3, 4, 0, 5, 1, 6, 7, 2]",26,1
"[3, 4, 0, 5, 1, 6, 7, 2]",27,1
"[3, 4, 0, 5, 1, 6, 7, 2]",28,1
"[3, 4, 0, 5, 1, 6, 7, 2]",29,0
"[3, 4, 0, 5, 1, 6, 7, 2]",30,1
"[3, 4, 0, 5, 1, 6, 7, 2]",31,1
"[3, 4, 0, 5, 1, 6, 7, 2]",32,0
"[3, 4, 0, 5, 1, 6, 7, 2]",33,1
"[3, 4, 0, 5, 1, 6, 7, 2]",34,0
"[3, 4, 0, 5, 1, 6, 7, 2]",35,1
"[3, 4, 0, 5, 1, 6, 7, 2]",36,0
"[3, 4, 0, 5, 1, 6, 7, 2]",37,1
"[3, 4, 0, 5, 1, 6, 7, 2]",38,0
"[3, 4, 0, 5, 1, 6, 7, 2]",39,0
"[3, 4, 0, 5, 1, 6, 7, 2]",40,1
"[3, 4, 0, 5, 1, 6, 7, 2]",41,0
"[3, 4, 0, 5, 1, 6, 7, 2]",42,0
"[3, 4, 0, 5, 1, 6, 7, 2]",43,0
"[3, 4, 0, 5, 1, 6, 7, 2]",44,0
"[3, 4, 0, 5, 1, 6, 7, 2]",45,0
"[3, 4, 0, 5, 1, 6, 7, 2]",46,1
"[3, 4, 0, 5, 1, 6, 7, 2]",47,0
"[3, 4, 0, 5, 1, 6, 7, 2]",48,1
"[3, 4, 0, 5, 1, 6, 7, 2]",49,0
"[3, 4, 0, 5, 1, 6, 7, 2]",50,1
"[3, 4, 0, 5, 1, 6, 7, 2]",51,1
"[3, 4, 0, 5, 1, 6, 7, 2]",52,0
"[3, 4, 0, 5, 1, 6, 7, 2]",53,1
"[3, 4, 0, 5, 1, 6, 7, 2]",54,0
"[3, 4, 0, 5, 1, 6, 7, 2]",55,1
"[3, 4, 0, 5, 1, 6, 7, 2]",56,0
"[3, 4, 0, 5, 1, 6, 7, 2]",57,0
"[3, 4, 0, 5, 1, 6, 7, 2]",58,0
"[3, 4, 0, 5, 1, 6, 7, 2]",59,0
"[3, 4, 0, 5, 1, 6, 7, 2]",60,0
"[3, 4, 0, 5, 1, 6, 7, 2]",61,1
"[3, 4, 0, 5, 1, 6, 7, 2]",62,0
"[3, 4, 0, 5, 1, 6, 7, 2]",63,1
"[3, 4, 0, 5, 1, 6, 7, 2]",64,1
"[3, 4, 0, 5, 1, 6, 7, 2]",65,0
"[3, 4, 0, 5, 1, 6, 7, 2]",66,1
"[3, 4, 0, 5, 1, 6, 7, 2]",67,1
"[3, 4, 0, 5, 1, 6, 7, 2]",68,1
"[3, 4, 0, 5, 1, 6, 7, 2]",69,0
"[3, 4, 0, 5, 1, 6, 7, 2]",70,1
"[3, 4, 0, 5, 1, 6, 7, 2]",71,1
"[3, 4, 0, 5, 1, 6, 7, 2]",72,0
"[3, 4, 0, 5, 1, 6, 7, 2]",73,0
"[3, 4, 0, 5, 1, 6, 7, 2]",74,0
"[3, 4, 0, 5, 1, 6, 7, 2]",75,1
"[3, 4, 0, 5, 1, 6, 7, 2]",76,0
"[3, 4, 0, 5, 1, 6, 7, 2]",77,0
"[3, 4, 0, 5, 1, 6, 7, 2]",78,0
"[3, 4, 0, 5, 1, 6, 7, 2]",79,0
"[3, 4, 0, 5, 1, 6, 7, 2]",80,0
"[3, 4, 0, 5, 1, 6, 7, 2]",81,0
"[3, 4, 0, 5, 1, 6, 7, 2]",82,1
"[3, 4, 0, 5, 1, 6, 7, 2]",83,0
"[3, 4, 0, 5, 1, 6, 7, 2]",84,0
"[3, 4, 0, 5, 1, 6, 7, 2]",85,0
"[3, 4, 0, 5, 1, 6, 7, 2]",86,0
"[3, 4, 0, 5, 1, 6, 7, 2]",87,1
"[3, 4, 0, 5, 1, 6, 7, 2]",88,1
"[3, 4, 0, 5, 1, 6, 7, 2]",89,0
"[3, 4, 0, 5, 1, 6, 7, 2]",90,0
"[3, 4, 0, 5, 1, 6, 7, 2]",91,0
"[3, 4, 0, 5, 1, 6, 7, 2]",92,0
"[3, 4, 0, 5, 1, 6, 7, 2]",93,0
"[3, 4, 0, 5, 1, 6, 7, 2]",94,1
"[3, 4, 0, 5, 1, 6, 7, 2]",95,1
"[3, 4, 0, 5, 1, 6, 7, 2]",96,0
"[3, 4, 0, 5, 1, 6, 7, 2]",97,0
"[3, 4, 0, 5, 1, 6, 7, 2]",98,1
"[3, 4, 0, 5, 1, 6, 7, 2]",99,0
"[7, 5, 1, 4, 0, 3, 2, 6]",0,0
"[7, 5, 1, 4, 0, 3, 2, 6]",1,0
"[7, 5, 1, 4, 0, 3, 2, 6]",2,0
"[7, 5, 1, 4, 0, 3, 2, 6]",3,0
"[7, 5, 1, 4, 0, 3, 2, 6]",4,0
"[7, 5, 1, 4, 0, 3, 2, 6]",5,0
"[7, 5, 1, 4, 0, 3, 2, 6]",6,0
"[7, 5, 1, 4, 0, 3, 2, 6]",7,1
"[7, 5, 1, 4, 0, 3, 2, 6]",8,0
"[7, 5, 1, 4, 0, 3, 2, 6]",9,1
"[7, 5, 1, 4, 0, 3, 2, 6]",10,0
"[7, 5, 1, 4, 0, 3, 2, 6]",11,0
"[7, 5, 1, 4, 0, 3, 2, 6]",12,0
"[7, 5, 1, 4, 0, 3, 2, 6]",13,0
"[7, 5, 1, 4, 0, 3, 2, 6]",14,1
"[7, 5, 1, 4, 0, 3, 2, 6]",15,1
"[7, 5, 1, 4, 0, 3, 2, 6]",16,1
"[7, 5, 1, 4, 0, 3, 2, 6]",17,1
"[7, 5, 1, 4, 0, 3, 2, 6]",18,0
"[7, 5, 1, 4, 0, 3, 2, 6]",19,1
"[7, 5, 1, 4, 0, 3, 2, 6]",20,0
"[7, 5, 1, 4, 0, 3, 2, 6]",21,0
"[7, 5, 1, 4, 0, 3, 2, 6]",22,0
"[7, 5, 1, 4, 0, 3, 2, 6]",23,0
"[7, 5, 1, 4, 0, 3, 2, 6]",24,0
"[7, 5, 1, 4, 0, 3, 2, 6]",25,0
"[7, 5, 1, 4, 0, 3, 2, 6]",26,0
"[7, 5, 1, 4, 0, 3, 2, 6]",27,1
"[7, 5, 1, 4, 0, 3, 2, 6]",28,0
"[7, 5, 1, 4, 0, 3, 2, 6]",29,0
"[7, 5, 1, 4, 0, 3, 2, 6]",30,1
"[7, 5, 1, 4, 0, 3, 2, 6]",31,0
"[7, 5, 1, 4, 0, 3, 2, 6]",32,0
"[7, 5, 1, 4, 0, 3, 2, 6]",33,1
"[7, 5, 1, 4, 0, 3, 2, 6]",34,1
"[7, 5, 1, 4, 0, 3, 2, 6]",35,1
"[7, 5, 1, 4, 0, 3, 2, 6]",36,0
"[7, 5, 1, 4, 0, 3, 2, 6]",37,1
"[7, 5, 1, 4, 0, 3, 2, 6]",38,0
"[7, 5, 1, 4, 0, 3, 2, 6]",39,0
"[7, 5, 1, 4, 0, 3, 2, 6]",40,0
"[7, 5, 1, 4, 0, 3, 2, 6]",41,0
"[7, 5, 1, 4, 0, 3, 2, 6]",42,0
"[7, 5, 1, 4, 0, 3, 2, 6]",43,1
"[7, 5, 1, 4, 0, 3, 2, 6]",44,0
"[7, 5, 1, 4, 0, 3, 2, 6]",45,0
"[7, 5, 1, 4, 0, 3, 2, 6]",46,1
"[7, 5, 1, 4, 0, 3, 2, 6]",47,1
"[7, 5, 1, 4, 0, 3, 2, 6]",48,1
"[7, 5, 1, 4, 0, 3, 2, 6]",49,0
"[7, 5, 1, 4, 0, 3, 2, 6]",50,1
"[7, 5, 1, 4, 0, 3, 2, 6]",51,1
"[7, 5, 1, 4, 0, 3, 2, 6]",52,0
"[7, 5, 1, 4, 0, 3, 2, 6]",53,1
"[7, 5, 1, 4, 0, 3, 2, 6]",54,0
"[7, 5, 1, 4, 0, 3, 2, 6]",55,0
"[7, 5, 1, 4, 0, 3, 2, 6]",56,0
"[7, 5, 1, 4, 0, 3, 2, 6]",57,0
"[7, 5, 1, 4, 0, 3, 2, 6]",58,1
"[7, 5, 1, 4, 0, 3, 2, 6]",59,0
"[7, 5, 1, 4, 0, 3, 2, 6]",60,0
"[7, 5, 1, 4, 0, 3, 2, 6]",61,1
"[7, 5, 1, 4, 0, 3, 2, 6]",62,0
"[7, 5, 1, 4, 0, 3, 2, 6]",63,1
"[7, 5, 1, 4, 0, 3, 2, 6]",64,0
"[7, 5, 1, 4, 0, 3, 2, 6]",65,0
"[7, 5, 1, 4, 0, 3, 2, 6]",66,1
"[7, 5, 1, 4, 0, 3, 2, 6]",67,0
"[7, 5, 1, 4, 0, 3, 2, 6]",68,1
"[7, 5, 1, 4, 0, 3, 2, 6]",69,0
"[7, 5, 1, 4, 0, 3, 2, 6]",70,0
"[7, 5, 1, 4, 0, 3, 2, 6]",71,1
"[7, 5, 1, 4, 0, 3, 2, 6]",72,0
"[7, 5, 1, 4, 0, 3, 2, 6]",73,0
"[7, 5, 1, 4, 0, 3, 2, 6]",74,0
"[7, 5, 1, 4, 0, 3, 2, 6]",75,0
"[7, 5, 1, 4, 0, 3, 2, 6]",76,0
"[7, 5, 1, 4, 0, 3, 2, 6]",77,0
"[7, 5, 1, 4, 0, 3, 2, 6]",78,0
"[7, 5, 1, 4, 0, 3, 2, 6]",79,1
"[7, 5, 1, 4, 0, 3, 2, 6]",80,1
"[7, 5, 1, 4, 0, 3, 2, 6]",81,1
"[7, 5, 1, 4, 0, 3, 2, 6]",82,1
"[7, 5, 1, 4, 0, 3, 2, 6]",83,0
"[7, 5, 1, 4, 0, 3, 2, 6]",84,1
"[7, 5, 1, 4, 0, 3, 2, 6]",85,0
"[7, 5, 1, 4, 0, 3, 2, 6]",86,0
"[7, 5, 1, 4, 0, 3, 2, 6]",87,1
"[7, 5, 1, 4, 0, 3, 2, 6]",88,1
"[7, 5, 1, 4, 0, 3, 2, 6]",89,0
"[7, 5, 1, 4, 0, 3, 2, 6]",90,0
"[7, 5, 1, 4, 0, 3, 2, 6]",91,0
"[7, 5, 1, 4, 0, 3, 2, 6]",92,0
"[7, 5, 1, 4, 0, 3, 2, 6]",93,0
"[7, 5, 1, 4, 0, 3, 2, 6]",94,1
"[7, 5, 1, 4, 0, 3, 2, 6]",95,1
"[7, 5, 1, 4, 0, 3, 2, 6]",96,0
"[7, 5, 1, 4, 0, 3, 2, 6]",97,0
"[7, 5, 1, 4, 0, 3, 2, 6]",98,1
"[7, 5, 1, 4, 0, 3, 2, 6]",99,0
"[4, 5, 0, 6, 1, 3, 7, 2]",0,0
"[4, 5, 0, 6, 1, 3, 7, 2]",1,0
"[4, 5, 0, 6, 1, 3, 7, 2]",2,0
"[4, 5, 0, 6, 1, 3, 7, 2]",3,1
"[4, 5, 0, 6, 1, 3, 7, 2]",4,0
"[4, 5, 0, 6, 1, 3, 7, 2]",5,0
"[4, 5, 0, 6, 1, 3, 7, 2]",6,1
"[4, 5, 0, 6, 1, 3, 7, 2]",7,0
"[4, 5, 0, 6, 1, 3, 7, 2]",8,0
"[4, 5, 0, 6, 1, 3, 7, 2]",9,1
"[4, 5, 0, 6, 1, 3, 7, 2]",10,0
"[4, 5, 0, 6, 1, 3, 7, 2]",11,0
"[4, 5, 0, 6, 1, 3, 7, 2]",12,0
"[4, 5, 0, 6, 1, 3, 7, 2]",13,0
"[4, 5, 0, 6, 1, 3, 7, 2]",14,1
"[4, 5, 0, 6, 1, 3, 7, 2]",15,1
"[4, 5, 0, 6, 1, 3, 7, 2]",16,0
"[4, 5, 0, 6, 1, 3, 7, 2]",17,1
"[4, 5, 0, 6, 1, 3, 7, 2]",18,1
"[4, 5, 0, 6, 1, 3, 7, 2]",19,1
"[4, 5, 0, 6, 1, 3, 7, 2]",20,0
"[4, 5, 0, 6, 1, 3, 7, 2]",21,1
"[4, 5, 0, 6, 1, 3, 7, 2]",22,1
"[4, 5, 0, 6, 1, 3, 7, 2]",23,0
"[4, 5, 0, 6, 1, 3, 7, 2]",24,0
"[4, 5, 0, 6, 1, 3, 7, 2]",25,0
"[4, 5, 0, 6, 1, 3, 7, 2]",26,0
"[4, 5, 0, 6, 1, 3, 7, 2]",27,1
"[4, 5, 0, 6, 1, 3, 7, 2]",28,1
"[4, 5, 0, 6, 1, 3, 7, 2]",29,1
"[4, 5, 0, 6, 1, 3, 7, 2]",30,1
"[4, 5, 0, 6, 1, 3, 7, 2]",31,1
"[4, 5, 0, 6, 1, 3, 7, 2]",32,0
"[4, 5, 0, 6, 1, 3, 7, 2]",33,0
"[4, 5, 0, 6, 1, 3, 7, 2]",34,0
"[4, 5, 0, 6, 1, 3, 7, 2]",35,1
"[4, 5, 0, 6, 1, 3, 7, 2]",36,0
"[4, 5, 0, 6, 1, 3, 7, 2]",37,1
"[4, 5, 0, 6, 1, 3, 7, 2]",38,0
"[4, 5, 0, 6, 1, 3, 7, 2]",39,0
"[4, 5, 0, 6, 1, 3, 7, 2]",40,0
"[4, 5, 0, 6, 1, 3, 7, 2]",41,1
"[4, 5, 0, 6, 1, 3, 7, 2]",42,0
"[4, 5, 0, 6, 1, 3, 7, 2]",43,0
"[4, 5, 0, 6, 1, 3, 7, 2]",44,0
"[4, 5, 0, 6, 1, 3, 7, 2]",45,0
"[4, 5, 0, 6, 1, 3, 7, 2]",46,1
"[4, 5, 0, 6, 1, 3, 7, 2]",47,1
"[4, 5, 0, 6, 1, 3, 7, 2]",48,1
"[4, 5, 0, 6, 1, 3, 7, 2]",49,1
"[4, 5, 0, 6, 1, 3, 7, 2]",50,1
"[4, 5, 0, 6, 1, 3, 7, 2]",51,0
"[4, 5, 0, 6, 1, 3, 7, 2]",52,0
"[4, 5, 0, 6, 1, 3, 7, 2]",53,0
"[4, 5, 0, 6, 1, 3, 7, 2]",54,0
"[4, 5, 0, 6, 1, 3, 7, 2]",55,0
"[4, 5, 0, 6, 1, 3, 7, 2]",56,0
"[4, 5, 0, 6, 1, 3, 7, 2]",57,0
"[4, 5, 0, 6, 1, 3, 7, 2]",58,0
"[4, 5, 0, 6, 1, 3, 7, 2]",59,0
"[4, 5, 0, 6, 1, 3, 7, 2]",60,0
"[4, 5, 0, 6, 1, 3, 7, 2]",61,1
"[4, 5, 0, 6, 1, 3, 7, 2]",62,1
"[4, 5, 0, 6, 1, 3, 7, 2]",63,1
"[4, 5, 0, 6, 1, 3, 7, 2]",64,1
"[4, 5, 0, 6, 1, 3, 7, 2]",65,0
"[4, 5, 0, 6, 1, 3, 7, 2]",66,0
"[4, 5, 0, 6, 1, 3, 7, 2]",67,0
"[4, 5, 0, 6, 1, 3, 7, 2]",68,0
"[4, 5, 0, 6, 1, 3, 7, 2]",69,0
"[4, 5, 0, 6, 1, 3, 7, 2]",70,0
"[4, 5, 0, 6, 1, 3, 7, 2]",71,1
"[4, 5, 0, 6, 1, 3, 7, 2]",72,0
"[4, 5, 0, 6, 1, 3, 7, 2]",73,0
"[4, 5, 0, 6, 1, 3, 7, 2]",74,0
"[4, 5, 0, 6, 1, 3, 7, 2]",75,0
"[4, 5, 0, 6, 1, 3, 7, 2]",76,0
"[4, 5, 0, 6, 1, 3, 7, 2]",77,0
"[4, 5, 0, 6, 1, 3, 7, 2]",78,0
"[4, 5, 0, 6, 1, 3, 7, 2]",79,1
"[4, 5, 0, 6, 1, 3, 7, 2]",80,0
"[4, 5, 0, 6, 1, 3, 7, 2]",81,0
"[4, 5, 0, 6, 1, 3, 7, 2]",82,0
"[4, 5, 0, 6, 1, 3, 7, 2]",83,0
"[4, 5, 0, 6, 1, 3, 7, 2]",84,0
"[4, 5, 0, 6, 1, 3, 7, 2]",85,0
"[4, 5, 0, 6, 1, 3, 7, 2]",86,0
"[4, 5, 0, 6, 1, 3, 7, 2]",87,1
"[4, 5, 0, 6, 1, 3, 7, 2]",88,1
"[4, 5, 0, 6, 1, 3, 7, 2]",89,0
"[4, 5, 0, 6, 1, 3, 7, 2]",90,0
"[4, 5, 0, 6, 1, 3, 7, 2]",91,0
"[4, 5, 0, 6, 1, 3, 7, 2]",92,0
"[4, 5, 0, 6, 1, 3, 7, 2]",93,1
"[4, 5, 0, 6, 1, 3, 7, 2]",94,1
"[4, 5, 0, 6, 1, 3, 7, 2]",95,1
"[4, 5, 0, 6, 1, 3, 7, 2]",96,1
"[4, 5, 0, 6, 1, 3, 7, 2]",97,0
"[4, 5, 0, 6, 1, 3, 7, 2]",98,1
"[4, 5, 0, 6, 1, 3, 7, 2]",99,0
"[0, 3, 2, 4, 1, 7, 5, 6]",0,0
"[0, 3, 2, 4, 1, 7, 5, 6]",1,0
"[0, 3, 2, 4, 1, 7, 5, 6]",2,0
"[0, 3, 2, 4, 1, 7, 5, 6]",3,0
"[0, 3, 2, 4, 1, 7, 5, 6]",4,1
"[0, 3, 2, 4, 1, 7, 5, 6]",5,0
"[0, 3, 2, 4, 1, 7, 5, 6]",6,0
"[0, 3, 2, 4, 1, 7, 5, 6]",7,0
"[0, 3, 2, 4, 1, 7, 5, 6]",8,0
"[0, 3, 2, 4, 1, 7, 5, 6]",9,1
"[0, 3, 2, 4, 1, 7, 5, 6]",10,0
"[0, 3, 2, 4, 1, 7, 5, 6]",11,1
"[0, 3, 2, 4, 1, 7, 5, 6]",12,0
"[0, 3, 2, 4, 1, 7, 5, 6]",13,1
"[0, 3, 2, 4, 1, 7, 5, 6]",14,0
"[0, 3, 2, 4, 1, 7, 5, 6]",15,0
"[0, 3, 2, 4, 1, 7, 5, 6]",16,0
"[0, 3, 2, 4, 1, 7, 5, 6]",17,0
"[0, 3, 2, 4, 1, 7, 5, 6]",18,0
"[0, 3, 2, 4, 1, 7, 5, 6]",19,1
"[0, 3, 2, 4, 1, 7, 5, 6]",20,0
"[0, 3, 2, 4, 1, 7, 5, 6]",21,0
"[0, 3, 2, 4, 1, 7, 5, 6]",22,0
"[0, 3, 2, 4, 1, 7, 5, 6]",23,0
"[0, 3, 2, 4, 1, 7, 5, 6]",24,0
"[0, 3, 2, 4, 1, 7, 5, 6]",25,0
"[0, 3, 2, 4, 1, 7, 5, 6]",26,0
"[0, 3, 2, 4, 1, 7, 5, 6]",27,1
"[0, 3, 2, 4, 1, 7, 5, 6]",28,0
"[0, 3, 2, 4, 1, 7, 5, 6]",29,0
"[0, 3, 2, 4, 1, 7, 5, 6]",30,1
"[0, 3, 2, 4, 1, 7, 5, 6]",31,0
"[0, 3, 2, 4, 1, 7, 5, 6]",32,0
"[0, 3, 2, 4, 1, 7, 5, 6]",33,1
"[0, 3, 2, 4, 1, 7, 5, 6]",34,1
"[0, 3, 2, 4, 1, 7, 5, 6]",35,1
"[0, 3, 2, 4, 1, 7, 5, 6]",36,0
"[0, 3, 2, 4, 1, 7, 5, 6]",37,1
"[0, 3, 2, 4, 1, 7, 5, 6]",38,0
"[0, 3, 2, 4, 1, 7, 5, 6]",39,0
"[0, 3, 2, 4, 1, 7, 5, 6]",40,1
"[0, 3, 2, 4, 1, 7, 5, 6]",41,0
"[0, 3, 2, 4, 1, 7, 5, 6]",42,1
"[0, 3, 2, 4, 1, 7, 5, 6]",43,1
"[0, 3, 2, 4, 1, 7, 5, 6]",44,0
"[0, 3, 2, 4, 1, 7, 5, 6]",45,0
"[0, 3, 2, 4, 1, 7, 5, 6]",46,0
"[0, 3, 2, 4, 1, 7, 5, 6]",47,0
"[0, 3, 2, 4, 1, 7, 5, 6]",48,0
"[0, 3, 2, 4, 1, 7, 5, 6]",49,0
"[0, 3, 2, 4, 1, 7, 5, 6]",50,1
"[0, 3, 2, 4, 1, 7, 5, 6]",51,0
"[0, 3, 2, 4, 1, 7, 5, 6]",52,0
"[0, 3, 2, 4, 1, 7, 5, 6]",53,1
"[0, 3, 2, 4, 1, 7, 5, 6]",54,0
"[0, 3, 2, 4, 1, 7, 5, 6]",55,0
"[0, 3, 2, 4, 1, 7, 5, 6]",56,1
"[0, 3, 2, 4, 1, 7, 5, 6]",57,0
"[0, 3, 2, 4, 1, 7, 5, 6]",58,0
"[0, 3, 2, 4, 1, 7, 5, 6]",59,0
"[0, 3, 2, 4, 1, 7, 5, 6]",60,0
"[0, 3, 2, 4, 1, 7, 5, 6]",61,1
"[0, 3, 2, 4, 1, 7, 5, 6]",62,0
"[0, 3, 2, 4, 1, 7, 5, 6]",63,0
"[0, 3, 2, 4, 1, 7, 5, 6]",64,0
"[0, 3, 2, 4, 1, 7, 5, 6]",65,0
"[0, 3, 2, 4, 1, 7, 5, 6]",66,0
"[0, 3, 2, 4, 1, 7, 5, 6]",67,1
"[0, 3, 2, 4, 1, 7, 5, 6]",68,1
"[0, 3, 2, 4, 1, 7, 5, 6]",69,0
"[0, 3, 2, 4, 1, 7, 5, 6]",70,1
"[0, 3, 2, 4, 1, 7, 5, 6]",71,1
"[0, 3, 2, 4, 1, 7, 5, 6]",72,0
"[0, 3, 2, 4, 1, 7, 5, 6]",73,0
"[0, 3, 2, 4, 1, 7, 5, 6]",74,0
"[0, 3, 2, 4, 1, 7, 5, 6]",75,1
"[0, 3, 2, 4, 1, 7, 5, 6]",76,0
"[0, 3, 2, 4, 1, 7, 5, 6]",77,0
"[0, 3, 2, 4, 1, 7, 5, 6]",78,0
"[0, 3, 2, 4, 1, 7, 5, 6]",79,1
"[0, 3, 2, 4, 1, 7, 5, 6]",80,0
"[0, 3, 2, 4, 1, 7, 5, 6]",81,0
"[0, 3, 2, 4, 1, 7, 5, 6]",82,0
"[0, 3, 2, 4, 1, 7, 5, 6]",83,0
"[0, 3, 2, 4, 1, 7, 5, 6]",84,0
"[0, 3, 2, 4, 1, 7, 5, 6]",85,0
"[0, 3, 2, 4, 1, 7, 5, 6]",86,0
"[0, 3, 2, 4, 1, 7, 5, 6]",87,1
"[0, 3, 2, 4, 1, 7, 5, 6]",88,1
"[0, 3, 2, 4, 1, 7, 5, 6]",89,0
"[0, 3, 2, 4, 1, 7, 5, 6]",90,0
"[0, 3, 2, 4, 1, 7, 5, 6]",91,0
"[0, 3, 2, 4, 1, 7, 5, 6]",92,0
"[0, 3, 2, 4, 1, 7, 5, 6]",93,1
"[0, 3, 2, 4, 1, 7, 5, 6]",94,1
"[0, 3, 2, 4, 1, 7, 5, 6]",95,1
"[0, 3, 2, 4, 1, 7, 5, 6]",96,0
"[0, 3, 2, 4, 1, 7, 5, 6]",97,0
"[0, 3, 2, 4, 1, 7, 5, 6]",98,1
"[0, 3, 2, 4, 1, 7, 5, 6]",99,0
"[1, 5, 2, 7, 6, 0, 3, 4]",0,0
"[1, 5, 2, 7, 6, 0, 3, 4]",1,1
"[1, 5, 2, 7, 6, 0, 3, 4]",2,0
"[1, 5, 2, 7, 6, 0, 3, 4]",3,0
"[1, 5, 2, 7, 6, 0, 3, 4]",4,0
"[1, 5, 2, 7, 6, 0, 3, 4]",5,0
"[1, 5, 2, 7, 6, 0, 3, 4]",6,0
"[1, 5, 2, 7, 6, 0, 3, 4]",7,1
"[1, 5, 2, 7, 6, 0, 3, 4]",8,0
"[1, 5, 2, 7, 6, 0, 3, 4]",9,0
"[1, 5, 2, 7, 6, 0, 3, 4]",10,0
"[1, 5, 2, 7, 6, 0, 3, 4]",11,0
"[1, 5, 2, 7, 6, 0, 3, 4]",12,0
"[1, 5, 2, 7, 6, 0, 3, 4]",13,1
"[1, 5, 2, 7, 6, 0, 3, 4]",14,0
"[1, 5, 2, 7, 6, 0, 3, 4]",15,0
"[1, 5, 2, 7, 6, 0, 3, 4]",16,0
"[1, 5, 2, 7, 6, 0, 3, 4]",17,1
"[1, 5, 2, 7, 6, 0, 3, 4]",18,0
"[1, 5, 2, 7, 6, 0, 3, 4]",19,1
"[1, 5, 2, 7, 6, 0, 3, 4]",20,0
"[1, 5, 2, 7, 6, 0, 3, 4]",21,1
"[1, 5, 2, 7, 6, 0, 3, 4]",22,0
"[1, 5, 2, 7, 6, 0, 3, 4]",23,0
"[1, 5, 2, 7, 6, 0, 3, 4]",24,0
"[1, 5, 2, 7, 6, 0, 3, 4]",25,0
"[1, 5, 2, 7, 6, 0, 3, 4]",26,1
"[1, 5, 2, 7, 6, 0, 3, 4]",27,1
"[1, 5, 2, 7, 6, 0, 3, 4]",28,1
"[1, 5, 2, 7, 6, 0, 3, 4]",29,0
"[1, 5, 2, 7, 6, 0, 3, 4]",30,0
"[1, 5, 2, 7, 6, 0, 3, 4]",31,1
"[1, 5, 2, 7, 6, 0, 3, 4]",32,0
"[1, 5, 2, 7, 6, 0, 3, 4]",33,0
"[1, 5, 2, 7, 6, 0, 3, 4]",34,1
"[1, 5, 2, 7, 6, 0, 3, 4]",35,1
"[1, 5, 2, 7, 6, 0, 3, 4]",36,0
"[1, 5, 2, 7, 6, 0, 3, 4]",37,1
"[1, 5, 2, 7, 6, 0, 3, 4]",38,0
"[1, 5, 2, 7, 6, 0, 3, 4]",39,0
"[1, 5, 2, 7, 6, 0, 3, 4]",40,1
"[1, 5, 2, 7, 6, 0, 3, 4]",41,1
"[1, 5, 2, 7, 6, 0, 3, 4]",42,0
"[1, 5, 2, 7, 6, 0, 3, 4]",43,1
"[1, 5, 2, 7, 6, 0, 3, 4]",44,0
"[1, 5, 2, 7, 6, 0, 3, 4]",45,0
"[1, 5, 2, 7, 6, 0, 3, 4]",46,1
"[1, 5, 2, 7, 6, 0, 3, 4]",47,0
"[1, 5, 2, 7, 6, 0, 3, 4]",48,1
"[1, 5, 2, 7, 6, 0, 3, 4]",49,0
"[1, 5, 2, 7, 6, 0, 3, 4]",50,1
"[1, 5, 2, 7, 6, 0, 3, 4]",51,1
"[1, 5, 2, 7, 6, 0, 3, 4]",52,0
"[1, 5, 2, 7, 6, 0, 3, 4]",53,1
"[1, 5, 2, 7, 6, 0, 3, 4]",54,0
"[1, 5, 2, 7, 6, 0, 3, 4]",55,0
"[1, 5, 2, 7, 6, 0, 3, 4]",56,1
"[1, 5, 2, 7, 6, 0, 3, 4]",57,0
"[1, 5, 2, 7, 6, 0, 3, 4]",58,0
"[1, 5, 2, 7, 6, 0, 3, 4]",59,0
"[1, 5, 2, 7, 6, 0, 3, 4]",60,0
"[1, 5, 2, 7, 6, 0, 3, 4]",61,1
"[1, 5, 2, 7, 6, 0, 3, 4]",62,0
"[1, 5, 2, 7, 6, 0, 3, 4]",63,0
"[1, 5, 2, 7, 6, 0, 3, 4]",64,0
"[1, 5, 2, 7, 6, 0, 3, 4]",65,0
"[1, 5, 2, 7, 6, 0, 3, 4]",66,0
"[1, 5, 2, 7, 6, 0, 3, 4]",67,0
"[1, 5, 2, 7, 6, 0, 3, 4]",68,0
"[1, 5, 2, 7, 6, 0, 3, 4]",69,1
"[1, 5, 2, 7, 6, 0, 3, 4]",70,1
"[1, 5, 2, 7, 6, 0, 3, 4]",71,1
"[1, 5, 2, 7, 6, 0, 3, 4]",72,1
"[1, 5, 2, 7, 6, 0, 3, 4]",73,0
"[1, 5, 2, 7, 6, 0, 3, 4]",74,0
"[1, 5, 2, 7, 6, 0, 3, 4]",75,1
"[1, 5, 2, 7, 6, 0, 3, 4]",76,0
"[1, 5, 2, 7, 6, 0, 3, 4]",77,0
"[1, 5, 2, 7, 6, 0, 3, 4]",78,0
"[1, 5, 2, 7, 6, 0, 3, 4]",79,0
"[1, 5, 2, 7, 6, 0, 3, 4]",80,0
"[1, 5, 2, 7, 6, 0, 3, 4]",81,0
"[1, 5, 2, 7, 6, 0, 3, 4]",82,0
"[1, 5, 2, 7, 6, 0, 3, 4]",83,0
"[1, 5, 2, 7, 6, 0, 3, 4]",84,1
"[1, 5, 2, 7, 6, 0, 3, 4]",85,1
"[1, 5, 2, 7, 6, 0, 3, 4]",86,0
"[1, 5, 2, 7, 6, 0, 3, 4]",87,1
"[1, 5, 2, 7, 6, 0, 3, 4]",88,1
"[1, 5, 2, 7, 6, 0, 3, 4]",89,0
"[1, 5, 2, 7, 6, 0, 3, 4]",90,0
"[1, 5, 2, 7, 6, 0, 3, 4]",91,0
"[1, 5, 2, 7, 6, 0, 3, 4]",92,0
"[1, 5, 2, 7, 6, 0, 3, 4]",93,1
"[1, 5, 2, 7, 6, 0, 3, 4]",94,0
"[1, 5, 2, 7, 6, 0, 3, 4]",95,1
"[1, 5, 2, 7, 6, 0, 3, 4]",96,0
"[1, 5, 2, 7, 6, 0, 3, 4]",97,1
"[1, 5, 2, 7, 6, 0, 3, 4]",98,1
"[1, 5, 2, 7, 6, 0, 3, 4]",99,1
"[6, 0, 7, 5, 1, 4, 3, 2]",0,0
"[4, 7, 6, 3, 1, 2, 0, 5]",23,0
"[6, 0, 7, 5, 1, 4, 3, 2]",1,0
"[6, 0, 7, 5, 1, 4, 3, 2]",2,0
"[6, 0, 7, 5, 1, 4, 3, 2]",3,0
"[6, 0, 7, 5, 1, 4, 3, 2]",4,0
"[6, 0, 7, 5, 1, 4, 3, 2]",5,0
"[6, 0, 7, 5, 1, 4, 3, 2]",6,1
"[6, 0, 7, 5, 1, 4, 3, 2]",7,0
"[6, 0, 7, 5, 1, 4, 3, 2]",8,0
"[6, 0, 7, 5, 1, 4, 3, 2]",9,1
"[6, 0, 7, 5, 1, 4, 3, 2]",10,0
"[6, 0, 7, 5, 1, 4, 3, 2]",11,0
"[6, 0, 7, 5, 1, 4, 3, 2]",12,0
"[6, 0, 7, 5, 1, 4, 3, 2]",13,0
"[6, 0, 7, 5, 1, 4, 3, 2]",14,0
"[6, 0, 7, 5, 1, 4, 3, 2]",15,0
"[6, 0, 7, 5, 1, 4, 3, 2]",16,0
"[6, 0, 7, 5, 1, 4, 3, 2]",17,0
"[6, 0, 7, 5, 1, 4, 3, 2]",18,0
"[6, 0, 7, 5, 1, 4, 3, 2]",19,0
"[6, 0, 7, 5, 1, 4, 3, 2]",20,0
"[6, 0, 7, 5, 1, 4, 3, 2]",21,0
"[6, 0, 7, 5, 1, 4, 3, 2]",22,0
"[6, 0, 7, 5, 1, 4, 3, 2]",23,0
"[6, 0, 7, 5, 1, 4, 3, 2]",24,0
"[6, 0, 7, 5, 1, 4, 3, 2]",25,0
"[6, 0, 7, 5, 1, 4, 3, 2]",26,0
"[6, 0, 7, 5, 1, 4, 3, 2]",27,1
"[6, 0, 7, 5, 1, 4, 3, 2]",28,0
"[6, 0, 7, 5, 1, 4, 3, 2]",29,0
"[6, 0, 7, 5, 1, 4, 3, 2]",30,0
"[6, 0, 7, 5, 1, 4, 3, 2]",31,0
"[6, 0, 7, 5, 1, 4, 3, 2]",32,0
"[6, 0, 7, 5, 1, 4, 3, 2]",33,1
"[6, 0, 7, 5, 1, 4, 3, 2]",34,0
"[6, 0, 7, 5, 1, 4, 3, 2]",35,0
"[6, 0, 7, 5, 1, 4, 3, 2]",36,0
"[6, 0, 7, 5, 1, 4, 3, 2]",37,1
"[6, 0, 7, 5, 1, 4, 3, 2]",38,0
"[6, 0, 7, 5, 1, 4, 3, 2]",39,0
"[6, 0, 7, 5, 1, 4, 3, 2]",40,0
"[6, 0, 7, 5, 1, 4, 3, 2]",41,0
"[6, 0, 7, 5, 1, 4, 3, 2]",42,0
"[6, 0, 7, 5, 1, 4, 3, 2]",43,1
"[6, 0, 7, 5, 1, 4, 3, 2]",44,0
"[6, 0, 7, 5, 1, 4, 3, 2]",45,0
"[6, 0, 7, 5, 1, 4, 3, 2]",46,1
"[6, 0, 7, 5, 1, 4, 3, 2]",47,0
"[6, 0, 7, 5, 1, 4, 3, 2]",48,0
"[6, 0, 7, 5, 1, 4, 3, 2]",49,0
"[6, 0, 7, 5, 1, 4, 3, 2]",50,1
"[6, 0, 7, 5, 1, 4, 3, 2]",51,0
"[6, 0, 7, 5, 1, 4, 3, 2]",52,0
"[6, 0, 7, 5, 1, 4, 3, 2]",53,0
"[6, 0, 7, 5, 1, 4, 3, 2]",54,0
"[6, 0, 7, 5, 1, 4, 3, 2]",55,0
"[6, 0, 7, 5, 1, 4, 3, 2]",56,0
"[6, 0, 7, 5, 1, 4, 3, 2]",57,0
"[6, 0, 7, 5, 1, 4, 3, 2]",58,0
"[6, 0, 7, 5, 1, 4, 3, 2]",59,0
"[6, 0, 7, 5, 1, 4, 3, 2]",60,0
"[6, 0, 7, 5, 1, 4, 3, 2]",61,1
"[6, 0, 7, 5, 1, 4, 3, 2]",62,1
"[6, 0, 7, 5, 1, 4, 3, 2]",63,1
"[6, 0, 7, 5, 1, 4, 3, 2]",64,1
"[6, 0, 7, 5, 1, 4, 3, 2]",65,0
"[6, 0, 7, 5, 1, 4, 3, 2]",66,0
"[6, 0, 7, 5, 1, 4, 3, 2]",67,0
"[6, 0, 7, 5, 1, 4, 3, 2]",68,0
"[6, 0, 7, 5, 1, 4, 3, 2]",69,0
"[6, 0, 7, 5, 1, 4, 3, 2]",70,0
"[6, 0, 7, 5, 1, 4, 3, 2]",71,0
"[6, 0, 7, 5, 1, 4, 3, 2]",72,1
"[6, 0, 7, 5, 1, 4, 3, 2]",73,1
"[6, 0, 7, 5, 1, 4, 3, 2]",74,0
"[6, 0, 7, 5, 1, 4, 3, 2]",75,0
"[6, 0, 7, 5, 1, 4, 3, 2]",76,0
"[6, 0, 7, 5, 1, 4, 3, 2]",77,0
"[6, 0, 7, 5, 1, 4, 3, 2]",78,0
"[6, 0, 7, 5, 1, 4, 3, 2]",79,0
"[6, 0, 7, 5, 1, 4, 3, 2]",80,0
"[6, 0, 7, 5, 1, 4, 3, 2]",81,0
"[6, 0, 7, 5, 1, 4, 3, 2]",82,0
"[6, 0, 7, 5, 1, 4, 3, 2]",83,0
"[6, 0, 7, 5, 1, 4, 3, 2]",84,0
"[6, 0, 7, 5, 1, 4, 3, 2]",85,1
"[6, 0, 7, 5, 1, 4, 3, 2]",86,0
"[6, 0, 7, 5, 1, 4, 3, 2]",87,0
"[6, 0, 7, 5, 1, 4, 3, 2]",88,0
"[6, 0, 7, 5, 1, 4, 3, 2]",89,0
"[6, 0, 7, 5, 1, 4, 3, 2]",90,0
"[6, 0, 7, 5, 1, 4, 3, 2]",91,1
"[6, 0, 7, 5, 1, 4, 3, 2]",92,0
"[6, 0, 7, 5, 1, 4, 3, 2]",93,0
"[6, 0, 7, 5, 1, 4, 3, 2]",94,0
"[6, 0, 7, 5, 1, 4, 3, 2]",95,0
"[6, 0, 7, 5, 1, 4, 3, 2]",96,0
"[6, 0, 7, 5, 1, 4, 3, 2]",97,0
"[6, 0, 7, 5, 1, 4, 3, 2]",98,1
"[6, 0, 7, 5, 1, 4, 3, 2]",99,0
"[3, 6, 2, 4, 0, 1, 7, 5]",0,0
"[3, 6, 2, 4, 0, 1, 7, 5]",1,0
"[3, 6, 2, 4, 0, 1, 7, 5]",2,0
"[3, 6, 2, 4, 0, 1, 7, 5]",3,0
"[3, 6, 2, 4, 0, 1, 7, 5]",4,0
"[3, 6, 2, 4, 0, 1, 7, 5]",5,0
"[3, 6, 2, 4, 0, 1, 7, 5]",6,0
"[3, 6, 2, 4, 0, 1, 7, 5]",7,1
"[3, 6, 2, 4, 0, 1, 7, 5]",8,0
"[3, 6, 2, 4, 0, 1, 7, 5]",9,1
"[3, 6, 2, 4, 0, 1, 7, 5]",10,0
"[3, 6, 2, 4, 0, 1, 7, 5]",11,0
"[3, 6, 2, 4, 0, 1, 7, 5]",12,0
"[3, 6, 2, 4, 0, 1, 7, 5]",13,1
"[3, 6, 2, 4, 0, 1, 7, 5]",14,1
"[3, 6, 2, 4, 0, 1, 7, 5]",15,0
"[3, 6, 2, 4, 0, 1, 7, 5]",16,0
"[3, 6, 2, 4, 0, 1, 7, 5]",17,1
"[3, 6, 2, 4, 0, 1, 7, 5]",18,0
"[3, 6, 2, 4, 0, 1, 7, 5]",19,1
"[3, 6, 2, 4, 0, 1, 7, 5]",20,0
"[3, 6, 2, 4, 0, 1, 7, 5]",21,0
"[3, 6, 2, 4, 0, 1, 7, 5]",22,0
"[3, 6, 2, 4, 0, 1, 7, 5]",23,0
"[3, 6, 2, 4, 0, 1, 7, 5]",24,0
"[3, 6, 2, 4, 0, 1, 7, 5]",25,0
"[3, 6, 2, 4, 0, 1, 7, 5]",26,0
"[3, 6, 2, 4, 0, 1, 7, 5]",27,1
"[3, 6, 2, 4, 0, 1, 7, 5]",28,1
"[3, 6, 2, 4, 0, 1, 7, 5]",29,0
"[3, 6, 2, 4, 0, 1, 7, 5]",30,1
"[3, 6, 2, 4, 0, 1, 7, 5]",31,0
"[3, 6, 2, 4, 0, 1, 7, 5]",32,0
"[3, 6, 2, 4, 0, 1, 7, 5]",33,0
"[3, 6, 2, 4, 0, 1, 7, 5]",34,0
"[3, 6, 2, 4, 0, 1, 7, 5]",35,1
"[3, 6, 2, 4, 0, 1, 7, 5]",36,0
"[3, 6, 2, 4, 0, 1, 7, 5]",37,1
"[3, 6, 2, 4, 0, 1, 7, 5]",38,0
"[3, 6, 2, 4, 0, 1, 7, 5]",39,0
"[3, 6, 2, 4, 0, 1, 7, 5]",40,0
"[3, 6, 2, 4, 0, 1, 7, 5]",41,0
"[3, 6, 2, 4, 0, 1, 7, 5]",42,0
"[3, 6, 2, 4, 0, 1, 7, 5]",43,1
"[3, 6, 2, 4, 0, 1, 7, 5]",44,0
"[3, 6, 2, 4, 0, 1, 7, 5]",45,0
"[3, 6, 2, 4, 0, 1, 7, 5]",46,0
"[3, 6, 2, 4, 0, 1, 7, 5]",47,0
"[3, 6, 2, 4, 0, 1, 7, 5]",48,0
"[3, 6, 2, 4, 0, 1, 7, 5]",49,1
"[3, 6, 2, 4, 0, 1, 7, 5]",50,1
"[3, 6, 2, 4, 0, 1, 7, 5]",51,0
"[3, 6, 2, 4, 0, 1, 7, 5]",52,0
"[3, 6, 2, 4, 0, 1, 7, 5]",53,1
"[3, 6, 2, 4, 0, 1, 7, 5]",54,0
"[3, 6, 2, 4, 0, 1, 7, 5]",55,1
"[3, 6, 2, 4, 0, 1, 7, 5]",56,0
"[3, 6, 2, 4, 0, 1, 7, 5]",57,0
"[3, 6, 2, 4, 0, 1, 7, 5]",58,1
"[3, 6, 2, 4, 0, 1, 7, 5]",59,0
"[3, 6, 2, 4, 0, 1, 7, 5]",60,0
"[3, 6, 2, 4, 0, 1, 7, 5]",61,1
"[3, 6, 2, 4, 0, 1, 7, 5]",62,0
"[3, 6, 2, 4, 0, 1, 7, 5]",63,1
"[3, 6, 2, 4, 0, 1, 7, 5]",64,1
"[3, 6, 2, 4, 0, 1, 7, 5]",65,0
"[3, 6, 2, 4, 0, 1, 7, 5]",66,1
"[3, 6, 2, 4, 0, 1, 7, 5]",67,1
"[3, 6, 2, 4, 0, 1, 7, 5]",68,1
"[3, 6, 2, 4, 0, 1, 7, 5]",69,0
"[3, 6, 2, 4, 0, 1, 7, 5]",70,0
"[3, 6, 2, 4, 0, 1, 7, 5]",71,1
"[3, 6, 2, 4, 0, 1, 7, 5]",72,1
"[3, 6, 2, 4, 0, 1, 7, 5]",73,0
"[3, 6, 2, 4, 0, 1, 7, 5]",74,0
"[3, 6, 2, 4, 0, 1, 7, 5]",75,0
"[3, 6, 2, 4, 0, 1, 7, 5]",76,0
"[3, 6, 2, 4, 0, 1, 7, 5]",77,0
"[3, 6, 2, 4, 0, 1, 7, 5]",78,0
"[3, 6, 2, 4, 0, 1, 7, 5]",79,1
"[3, 6, 2, 4, 0, 1, 7, 5]",80,0
"[3, 6, 2, 4, 0, 1, 7, 5]",81,1
"[3, 6, 2, 4, 0, 1, 7, 5]",82,1
"[3, 6, 2, 4, 0, 1, 7, 5]",83,0
"[3, 6, 2, 4, 0, 1, 7, 5]",84,1
"[3, 6, 2, 4, 0, 1, 7, 5]",85,0
"[3, 6, 2, 4, 0, 1, 7, 5]",86,0
"[3, 6, 2, 4, 0, 1, 7, 5]",87,1
"[3, 6, 2, 4, 0, 1, 7, 5]",88,0
"[3, 6, 2, 4, 0, 1, 7, 5]",89,0
"[3, 6, 2, 4, 0, 1, 7, 5]",90,0
"[3, 6, 2, 4, 0, 1, 7, 5]",91,0
"[3, 6, 2, 4, 0, 1, 7, 5]",92,0
"[3, 6, 2, 4, 0, 1, 7, 5]",93,1
"[3, 6, 2, 4, 0, 1, 7, 5]",94,1
"[3, 6, 2, 4, 0, 1, 7, 5]",95,1
"[3, 6, 2, 4, 0, 1, 7, 5]",96,1
"[3, 6, 2, 4, 0, 1, 7, 5]",97,1
"[3, 6, 2, 4, 0, 1, 7, 5]",98,1
"[3, 6, 2, 4, 0, 1, 7, 5]",99,0
"[2, 0, 6, 3, 4, 5, 7, 1]",0,0
"[2, 0, 6, 3, 4, 5, 7, 1]",1,1
"[2, 0, 6, 3, 4, 5, 7, 1]",2,0
"[2, 0, 6, 3, 4, 5, 7, 1]",3,1
"[2, 0, 6, 3, 4, 5, 7, 1]",4,0
"[2, 0, 6, 3, 4, 5, 7, 1]",5,0
"[2, 0, 6, 3, 4, 5, 7, 1]",6,0
"[2, 0, 6, 3, 4, 5, 7, 1]",7,1
"[2, 0, 6, 3, 4, 5, 7, 1]",8,0
"[2, 0, 6, 3, 4, 5, 7, 1]",9,1
"[2, 0, 6, 3, 4, 5, 7, 1]",10,0
"[2, 0, 6, 3, 4, 5, 7, 1]",11,0
"[2, 0, 6, 3, 4, 5, 7, 1]",12,0
"[2, 0, 6, 3, 4, 5, 7, 1]",13,0
"[2, 0, 6, 3, 4, 5, 7, 1]",14,1
"[2, 0, 6, 3, 4, 5, 7, 1]",15,1
"[2, 0, 6, 3, 4, 5, 7, 1]",16,1
"[2, 0, 6, 3, 4, 5, 7, 1]",17,1
"[2, 0, 6, 3, 4, 5, 7, 1]",18,1
"[2, 0, 6, 3, 4, 5, 7, 1]",19,1
"[2, 0, 6, 3, 4, 5, 7, 1]",20,0
"[2, 0, 6, 3, 4, 5, 7, 1]",21,0
"[2, 0, 6, 3, 4, 5, 7, 1]",22,0
"[2, 0, 6, 3, 4, 5, 7, 1]",23,0
"[2, 0, 6, 3, 4, 5, 7, 1]",24,0
"[2, 0, 6, 3, 4, 5, 7, 1]",25,0
"[2, 0, 6, 3, 4, 5, 7, 1]",26,0
"[2, 0, 6, 3, 4, 5, 7, 1]",27,1
"[2, 0, 6, 3, 4, 5, 7, 1]",28,0
"[2, 0, 6, 3, 4, 5, 7, 1]",29,1
"[2, 0, 6, 3, 4, 5, 7, 1]",30,1
"[2, 0, 6, 3, 4, 5, 7, 1]",31,1
"[2, 0, 6, 3, 4, 5, 7, 1]",32,0
"[2, 0, 6, 3, 4, 5, 7, 1]",33,1
"[2, 0, 6, 3, 4, 5, 7, 1]",34,1
"[2, 0, 6, 3, 4, 5, 7, 1]",35,1
"[2, 0, 6, 3, 4, 5, 7, 1]",36,0
"[2, 0, 6, 3, 4, 5, 7, 1]",37,1
"[2, 0, 6, 3, 4, 5, 7, 1]",38,0
"[2, 0, 6, 3, 4, 5, 7, 1]",39,0
"[2, 0, 6, 3, 4, 5, 7, 1]",40,0
"[2, 0, 6, 3, 4, 5, 7, 1]",41,1
"[2, 0, 6, 3, 4, 5, 7, 1]",42,1
"[2, 0, 6, 3, 4, 5, 7, 1]",43,0
"[2, 0, 6, 3, 4, 5, 7, 1]",44,0
"[2, 0, 6, 3, 4, 5, 7, 1]",45,0
"[2, 0, 6, 3, 4, 5, 7, 1]",46,1
"[2, 0, 6, 3, 4, 5, 7, 1]",47,0
"[2, 0, 6, 3, 4, 5, 7, 1]",48,0
"[2, 0, 6, 3, 4, 5, 7, 1]",49,1
"[2, 0, 6, 3, 4, 5, 7, 1]",50,1
"[2, 0, 6, 3, 4, 5, 7, 1]",51,0
"[2, 0, 6, 3, 4, 5, 7, 1]",52,0
"[2, 0, 6, 3, 4, 5, 7, 1]",53,1
"[2, 0, 6, 3, 4, 5, 7, 1]",54,0
"[2, 0, 6, 3, 4, 5, 7, 1]",55,1
"[2, 0, 6, 3, 4, 5, 7, 1]",56,1
"[2, 0, 6, 3, 4, 5, 7, 1]",57,0
"[2, 0, 6, 3, 4, 5, 7, 1]",58,0
"[2, 0, 6, 3, 4, 5, 7, 1]",59,0
"[2, 0, 6, 3, 4, 5, 7, 1]",60,0
"[2, 0, 6, 3, 4, 5, 7, 1]",61,1
"[2, 0, 6, 3, 4, 5, 7, 1]",62,0
"[2, 0, 6, 3, 4, 5, 7, 1]",63,0
"[2, 0, 6, 3, 4, 5, 7, 1]",64,1
"[2, 0, 6, 3, 4, 5, 7, 1]",65,0
"[2, 0, 6, 3, 4, 5, 7, 1]",66,1
"[2, 0, 6, 3, 4, 5, 7, 1]",67,0
"[2, 0, 6, 3, 4, 5, 7, 1]",68,1
"[2, 0, 6, 3, 4, 5, 7, 1]",69,1
"[2, 0, 6, 3, 4, 5, 7, 1]",70,1
"[2, 0, 6, 3, 4, 5, 7, 1]",71,0
"[2, 0, 6, 3, 4, 5, 7, 1]",72,0
"[2, 0, 6, 3, 4, 5, 7, 1]",73,0
"[2, 0, 6, 3, 4, 5, 7, 1]",74,0
"[2, 0, 6, 3, 4, 5, 7, 1]",75,0
"[2, 0, 6, 3, 4, 5, 7, 1]",76,0
"[2, 0, 6, 3, 4, 5, 7, 1]",77,0
"[2, 0, 6, 3, 4, 5, 7, 1]",78,0
"[2, 0, 6, 3, 4, 5, 7, 1]",79,0
"[2, 0, 6, 3, 4, 5, 7, 1]",80,0
"[2, 0, 6, 3, 4, 5, 7, 1]",81,0
"[2, 0, 6, 3, 4, 5, 7, 1]",82,0
"[2, 0, 6, 3, 4, 5, 7, 1]",83,0
"[2, 0, 6, 3, 4, 5, 7, 1]",84,0
"[2, 0, 6, 3, 4, 5, 7, 1]",85,1
"[2, 0, 6, 3, 4, 5, 7, 1]",86,0
"[2, 0, 6, 3, 4, 5, 7, 1]",87,1
"[2, 0, 6, 3, 4, 5, 7, 1]",88,1
"[2, 0, 6, 3, 4, 5, 7, 1]",89,0
"[2, 0, 6, 3, 4, 5, 7, 1]",90,0
"[2, 0, 6, 3, 4, 5, 7, 1]",91,0
"[2, 0, 6, 3, 4, 5, 7, 1]",92,0
"[2, 0, 6, 3, 4, 5, 7, 1]",93,1
"[2, 0, 6, 3, 4, 5, 7, 1]",94,1
"[2, 0, 6, 3, 4, 5, 7, 1]",95,1
"[2, 0, 6, 3, 4, 5, 7, 1]",96,0
"[2, 0, 6, 3, 4, 5, 7, 1]",97,0
"[2, 0, 6, 3, 4, 5, 7, 1]",98,1
"[2, 0, 6, 3, 4, 5, 7, 1]",99,0
"[6, 1, 7, 0, 5, 2, 3, 4]",0,0
"[6, 1, 7, 0, 5, 2, 3, 4]",1,0
"[6, 1, 7, 0, 5, 2, 3, 4]",2,0
"[6, 1, 7, 0, 5, 2, 3, 4]",3,1
"[6, 1, 7, 0, 5, 2, 3, 4]",4,0
"[6, 1, 7, 0, 5, 2, 3, 4]",5,0
"[6, 1, 7, 0, 5, 2, 3, 4]",6,0
"[6, 1, 7, 0, 5, 2, 3, 4]",7,1
"[6, 1, 7, 0, 5, 2, 3, 4]",8,0
"[6, 1, 7, 0, 5, 2, 3, 4]",9,1
"[6, 1, 7, 0, 5, 2, 3, 4]",10,0
"[6, 1, 7, 0, 5, 2, 3, 4]",11,0
"[6, 1, 7, 0, 5, 2, 3, 4]",12,0
"[6, 1, 7, 0, 5, 2, 3, 4]",13,1
"[6, 1, 7, 0, 5, 2, 3, 4]",14,1
"[6, 1, 7, 0, 5, 2, 3, 4]",15,1
"[6, 1, 7, 0, 5, 2, 3, 4]",16,0
"[6, 1, 7, 0, 5, 2, 3, 4]",17,1
"[6, 1, 7, 0, 5, 2, 3, 4]",18,0
"[6, 1, 7, 0, 5, 2, 3, 4]",19,1
"[6, 1, 7, 0, 5, 2, 3, 4]",20,0
"[6, 1, 7, 0, 5, 2, 3, 4]",21,0
"[6, 1, 7, 0, 5, 2, 3, 4]",22,1
"[6, 1, 7, 0, 5, 2, 3, 4]",23,0
"[6, 1, 7, 0, 5, 2, 3, 4]",24,0
"[6, 1, 7, 0, 5, 2, 3, 4]",25,0
"[6, 1, 7, 0, 5, 2, 3, 4]",26,1
"[6, 1, 7, 0, 5, 2, 3, 4]",27,1
"[6, 1, 7, 0, 5, 2, 3, 4]",28,0
"[6, 1, 7, 0, 5, 2, 3, 4]",29,1
"[6, 1, 7, 0, 5, 2, 3, 4]",30,1
"[6, 1, 7, 0, 5, 2, 3, 4]",31,1
"[6, 1, 7, 0, 5, 2, 3, 4]",32,0
"[6, 1, 7, 0, 5, 2, 3, 4]",33,1
"[6, 1, 7, 0, 5, 2, 3, 4]",34,0
"[6, 1, 7, 0, 5, 2, 3, 4]",35,0
"[6, 1, 7, 0, 5, 2, 3, 4]",36,0
"[6, 1, 7, 0, 5, 2, 3, 4]",37,0
"[6, 1, 7, 0, 5, 2, 3, 4]",38,1
"[6, 1, 7, 0, 5, 2, 3, 4]",39,0
"[6, 1, 7, 0, 5, 2, 3, 4]",40,0
"[6, 1, 7, 0, 5, 2, 3, 4]",41,1
"[6, 1, 7, 0, 5, 2, 3, 4]",42,0
"[6, 1, 7, 0, 5, 2, 3, 4]",43,0
"[6, 1, 7, 0, 5, 2, 3, 4]",44,0
"[6, 1, 7, 0, 5, 2, 3, 4]",45,0
"[6, 1, 7, 0, 5, 2, 3, 4]",46,1
"[6, 1, 7, 0, 5, 2, 3, 4]",47,0
"[6, 1, 7, 0, 5, 2, 3, 4]",48,0
"[6, 1, 7, 0, 5, 2, 3, 4]",49,0
"[6, 1, 7, 0, 5, 2, 3, 4]",50,1
"[6, 1, 7, 0, 5, 2, 3, 4]",51,0
"[6, 1, 7, 0, 5, 2, 3, 4]",52,0
"[6, 1, 7, 0, 5, 2, 3, 4]",53,1
"[6, 1, 7, 0, 5, 2, 3, 4]",54,0
"[6, 1, 7, 0, 5, 2, 3, 4]",55,1
"[6, 1, 7, 0, 5, 2, 3, 4]",56,0
"[6, 1, 7, 0, 5, 2, 3, 4]",57,0
"[6, 1, 7, 0, 5, 2, 3, 4]",58,0
"[6, 1, 7, 0, 5, 2, 3, 4]",59,0
"[6, 1, 7, 0, 5, 2, 3, 4]",60,0
"[6, 1, 7, 0, 5, 2, 3, 4]",61,1
"[6, 1, 7, 0, 5, 2, 3, 4]",62,0
"[6, 1, 7, 0, 5, 2, 3, 4]",63,0
"[6, 1, 7, 0, 5, 2, 3, 4]",64,0
"[6, 1, 7, 0, 5, 2, 3, 4]",65,0
"[6, 1, 7, 0, 5, 2, 3, 4]",66,1
"[6, 1, 7, 0, 5, 2, 3, 4]",67,1
"[6, 1, 7, 0, 5, 2, 3, 4]",68,1
"[6, 1, 7, 0, 5, 2, 3, 4]",69,0
"[6, 1, 7, 0, 5, 2, 3, 4]",70,1
"[6, 1, 7, 0, 5, 2, 3, 4]",71,1
"[6, 1, 7, 0, 5, 2, 3, 4]",72,0
"[6, 1, 7, 0, 5, 2, 3, 4]",73,1
"[6, 1, 7, 0, 5, 2, 3, 4]",74,0
"[6, 1, 7, 0, 5, 2, 3, 4]",75,0
"[6, 1, 7, 0, 5, 2, 3, 4]",76,0
"[6, 1, 7, 0, 5, 2, 3, 4]",77,0
"[6, 1, 7, 0, 5, 2, 3, 4]",78,0
"[6, 1, 7, 0, 5, 2, 3, 4]",79,1
"[6, 1, 7, 0, 5, 2, 3, 4]",80,0
"[6, 1, 7, 0, 5, 2, 3, 4]",81,0
"[6, 1, 7, 0, 5, 2, 3, 4]",82,1
"[6, 1, 7, 0, 5, 2, 3, 4]",83,0
"[6, 1, 7, 0, 5, 2, 3, 4]",84,1
"[6, 1, 7, 0, 5, 2, 3, 4]",85,0
"[6, 1, 7, 0, 5, 2, 3, 4]",86,0
"[6, 1, 7, 0, 5, 2, 3, 4]",87,1
"[6, 1, 7, 0, 5, 2, 3, 4]",88,0
"[6, 1, 7, 0, 5, 2, 3, 4]",89,0
"[6, 1, 7, 0, 5, 2, 3, 4]",90,0
"[6, 1, 7, 0, 5, 2, 3, 4]",91,0
"[6, 1, 7, 0, 5, 2, 3, 4]",92,0
"[6, 1, 7, 0, 5, 2, 3, 4]",93,0
"[6, 1, 7, 0, 5, 2, 3, 4]",94,1
"[6, 1, 7, 0, 5, 2, 3, 4]",95,1
"[6, 1, 7, 0, 5, 2, 3, 4]",96,0
"[6, 1, 7, 0, 5, 2, 3, 4]",97,1
"[6, 1, 7, 0, 5, 2, 3, 4]",98,1
"[6, 1, 7, 0, 5, 2, 3, 4]",99,0
"[3, 6, 1, 5, 2, 0, 4, 7]",0,0
"[3, 6, 1, 5, 2, 0, 4, 7]",1,1
"[3, 6, 1, 5, 2, 0, 4, 7]",2,0
"[3, 6, 1, 5, 2, 0, 4, 7]",3,0
"[3, 6, 1, 5, 2, 0, 4, 7]",4,0
"[3, 6, 1, 5, 2, 0, 4, 7]",5,0
"[3, 6, 1, 5, 2, 0, 4, 7]",6,1
"[3, 6, 1, 5, 2, 0, 4, 7]",7,1
"[3, 6, 1, 5, 2, 0, 4, 7]",8,0
"[3, 6, 1, 5, 2, 0, 4, 7]",9,1
"[3, 6, 1, 5, 2, 0, 4, 7]",10,0
"[3, 6, 1, 5, 2, 0, 4, 7]",11,0
"[3, 6, 1, 5, 2, 0, 4, 7]",12,0
"[3, 6, 1, 5, 2, 0, 4, 7]",13,1
"[3, 6, 1, 5, 2, 0, 4, 7]",14,1
"[3, 6, 1, 5, 2, 0, 4, 7]",15,1
"[3, 6, 1, 5, 2, 0, 4, 7]",16,0
"[3, 6, 1, 5, 2, 0, 4, 7]",17,1
"[3, 6, 1, 5, 2, 0, 4, 7]",18,1
"[3, 6, 1, 5, 2, 0, 4, 7]",19,1
"[3, 6, 1, 5, 2, 0, 4, 7]",20,0
"[3, 6, 1, 5, 2, 0, 4, 7]",21,1
"[3, 6, 1, 5, 2, 0, 4, 7]",22,1
"[3, 6, 1, 5, 2, 0, 4, 7]",23,0
"[3, 6, 1, 5, 2, 0, 4, 7]",24,0
"[3, 6, 1, 5, 2, 0, 4, 7]",25,0
"[3, 6, 1, 5, 2, 0, 4, 7]",26,1
"[3, 6, 1, 5, 2, 0, 4, 7]",27,0
"[3, 6, 1, 5, 2, 0, 4, 7]",28,1
"[3, 6, 1, 5, 2, 0, 4, 7]",29,0
"[3, 6, 1, 5, 2, 0, 4, 7]",30,1
"[3, 6, 1, 5, 2, 0, 4, 7]",31,1
"[3, 6, 1, 5, 2, 0, 4, 7]",32,0
"[3, 6, 1, 5, 2, 0, 4, 7]",33,1
"[3, 6, 1, 5, 2, 0, 4, 7]",34,0
"[3, 6, 1, 5, 2, 0, 4, 7]",35,1
"[3, 6, 1, 5, 2, 0, 4, 7]",36,0
"[3, 6, 1, 5, 2, 0, 4, 7]",37,1
"[3, 6, 1, 5, 2, 0, 4, 7]",38,0
"[3, 6, 1, 5, 2, 0, 4, 7]",39,0
"[3, 6, 1, 5, 2, 0, 4, 7]",40,1
"[3, 6, 1, 5, 2, 0, 4, 7]",41,1
"[3, 6, 1, 5, 2, 0, 4, 7]",42,0
"[3, 6, 1, 5, 2, 0, 4, 7]",43,1
"[3, 6, 1, 5, 2, 0, 4, 7]",44,0
"[3, 6, 1, 5, 2, 0, 4, 7]",45,0
"[3, 6, 1, 5, 2, 0, 4, 7]",46,1
"[3, 6, 1, 5, 2, 0, 4, 7]",47,1
"[3, 6, 1, 5, 2, 0, 4, 7]",48,1
"[3, 6, 1, 5, 2, 0, 4, 7]",49,1
"[3, 6, 1, 5, 2, 0, 4, 7]",50,1
"[3, 6, 1, 5, 2, 0, 4, 7]",51,1
"[3, 6, 1, 5, 2, 0, 4, 7]",52,0
"[3, 6, 1, 5, 2, 0, 4, 7]",53,1
"[3, 6, 1, 5, 2, 0, 4, 7]",54,0
"[3, 6, 1, 5, 2, 0, 4, 7]",55,1
"[3, 6, 1, 5, 2, 0, 4, 7]",56,0
"[3, 6, 1, 5, 2, 0, 4, 7]",57,0
"[3, 6, 1, 5, 2, 0, 4, 7]",58,0
"[3, 6, 1, 5, 2, 0, 4, 7]",59,0
"[3, 6, 1, 5, 2, 0, 4, 7]",60,0
"[3, 6, 1, 5, 2, 0, 4, 7]",61,1
"[3, 6, 1, 5, 2, 0, 4, 7]",62,0
"[3, 6, 1, 5, 2, 0, 4, 7]",63,0
"[3, 6, 1, 5, 2, 0, 4, 7]",64,1
"[3, 6, 1, 5, 2, 0, 4, 7]",65,0
"[3, 6, 1, 5, 2, 0, 4, 7]",66,1
"[3, 6, 1, 5, 2, 0, 4, 7]",67,1
"[3, 6, 1, 5, 2, 0, 4, 7]",68,1
"[3, 6, 1, 5, 2, 0, 4, 7]",69,0
"[3, 6, 1, 5, 2, 0, 4, 7]",70,1
"[3, 6, 1, 5, 2, 0, 4, 7]",71,1
"[3, 6, 1, 5, 2, 0, 4, 7]",72,0
"[3, 6, 1, 5, 2, 0, 4, 7]",73,0
"[3, 6, 1, 5, 2, 0, 4, 7]",74,0
"[3, 6, 1, 5, 2, 0, 4, 7]",75,1
"[3, 6, 1, 5, 2, 0, 4, 7]",76,0
"[3, 6, 1, 5, 2, 0, 4, 7]",77,0
"[3, 6, 1, 5, 2, 0, 4, 7]",78,0
"[3, 6, 1, 5, 2, 0, 4, 7]",79,1
"[3, 6, 1, 5, 2, 0, 4, 7]",80,0
"[3, 6, 1, 5, 2, 0, 4, 7]",81,1
"[3, 6, 1, 5, 2, 0, 4, 7]",82,1
"[3, 6, 1, 5, 2, 0, 4, 7]",83,0
"[3, 6, 1, 5, 2, 0, 4, 7]",84,0
"[3, 6, 1, 5, 2, 0, 4, 7]",85,0
"[3, 6, 1, 5, 2, 0, 4, 7]",86,0
"[3, 6, 1, 5, 2, 0, 4, 7]",87,1
"[3, 6, 1, 5, 2, 0, 4, 7]",88,1
"[3, 6, 1, 5, 2, 0, 4, 7]",89,0
"[3, 6, 1, 5, 2, 0, 4, 7]",90,0
"[3, 6, 1, 5, 2, 0, 4, 7]",91,0
"[3, 6, 1, 5, 2, 0, 4, 7]",92,0
"[3, 6, 1, 5, 2, 0, 4, 7]",93,1
"[3, 6, 1, 5, 2, 0, 4, 7]",94,1
"[3, 6, 1, 5, 2, 0, 4, 7]",95,1
"[3, 6, 1, 5, 2, 0, 4, 7]",96,0
"[3, 6, 1, 5, 2, 0, 4, 7]",97,0
"[3, 6, 1, 5, 2, 0, 4, 7]",98,1
"[3, 6, 1, 5, 2, 0, 4, 7]",99,1
"[1, 0, 4, 5, 6, 7, 3, 2]",0,0
"[1, 0, 4, 5, 6, 7, 3, 2]",1,1
"[1, 0, 4, 5, 6, 7, 3, 2]",2,0
"[1, 0, 4, 5, 6, 7, 3, 2]",3,0
"[1, 0, 4, 5, 6, 7, 3, 2]",4,0
"[1, 0, 4, 5, 6, 7, 3, 2]",5,0
"[1, 0, 4, 5, 6, 7, 3, 2]",6,1
"[1, 0, 4, 5, 6, 7, 3, 2]",7,1
"[1, 0, 4, 5, 6, 7, 3, 2]",8,0
"[1, 0, 4, 5, 6, 7, 3, 2]",9,1
"[1, 0, 4, 5, 6, 7, 3, 2]",10,0
"[1, 0, 4, 5, 6, 7, 3, 2]",11,0
"[1, 0, 4, 5, 6, 7, 3, 2]",12,0
"[1, 0, 4, 5, 6, 7, 3, 2]",13,1
"[1, 0, 4, 5, 6, 7, 3, 2]",14,1
"[1, 0, 4, 5, 6, 7, 3, 2]",15,1
"[1, 0, 4, 5, 6, 7, 3, 2]",16,0
"[1, 0, 4, 5, 6, 7, 3, 2]",17,1
"[1, 0, 4, 5, 6, 7, 3, 2]",18,1
"[1, 0, 4, 5, 6, 7, 3, 2]",19,1
"[1, 0, 4, 5, 6, 7, 3, 2]",20,1
"[1, 0, 4, 5, 6, 7, 3, 2]",21,0
"[1, 0, 4, 5, 6, 7, 3, 2]",22,0
"[1, 0, 4, 5, 6, 7, 3, 2]",23,0
"[1, 0, 4, 5, 6, 7, 3, 2]",24,0
"[1, 0, 4, 5, 6, 7, 3, 2]",25,0
"[1, 0, 4, 5, 6, 7, 3, 2]",26,0
"[1, 0, 4, 5, 6, 7, 3, 2]",27,1
"[1, 0, 4, 5, 6, 7, 3, 2]",28,1
"[1, 0, 4, 5, 6, 7, 3, 2]",29,0
"[1, 0, 4, 5, 6, 7, 3, 2]",30,1
"[1, 0, 4, 5, 6, 7, 3, 2]",31,1
"[1, 0, 4, 5, 6, 7, 3, 2]",32,0
"[1, 0, 4, 5, 6, 7, 3, 2]",33,1
"[1, 0, 4, 5, 6, 7, 3, 2]",34,1
"[1, 0, 4, 5, 6, 7, 3, 2]",35,0
"[1, 0, 4, 5, 6, 7, 3, 2]",36,0
"[1, 0, 4, 5, 6, 7, 3, 2]",37,1
"[1, 0, 4, 5, 6, 7, 3, 2]",38,1
"[1, 0, 4, 5, 6, 7, 3, 2]",39,0
"[1, 0, 4, 5, 6, 7, 3, 2]",40,0
"[1, 0, 4, 5, 6, 7, 3, 2]",41,1
"[1, 0, 4, 5, 6, 7, 3, 2]",42,0
"[1, 0, 4, 5, 6, 7, 3, 2]",43,1
"[1, 0, 4, 5, 6, 7, 3, 2]",44,0
"[1, 0, 4, 5, 6, 7, 3, 2]",45,0
"[1, 0, 4, 5, 6, 7, 3, 2]",46,1
"[1, 0, 4, 5, 6, 7, 3, 2]",47,0
"[1, 0, 4, 5, 6, 7, 3, 2]",48,1
"[1, 0, 4, 5, 6, 7, 3, 2]",49,0
"[1, 0, 4, 5, 6, 7, 3, 2]",50,1
"[1, 0, 4, 5, 6, 7, 3, 2]",51,0
"[1, 0, 4, 5, 6, 7, 3, 2]",52,0
"[1, 0, 4, 5, 6, 7, 3, 2]",53,1
"[1, 0, 4, 5, 6, 7, 3, 2]",54,0
"[1, 0, 4, 5, 6, 7, 3, 2]",55,1
"[1, 0, 4, 5, 6, 7, 3, 2]",56,0
"[1, 0, 4, 5, 6, 7, 3, 2]",57,0
"[1, 0, 4, 5, 6, 7, 3, 2]",58,0
"[1, 0, 4, 5, 6, 7, 3, 2]",59,0
"[1, 0, 4, 5, 6, 7, 3, 2]",60,0
"[1, 0, 4, 5, 6, 7, 3, 2]",61,1
"[1, 0, 4, 5, 6, 7, 3, 2]",62,0
"[1, 0, 4, 5, 6, 7, 3, 2]",63,0
"[1, 0, 4, 5, 6, 7, 3, 2]",64,0
"[1, 0, 4, 5, 6, 7, 3, 2]",65,1
"[1, 0, 4, 5, 6, 7, 3, 2]",66,0
"[1, 0, 4, 5, 6, 7, 3, 2]",67,1
"[1, 0, 4, 5, 6, 7, 3, 2]",68,1
"[1, 0, 4, 5, 6, 7, 3, 2]",69,0
"[1, 0, 4, 5, 6, 7, 3, 2]",70,1
"[1, 0, 4, 5, 6, 7, 3, 2]",71,1
"[1, 0, 4, 5, 6, 7, 3, 2]",72,0
"[1, 0, 4, 5, 6, 7, 3, 2]",73,0
"[1, 0, 4, 5, 6, 7, 3, 2]",74,0
"[1, 0, 4, 5, 6, 7, 3, 2]",75,1
"[1, 0, 4, 5, 6, 7, 3, 2]",76,0
"[1, 0, 4, 5, 6, 7, 3, 2]",77,0
"[1, 0, 4, 5, 6, 7, 3, 2]",78,0
"[1, 0, 4, 5, 6, 7, 3, 2]",79,1
"[1, 0, 4, 5, 6, 7, 3, 2]",80,0
"[1, 0, 4, 5, 6, 7, 3, 2]",81,0
"[1, 0, 4, 5, 6, 7, 3, 2]",82,1
"[1, 0, 4, 5, 6, 7, 3, 2]",83,0
"[1, 0, 4, 5, 6, 7, 3, 2]",84,0
"[1, 0, 4, 5, 6, 7, 3, 2]",85,0
"[1, 0, 4, 5, 6, 7, 3, 2]",86,0
"[1, 0, 4, 5, 6, 7, 3, 2]",87,1
"[1, 0, 4, 5, 6, 7, 3, 2]",88,1
"[1, 0, 4, 5, 6, 7, 3, 2]",89,0
"[1, 0, 4, 5, 6, 7, 3, 2]",90,0
"[1, 0, 4, 5, 6, 7, 3, 2]",91,0
"[1, 0, 4, 5, 6, 7, 3, 2]",92,0
"[1, 0, 4, 5, 6, 7, 3, 2]",93,1
"[1, 0, 4, 5, 6, 7, 3, 2]",94,0
"[1, 0, 4, 5, 6, 7, 3, 2]",95,1
"[1, 0, 4, 5, 6, 7, 3, 2]",96,1
"[1, 0, 4, 5, 6, 7, 3, 2]",97,1
"[1, 0, 4, 5, 6, 7, 3, 2]",98,1
"[1, 0, 4, 5, 6, 7, 3, 2]",99,0
"[5, 3, 6, 2, 4, 7, 1, 0]",0,0
"[5, 3, 6, 2, 4, 7, 1, 0]",1,1
"[5, 3, 6, 2, 4, 7, 1, 0]",2,0
"[5, 3, 6, 2, 4, 7, 1, 0]",3,0
"[5, 3, 6, 2, 4, 7, 1, 0]",4,0
"[5, 3, 6, 2, 4, 7, 1, 0]",5,0
"[5, 3, 6, 2, 4, 7, 1, 0]",6,0
"[5, 3, 6, 2, 4, 7, 1, 0]",7,1
"[5, 3, 6, 2, 4, 7, 1, 0]",8,0
"[5, 3, 6, 2, 4, 7, 1, 0]",9,0
"[5, 3, 6, 2, 4, 7, 1, 0]",10,0
"[5, 3, 6, 2, 4, 7, 1, 0]",11,0
"[5, 3, 6, 2, 4, 7, 1, 0]",12,0
"[5, 3, 6, 2, 4, 7, 1, 0]",13,0
"[5, 3, 6, 2, 4, 7, 1, 0]",14,0
"[5, 3, 6, 2, 4, 7, 1, 0]",15,1
"[5, 3, 6, 2, 4, 7, 1, 0]",16,0
"[5, 3, 6, 2, 4, 7, 1, 0]",17,1
"[5, 3, 6, 2, 4, 7, 1, 0]",18,0
"[5, 3, 6, 2, 4, 7, 1, 0]",19,1
"[5, 3, 6, 2, 4, 7, 1, 0]",20,0
"[5, 3, 6, 2, 4, 7, 1, 0]",21,0
"[5, 3, 6, 2, 4, 7, 1, 0]",22,0
"[5, 3, 6, 2, 4, 7, 1, 0]",23,0
"[5, 3, 6, 2, 4, 7, 1, 0]",24,0
"[5, 3, 6, 2, 4, 7, 1, 0]",25,0
"[5, 3, 6, 2, 4, 7, 1, 0]",26,0
"[5, 3, 6, 2, 4, 7, 1, 0]",27,1
"[5, 3, 6, 2, 4, 7, 1, 0]",28,0
"[5, 3, 6, 2, 4, 7, 1, 0]",29,0
"[5, 3, 6, 2, 4, 7, 1, 0]",30,1
"[5, 3, 6, 2, 4, 7, 1, 0]",31,1
"[5, 3, 6, 2, 4, 7, 1, 0]",32,0
"[5, 3, 6, 2, 4, 7, 1, 0]",33,1
"[5, 3, 6, 2, 4, 7, 1, 0]",34,0
"[5, 3, 6, 2, 4, 7, 1, 0]",35,1
"[5, 3, 6, 2, 4, 7, 1, 0]",36,0
"[5, 3, 6, 2, 4, 7, 1, 0]",37,1
"[5, 3, 6, 2, 4, 7, 1, 0]",38,1
"[5, 3, 6, 2, 4, 7, 1, 0]",39,0
"[5, 3, 6, 2, 4, 7, 1, 0]",40,0
"[5, 3, 6, 2, 4, 7, 1, 0]",41,1
"[5, 3, 6, 2, 4, 7, 1, 0]",42,0
"[5, 3, 6, 2, 4, 7, 1, 0]",43,1
"[5, 3, 6, 2, 4, 7, 1, 0]",44,0
"[5, 3, 6, 2, 4, 7, 1, 0]",45,0
"[5, 3, 6, 2, 4, 7, 1, 0]",46,1
"[5, 3, 6, 2, 4, 7, 1, 0]",47,0
"[5, 3, 6, 2, 4, 7, 1, 0]",48,1
"[5, 3, 6, 2, 4, 7, 1, 0]",49,0
"[5, 3, 6, 2, 4, 7, 1, 0]",50,1
"[5, 3, 6, 2, 4, 7, 1, 0]",51,0
"[5, 3, 6, 2, 4, 7, 1, 0]",52,0
"[5, 3, 6, 2, 4, 7, 1, 0]",53,1
"[5, 3, 6, 2, 4, 7, 1, 0]",54,0
"[5, 3, 6, 2, 4, 7, 1, 0]",55,1
"[5, 3, 6, 2, 4, 7, 1, 0]",56,1
"[5, 3, 6, 2, 4, 7, 1, 0]",57,0
"[5, 3, 6, 2, 4, 7, 1, 0]",58,0
"[5, 3, 6, 2, 4, 7, 1, 0]",59,0
"[5, 3, 6, 2, 4, 7, 1, 0]",60,0
"[5, 3, 6, 2, 4, 7, 1, 0]",61,1
"[5, 3, 6, 2, 4, 7, 1, 0]",62,0
"[5, 3, 6, 2, 4, 7, 1, 0]",63,1
"[5, 3, 6, 2, 4, 7, 1, 0]",64,0
"[5, 3, 6, 2, 4, 7, 1, 0]",65,0
"[5, 3, 6, 2, 4, 7, 1, 0]",66,0
"[5, 3, 6, 2, 4, 7, 1, 0]",67,1
"[5, 3, 6, 2, 4, 7, 1, 0]",68,0
"[5, 3, 6, 2, 4, 7, 1, 0]",69,0
"[5, 3, 6, 2, 4, 7, 1, 0]",70,0
"[5, 3, 6, 2, 4, 7, 1, 0]",71,1
"[5, 3, 6, 2, 4, 7, 1, 0]",72,0
"[5, 3, 6, 2, 4, 7, 1, 0]",73,0
"[5, 3, 6, 2, 4, 7, 1, 0]",74,0
"[5, 3, 6, 2, 4, 7, 1, 0]",75,1
"[5, 3, 6, 2, 4, 7, 1, 0]",76,0
"[5, 3, 6, 2, 4, 7, 1, 0]",77,0
"[5, 3, 6, 2, 4, 7, 1, 0]",78,0
"[5, 3, 6, 2, 4, 7, 1, 0]",79,0
"[5, 3, 6, 2, 4, 7, 1, 0]",80,0
"[5, 3, 6, 2, 4, 7, 1, 0]",81,1
"[5, 3, 6, 2, 4, 7, 1, 0]",82,1
"[5, 3, 6, 2, 4, 7, 1, 0]",83,0
"[5, 3, 6, 2, 4, 7, 1, 0]",84,0
"[5, 3, 6, 2, 4, 7, 1, 0]",85,0
"[5, 3, 6, 2, 4, 7, 1, 0]",86,0
"[5, 3, 6, 2, 4, 7, 1, 0]",87,1
"[5, 3, 6, 2, 4, 7, 1, 0]",88,1
"[5, 3, 6, 2, 4, 7, 1, 0]",89,0
"[5, 3, 6, 2, 4, 7, 1, 0]",90,0
"[5, 3, 6, 2, 4, 7, 1, 0]",91,0
"[5, 3, 6, 2, 4, 7, 1, 0]",92,0
"[5, 3, 6, 2, 4, 7, 1, 0]",93,1
"[5, 3, 6, 2, 4, 7, 1, 0]",94,1
"[5, 3, 6, 2, 4, 7, 1, 0]",95,1
"[5, 3, 6, 2, 4, 7, 1, 0]",96,0
"[5, 3, 6, 2, 4, 7, 1, 0]",97,1
"[5, 3, 6, 2, 4, 7, 1, 0]",98,1
"[5, 3, 6, 2, 4, 7, 1, 0]",99,0
"[2, 0, 3, 7, 4, 6, 5, 1]",0,0
"[2, 0, 3, 7, 4, 6, 5, 1]",1,1
"[2, 0, 3, 7, 4, 6, 5, 1]",2,0
"[2, 0, 3, 7, 4, 6, 5, 1]",3,0
"[2, 0, 3, 7, 4, 6, 5, 1]",4,0
"[2, 0, 3, 7, 4, 6, 5, 1]",5,0
"[2, 0, 3, 7, 4, 6, 5, 1]",6,0
"[2, 0, 3, 7, 4, 6, 5, 1]",7,0
"[2, 0, 3, 7, 4, 6, 5, 1]",8,0
"[2, 0, 3, 7, 4, 6, 5, 1]",9,1
"[2, 0, 3, 7, 4, 6, 5, 1]",10,0
"[2, 0, 3, 7, 4, 6, 5, 1]",11,0
"[2, 0, 3, 7, 4, 6, 5, 1]",12,0
"[2, 0, 3, 7, 4, 6, 5, 1]",13,0
"[2, 0, 3, 7, 4, 6, 5, 1]",14,1
"[2, 0, 3, 7, 4, 6, 5, 1]",15,0
"[2, 0, 3, 7, 4, 6, 5, 1]",16,0
"[2, 0, 3, 7, 4, 6, 5, 1]",17,1
"[2, 0, 3, 7, 4, 6, 5, 1]",18,0
"[2, 0, 3, 7, 4, 6, 5, 1]",19,1
"[2, 0, 3, 7, 4, 6, 5, 1]",20,0
"[2, 0, 3, 7, 4, 6, 5, 1]",21,0
"[2, 0, 3, 7, 4, 6, 5, 1]",22,0
"[2, 0, 3, 7, 4, 6, 5, 1]",23,0
"[2, 0, 3, 7, 4, 6, 5, 1]",24,0
"[2, 0, 3, 7, 4, 6, 5, 1]",25,0
"[2, 0, 3, 7, 4, 6, 5, 1]",26,0
"[2, 0, 3, 7, 4, 6, 5, 1]",27,1
"[2, 0, 3, 7, 4, 6, 5, 1]",28,0
"[2, 0, 3, 7, 4, 6, 5, 1]",29,0
"[2, 0, 3, 7, 4, 6, 5, 1]",30,1
"[2, 0, 3, 7, 4, 6, 5, 1]",31,1
"[2, 0, 3, 7, 4, 6, 5, 1]",32,0
"[2, 0, 3, 7, 4, 6, 5, 1]",33,1
"[2, 0, 3, 7, 4, 6, 5, 1]",34,0
"[2, 0, 3, 7, 4, 6, 5, 1]",35,1
"[2, 0, 3, 7, 4, 6, 5, 1]",36,0
"[2, 0, 3, 7, 4, 6, 5, 1]",37,1
"[2, 0, 3, 7, 4, 6, 5, 1]",38,0
"[2, 0, 3, 7, 4, 6, 5, 1]",39,0
"[2, 0, 3, 7, 4, 6, 5, 1]",40,0
"[2, 0, 3, 7, 4, 6, 5, 1]",41,0
"[2, 0, 3, 7, 4, 6, 5, 1]",42,0
"[2, 0, 3, 7, 4, 6, 5, 1]",43,1
"[2, 0, 3, 7, 4, 6, 5, 1]",44,0
"[2, 0, 3, 7, 4, 6, 5, 1]",45,0
"[2, 0, 3, 7, 4, 6, 5, 1]",46,1
"[2, 0, 3, 7, 4, 6, 5, 1]",47,0
"[2, 0, 3, 7, 4, 6, 5, 1]",48,0
"[2, 0, 3, 7, 4, 6, 5, 1]",49,0
"[2, 0, 3, 7, 4, 6, 5, 1]",50,1
"[2, 0, 3, 7, 4, 6, 5, 1]",51,1
"[2, 0, 3, 7, 4, 6, 5, 1]",52,0
"[2, 0, 3, 7, 4, 6, 5, 1]",53,1
"[2, 0, 3, 7, 4, 6, 5, 1]",54,0
"[2, 0, 3, 7, 4, 6, 5, 1]",55,1
"[2, 0, 3, 7, 4, 6, 5, 1]",56,1
"[2, 0, 3, 7, 4, 6, 5, 1]",57,0
"[2, 0, 3, 7, 4, 6, 5, 1]",58,0
"[2, 0, 3, 7, 4, 6, 5, 1]",59,0
"[2, 0, 3, 7, 4, 6, 5, 1]",60,0
"[2, 0, 3, 7, 4, 6, 5, 1]",61,0
"[2, 0, 3, 7, 4, 6, 5, 1]",62,0
"[2, 0, 3, 7, 4, 6, 5, 1]",63,1
"[2, 0, 3, 7, 4, 6, 5, 1]",64,1
"[2, 0, 3, 7, 4, 6, 5, 1]",65,0
"[2, 0, 3, 7, 4, 6, 5, 1]",66,0
"[2, 0, 3, 7, 4, 6, 5, 1]",67,0
"[2, 0, 3, 7, 4, 6, 5, 1]",68,0
"[2, 0, 3, 7, 4, 6, 5, 1]",69,0
"[2, 0, 3, 7, 4, 6, 5, 1]",70,1
"[2, 0, 3, 7, 4, 6, 5, 1]",71,1
"[2, 0, 3, 7, 4, 6, 5, 1]",72,0
"[2, 0, 3, 7, 4, 6, 5, 1]",73,0
"[2, 0, 3, 7, 4, 6, 5, 1]",74,0
"[2, 0, 3, 7, 4, 6, 5, 1]",75,0
"[2, 0, 3, 7, 4, 6, 5, 1]",76,0
"[2, 0, 3, 7, 4, 6, 5, 1]",77,0
"[2, 0, 3, 7, 4, 6, 5, 1]",78,0
"[2, 0, 3, 7, 4, 6, 5, 1]",79,0
"[2, 0, 3, 7, 4, 6, 5, 1]",80,0
"[2, 0, 3, 7, 4, 6, 5, 1]",81,1
"[2, 0, 3, 7, 4, 6, 5, 1]",82,1
"[2, 0, 3, 7, 4, 6, 5, 1]",83,0
"[2, 0, 3, 7, 4, 6, 5, 1]",84,0
"[2, 0, 3, 7, 4, 6, 5, 1]",85,0
"[2, 0, 3, 7, 4, 6, 5, 1]",86,0
"[2, 0, 3, 7, 4, 6, 5, 1]",87,1
"[2, 0, 3, 7, 4, 6, 5, 1]",88,1
"[2, 0, 3, 7, 4, 6, 5, 1]",89,0
"[2, 0, 3, 7, 4, 6, 5, 1]",90,0
"[2, 0, 3, 7, 4, 6, 5, 1]",91,0
"[2, 0, 3, 7, 4, 6, 5, 1]",92,0
"[2, 0, 3, 7, 4, 6, 5, 1]",93,1
"[2, 0, 3, 7, 4, 6, 5, 1]",94,1
"[2, 0, 3, 7, 4, 6, 5, 1]",95,1
"[2, 0, 3, 7, 4, 6, 5, 1]",96,0
"[2, 0, 3, 7, 4, 6, 5, 1]",97,1
"[2, 0, 3, 7, 4, 6, 5, 1]",98,1
"[2, 0, 3, 7, 4, 6, 5, 1]",99,1
"[1, 2, 3, 0, 4, 6, 7, 5]",0,0
"[1, 2, 3, 0, 4, 6, 7, 5]",1,0
"[1, 2, 3, 0, 4, 6, 7, 5]",2,0
"[1, 2, 3, 0, 4, 6, 7, 5]",3,1
"[1, 2, 3, 0, 4, 6, 7, 5]",4,1
"[1, 2, 3, 0, 4, 6, 7, 5]",5,0
"[1, 2, 3, 0, 4, 6, 7, 5]",6,0
"[1, 2, 3, 0, 4, 6, 7, 5]",7,1
"[1, 2, 3, 0, 4, 6, 7, 5]",8,0
"[1, 2, 3, 0, 4, 6, 7, 5]",9,1
"[1, 2, 3, 0, 4, 6, 7, 5]",10,0
"[1, 2, 3, 0, 4, 6, 7, 5]",11,0
"[1, 2, 3, 0, 4, 6, 7, 5]",12,0
"[1, 2, 3, 0, 4, 6, 7, 5]",13,0
"[1, 2, 3, 0, 4, 6, 7, 5]",14,0
"[1, 2, 3, 0, 4, 6, 7, 5]",15,0
"[1, 2, 3, 0, 4, 6, 7, 5]",16,1
"[1, 2, 3, 0, 4, 6, 7, 5]",17,1
"[1, 2, 3, 0, 4, 6, 7, 5]",18,0
"[1, 2, 3, 0, 4, 6, 7, 5]",19,1
"[1, 2, 3, 0, 4, 6, 7, 5]",20,0
"[1, 2, 3, 0, 4, 6, 7, 5]",21,0
"[1, 2, 3, 0, 4, 6, 7, 5]",22,0
"[1, 2, 3, 0, 4, 6, 7, 5]",23,1
"[1, 2, 3, 0, 4, 6, 7, 5]",24,0
"[1, 2, 3, 0, 4, 6, 7, 5]",25,0
"[1, 2, 3, 0, 4, 6, 7, 5]",26,0
"[1, 2, 3, 0, 4, 6, 7, 5]",27,1
"[1, 2, 3, 0, 4, 6, 7, 5]",28,1
"[1, 2, 3, 0, 4, 6, 7, 5]",29,0
"[1, 2, 3, 0, 4, 6, 7, 5]",30,1
"[1, 2, 3, 0, 4, 6, 7, 5]",31,0
"[1, 2, 3, 0, 4, 6, 7, 5]",32,0
"[1, 2, 3, 0, 4, 6, 7, 5]",33,0
"[1, 2, 3, 0, 4, 6, 7, 5]",34,0
"[1, 2, 3, 0, 4, 6, 7, 5]",35,1
"[1, 2, 3, 0, 4, 6, 7, 5]",36,0
"[1, 2, 3, 0, 4, 6, 7, 5]",37,1
"[1, 2, 3, 0, 4, 6, 7, 5]",38,1
"[1, 2, 3, 0, 4, 6, 7, 5]",39,0
"[1, 2, 3, 0, 4, 6, 7, 5]",40,0
"[1, 2, 3, 0, 4, 6, 7, 5]",41,1
"[1, 2, 3, 0, 4, 6, 7, 5]",42,1
"[1, 2, 3, 0, 4, 6, 7, 5]",43,1
"[1, 2, 3, 0, 4, 6, 7, 5]",44,0
"[1, 2, 3, 0, 4, 6, 7, 5]",45,0
"[1, 2, 3, 0, 4, 6, 7, 5]",46,1
"[1, 2, 3, 0, 4, 6, 7, 5]",47,0
"[1, 2, 3, 0, 4, 6, 7, 5]",48,1
"[1, 2, 3, 0, 4, 6, 7, 5]",49,1
"[1, 2, 3, 0, 4, 6, 7, 5]",50,1
"[1, 2, 3, 0, 4, 6, 7, 5]",51,0
"[1, 2, 3, 0, 4, 6, 7, 5]",52,0
"[1, 2, 3, 0, 4, 6, 7, 5]",53,0
"[1, 2, 3, 0, 4, 6, 7, 5]",54,1
"[1, 2, 3, 0, 4, 6, 7, 5]",55,1
"[1, 2, 3, 0, 4, 6, 7, 5]",56,1
"[1, 2, 3, 0, 4, 6, 7, 5]",57,0
"[1, 2, 3, 0, 4, 6, 7, 5]",58,0
"[1, 2, 3, 0, 4, 6, 7, 5]",59,0
"[1, 2, 3, 0, 4, 6, 7, 5]",60,0
"[1, 2, 3, 0, 4, 6, 7, 5]",61,1
"[1, 2, 3, 0, 4, 6, 7, 5]",62,0
"[1, 2, 3, 0, 4, 6, 7, 5]",63,1
"[1, 2, 3, 0, 4, 6, 7, 5]",64,1
"[1, 2, 3, 0, 4, 6, 7, 5]",65,0
"[1, 2, 3, 0, 4, 6, 7, 5]",66,0
"[1, 2, 3, 0, 4, 6, 7, 5]",67,0
"[1, 2, 3, 0, 4, 6, 7, 5]",68,1
"[1, 2, 3, 0, 4, 6, 7, 5]",69,0
"[1, 2, 3, 0, 4, 6, 7, 5]",70,1
"[1, 2, 3, 0, 4, 6, 7, 5]",71,1
"[1, 2, 3, 0, 4, 6, 7, 5]",72,0
"[1, 2, 3, 0, 4, 6, 7, 5]",73,0
"[1, 2, 3, 0, 4, 6, 7, 5]",74,0
"[1, 2, 3, 0, 4, 6, 7, 5]",75,0
"[1, 2, 3, 0, 4, 6, 7, 5]",76,1
"[1, 2, 3, 0, 4, 6, 7, 5]",77,0
"[1, 2, 3, 0, 4, 6, 7, 5]",78,0
"[1, 2, 3, 0, 4, 6, 7, 5]",79,1
"[1, 2, 3, 0, 4, 6, 7, 5]",80,1
"[1, 2, 3, 0, 4, 6, 7, 5]",81,0
"[1, 2, 3, 0, 4, 6, 7, 5]",82,0
"[1, 2, 3, 0, 4, 6, 7, 5]",83,0
"[1, 2, 3, 0, 4, 6, 7, 5]",84,0
"[1, 2, 3, 0, 4, 6, 7, 5]",85,0
"[1, 2, 3, 0, 4, 6, 7, 5]",86,0
"[1, 2, 3, 0, 4, 6, 7, 5]",87,1
"[1, 2, 3, 0, 4, 6, 7, 5]",88,1
"[1, 2, 3, 0, 4, 6, 7, 5]",89,1
"[1, 2, 3, 0, 4, 6, 7, 5]",90,0
"[1, 2, 3, 0, 4, 6, 7, 5]",91,0
"[1, 2, 3, 0, 4, 6, 7, 5]",92,0
"[1, 2, 3, 0, 4, 6, 7, 5]",93,1
"[1, 2, 3, 0, 4, 6, 7, 5]",94,1
"[1, 2, 3, 0, 4, 6, 7, 5]",95,1
"[1, 2, 3, 0, 4, 6, 7, 5]",96,0
"[1, 2, 3, 0, 4, 6, 7, 5]",97,0
"[1, 2, 3, 0, 4, 6, 7, 5]",98,1
"[1, 2, 3, 0, 4, 6, 7, 5]",99,0
"[1, 5, 0, 2, 3, 6, 7, 4]",0,0
"[1, 5, 0, 2, 3, 6, 7, 4]",1,0
"[1, 5, 0, 2, 3, 6, 7, 4]",2,0
"[1, 5, 0, 2, 3, 6, 7, 4]",3,0
"[1, 5, 0, 2, 3, 6, 7, 4]",4,0
"[1, 5, 0, 2, 3, 6, 7, 4]",5,0
"[1, 5, 0, 2, 3, 6, 7, 4]",6,0
"[1, 5, 0, 2, 3, 6, 7, 4]",7,1
"[1, 5, 0, 2, 3, 6, 7, 4]",8,0
"[1, 5, 0, 2, 3, 6, 7, 4]",9,1
"[1, 5, 0, 2, 3, 6, 7, 4]",10,0
"[1, 5, 0, 2, 3, 6, 7, 4]",11,0
"[1, 5, 0, 2, 3, 6, 7, 4]",12,0
"[1, 5, 0, 2, 3, 6, 7, 4]",13,1
"[1, 5, 0, 2, 3, 6, 7, 4]",14,0
"[1, 5, 0, 2, 3, 6, 7, 4]",15,0
"[1, 5, 0, 2, 3, 6, 7, 4]",16,0
"[1, 5, 0, 2, 3, 6, 7, 4]",17,1
"[1, 5, 0, 2, 3, 6, 7, 4]",18,0
"[1, 5, 0, 2, 3, 6, 7, 4]",19,1
"[1, 5, 0, 2, 3, 6, 7, 4]",20,0
"[1, 5, 0, 2, 3, 6, 7, 4]",21,0
"[1, 5, 0, 2, 3, 6, 7, 4]",22,0
"[1, 5, 0, 2, 3, 6, 7, 4]",23,0
"[1, 5, 0, 2, 3, 6, 7, 4]",24,0
"[1, 5, 0, 2, 3, 6, 7, 4]",25,0
"[1, 5, 0, 2, 3, 6, 7, 4]",26,0
"[1, 5, 0, 2, 3, 6, 7, 4]",27,1
"[1, 5, 0, 2, 3, 6, 7, 4]",28,1
"[1, 5, 0, 2, 3, 6, 7, 4]",29,0
"[1, 5, 0, 2, 3, 6, 7, 4]",30,1
"[1, 5, 0, 2, 3, 6, 7, 4]",31,1
"[1, 5, 0, 2, 3, 6, 7, 4]",32,0
"[1, 5, 0, 2, 3, 6, 7, 4]",33,1
"[1, 5, 0, 2, 3, 6, 7, 4]",34,1
"[1, 5, 0, 2, 3, 6, 7, 4]",35,1
"[1, 5, 0, 2, 3, 6, 7, 4]",36,0
"[1, 5, 0, 2, 3, 6, 7, 4]",37,1
"[1, 5, 0, 2, 3, 6, 7, 4]",38,0
"[1, 5, 0, 2, 3, 6, 7, 4]",39,0
"[1, 5, 0, 2, 3, 6, 7, 4]",40,0
"[1, 5, 0, 2, 3, 6, 7, 4]",41,1
"[1, 5, 0, 2, 3, 6, 7, 4]",42,0
"[1, 5, 0, 2, 3, 6, 7, 4]",43,0
"[1, 5, 0, 2, 3, 6, 7, 4]",44,0
"[1, 5, 0, 2, 3, 6, 7, 4]",45,0
"[1, 5, 0, 2, 3, 6, 7, 4]",46,1
"[1, 5, 0, 2, 3, 6, 7, 4]",47,0
"[1, 5, 0, 2, 3, 6, 7, 4]",48,1
"[1, 5, 0, 2, 3, 6, 7, 4]",49,1
"[1, 5, 0, 2, 3, 6, 7, 4]",50,1
"[1, 5, 0, 2, 3, 6, 7, 4]",51,1
"[1, 5, 0, 2, 3, 6, 7, 4]",52,0
"[1, 5, 0, 2, 3, 6, 7, 4]",53,1
"[1, 5, 0, 2, 3, 6, 7, 4]",54,0
"[1, 5, 0, 2, 3, 6, 7, 4]",55,1
"[1, 5, 0, 2, 3, 6, 7, 4]",56,0
"[1, 5, 0, 2, 3, 6, 7, 4]",57,0
"[1, 5, 0, 2, 3, 6, 7, 4]",58,1
"[1, 5, 0, 2, 3, 6, 7, 4]",59,0
"[1, 5, 0, 2, 3, 6, 7, 4]",60,0
"[1, 5, 0, 2, 3, 6, 7, 4]",61,1
"[1, 5, 0, 2, 3, 6, 7, 4]",62,0
"[1, 5, 0, 2, 3, 6, 7, 4]",63,0
"[1, 5, 0, 2, 3, 6, 7, 4]",64,0
"[1, 5, 0, 2, 3, 6, 7, 4]",65,0
"[1, 5, 0, 2, 3, 6, 7, 4]",66,0
"[1, 5, 0, 2, 3, 6, 7, 4]",67,1
"[1, 5, 0, 2, 3, 6, 7, 4]",68,1
"[1, 5, 0, 2, 3, 6, 7, 4]",69,1
"[1, 5, 0, 2, 3, 6, 7, 4]",70,1
"[1, 5, 0, 2, 3, 6, 7, 4]",71,1
"[1, 5, 0, 2, 3, 6, 7, 4]",72,1
"[1, 5, 0, 2, 3, 6, 7, 4]",73,0
"[1, 5, 0, 2, 3, 6, 7, 4]",74,0
"[1, 5, 0, 2, 3, 6, 7, 4]",75,1
"[1, 5, 0, 2, 3, 6, 7, 4]",76,0
"[1, 5, 0, 2, 3, 6, 7, 4]",77,0
"[1, 5, 0, 2, 3, 6, 7, 4]",78,0
"[1, 5, 0, 2, 3, 6, 7, 4]",79,0
"[1, 5, 0, 2, 3, 6, 7, 4]",80,1
"[1, 5, 0, 2, 3, 6, 7, 4]",81,1
"[1, 5, 0, 2, 3, 6, 7, 4]",82,0
"[1, 5, 0, 2, 3, 6, 7, 4]",83,0
"[1, 5, 0, 2, 3, 6, 7, 4]",84,1
"[1, 5, 0, 2, 3, 6, 7, 4]",85,0
"[1, 5, 0, 2, 3, 6, 7, 4]",86,0
"[1, 5, 0, 2, 3, 6, 7, 4]",87,1
"[1, 5, 0, 2, 3, 6, 7, 4]",88,1
"[1, 5, 0, 2, 3, 6, 7, 4]",89,0
"[1, 5, 0, 2, 3, 6, 7, 4]",90,0
"[1, 5, 0, 2, 3, 6, 7, 4]",91,0
"[1, 5, 0, 2, 3, 6, 7, 4]",92,0
"[1, 5, 0, 2, 3, 6, 7, 4]",93,1
"[1, 5, 0, 2, 3, 6, 7, 4]",94,1
"[1, 5, 0, 2, 3, 6, 7, 4]",95,1
"[1, 5, 0, 2, 3, 6, 7, 4]",96,0
"[1, 5, 0, 2, 3, 6, 7, 4]",97,1
"[1, 5, 0, 2, 3, 6, 7, 4]",98,1
"[1, 5, 0, 2, 3, 6, 7, 4]",99,0
"[5, 1, 0, 6, 7, 4, 2, 3]",0,0
"[5, 1, 0, 6, 7, 4, 2, 3]",1,0
"[5, 1, 0, 6, 7, 4, 2, 3]",2,0
"[5, 1, 0, 6, 7, 4, 2, 3]",3,1
"[5, 1, 0, 6, 7, 4, 2, 3]",4,1
"[5, 1, 0, 6, 7, 4, 2, 3]",5,0
"[5, 1, 0, 6, 7, 4, 2, 3]",6,0
"[5, 1, 0, 6, 7, 4, 2, 3]",7,1
"[5, 1, 0, 6, 7, 4, 2, 3]",8,0
"[5, 1, 0, 6, 7, 4, 2, 3]",9,1
"[5, 1, 0, 6, 7, 4, 2, 3]",10,0
"[5, 1, 0, 6, 7, 4, 2, 3]",11,0
"[5, 1, 0, 6, 7, 4, 2, 3]",12,0
"[5, 1, 0, 6, 7, 4, 2, 3]",13,0
"[5, 1, 0, 6, 7, 4, 2, 3]",14,0
"[5, 1, 0, 6, 7, 4, 2, 3]",15,0
"[5, 1, 0, 6, 7, 4, 2, 3]",16,1
"[5, 1, 0, 6, 7, 4, 2, 3]",17,1
"[5, 1, 0, 6, 7, 4, 2, 3]",18,0
"[5, 1, 0, 6, 7, 4, 2, 3]",19,1
"[5, 1, 0, 6, 7, 4, 2, 3]",20,1
"[5, 1, 0, 6, 7, 4, 2, 3]",21,0
"[5, 1, 0, 6, 7, 4, 2, 3]",22,0
"[5, 1, 0, 6, 7, 4, 2, 3]",23,0
"[5, 1, 0, 6, 7, 4, 2, 3]",24,0
"[5, 1, 0, 6, 7, 4, 2, 3]",25,0
"[5, 1, 0, 6, 7, 4, 2, 3]",26,1
"[5, 1, 0, 6, 7, 4, 2, 3]",27,1
"[5, 1, 0, 6, 7, 4, 2, 3]",28,0
"[5, 1, 0, 6, 7, 4, 2, 3]",29,0
"[5, 1, 0, 6, 7, 4, 2, 3]",30,1
"[5, 1, 0, 6, 7, 4, 2, 3]",31,0
"[5, 1, 0, 6, 7, 4, 2, 3]",32,0
"[5, 1, 0, 6, 7, 4, 2, 3]",33,0
"[5, 1, 0, 6, 7, 4, 2, 3]",34,0
"[5, 1, 0, 6, 7, 4, 2, 3]",35,1
"[5, 1, 0, 6, 7, 4, 2, 3]",36,0
"[5, 1, 0, 6, 7, 4, 2, 3]",37,1
"[5, 1, 0, 6, 7, 4, 2, 3]",38,0
"[5, 1, 0, 6, 7, 4, 2, 3]",39,0
"[5, 1, 0, 6, 7, 4, 2, 3]",40,0
"[5, 1, 0, 6, 7, 4, 2, 3]",41,1
"[5, 1, 0, 6, 7, 4, 2, 3]",42,0
"[5, 1, 0, 6, 7, 4, 2, 3]",43,1
"[5, 1, 0, 6, 7, 4, 2, 3]",44,0
"[5, 1, 0, 6, 7, 4, 2, 3]",45,0
"[5, 1, 0, 6, 7, 4, 2, 3]",46,1
"[5, 1, 0, 6, 7, 4, 2, 3]",47,1
"[5, 1, 0, 6, 7, 4, 2, 3]",48,1
"[5, 1, 0, 6, 7, 4, 2, 3]",49,0
"[5, 1, 0, 6, 7, 4, 2, 3]",50,1
"[5, 1, 0, 6, 7, 4, 2, 3]",51,0
"[5, 1, 0, 6, 7, 4, 2, 3]",52,0
"[5, 1, 0, 6, 7, 4, 2, 3]",53,0
"[5, 1, 0, 6, 7, 4, 2, 3]",54,1
"[5, 1, 0, 6, 7, 4, 2, 3]",55,1
"[5, 1, 0, 6, 7, 4, 2, 3]",56,1
"[5, 1, 0, 6, 7, 4, 2, 3]",57,0
"[5, 1, 0, 6, 7, 4, 2, 3]",58,1
"[5, 1, 0, 6, 7, 4, 2, 3]",59,0
"[5, 1, 0, 6, 7, 4, 2, 3]",60,0
"[5, 1, 0, 6, 7, 4, 2, 3]",61,1
"[5, 1, 0, 6, 7, 4, 2, 3]",62,1
"[5, 1, 0, 6, 7, 4, 2, 3]",63,0
"[5, 1, 0, 6, 7, 4, 2, 3]",64,1
"[5, 1, 0, 6, 7, 4, 2, 3]",65,0
"[5, 1, 0, 6, 7, 4, 2, 3]",66,1
"[5, 1, 0, 6, 7, 4, 2, 3]",67,0
"[5, 1, 0, 6, 7, 4, 2, 3]",68,1
"[5, 1, 0, 6, 7, 4, 2, 3]",69,0
"[5, 1, 0, 6, 7, 4, 2, 3]",70,1
"[5, 1, 0, 6, 7, 4, 2, 3]",71,0
"[5, 1, 0, 6, 7, 4, 2, 3]",72,1
"[5, 1, 0, 6, 7, 4, 2, 3]",73,0
"[5, 1, 0, 6, 7, 4, 2, 3]",74,0
"[5, 1, 0, 6, 7, 4, 2, 3]",75,0
"[5, 1, 0, 6, 7, 4, 2, 3]",76,0
"[5, 1, 0, 6, 7, 4, 2, 3]",77,0
"[5, 1, 0, 6, 7, 4, 2, 3]",78,0
"[5, 1, 0, 6, 7, 4, 2, 3]",79,0
"[5, 1, 0, 6, 7, 4, 2, 3]",80,0
"[5, 1, 0, 6, 7, 4, 2, 3]",81,0
"[5, 1, 0, 6, 7, 4, 2, 3]",82,1
"[5, 1, 0, 6, 7, 4, 2, 3]",83,0
"[5, 1, 0, 6, 7, 4, 2, 3]",84,0
"[5, 1, 0, 6, 7, 4, 2, 3]",85,0
"[5, 1, 0, 6, 7, 4, 2, 3]",86,0
"[5, 1, 0, 6, 7, 4, 2, 3]",87,1
"[5, 1, 0, 6, 7, 4, 2, 3]",88,0
"[5, 1, 0, 6, 7, 4, 2, 3]",89,0
"[5, 1, 0, 6, 7, 4, 2, 3]",90,0
"[5, 1, 0, 6, 7, 4, 2, 3]",91,0
"[5, 1, 0, 6, 7, 4, 2, 3]",92,0
"[5, 1, 0, 6, 7, 4, 2, 3]",93,1
"[5, 1, 0, 6, 7, 4, 2, 3]",94,1
"[5, 1, 0, 6, 7, 4, 2, 3]",95,1
"[5, 1, 0, 6, 7, 4, 2, 3]",96,0
"[5, 1, 0, 6, 7, 4, 2, 3]",97,0
"[5, 1, 0, 6, 7, 4, 2, 3]",98,1
"[5, 1, 0, 6, 7, 4, 2, 3]",99,0
"[0, 5, 1, 4, 3, 2, 6, 7]",0,0
"[0, 5, 1, 4, 3, 2, 6, 7]",1,1
"[0, 5, 1, 4, 3, 2, 6, 7]",2,0
"[0, 5, 1, 4, 3, 2, 6, 7]",3,0
"[0, 5, 1, 4, 3, 2, 6, 7]",4,0
"[0, 5, 1, 4, 3, 2, 6, 7]",5,1
"[0, 5, 1, 4, 3, 2, 6, 7]",6,0
"[0, 5, 1, 4, 3, 2, 6, 7]",7,1
"[0, 5, 1, 4, 3, 2, 6, 7]",8,0
"[0, 5, 1, 4, 3, 2, 6, 7]",9,1
"[0, 5, 1, 4, 3, 2, 6, 7]",10,0
"[0, 5, 1, 4, 3, 2, 6, 7]",11,0
"[0, 5, 1, 4, 3, 2, 6, 7]",12,0
"[0, 5, 1, 4, 3, 2, 6, 7]",13,1
"[0, 5, 1, 4, 3, 2, 6, 7]",14,0
"[0, 5, 1, 4, 3, 2, 6, 7]",15,0
"[0, 5, 1, 4, 3, 2, 6, 7]",16,1
"[0, 5, 1, 4, 3, 2, 6, 7]",17,1
"[0, 5, 1, 4, 3, 2, 6, 7]",18,0
"[0, 5, 1, 4, 3, 2, 6, 7]",19,1
"[0, 5, 1, 4, 3, 2, 6, 7]",20,0
"[0, 5, 1, 4, 3, 2, 6, 7]",21,0
"[0, 5, 1, 4, 3, 2, 6, 7]",22,1
"[0, 5, 1, 4, 3, 2, 6, 7]",23,0
"[0, 5, 1, 4, 3, 2, 6, 7]",24,0
"[0, 5, 1, 4, 3, 2, 6, 7]",25,0
"[0, 5, 1, 4, 3, 2, 6, 7]",26,0
"[0, 5, 1, 4, 3, 2, 6, 7]",27,1
"[0, 5, 1, 4, 3, 2, 6, 7]",28,1
"[0, 5, 1, 4, 3, 2, 6, 7]",29,0
"[0, 5, 1, 4, 3, 2, 6, 7]",30,1
"[0, 5, 1, 4, 3, 2, 6, 7]",31,1
"[0, 5, 1, 4, 3, 2, 6, 7]",32,0
"[0, 5, 1, 4, 3, 2, 6, 7]",33,1
"[0, 5, 1, 4, 3, 2, 6, 7]",34,1
"[0, 5, 1, 4, 3, 2, 6, 7]",35,1
"[0, 5, 1, 4, 3, 2, 6, 7]",36,0
"[0, 5, 1, 4, 3, 2, 6, 7]",37,1
"[0, 5, 1, 4, 3, 2, 6, 7]",38,0
"[0, 5, 1, 4, 3, 2, 6, 7]",39,0
"[0, 5, 1, 4, 3, 2, 6, 7]",40,0
"[0, 5, 1, 4, 3, 2, 6, 7]",41,1
"[0, 5, 1, 4, 3, 2, 6, 7]",42,0
"[0, 5, 1, 4, 3, 2, 6, 7]",43,1
"[0, 5, 1, 4, 3, 2, 6, 7]",44,0
"[0, 5, 1, 4, 3, 2, 6, 7]",45,0
"[0, 5, 1, 4, 3, 2, 6, 7]",46,1
"[0, 5, 1, 4, 3, 2, 6, 7]",47,0
"[0, 5, 1, 4, 3, 2, 6, 7]",48,1
"[0, 5, 1, 4, 3, 2, 6, 7]",49,0
"[0, 5, 1, 4, 3, 2, 6, 7]",50,1
"[0, 5, 1, 4, 3, 2, 6, 7]",51,1
"[0, 5, 1, 4, 3, 2, 6, 7]",52,0
"[0, 5, 1, 4, 3, 2, 6, 7]",53,1
"[0, 5, 1, 4, 3, 2, 6, 7]",54,0
"[0, 5, 1, 4, 3, 2, 6, 7]",55,1
"[0, 5, 1, 4, 3, 2, 6, 7]",56,1
"[0, 5, 1, 4, 3, 2, 6, 7]",57,0
"[0, 5, 1, 4, 3, 2, 6, 7]",58,0
"[0, 5, 1, 4, 3, 2, 6, 7]",59,0
"[0, 5, 1, 4, 3, 2, 6, 7]",60,0
"[0, 5, 1, 4, 3, 2, 6, 7]",61,1
"[0, 5, 1, 4, 3, 2, 6, 7]",62,0
"[0, 5, 1, 4, 3, 2, 6, 7]",63,1
"[0, 5, 1, 4, 3, 2, 6, 7]",64,1
"[0, 5, 1, 4, 3, 2, 6, 7]",65,0
"[0, 5, 1, 4, 3, 2, 6, 7]",66,0
"[0, 5, 1, 4, 3, 2, 6, 7]",67,1
"[0, 5, 1, 4, 3, 2, 6, 7]",68,1
"[0, 5, 1, 4, 3, 2, 6, 7]",69,1
"[0, 5, 1, 4, 3, 2, 6, 7]",70,1
"[0, 5, 1, 4, 3, 2, 6, 7]",71,1
"[0, 5, 1, 4, 3, 2, 6, 7]",72,0
"[0, 5, 1, 4, 3, 2, 6, 7]",73,0
"[0, 5, 1, 4, 3, 2, 6, 7]",74,0
"[0, 5, 1, 4, 3, 2, 6, 7]",75,1
"[0, 5, 1, 4, 3, 2, 6, 7]",76,0
"[0, 5, 1, 4, 3, 2, 6, 7]",77,1
"[0, 5, 1, 4, 3, 2, 6, 7]",78,0
"[0, 5, 1, 4, 3, 2, 6, 7]",79,1
"[0, 5, 1, 4, 3, 2, 6, 7]",80,1
"[0, 5, 1, 4, 3, 2, 6, 7]",81,0
"[0, 5, 1, 4, 3, 2, 6, 7]",82,0
"[0, 5, 1, 4, 3, 2, 6, 7]",83,0
"[0, 5, 1, 4, 3, 2, 6, 7]",84,1
"[0, 5, 1, 4, 3, 2, 6, 7]",85,0
"[0, 5, 1, 4, 3, 2, 6, 7]",86,0
"[0, 5, 1, 4, 3, 2, 6, 7]",87,1
"[0, 5, 1, 4, 3, 2, 6, 7]",88,1
"[0, 5, 1, 4, 3, 2, 6, 7]",89,0
"[0, 5, 1, 4, 3, 2, 6, 7]",90,0
"[0, 5, 1, 4, 3, 2, 6, 7]",91,0
"[0, 5, 1, 4, 3, 2, 6, 7]",92,0
"[0, 5, 1, 4, 3, 2, 6, 7]",93,1
"[0, 5, 1, 4, 3, 2, 6, 7]",94,0
"[0, 5, 1, 4, 3, 2, 6, 7]",95,1
"[0, 5, 1, 4, 3, 2, 6, 7]",96,1
"[0, 5, 1, 4, 3, 2, 6, 7]",97,0
"[0, 5, 1, 4, 3, 2, 6, 7]",98,1
"[0, 5, 1, 4, 3, 2, 6, 7]",99,0
"[0, 6, 5, 2, 4, 3, 1, 7]",0,0
"[0, 6, 5, 2, 4, 3, 1, 7]",1,1
"[0, 6, 5, 2, 4, 3, 1, 7]",2,0
"[0, 6, 5, 2, 4, 3, 1, 7]",3,1
"[0, 6, 5, 2, 4, 3, 1, 7]",4,0
"[0, 6, 5, 2, 4, 3, 1, 7]",5,0
"[0, 6, 5, 2, 4, 3, 1, 7]",6,0
"[0, 6, 5, 2, 4, 3, 1, 7]",7,1
"[0, 6, 5, 2, 4, 3, 1, 7]",8,0
"[0, 6, 5, 2, 4, 3, 1, 7]",9,1
"[0, 6, 5, 2, 4, 3, 1, 7]",10,0
"[0, 6, 5, 2, 4, 3, 1, 7]",11,0
"[0, 6, 5, 2, 4, 3, 1, 7]",12,0
"[0, 6, 5, 2, 4, 3, 1, 7]",13,1
"[0, 6, 5, 2, 4, 3, 1, 7]",14,1
"[0, 6, 5, 2, 4, 3, 1, 7]",15,0
"[0, 6, 5, 2, 4, 3, 1, 7]",16,0
"[0, 6, 5, 2, 4, 3, 1, 7]",17,1
"[0, 6, 5, 2, 4, 3, 1, 7]",18,1
"[0, 6, 5, 2, 4, 3, 1, 7]",19,1
"[0, 6, 5, 2, 4, 3, 1, 7]",20,0
"[0, 6, 5, 2, 4, 3, 1, 7]",21,1
"[0, 6, 5, 2, 4, 3, 1, 7]",22,1
"[0, 6, 5, 2, 4, 3, 1, 7]",23,0
"[0, 6, 5, 2, 4, 3, 1, 7]",24,0
"[0, 6, 5, 2, 4, 3, 1, 7]",25,0
"[0, 6, 5, 2, 4, 3, 1, 7]",26,0
"[0, 6, 5, 2, 4, 3, 1, 7]",27,1
"[0, 6, 5, 2, 4, 3, 1, 7]",28,0
"[0, 6, 5, 2, 4, 3, 1, 7]",29,0
"[0, 6, 5, 2, 4, 3, 1, 7]",30,1
"[0, 6, 5, 2, 4, 3, 1, 7]",31,1
"[0, 6, 5, 2, 4, 3, 1, 7]",32,0
"[0, 6, 5, 2, 4, 3, 1, 7]",33,1
"[0, 6, 5, 2, 4, 3, 1, 7]",34,0
"[0, 6, 5, 2, 4, 3, 1, 7]",35,1
"[0, 6, 5, 2, 4, 3, 1, 7]",36,0
"[0, 6, 5, 2, 4, 3, 1, 7]",37,1
"[0, 6, 5, 2, 4, 3, 1, 7]",38,0
"[0, 6, 5, 2, 4, 3, 1, 7]",39,0
"[0, 6, 5, 2, 4, 3, 1, 7]",40,0
"[0, 6, 5, 2, 4, 3, 1, 7]",41,1
"[0, 6, 5, 2, 4, 3, 1, 7]",42,0
"[0, 6, 5, 2, 4, 3, 1, 7]",43,0
"[0, 6, 5, 2, 4, 3, 1, 7]",44,0
"[0, 6, 5, 2, 4, 3, 1, 7]",45,0
"[0, 6, 5, 2, 4, 3, 1, 7]",46,1
"[0, 6, 5, 2, 4, 3, 1, 7]",47,0
"[0, 6, 5, 2, 4, 3, 1, 7]",48,1
"[0, 6, 5, 2, 4, 3, 1, 7]",49,1
"[0, 6, 5, 2, 4, 3, 1, 7]",50,1
"[0, 6, 5, 2, 4, 3, 1, 7]",51,1
"[0, 6, 5, 2, 4, 3, 1, 7]",52,0
"[0, 6, 5, 2, 4, 3, 1, 7]",53,1
"[0, 6, 5, 2, 4, 3, 1, 7]",54,0
"[0, 6, 5, 2, 4, 3, 1, 7]",55,1
"[0, 6, 5, 2, 4, 3, 1, 7]",56,1
"[0, 6, 5, 2, 4, 3, 1, 7]",57,0
"[0, 6, 5, 2, 4, 3, 1, 7]",58,0
"[0, 6, 5, 2, 4, 3, 1, 7]",59,0
"[0, 6, 5, 2, 4, 3, 1, 7]",60,0
"[0, 6, 5, 2, 4, 3, 1, 7]",61,1
"[0, 6, 5, 2, 4, 3, 1, 7]",62,0
"[0, 6, 5, 2, 4, 3, 1, 7]",63,0
"[0, 6, 5, 2, 4, 3, 1, 7]",64,1
"[0, 6, 5, 2, 4, 3, 1, 7]",65,0
"[0, 6, 5, 2, 4, 3, 1, 7]",66,0
"[0, 6, 5, 2, 4, 3, 1, 7]",67,1
"[0, 6, 5, 2, 4, 3, 1, 7]",68,0
"[0, 6, 5, 2, 4, 3, 1, 7]",69,1
"[0, 6, 5, 2, 4, 3, 1, 7]",70,0
"[0, 6, 5, 2, 4, 3, 1, 7]",71,1
"[0, 6, 5, 2, 4, 3, 1, 7]",72,1
"[0, 6, 5, 2, 4, 3, 1, 7]",73,0
"[0, 6, 5, 2, 4, 3, 1, 7]",74,0
"[0, 6, 5, 2, 4, 3, 1, 7]",75,0
"[0, 6, 5, 2, 4, 3, 1, 7]",76,0
"[0, 6, 5, 2, 4, 3, 1, 7]",77,0
"[0, 6, 5, 2, 4, 3, 1, 7]",78,0
"[0, 6, 5, 2, 4, 3, 1, 7]",79,1
"[0, 6, 5, 2, 4, 3, 1, 7]",80,1
"[0, 6, 5, 2, 4, 3, 1, 7]",81,1
"[0, 6, 5, 2, 4, 3, 1, 7]",82,0
"[0, 6, 5, 2, 4, 3, 1, 7]",83,0
"[0, 6, 5, 2, 4, 3, 1, 7]",84,1
"[0, 6, 5, 2, 4, 3, 1, 7]",85,0
"[0, 6, 5, 2, 4, 3, 1, 7]",86,0
"[0, 6, 5, 2, 4, 3, 1, 7]",87,1
"[0, 6, 5, 2, 4, 3, 1, 7]",88,1
"[0, 6, 5, 2, 4, 3, 1, 7]",89,0
"[0, 6, 5, 2, 4, 3, 1, 7]",90,0
"[0, 6, 5, 2, 4, 3, 1, 7]",91,0
"[0, 6, 5, 2, 4, 3, 1, 7]",92,0
"[0, 6, 5, 2, 4, 3, 1, 7]",93,1
"[0, 6, 5, 2, 4, 3, 1, 7]",94,1
"[0, 6, 5, 2, 4, 3, 1, 7]",95,1
"[0, 6, 5, 2, 4, 3, 1, 7]",96,0
"[0, 6, 5, 2, 4, 3, 1, 7]",97,0
"[0, 6, 5, 2, 4, 3, 1, 7]",98,1
"[0, 6, 5, 2, 4, 3, 1, 7]",99,0
"[3, 5, 0, 6, 1, 2, 4, 7]",0,0
"[3, 5, 0, 6, 1, 2, 4, 7]",1,1
"[3, 5, 0, 6, 1, 2, 4, 7]",2,0
"[3, 5, 0, 6, 1, 2, 4, 7]",3,0
"[3, 5, 0, 6, 1, 2, 4, 7]",4,1
"[3, 5, 0, 6, 1, 2, 4, 7]",5,0
"[3, 5, 0, 6, 1, 2, 4, 7]",6,1
"[3, 5, 0, 6, 1, 2, 4, 7]",7,1
"[3, 5, 0, 6, 1, 2, 4, 7]",8,0
"[3, 5, 0, 6, 1, 2, 4, 7]",9,1
"[3, 5, 0, 6, 1, 2, 4, 7]",10,0
"[3, 5, 0, 6, 1, 2, 4, 7]",11,1
"[3, 5, 0, 6, 1, 2, 4, 7]",12,0
"[3, 5, 0, 6, 1, 2, 4, 7]",13,1
"[3, 5, 0, 6, 1, 2, 4, 7]",14,0
"[3, 5, 0, 6, 1, 2, 4, 7]",15,0
"[3, 5, 0, 6, 1, 2, 4, 7]",16,0
"[3, 5, 0, 6, 1, 2, 4, 7]",17,1
"[3, 5, 0, 6, 1, 2, 4, 7]",18,0
"[3, 5, 0, 6, 1, 2, 4, 7]",19,1
"[3, 5, 0, 6, 1, 2, 4, 7]",20,0
"[3, 5, 0, 6, 1, 2, 4, 7]",21,0
"[3, 5, 0, 6, 1, 2, 4, 7]",22,0
"[3, 5, 0, 6, 1, 2, 4, 7]",23,0
"[3, 5, 0, 6, 1, 2, 4, 7]",24,0
"[3, 5, 0, 6, 1, 2, 4, 7]",25,0
"[3, 5, 0, 6, 1, 2, 4, 7]",26,1
"[3, 5, 0, 6, 1, 2, 4, 7]",27,0
"[3, 5, 0, 6, 1, 2, 4, 7]",28,1
"[3, 5, 0, 6, 1, 2, 4, 7]",29,0
"[3, 5, 0, 6, 1, 2, 4, 7]",30,1
"[3, 5, 0, 6, 1, 2, 4, 7]",31,0
"[3, 5, 0, 6, 1, 2, 4, 7]",32,0
"[3, 5, 0, 6, 1, 2, 4, 7]",33,1
"[3, 5, 0, 6, 1, 2, 4, 7]",34,0
"[3, 5, 0, 6, 1, 2, 4, 7]",35,1
"[3, 5, 0, 6, 1, 2, 4, 7]",36,0
"[3, 5, 0, 6, 1, 2, 4, 7]",37,1
"[3, 5, 0, 6, 1, 2, 4, 7]",38,0
"[3, 5, 0, 6, 1, 2, 4, 7]",39,0
"[3, 5, 0, 6, 1, 2, 4, 7]",40,0
"[3, 5, 0, 6, 1, 2, 4, 7]",41,1
"[3, 5, 0, 6, 1, 2, 4, 7]",42,1
"[3, 5, 0, 6, 1, 2, 4, 7]",43,0
"[3, 5, 0, 6, 1, 2, 4, 7]",44,0
"[3, 5, 0, 6, 1, 2, 4, 7]",45,0
"[3, 5, 0, 6, 1, 2, 4, 7]",46,0
"[3, 5, 0, 6, 1, 2, 4, 7]",47,0
"[3, 5, 0, 6, 1, 2, 4, 7]",48,1
"[3, 5, 0, 6, 1, 2, 4, 7]",49,1
"[3, 5, 0, 6, 1, 2, 4, 7]",50,1
"[3, 5, 0, 6, 1, 2, 4, 7]",51,0
"[3, 5, 0, 6, 1, 2, 4, 7]",52,0
"[3, 5, 0, 6, 1, 2, 4, 7]",53,1
"[3, 5, 0, 6, 1, 2, 4, 7]",54,0
"[3, 5, 0, 6, 1, 2, 4, 7]",55,1
"[3, 5, 0, 6, 1, 2, 4, 7]",56,0
"[3, 5, 0, 6, 1, 2, 4, 7]",57,0
"[3, 5, 0, 6, 1, 2, 4, 7]",58,1
"[3, 5, 0, 6, 1, 2, 4, 7]",59,0
"[3, 5, 0, 6, 1, 2, 4, 7]",60,0
"[3, 5, 0, 6, 1, 2, 4, 7]",61,1
"[3, 5, 0, 6, 1, 2, 4, 7]",62,0
"[3, 5, 0, 6, 1, 2, 4, 7]",63,1
"[3, 5, 0, 6, 1, 2, 4, 7]",64,1
"[3, 5, 0, 6, 1, 2, 4, 7]",65,0
"[3, 5, 0, 6, 1, 2, 4, 7]",66,0
"[3, 5, 0, 6, 1, 2, 4, 7]",67,1
"[3, 5, 0, 6, 1, 2, 4, 7]",68,1
"[3, 5, 0, 6, 1, 2, 4, 7]",69,0
"[3, 5, 0, 6, 1, 2, 4, 7]",70,1
"[3, 5, 0, 6, 1, 2, 4, 7]",71,1
"[3, 5, 0, 6, 1, 2, 4, 7]",72,0
"[3, 5, 0, 6, 1, 2, 4, 7]",73,0
"[3, 5, 0, 6, 1, 2, 4, 7]",74,0
"[3, 5, 0, 6, 1, 2, 4, 7]",75,0
"[3, 5, 0, 6, 1, 2, 4, 7]",76,0
"[3, 5, 0, 6, 1, 2, 4, 7]",77,0
"[3, 5, 0, 6, 1, 2, 4, 7]",78,0
"[3, 5, 0, 6, 1, 2, 4, 7]",79,1
"[3, 5, 0, 6, 1, 2, 4, 7]",80,0
"[3, 5, 0, 6, 1, 2, 4, 7]",81,1
"[3, 5, 0, 6, 1, 2, 4, 7]",82,1
"[3, 5, 0, 6, 1, 2, 4, 7]",83,0
"[3, 5, 0, 6, 1, 2, 4, 7]",84,1
"[3, 5, 0, 6, 1, 2, 4, 7]",85,1
"[3, 5, 0, 6, 1, 2, 4, 7]",86,0
"[3, 5, 0, 6, 1, 2, 4, 7]",87,1
"[3, 5, 0, 6, 1, 2, 4, 7]",88,1
"[3, 5, 0, 6, 1, 2, 4, 7]",89,0
"[3, 5, 0, 6, 1, 2, 4, 7]",90,0
"[3, 5, 0, 6, 1, 2, 4, 7]",91,0
"[3, 5, 0, 6, 1, 2, 4, 7]",92,0
"[3, 5, 0, 6, 1, 2, 4, 7]",93,1
"[3, 5, 0, 6, 1, 2, 4, 7]",94,1
"[3, 5, 0, 6, 1, 2, 4, 7]",95,1
"[3, 5, 0, 6, 1, 2, 4, 7]",96,0
"[3, 5, 0, 6, 1, 2, 4, 7]",97,1
"[3, 5, 0, 6, 1, 2, 4, 7]",98,1
"[3, 5, 0, 6, 1, 2, 4, 7]",99,0
"[6, 3, 5, 0, 7, 2, 4, 1]",0,0
"[6, 3, 5, 0, 7, 2, 4, 1]",1,1
"[6, 3, 5, 0, 7, 2, 4, 1]",2,0
"[6, 3, 5, 0, 7, 2, 4, 1]",3,0
"[6, 3, 5, 0, 7, 2, 4, 1]",4,0
"[6, 3, 5, 0, 7, 2, 4, 1]",5,0
"[6, 3, 5, 0, 7, 2, 4, 1]",6,0
"[6, 3, 5, 0, 7, 2, 4, 1]",7,1
"[6, 3, 5, 0, 7, 2, 4, 1]",8,0
"[6, 3, 5, 0, 7, 2, 4, 1]",9,1
"[6, 3, 5, 0, 7, 2, 4, 1]",10,0
"[6, 3, 5, 0, 7, 2, 4, 1]",11,0
"[6, 3, 5, 0, 7, 2, 4, 1]",12,0
"[6, 3, 5, 0, 7, 2, 4, 1]",13,0
"[6, 3, 5, 0, 7, 2, 4, 1]",14,0
"[6, 3, 5, 0, 7, 2, 4, 1]",15,0
"[6, 3, 5, 0, 7, 2, 4, 1]",16,0
"[6, 3, 5, 0, 7, 2, 4, 1]",17,1
"[6, 3, 5, 0, 7, 2, 4, 1]",18,0
"[6, 3, 5, 0, 7, 2, 4, 1]",19,1
"[6, 3, 5, 0, 7, 2, 4, 1]",20,0
"[6, 3, 5, 0, 7, 2, 4, 1]",21,0
"[6, 3, 5, 0, 7, 2, 4, 1]",22,0
"[6, 3, 5, 0, 7, 2, 4, 1]",23,0
"[6, 3, 5, 0, 7, 2, 4, 1]",24,0
"[6, 3, 5, 0, 7, 2, 4, 1]",25,0
"[6, 3, 5, 0, 7, 2, 4, 1]",26,0
"[6, 3, 5, 0, 7, 2, 4, 1]",27,0
"[6, 3, 5, 0, 7, 2, 4, 1]",28,0
"[6, 3, 5, 0, 7, 2, 4, 1]",29,0
"[6, 3, 5, 0, 7, 2, 4, 1]",30,1
"[6, 3, 5, 0, 7, 2, 4, 1]",31,0
"[6, 3, 5, 0, 7, 2, 4, 1]",32,0
"[6, 3, 5, 0, 7, 2, 4, 1]",33,1
"[6, 3, 5, 0, 7, 2, 4, 1]",34,0
"[6, 3, 5, 0, 7, 2, 4, 1]",35,1
"[6, 3, 5, 0, 7, 2, 4, 1]",36,0
"[6, 3, 5, 0, 7, 2, 4, 1]",37,1
"[6, 3, 5, 0, 7, 2, 4, 1]",38,0
"[6, 3, 5, 0, 7, 2, 4, 1]",39,0
"[6, 3, 5, 0, 7, 2, 4, 1]",40,0
"[6, 3, 5, 0, 7, 2, 4, 1]",41,1
"[6, 3, 5, 0, 7, 2, 4, 1]",42,0
"[6, 3, 5, 0, 7, 2, 4, 1]",43,0
"[6, 3, 5, 0, 7, 2, 4, 1]",44,0
"[6, 3, 5, 0, 7, 2, 4, 1]",45,0
"[6, 3, 5, 0, 7, 2, 4, 1]",46,1
"[6, 3, 5, 0, 7, 2, 4, 1]",47,0
"[6, 3, 5, 0, 7, 2, 4, 1]",48,1
"[6, 3, 5, 0, 7, 2, 4, 1]",49,0
"[6, 3, 5, 0, 7, 2, 4, 1]",50,1
"[6, 3, 5, 0, 7, 2, 4, 1]",51,0
"[6, 3, 5, 0, 7, 2, 4, 1]",52,0
"[6, 3, 5, 0, 7, 2, 4, 1]",53,1
"[6, 3, 5, 0, 7, 2, 4, 1]",54,0
"[6, 3, 5, 0, 7, 2, 4, 1]",55,1
"[6, 3, 5, 0, 7, 2, 4, 1]",56,0
"[6, 3, 5, 0, 7, 2, 4, 1]",57,0
"[6, 3, 5, 0, 7, 2, 4, 1]",58,1
"[6, 3, 5, 0, 7, 2, 4, 1]",59,0
"[6, 3, 5, 0, 7, 2, 4, 1]",60,0
"[6, 3, 5, 0, 7, 2, 4, 1]",61,0
"[6, 3, 5, 0, 7, 2, 4, 1]",62,0
"[6, 3, 5, 0, 7, 2, 4, 1]",63,1
"[6, 3, 5, 0, 7, 2, 4, 1]",64,0
"[6, 3, 5, 0, 7, 2, 4, 1]",65,0
"[6, 3, 5, 0, 7, 2, 4, 1]",66,0
"[6, 3, 5, 0, 7, 2, 4, 1]",67,0
"[6, 3, 5, 0, 7, 2, 4, 1]",68,0
"[6, 3, 5, 0, 7, 2, 4, 1]",69,1
"[6, 3, 5, 0, 7, 2, 4, 1]",70,0
"[6, 3, 5, 0, 7, 2, 4, 1]",71,1
"[6, 3, 5, 0, 7, 2, 4, 1]",72,0
"[6, 3, 5, 0, 7, 2, 4, 1]",73,0
"[6, 3, 5, 0, 7, 2, 4, 1]",74,0
"[6, 3, 5, 0, 7, 2, 4, 1]",75,1
"[6, 3, 5, 0, 7, 2, 4, 1]",76,0
"[6, 3, 5, 0, 7, 2, 4, 1]",77,0
"[6, 3, 5, 0, 7, 2, 4, 1]",78,1
"[6, 3, 5, 0, 7, 2, 4, 1]",79,1
"[6, 3, 5, 0, 7, 2, 4, 1]",80,0
"[6, 3, 5, 0, 7, 2, 4, 1]",81,1
"[6, 3, 5, 0, 7, 2, 4, 1]",82,1
"[6, 3, 5, 0, 7, 2, 4, 1]",83,0
"[6, 3, 5, 0, 7, 2, 4, 1]",84,1
"[6, 3, 5, 0, 7, 2, 4, 1]",85,0
"[6, 3, 5, 0, 7, 2, 4, 1]",86,0
"[6, 3, 5, 0, 7, 2, 4, 1]",87,1
"[6, 3, 5, 0, 7, 2, 4, 1]",88,1
"[6, 3, 5, 0, 7, 2, 4, 1]",89,0
"[6, 3, 5, 0, 7, 2, 4, 1]",90,0
"[6, 3, 5, 0, 7, 2, 4, 1]",91,0
"[6, 3, 5, 0, 7, 2, 4, 1]",92,0
"[6, 3, 5, 0, 7, 2, 4, 1]",93,1
"[6, 3, 5, 0, 7, 2, 4, 1]",94,1
"[6, 3, 5, 0, 7, 2, 4, 1]",95,1
"[6, 3, 5, 0, 7, 2, 4, 1]",96,1
"[6, 3, 5, 0, 7, 2, 4, 1]",97,0
"[6, 3, 5, 0, 7, 2, 4, 1]",98,0
"[6, 3, 5, 0, 7, 2, 4, 1]",99,0
"[5, 7, 0, 6, 3, 1, 4, 2]",0,0
"[5, 7, 0, 6, 3, 1, 4, 2]",1,0
"[5, 7, 0, 6, 3, 1, 4, 2]",2,0
"[5, 7, 0, 6, 3, 1, 4, 2]",3,1
"[5, 7, 0, 6, 3, 1, 4, 2]",4,0
"[5, 7, 0, 6, 3, 1, 4, 2]",5,0
"[5, 7, 0, 6, 3, 1, 4, 2]",6,0
"[5, 7, 0, 6, 3, 1, 4, 2]",7,1
"[5, 7, 0, 6, 3, 1, 4, 2]",8,0
"[5, 7, 0, 6, 3, 1, 4, 2]",9,1
"[5, 7, 0, 6, 3, 1, 4, 2]",10,0
"[5, 7, 0, 6, 3, 1, 4, 2]",11,0
"[5, 7, 0, 6, 3, 1, 4, 2]",12,0
"[5, 7, 0, 6, 3, 1, 4, 2]",13,0
"[5, 7, 0, 6, 3, 1, 4, 2]",14,0
"[5, 7, 0, 6, 3, 1, 4, 2]",15,1
"[5, 7, 0, 6, 3, 1, 4, 2]",16,0
"[5, 7, 0, 6, 3, 1, 4, 2]",17,1
"[5, 7, 0, 6, 3, 1, 4, 2]",18,1
"[5, 7, 0, 6, 3, 1, 4, 2]",19,1
"[5, 7, 0, 6, 3, 1, 4, 2]",20,0
"[5, 7, 0, 6, 3, 1, 4, 2]",21,1
"[5, 7, 0, 6, 3, 1, 4, 2]",22,1
"[5, 7, 0, 6, 3, 1, 4, 2]",23,0
"[5, 7, 0, 6, 3, 1, 4, 2]",24,0
"[5, 7, 0, 6, 3, 1, 4, 2]",25,0
"[5, 7, 0, 6, 3, 1, 4, 2]",26,0
"[5, 7, 0, 6, 3, 1, 4, 2]",27,1
"[5, 7, 0, 6, 3, 1, 4, 2]",28,0
"[5, 7, 0, 6, 3, 1, 4, 2]",29,0
"[5, 7, 0, 6, 3, 1, 4, 2]",30,1
"[5, 7, 0, 6, 3, 1, 4, 2]",31,0
"[5, 7, 0, 6, 3, 1, 4, 2]",32,0
"[5, 7, 0, 6, 3, 1, 4, 2]",33,1
"[5, 7, 0, 6, 3, 1, 4, 2]",34,0
"[5, 7, 0, 6, 3, 1, 4, 2]",35,1
"[5, 7, 0, 6, 3, 1, 4, 2]",36,0
"[5, 7, 0, 6, 3, 1, 4, 2]",37,1
"[5, 7, 0, 6, 3, 1, 4, 2]",38,0
"[5, 7, 0, 6, 3, 1, 4, 2]",39,0
"[5, 7, 0, 6, 3, 1, 4, 2]",40,0
"[5, 7, 0, 6, 3, 1, 4, 2]",41,1
"[5, 7, 0, 6, 3, 1, 4, 2]",42,0
"[5, 7, 0, 6, 3, 1, 4, 2]",43,0
"[5, 7, 0, 6, 3, 1, 4, 2]",44,0
"[5, 7, 0, 6, 3, 1, 4, 2]",45,0
"[5, 7, 0, 6, 3, 1, 4, 2]",46,1
"[5, 7, 0, 6, 3, 1, 4, 2]",47,0
"[5, 7, 0, 6, 3, 1, 4, 2]",48,1
"[5, 7, 0, 6, 3, 1, 4, 2]",49,0
"[5, 7, 0, 6, 3, 1, 4, 2]",50,1
"[5, 7, 0, 6, 3, 1, 4, 2]",51,1
"[5, 7, 0, 6, 3, 1, 4, 2]",52,0
"[5, 7, 0, 6, 3, 1, 4, 2]",53,1
"[5, 7, 0, 6, 3, 1, 4, 2]",54,0
"[5, 7, 0, 6, 3, 1, 4, 2]",55,1
"[5, 7, 0, 6, 3, 1, 4, 2]",56,0
"[5, 7, 0, 6, 3, 1, 4, 2]",57,0
"[5, 7, 0, 6, 3, 1, 4, 2]",58,0
"[5, 7, 0, 6, 3, 1, 4, 2]",59,0
"[5, 7, 0, 6, 3, 1, 4, 2]",60,0
"[5, 7, 0, 6, 3, 1, 4, 2]",61,1
"[5, 7, 0, 6, 3, 1, 4, 2]",62,0
"[5, 7, 0, 6, 3, 1, 4, 2]",63,1
"[5, 7, 0, 6, 3, 1, 4, 2]",64,1
"[5, 7, 0, 6, 3, 1, 4, 2]",65,0
"[5, 7, 0, 6, 3, 1, 4, 2]",66,0
"[5, 7, 0, 6, 3, 1, 4, 2]",67,1
"[5, 7, 0, 6, 3, 1, 4, 2]",68,0
"[5, 7, 0, 6, 3, 1, 4, 2]",69,0
"[5, 7, 0, 6, 3, 1, 4, 2]",70,0
"[5, 7, 0, 6, 3, 1, 4, 2]",71,1
"[5, 7, 0, 6, 3, 1, 4, 2]",72,0
"[5, 7, 0, 6, 3, 1, 4, 2]",73,0
"[5, 7, 0, 6, 3, 1, 4, 2]",74,0
"[5, 7, 0, 6, 3, 1, 4, 2]",75,0
"[5, 7, 0, 6, 3, 1, 4, 2]",76,0
"[5, 7, 0, 6, 3, 1, 4, 2]",77,0
"[5, 7, 0, 6, 3, 1, 4, 2]",78,0
"[5, 7, 0, 6, 3, 1, 4, 2]",79,1
"[5, 7, 0, 6, 3, 1, 4, 2]",80,1
"[5, 7, 0, 6, 3, 1, 4, 2]",81,0
"[5, 7, 0, 6, 3, 1, 4, 2]",82,1
"[5, 7, 0, 6, 3, 1, 4, 2]",83,0
"[5, 7, 0, 6, 3, 1, 4, 2]",84,0
"[5, 7, 0, 6, 3, 1, 4, 2]",85,0
"[5, 7, 0, 6, 3, 1, 4, 2]",86,0
"[5, 7, 0, 6, 3, 1, 4, 2]",87,1
"[5, 7, 0, 6, 3, 1, 4, 2]",88,1
"[5, 7, 0, 6, 3, 1, 4, 2]",89,0
"[5, 7, 0, 6, 3, 1, 4, 2]",90,0
"[5, 7, 0, 6, 3, 1, 4, 2]",91,0
"[5, 7, 0, 6, 3, 1, 4, 2]",92,0
"[5, 7, 0, 6, 3, 1, 4, 2]",93,1
"[5, 7, 0, 6, 3, 1, 4, 2]",94,1
"[5, 7, 0, 6, 3, 1, 4, 2]",95,1
"[5, 7, 0, 6, 3, 1, 4, 2]",96,0
"[5, 7, 0, 6, 3, 1, 4, 2]",97,1
"[5, 7, 0, 6, 3, 1, 4, 2]",98,1
"[5, 7, 0, 6, 3, 1, 4, 2]",99,0
"[4, 3, 1, 0, 5, 6, 7, 2]",0,0
"[4, 3, 1, 0, 5, 6, 7, 2]",1,1
"[4, 3, 1, 0, 5, 6, 7, 2]",2,0
"[4, 3, 1, 0, 5, 6, 7, 2]",3,1
"[4, 3, 1, 0, 5, 6, 7, 2]",4,0
"[4, 3, 1, 0, 5, 6, 7, 2]",5,0
"[4, 3, 1, 0, 5, 6, 7, 2]",6,0
"[4, 3, 1, 0, 5, 6, 7, 2]",7,1
"[4, 3, 1, 0, 5, 6, 7, 2]",8,0
"[4, 3, 1, 0, 5, 6, 7, 2]",9,1
"[4, 3, 1, 0, 5, 6, 7, 2]",10,0
"[4, 3, 1, 0, 5, 6, 7, 2]",11,0
"[4, 3, 1, 0, 5, 6, 7, 2]",12,0
"[4, 3, 1, 0, 5, 6, 7, 2]",13,0
"[4, 3, 1, 0, 5, 6, 7, 2]",14,1
"[4, 3, 1, 0, 5, 6, 7, 2]",15,0
"[4, 3, 1, 0, 5, 6, 7, 2]",16,0
"[4, 3, 1, 0, 5, 6, 7, 2]",17,1
"[4, 3, 1, 0, 5, 6, 7, 2]",18,0
"[4, 3, 1, 0, 5, 6, 7, 2]",19,1
"[4, 3, 1, 0, 5, 6, 7, 2]",20,0
"[4, 3, 1, 0, 5, 6, 7, 2]",21,0
"[4, 3, 1, 0, 5, 6, 7, 2]",22,0
"[4, 3, 1, 0, 5, 6, 7, 2]",23,0
"[4, 3, 1, 0, 5, 6, 7, 2]",24,0
"[4, 3, 1, 0, 5, 6, 7, 2]",25,0
"[4, 3, 1, 0, 5, 6, 7, 2]",26,1
"[4, 3, 1, 0, 5, 6, 7, 2]",27,1
"[4, 3, 1, 0, 5, 6, 7, 2]",28,1
"[4, 3, 1, 0, 5, 6, 7, 2]",29,0
"[4, 3, 1, 0, 5, 6, 7, 2]",30,1
"[4, 3, 1, 0, 5, 6, 7, 2]",31,1
"[4, 3, 1, 0, 5, 6, 7, 2]",32,0
"[4, 3, 1, 0, 5, 6, 7, 2]",33,1
"[4, 3, 1, 0, 5, 6, 7, 2]",34,0
"[4, 3, 1, 0, 5, 6, 7, 2]",35,1
"[4, 3, 1, 0, 5, 6, 7, 2]",36,0
"[4, 3, 1, 0, 5, 6, 7, 2]",37,1
"[4, 3, 1, 0, 5, 6, 7, 2]",38,0
"[4, 3, 1, 0, 5, 6, 7, 2]",39,0
"[4, 3, 1, 0, 5, 6, 7, 2]",40,0
"[4, 3, 1, 0, 5, 6, 7, 2]",41,1
"[4, 3, 1, 0, 5, 6, 7, 2]",42,0
"[4, 3, 1, 0, 5, 6, 7, 2]",43,1
"[4, 3, 1, 0, 5, 6, 7, 2]",44,0
"[4, 3, 1, 0, 5, 6, 7, 2]",45,0
"[4, 3, 1, 0, 5, 6, 7, 2]",46,1
"[4, 3, 1, 0, 5, 6, 7, 2]",47,0
"[4, 3, 1, 0, 5, 6, 7, 2]",48,1
"[4, 3, 1, 0, 5, 6, 7, 2]",49,0
"[4, 3, 1, 0, 5, 6, 7, 2]",50,1
"[4, 3, 1, 0, 5, 6, 7, 2]",51,1
"[4, 3, 1, 0, 5, 6, 7, 2]",52,0
"[4, 3, 1, 0, 5, 6, 7, 2]",53,1
"[4, 3, 1, 0, 5, 6, 7, 2]",54,0
"[4, 3, 1, 0, 5, 6, 7, 2]",55,0
"[4, 3, 1, 0, 5, 6, 7, 2]",56,0
"[4, 3, 1, 0, 5, 6, 7, 2]",57,0
"[4, 3, 1, 0, 5, 6, 7, 2]",58,0
"[4, 3, 1, 0, 5, 6, 7, 2]",59,0
"[4, 3, 1, 0, 5, 6, 7, 2]",60,0
"[4, 3, 1, 0, 5, 6, 7, 2]",61,0
"[4, 3, 1, 0, 5, 6, 7, 2]",62,1
"[4, 3, 1, 0, 5, 6, 7, 2]",63,0
"[4, 3, 1, 0, 5, 6, 7, 2]",64,1
"[4, 3, 1, 0, 5, 6, 7, 2]",65,0
"[4, 3, 1, 0, 5, 6, 7, 2]",66,1
"[4, 3, 1, 0, 5, 6, 7, 2]",67,1
"[4, 3, 1, 0, 5, 6, 7, 2]",68,1
"[4, 3, 1, 0, 5, 6, 7, 2]",69,0
"[4, 3, 1, 0, 5, 6, 7, 2]",70,0
"[4, 3, 1, 0, 5, 6, 7, 2]",71,1
"[4, 3, 1, 0, 5, 6, 7, 2]",72,0
"[4, 3, 1, 0, 5, 6, 7, 2]",73,0
"[4, 3, 1, 0, 5, 6, 7, 2]",74,0
"[4, 3, 1, 0, 5, 6, 7, 2]",75,1
"[4, 3, 1, 0, 5, 6, 7, 2]",76,0
"[4, 3, 1, 0, 5, 6, 7, 2]",77,0
"[4, 3, 1, 0, 5, 6, 7, 2]",78,0
"[4, 3, 1, 0, 5, 6, 7, 2]",79,0
"[4, 3, 1, 0, 5, 6, 7, 2]",80,1
"[4, 3, 1, 0, 5, 6, 7, 2]",81,1
"[4, 3, 1, 0, 5, 6, 7, 2]",82,1
"[4, 3, 1, 0, 5, 6, 7, 2]",83,0
"[4, 3, 1, 0, 5, 6, 7, 2]",84,1
"[4, 3, 1, 0, 5, 6, 7, 2]",85,0
"[4, 3, 1, 0, 5, 6, 7, 2]",86,0
"[4, 3, 1, 0, 5, 6, 7, 2]",87,1
"[4, 3, 1, 0, 5, 6, 7, 2]",88,1
"[4, 3, 1, 0, 5, 6, 7, 2]",89,0
"[4, 3, 1, 0, 5, 6, 7, 2]",90,0
"[4, 3, 1, 0, 5, 6, 7, 2]",91,0
"[4, 3, 1, 0, 5, 6, 7, 2]",92,0
"[4, 3, 1, 0, 5, 6, 7, 2]",93,1
"[4, 3, 1, 0, 5, 6, 7, 2]",94,1
"[4, 3, 1, 0, 5, 6, 7, 2]",95,1
"[4, 3, 1, 0, 5, 6, 7, 2]",96,0
"[4, 3, 1, 0, 5, 6, 7, 2]",97,1
"[4, 3, 1, 0, 5, 6, 7, 2]",98,1
"[4, 3, 1, 0, 5, 6, 7, 2]",99,0
"[6, 3, 2, 5, 4, 0, 7, 1]",0,0
"[6, 3, 2, 5, 4, 0, 7, 1]",1,1
"[6, 3, 2, 5, 4, 0, 7, 1]",2,0
"[6, 3, 2, 5, 4, 0, 7, 1]",3,1
"[6, 3, 2, 5, 4, 0, 7, 1]",4,0
"[6, 3, 2, 5, 4, 0, 7, 1]",5,0
"[6, 3, 2, 5, 4, 0, 7, 1]",6,0
"[6, 3, 2, 5, 4, 0, 7, 1]",7,1
"[6, 3, 2, 5, 4, 0, 7, 1]",8,0
"[6, 3, 2, 5, 4, 0, 7, 1]",9,1
"[6, 3, 2, 5, 4, 0, 7, 1]",10,0
"[6, 3, 2, 5, 4, 0, 7, 1]",11,0
"[6, 3, 2, 5, 4, 0, 7, 1]",12,0
"[6, 3, 2, 5, 4, 0, 7, 1]",13,0
"[6, 3, 2, 5, 4, 0, 7, 1]",14,0
"[6, 3, 2, 5, 4, 0, 7, 1]",15,1
"[6, 3, 2, 5, 4, 0, 7, 1]",16,0
"[6, 3, 2, 5, 4, 0, 7, 1]",17,1
"[6, 3, 2, 5, 4, 0, 7, 1]",18,1
"[6, 3, 2, 5, 4, 0, 7, 1]",19,1
"[6, 3, 2, 5, 4, 0, 7, 1]",20,0
"[6, 3, 2, 5, 4, 0, 7, 1]",21,0
"[6, 3, 2, 5, 4, 0, 7, 1]",22,1
"[6, 3, 2, 5, 4, 0, 7, 1]",23,0
"[6, 3, 2, 5, 4, 0, 7, 1]",24,0
"[6, 3, 2, 5, 4, 0, 7, 1]",25,0
"[6, 3, 2, 5, 4, 0, 7, 1]",26,0
"[6, 3, 2, 5, 4, 0, 7, 1]",27,1
"[6, 3, 2, 5, 4, 0, 7, 1]",28,0
"[6, 3, 2, 5, 4, 0, 7, 1]",29,1
"[6, 3, 2, 5, 4, 0, 7, 1]",30,1
"[6, 3, 2, 5, 4, 0, 7, 1]",31,0
"[6, 3, 2, 5, 4, 0, 7, 1]",32,0
"[6, 3, 2, 5, 4, 0, 7, 1]",33,0
"[6, 3, 2, 5, 4, 0, 7, 1]",34,1
"[6, 3, 2, 5, 4, 0, 7, 1]",35,1
"[6, 3, 2, 5, 4, 0, 7, 1]",36,0
"[6, 3, 2, 5, 4, 0, 7, 1]",37,1
"[6, 3, 2, 5, 4, 0, 7, 1]",38,0
"[6, 3, 2, 5, 4, 0, 7, 1]",39,0
"[6, 3, 2, 5, 4, 0, 7, 1]",40,0
"[6, 3, 2, 5, 4, 0, 7, 1]",41,0
"[6, 3, 2, 5, 4, 0, 7, 1]",42,0
"[6, 3, 2, 5, 4, 0, 7, 1]",43,0
"[6, 3, 2, 5, 4, 0, 7, 1]",44,0
"[6, 3, 2, 5, 4, 0, 7, 1]",45,0
"[6, 3, 2, 5, 4, 0, 7, 1]",46,1
"[6, 3, 2, 5, 4, 0, 7, 1]",47,1
"[6, 3, 2, 5, 4, 0, 7, 1]",48,1
"[6, 3, 2, 5, 4, 0, 7, 1]",49,1
"[6, 3, 2, 5, 4, 0, 7, 1]",50,1
"[6, 3, 2, 5, 4, 0, 7, 1]",51,0
"[6, 3, 2, 5, 4, 0, 7, 1]",52,0
"[6, 3, 2, 5, 4, 0, 7, 1]",53,0
"[6, 3, 2, 5, 4, 0, 7, 1]",54,0
"[6, 3, 2, 5, 4, 0, 7, 1]",55,1
"[6, 3, 2, 5, 4, 0, 7, 1]",56,1
"[6, 3, 2, 5, 4, 0, 7, 1]",57,0
"[6, 3, 2, 5, 4, 0, 7, 1]",58,0
"[6, 3, 2, 5, 4, 0, 7, 1]",59,0
"[6, 3, 2, 5, 4, 0, 7, 1]",60,0
"[6, 3, 2, 5, 4, 0, 7, 1]",61,1
"[6, 3, 2, 5, 4, 0, 7, 1]",62,0
"[6, 3, 2, 5, 4, 0, 7, 1]",63,0
"[6, 3, 2, 5, 4, 0, 7, 1]",64,1
"[6, 3, 2, 5, 4, 0, 7, 1]",65,1
"[6, 3, 2, 5, 4, 0, 7, 1]",66,0
"[6, 3, 2, 5, 4, 0, 7, 1]",67,0
"[6, 3, 2, 5, 4, 0, 7, 1]",68,1
"[6, 3, 2, 5, 4, 0, 7, 1]",69,0
"[6, 3, 2, 5, 4, 0, 7, 1]",70,1
"[6, 3, 2, 5, 4, 0, 7, 1]",71,1
"[6, 3, 2, 5, 4, 0, 7, 1]",72,0
"[6, 3, 2, 5, 4, 0, 7, 1]",73,0
"[6, 3, 2, 5, 4, 0, 7, 1]",74,0
"[6, 3, 2, 5, 4, 0, 7, 1]",75,0
"[6, 3, 2, 5, 4, 0, 7, 1]",76,0
"[6, 3, 2, 5, 4, 0, 7, 1]",77,0
"[6, 3, 2, 5, 4, 0, 7, 1]",78,1
"[6, 3, 2, 5, 4, 0, 7, 1]",79,1
"[6, 3, 2, 5, 4, 0, 7, 1]",80,0
"[6, 3, 2, 5, 4, 0, 7, 1]",81,0
"[6, 3, 2, 5, 4, 0, 7, 1]",82,0
"[6, 3, 2, 5, 4, 0, 7, 1]",83,0
"[6, 3, 2, 5, 4, 0, 7, 1]",84,0
"[6, 3, 2, 5, 4, 0, 7, 1]",85,0
"[6, 3, 2, 5, 4, 0, 7, 1]",86,0
"[6, 3, 2, 5, 4, 0, 7, 1]",87,1
"[6, 3, 2, 5, 4, 0, 7, 1]",88,1
"[6, 3, 2, 5, 4, 0, 7, 1]",89,0
"[6, 3, 2, 5, 4, 0, 7, 1]",90,0
"[6, 3, 2, 5, 4, 0, 7, 1]",91,0
"[6, 3, 2, 5, 4, 0, 7, 1]",92,0
"[6, 3, 2, 5, 4, 0, 7, 1]",93,1
"[6, 3, 2, 5, 4, 0, 7, 1]",94,1
"[6, 3, 2, 5, 4, 0, 7, 1]",95,1
"[6, 3, 2, 5, 4, 0, 7, 1]",96,0
"[6, 3, 2, 5, 4, 0, 7, 1]",97,0
"[6, 3, 2, 5, 4, 0, 7, 1]",98,1
"[6, 3, 2, 5, 4, 0, 7, 1]",99,0
"[3, 0, 5, 4, 6, 7, 1, 2]",0,0
"[3, 0, 5, 4, 6, 7, 1, 2]",1,1
"[3, 0, 5, 4, 6, 7, 1, 2]",2,0
"[3, 0, 5, 4, 6, 7, 1, 2]",3,0
"[3, 0, 5, 4, 6, 7, 1, 2]",4,0
"[3, 0, 5, 4, 6, 7, 1, 2]",5,0
"[3, 0, 5, 4, 6, 7, 1, 2]",6,0
"[3, 0, 5, 4, 6, 7, 1, 2]",7,1
"[3, 0, 5, 4, 6, 7, 1, 2]",8,0
"[3, 0, 5, 4, 6, 7, 1, 2]",9,1
"[3, 0, 5, 4, 6, 7, 1, 2]",10,0
"[3, 0, 5, 4, 6, 7, 1, 2]",11,1
"[3, 0, 5, 4, 6, 7, 1, 2]",12,0
"[3, 0, 5, 4, 6, 7, 1, 2]",13,0
"[3, 0, 5, 4, 6, 7, 1, 2]",14,0
"[3, 0, 5, 4, 6, 7, 1, 2]",15,0
"[3, 0, 5, 4, 6, 7, 1, 2]",16,0
"[3, 0, 5, 4, 6, 7, 1, 2]",17,1
"[3, 0, 5, 4, 6, 7, 1, 2]",18,0
"[3, 0, 5, 4, 6, 7, 1, 2]",19,1
"[3, 0, 5, 4, 6, 7, 1, 2]",20,0
"[3, 0, 5, 4, 6, 7, 1, 2]",21,0
"[3, 0, 5, 4, 6, 7, 1, 2]",22,0
"[3, 0, 5, 4, 6, 7, 1, 2]",23,0
"[3, 0, 5, 4, 6, 7, 1, 2]",24,0
"[3, 0, 5, 4, 6, 7, 1, 2]",25,0
"[3, 0, 5, 4, 6, 7, 1, 2]",26,0
"[3, 0, 5, 4, 6, 7, 1, 2]",27,1
"[3, 0, 5, 4, 6, 7, 1, 2]",28,0
"[3, 0, 5, 4, 6, 7, 1, 2]",29,0
"[3, 0, 5, 4, 6, 7, 1, 2]",30,1
"[3, 0, 5, 4, 6, 7, 1, 2]",31,1
"[3, 0, 5, 4, 6, 7, 1, 2]",32,0
"[3, 0, 5, 4, 6, 7, 1, 2]",33,1
"[3, 0, 5, 4, 6, 7, 1, 2]",34,1
"[3, 0, 5, 4, 6, 7, 1, 2]",35,0
"[3, 0, 5, 4, 6, 7, 1, 2]",36,0
"[3, 0, 5, 4, 6, 7, 1, 2]",37,1
"[3, 0, 5, 4, 6, 7, 1, 2]",38,0
"[3, 0, 5, 4, 6, 7, 1, 2]",39,0
"[3, 0, 5, 4, 6, 7, 1, 2]",40,0
"[3, 0, 5, 4, 6, 7, 1, 2]",41,1
"[3, 0, 5, 4, 6, 7, 1, 2]",42,0
"[3, 0, 5, 4, 6, 7, 1, 2]",43,0
"[3, 0, 5, 4, 6, 7, 1, 2]",44,0
"[3, 0, 5, 4, 6, 7, 1, 2]",45,0
"[3, 0, 5, 4, 6, 7, 1, 2]",46,1
"[3, 0, 5, 4, 6, 7, 1, 2]",47,0
"[3, 0, 5, 4, 6, 7, 1, 2]",48,1
"[3, 0, 5, 4, 6, 7, 1, 2]",49,0
"[3, 0, 5, 4, 6, 7, 1, 2]",50,1
"[3, 0, 5, 4, 6, 7, 1, 2]",51,1
"[3, 0, 5, 4, 6, 7, 1, 2]",52,0
"[3, 0, 5, 4, 6, 7, 1, 2]",53,0
"[3, 0, 5, 4, 6, 7, 1, 2]",54,0
"[3, 0, 5, 4, 6, 7, 1, 2]",55,1
"[3, 0, 5, 4, 6, 7, 1, 2]",56,0
"[3, 0, 5, 4, 6, 7, 1, 2]",57,0
"[3, 0, 5, 4, 6, 7, 1, 2]",58,0
"[3, 0, 5, 4, 6, 7, 1, 2]",59,0
"[3, 0, 5, 4, 6, 7, 1, 2]",60,1
"[3, 0, 5, 4, 6, 7, 1, 2]",61,1
"[3, 0, 5, 4, 6, 7, 1, 2]",62,0
"[3, 0, 5, 4, 6, 7, 1, 2]",63,0
"[3, 0, 5, 4, 6, 7, 1, 2]",64,1
"[3, 0, 5, 4, 6, 7, 1, 2]",65,0
"[3, 0, 5, 4, 6, 7, 1, 2]",66,0
"[3, 0, 5, 4, 6, 7, 1, 2]",67,1
"[3, 0, 5, 4, 6, 7, 1, 2]",68,0
"[3, 0, 5, 4, 6, 7, 1, 2]",69,0
"[3, 0, 5, 4, 6, 7, 1, 2]",70,0
"[3, 0, 5, 4, 6, 7, 1, 2]",71,1
"[3, 0, 5, 4, 6, 7, 1, 2]",72,1
"[3, 0, 5, 4, 6, 7, 1, 2]",73,0
"[3, 0, 5, 4, 6, 7, 1, 2]",74,0
"[3, 0, 5, 4, 6, 7, 1, 2]",75,1
"[3, 0, 5, 4, 6, 7, 1, 2]",76,0
"[3, 0, 5, 4, 6, 7, 1, 2]",77,0
"[3, 0, 5, 4, 6, 7, 1, 2]",78,1
"[3, 0, 5, 4, 6, 7, 1, 2]",79,0
"[3, 0, 5, 4, 6, 7, 1, 2]",80,1
"[3, 0, 5, 4, 6, 7, 1, 2]",81,0
"[3, 0, 5, 4, 6, 7, 1, 2]",82,1
"[3, 0, 5, 4, 6, 7, 1, 2]",83,0
"[3, 0, 5, 4, 6, 7, 1, 2]",84,1
"[3, 0, 5, 4, 6, 7, 1, 2]",85,0
"[3, 0, 5, 4, 6, 7, 1, 2]",86,0
"[3, 0, 5, 4, 6, 7, 1, 2]",87,1
"[3, 0, 5, 4, 6, 7, 1, 2]",88,1
"[3, 0, 5, 4, 6, 7, 1, 2]",89,0
"[3, 0, 5, 4, 6, 7, 1, 2]",90,0
"[3, 0, 5, 4, 6, 7, 1, 2]",91,0
"[3, 0, 5, 4, 6, 7, 1, 2]",92,0
"[3, 0, 5, 4, 6, 7, 1, 2]",93,1
"[3, 0, 5, 4, 6, 7, 1, 2]",94,1
"[3, 0, 5, 4, 6, 7, 1, 2]",95,1
"[3, 0, 5, 4, 6, 7, 1, 2]",96,0
"[3, 0, 5, 4, 6, 7, 1, 2]",97,1
"[3, 0, 5, 4, 6, 7, 1, 2]",98,1
"[3, 0, 5, 4, 6, 7, 1, 2]",99,0
"[6, 4, 2, 7, 3, 0, 5, 1]",0,0
"[6, 4, 2, 7, 3, 0, 5, 1]",1,0
"[6, 4, 2, 7, 3, 0, 5, 1]",2,0
"[6, 4, 2, 7, 3, 0, 5, 1]",3,0
"[6, 4, 2, 7, 3, 0, 5, 1]",4,0
"[6, 4, 2, 7, 3, 0, 5, 1]",5,0
"[6, 4, 2, 7, 3, 0, 5, 1]",6,0
"[6, 4, 2, 7, 3, 0, 5, 1]",7,1
"[6, 4, 2, 7, 3, 0, 5, 1]",8,0
"[6, 4, 2, 7, 3, 0, 5, 1]",9,1
"[6, 4, 2, 7, 3, 0, 5, 1]",10,0
"[6, 4, 2, 7, 3, 0, 5, 1]",11,0
"[6, 4, 2, 7, 3, 0, 5, 1]",12,1
"[6, 4, 2, 7, 3, 0, 5, 1]",13,0
"[6, 4, 2, 7, 3, 0, 5, 1]",14,0
"[6, 4, 2, 7, 3, 0, 5, 1]",15,0
"[6, 4, 2, 7, 3, 0, 5, 1]",16,0
"[6, 4, 2, 7, 3, 0, 5, 1]",17,1
"[6, 4, 2, 7, 3, 0, 5, 1]",18,0
"[6, 4, 2, 7, 3, 0, 5, 1]",19,1
"[6, 4, 2, 7, 3, 0, 5, 1]",20,0
"[6, 4, 2, 7, 3, 0, 5, 1]",21,0
"[6, 4, 2, 7, 3, 0, 5, 1]",22,1
"[6, 4, 2, 7, 3, 0, 5, 1]",23,0
"[6, 4, 2, 7, 3, 0, 5, 1]",24,0
"[6, 4, 2, 7, 3, 0, 5, 1]",25,0
"[6, 4, 2, 7, 3, 0, 5, 1]",26,0
"[6, 4, 2, 7, 3, 0, 5, 1]",27,1
"[6, 4, 2, 7, 3, 0, 5, 1]",28,0
"[6, 4, 2, 7, 3, 0, 5, 1]",29,0
"[6, 4, 2, 7, 3, 0, 5, 1]",30,1
"[6, 4, 2, 7, 3, 0, 5, 1]",31,0
"[6, 4, 2, 7, 3, 0, 5, 1]",32,0
"[6, 4, 2, 7, 3, 0, 5, 1]",33,0
"[6, 4, 2, 7, 3, 0, 5, 1]",34,1
"[6, 4, 2, 7, 3, 0, 5, 1]",35,1
"[6, 4, 2, 7, 3, 0, 5, 1]",36,0
"[6, 4, 2, 7, 3, 0, 5, 1]",37,1
"[6, 4, 2, 7, 3, 0, 5, 1]",38,0
"[6, 4, 2, 7, 3, 0, 5, 1]",39,0
"[6, 4, 2, 7, 3, 0, 5, 1]",40,0
"[6, 4, 2, 7, 3, 0, 5, 1]",41,1
"[6, 4, 2, 7, 3, 0, 5, 1]",42,0
"[6, 4, 2, 7, 3, 0, 5, 1]",43,0
"[6, 4, 2, 7, 3, 0, 5, 1]",44,0
"[6, 4, 2, 7, 3, 0, 5, 1]",45,0
"[6, 4, 2, 7, 3, 0, 5, 1]",46,1
"[6, 4, 2, 7, 3, 0, 5, 1]",47,0
"[6, 4, 2, 7, 3, 0, 5, 1]",48,0
"[6, 4, 2, 7, 3, 0, 5, 1]",49,0
"[6, 4, 2, 7, 3, 0, 5, 1]",50,1
"[6, 4, 2, 7, 3, 0, 5, 1]",51,0
"[6, 4, 2, 7, 3, 0, 5, 1]",52,1
"[6, 4, 2, 7, 3, 0, 5, 1]",53,1
"[6, 4, 2, 7, 3, 0, 5, 1]",54,0
"[6, 4, 2, 7, 3, 0, 5, 1]",55,0
"[6, 4, 2, 7, 3, 0, 5, 1]",56,0
"[6, 4, 2, 7, 3, 0, 5, 1]",57,0
"[6, 4, 2, 7, 3, 0, 5, 1]",58,0
"[6, 4, 2, 7, 3, 0, 5, 1]",59,0
"[6, 4, 2, 7, 3, 0, 5, 1]",60,0
"[6, 4, 2, 7, 3, 0, 5, 1]",61,0
"[6, 4, 2, 7, 3, 0, 5, 1]",62,0
"[6, 4, 2, 7, 3, 0, 5, 1]",63,1
"[6, 4, 2, 7, 3, 0, 5, 1]",64,1
"[6, 4, 2, 7, 3, 0, 5, 1]",65,0
"[6, 4, 2, 7, 3, 0, 5, 1]",66,0
"[6, 4, 2, 7, 3, 0, 5, 1]",67,0
"[6, 4, 2, 7, 3, 0, 5, 1]",68,0
"[6, 4, 2, 7, 3, 0, 5, 1]",69,0
"[6, 4, 2, 7, 3, 0, 5, 1]",70,0
"[6, 4, 2, 7, 3, 0, 5, 1]",71,1
"[6, 4, 2, 7, 3, 0, 5, 1]",72,0
"[6, 4, 2, 7, 3, 0, 5, 1]",73,0
"[6, 4, 2, 7, 3, 0, 5, 1]",74,0
"[6, 4, 2, 7, 3, 0, 5, 1]",75,0
"[6, 4, 2, 7, 3, 0, 5, 1]",76,0
"[6, 4, 2, 7, 3, 0, 5, 1]",77,0
"[6, 4, 2, 7, 3, 0, 5, 1]",78,0
"[6, 4, 2, 7, 3, 0, 5, 1]",79,0
"[6, 4, 2, 7, 3, 0, 5, 1]",80,0
"[6, 4, 2, 7, 3, 0, 5, 1]",81,1
"[6, 4, 2, 7, 3, 0, 5, 1]",82,1
"[6, 4, 2, 7, 3, 0, 5, 1]",83,0
"[6, 4, 2, 7, 3, 0, 5, 1]",84,1
"[6, 4, 2, 7, 3, 0, 5, 1]",85,0
"[6, 4, 2, 7, 3, 0, 5, 1]",86,0
"[6, 4, 2, 7, 3, 0, 5, 1]",87,1
"[6, 4, 2, 7, 3, 0, 5, 1]",88,1
"[6, 4, 2, 7, 3, 0, 5, 1]",89,0
"[6, 4, 2, 7, 3, 0, 5, 1]",90,0
"[6, 4, 2, 7, 3, 0, 5, 1]",91,0
"[6, 4, 2, 7, 3, 0, 5, 1]",92,0
"[6, 4, 2, 7, 3, 0, 5, 1]",93,1
"[6, 4, 2, 7, 3, 0, 5, 1]",94,0
"[6, 4, 2, 7, 3, 0, 5, 1]",95,1
"[6, 4, 2, 7, 3, 0, 5, 1]",96,1
"[6, 4, 2, 7, 3, 0, 5, 1]",97,1
"[6, 4, 2, 7, 3, 0, 5, 1]",98,1
"[6, 4, 2, 7, 3, 0, 5, 1]",99,0
"[7, 5, 3, 6, 1, 2, 0, 4]",0,0
"[7, 5, 3, 6, 1, 2, 0, 4]",1,1
"[7, 5, 3, 6, 1, 2, 0, 4]",2,1
"[7, 5, 3, 6, 1, 2, 0, 4]",3,1
"[7, 5, 3, 6, 1, 2, 0, 4]",4,0
"[7, 5, 3, 6, 1, 2, 0, 4]",5,0
"[7, 5, 3, 6, 1, 2, 0, 4]",6,0
"[7, 5, 3, 6, 1, 2, 0, 4]",7,1
"[7, 5, 3, 6, 1, 2, 0, 4]",8,0
"[7, 5, 3, 6, 1, 2, 0, 4]",9,1
"[7, 5, 3, 6, 1, 2, 0, 4]",10,0
"[7, 5, 3, 6, 1, 2, 0, 4]",11,0
"[7, 5, 3, 6, 1, 2, 0, 4]",12,0
"[7, 5, 3, 6, 1, 2, 0, 4]",13,0
"[7, 5, 3, 6, 1, 2, 0, 4]",14,1
"[7, 5, 3, 6, 1, 2, 0, 4]",15,0
"[7, 5, 3, 6, 1, 2, 0, 4]",16,0
"[7, 5, 3, 6, 1, 2, 0, 4]",17,1
"[7, 5, 3, 6, 1, 2, 0, 4]",18,1
"[7, 5, 3, 6, 1, 2, 0, 4]",19,1
"[7, 5, 3, 6, 1, 2, 0, 4]",20,0
"[7, 5, 3, 6, 1, 2, 0, 4]",21,0
"[7, 5, 3, 6, 1, 2, 0, 4]",22,1
"[7, 5, 3, 6, 1, 2, 0, 4]",23,0
"[7, 5, 3, 6, 1, 2, 0, 4]",24,0
"[7, 5, 3, 6, 1, 2, 0, 4]",25,0
"[7, 5, 3, 6, 1, 2, 0, 4]",26,1
"[7, 5, 3, 6, 1, 2, 0, 4]",27,1
"[7, 5, 3, 6, 1, 2, 0, 4]",28,0
"[7, 5, 3, 6, 1, 2, 0, 4]",29,0
"[7, 5, 3, 6, 1, 2, 0, 4]",30,1
"[7, 5, 3, 6, 1, 2, 0, 4]",31,1
"[7, 5, 3, 6, 1, 2, 0, 4]",32,0
"[7, 5, 3, 6, 1, 2, 0, 4]",33,0
"[7, 5, 3, 6, 1, 2, 0, 4]",34,0
"[7, 5, 3, 6, 1, 2, 0, 4]",35,0
"[7, 5, 3, 6, 1, 2, 0, 4]",36,0
"[7, 5, 3, 6, 1, 2, 0, 4]",37,1
"[7, 5, 3, 6, 1, 2, 0, 4]",38,0
"[7, 5, 3, 6, 1, 2, 0, 4]",39,0
"[7, 5, 3, 6, 1, 2, 0, 4]",40,0
"[7, 5, 3, 6, 1, 2, 0, 4]",41,1
"[7, 5, 3, 6, 1, 2, 0, 4]",42,0
"[7, 5, 3, 6, 1, 2, 0, 4]",43,1
"[7, 5, 3, 6, 1, 2, 0, 4]",44,0
"[7, 5, 3, 6, 1, 2, 0, 4]",45,0
"[7, 5, 3, 6, 1, 2, 0, 4]",46,1
"[7, 5, 3, 6, 1, 2, 0, 4]",47,0
"[7, 5, 3, 6, 1, 2, 0, 4]",48,0
"[7, 5, 3, 6, 1, 2, 0, 4]",49,0
"[7, 5, 3, 6, 1, 2, 0, 4]",50,1
"[7, 5, 3, 6, 1, 2, 0, 4]",51,0
"[7, 5, 3, 6, 1, 2, 0, 4]",52,0
"[7, 5, 3, 6, 1, 2, 0, 4]",53,1
"[7, 5, 3, 6, 1, 2, 0, 4]",54,0
"[7, 5, 3, 6, 1, 2, 0, 4]",55,1
"[7, 5, 3, 6, 1, 2, 0, 4]",56,0
"[7, 5, 3, 6, 1, 2, 0, 4]",57,0
"[7, 5, 3, 6, 1, 2, 0, 4]",58,1
"[7, 5, 3, 6, 1, 2, 0, 4]",59,0
"[7, 5, 3, 6, 1, 2, 0, 4]",60,0
"[7, 5, 3, 6, 1, 2, 0, 4]",61,1
"[7, 5, 3, 6, 1, 2, 0, 4]",62,1
"[7, 5, 3, 6, 1, 2, 0, 4]",63,0
"[7, 5, 3, 6, 1, 2, 0, 4]",64,1
"[7, 5, 3, 6, 1, 2, 0, 4]",65,0
"[7, 5, 3, 6, 1, 2, 0, 4]",66,0
"[7, 5, 3, 6, 1, 2, 0, 4]",67,1
"[7, 5, 3, 6, 1, 2, 0, 4]",68,0
"[7, 5, 3, 6, 1, 2, 0, 4]",69,0
"[7, 5, 3, 6, 1, 2, 0, 4]",70,0
"[7, 5, 3, 6, 1, 2, 0, 4]",71,1
"[7, 5, 3, 6, 1, 2, 0, 4]",72,0
"[7, 5, 3, 6, 1, 2, 0, 4]",73,0
"[7, 5, 3, 6, 1, 2, 0, 4]",74,0
"[7, 5, 3, 6, 1, 2, 0, 4]",75,0
"[7, 5, 3, 6, 1, 2, 0, 4]",76,0
"[7, 5, 3, 6, 1, 2, 0, 4]",77,0
"[7, 5, 3, 6, 1, 2, 0, 4]",78,0
"[7, 5, 3, 6, 1, 2, 0, 4]",79,1
"[7, 5, 3, 6, 1, 2, 0, 4]",80,0
"[7, 5, 3, 6, 1, 2, 0, 4]",81,1
"[7, 5, 3, 6, 1, 2, 0, 4]",82,1
"[7, 5, 3, 6, 1, 2, 0, 4]",83,0
"[7, 5, 3, 6, 1, 2, 0, 4]",84,0
"[7, 5, 3, 6, 1, 2, 0, 4]",85,0
"[7, 5, 3, 6, 1, 2, 0, 4]",86,1
"[7, 5, 3, 6, 1, 2, 0, 4]",87,1
"[7, 5, 3, 6, 1, 2, 0, 4]",88,0
"[7, 5, 3, 6, 1, 2, 0, 4]",89,0
"[7, 5, 3, 6, 1, 2, 0, 4]",90,0
"[7, 5, 3, 6, 1, 2, 0, 4]",91,0
"[7, 5, 3, 6, 1, 2, 0, 4]",92,0
"[7, 5, 3, 6, 1, 2, 0, 4]",93,1
"[7, 5, 3, 6, 1, 2, 0, 4]",94,1
"[7, 5, 3, 6, 1, 2, 0, 4]",95,1
"[7, 5, 3, 6, 1, 2, 0, 4]",96,0
"[7, 5, 3, 6, 1, 2, 0, 4]",97,1
"[7, 5, 3, 6, 1, 2, 0, 4]",98,1
"[7, 5, 3, 6, 1, 2, 0, 4]",99,0
"[3, 5, 0, 6, 1, 2, 7, 4]",0,0
"[3, 5, 0, 6, 1, 2, 7, 4]",1,1
"[3, 5, 0, 6, 1, 2, 7, 4]",2,0
"[3, 5, 0, 6, 1, 2, 7, 4]",3,0
"[3, 5, 0, 6, 1, 2, 7, 4]",4,1
"[3, 5, 0, 6, 1, 2, 7, 4]",5,0
"[3, 5, 0, 6, 1, 2, 7, 4]",6,0
"[3, 5, 0, 6, 1, 2, 7, 4]",7,1
"[3, 5, 0, 6, 1, 2, 7, 4]",8,0
"[3, 5, 0, 6, 1, 2, 7, 4]",9,1
"[3, 5, 0, 6, 1, 2, 7, 4]",10,0
"[3, 5, 0, 6, 1, 2, 7, 4]",11,0
"[3, 5, 0, 6, 1, 2, 7, 4]",12,1
"[3, 5, 0, 6, 1, 2, 7, 4]",13,0
"[3, 5, 0, 6, 1, 2, 7, 4]",14,0
"[3, 5, 0, 6, 1, 2, 7, 4]",15,1
"[3, 5, 0, 6, 1, 2, 7, 4]",16,0
"[3, 5, 0, 6, 1, 2, 7, 4]",17,1
"[3, 5, 0, 6, 1, 2, 7, 4]",18,0
"[3, 5, 0, 6, 1, 2, 7, 4]",19,1
"[3, 5, 0, 6, 1, 2, 7, 4]",20,0
"[3, 5, 0, 6, 1, 2, 7, 4]",21,0
"[7, 5, 3, 6, 1, 2, 0, 4]",51,0
"[3, 5, 0, 6, 1, 2, 7, 4]",22,0
"[3, 5, 0, 6, 1, 2, 7, 4]",23,0
"[3, 5, 0, 6, 1, 2, 7, 4]",24,0
"[3, 5, 0, 6, 1, 2, 7, 4]",25,0
"[3, 5, 0, 6, 1, 2, 7, 4]",26,0
"[3, 5, 0, 6, 1, 2, 7, 4]",27,1
"[3, 5, 0, 6, 1, 2, 7, 4]",28,0
"[3, 5, 0, 6, 1, 2, 7, 4]",29,0
"[3, 5, 0, 6, 1, 2, 7, 4]",30,1
"[3, 5, 0, 6, 1, 2, 7, 4]",31,0
"[3, 5, 0, 6, 1, 2, 7, 4]",32,0
"[3, 5, 0, 6, 1, 2, 7, 4]",33,1
"[3, 5, 0, 6, 1, 2, 7, 4]",34,0
"[3, 5, 0, 6, 1, 2, 7, 4]",35,0
"[3, 5, 0, 6, 1, 2, 7, 4]",36,0
"[3, 5, 0, 6, 1, 2, 7, 4]",37,1
"[3, 5, 0, 6, 1, 2, 7, 4]",38,1
"[3, 5, 0, 6, 1, 2, 7, 4]",39,0
"[3, 5, 0, 6, 1, 2, 7, 4]",40,0
"[3, 5, 0, 6, 1, 2, 7, 4]",41,1
"[3, 5, 0, 6, 1, 2, 7, 4]",42,1
"[3, 5, 0, 6, 1, 2, 7, 4]",43,1
"[3, 5, 0, 6, 1, 2, 7, 4]",44,0
"[3, 5, 0, 6, 1, 2, 7, 4]",45,0
"[3, 5, 0, 6, 1, 2, 7, 4]",46,0
"[3, 5, 0, 6, 1, 2, 7, 4]",47,1
"[3, 5, 0, 6, 1, 2, 7, 4]",48,0
"[3, 5, 0, 6, 1, 2, 7, 4]",49,0
"[3, 5, 0, 6, 1, 2, 7, 4]",50,1
"[3, 5, 0, 6, 1, 2, 7, 4]",51,1
"[3, 5, 0, 6, 1, 2, 7, 4]",52,0
"[3, 5, 0, 6, 1, 2, 7, 4]",53,0
"[3, 5, 0, 6, 1, 2, 7, 4]",54,1
"[3, 5, 0, 6, 1, 2, 7, 4]",55,1
"[3, 5, 0, 6, 1, 2, 7, 4]",56,0
"[3, 5, 0, 6, 1, 2, 7, 4]",57,0
"[3, 5, 0, 6, 1, 2, 7, 4]",58,0
"[3, 5, 0, 6, 1, 2, 7, 4]",59,0
"[3, 5, 0, 6, 1, 2, 7, 4]",60,0
"[3, 5, 0, 6, 1, 2, 7, 4]",61,1
"[3, 5, 0, 6, 1, 2, 7, 4]",62,0
"[3, 5, 0, 6, 1, 2, 7, 4]",63,1
"[3, 5, 0, 6, 1, 2, 7, 4]",64,1
"[3, 5, 0, 6, 1, 2, 7, 4]",65,0
"[3, 5, 0, 6, 1, 2, 7, 4]",66,0
"[3, 5, 0, 6, 1, 2, 7, 4]",67,1
"[3, 5, 0, 6, 1, 2, 7, 4]",68,0
"[3, 5, 0, 6, 1, 2, 7, 4]",69,0
"[3, 5, 0, 6, 1, 2, 7, 4]",70,1
"[3, 5, 0, 6, 1, 2, 7, 4]",71,0
"[3, 5, 0, 6, 1, 2, 7, 4]",72,1
"[3, 5, 0, 6, 1, 2, 7, 4]",73,0
"[3, 5, 0, 6, 1, 2, 7, 4]",74,0
"[3, 5, 0, 6, 1, 2, 7, 4]",75,1
"[3, 5, 0, 6, 1, 2, 7, 4]",76,0
"[3, 5, 0, 6, 1, 2, 7, 4]",77,0
"[3, 5, 0, 6, 1, 2, 7, 4]",78,0
"[3, 5, 0, 6, 1, 2, 7, 4]",79,0
"[3, 5, 0, 6, 1, 2, 7, 4]",80,1
"[3, 5, 0, 6, 1, 2, 7, 4]",81,1
"[3, 5, 0, 6, 1, 2, 7, 4]",82,0
"[3, 5, 0, 6, 1, 2, 7, 4]",83,0
"[3, 5, 0, 6, 1, 2, 7, 4]",84,0
"[3, 5, 0, 6, 1, 2, 7, 4]",85,0
"[3, 5, 0, 6, 1, 2, 7, 4]",86,0
"[3, 5, 0, 6, 1, 2, 7, 4]",87,1
"[3, 5, 0, 6, 1, 2, 7, 4]",88,1
"[3, 5, 0, 6, 1, 2, 7, 4]",89,0
"[3, 5, 0, 6, 1, 2, 7, 4]",90,0
"[3, 5, 0, 6, 1, 2, 7, 4]",91,0
"[3, 5, 0, 6, 1, 2, 7, 4]",92,0
"[3, 5, 0, 6, 1, 2, 7, 4]",93,1
"[3, 5, 0, 6, 1, 2, 7, 4]",94,1
"[3, 5, 0, 6, 1, 2, 7, 4]",95,1
"[3, 5, 0, 6, 1, 2, 7, 4]",96,1
"[3, 5, 0, 6, 1, 2, 7, 4]",97,1
"[3, 5, 0, 6, 1, 2, 7, 4]",98,1
"[3, 5, 0, 6, 1, 2, 7, 4]",99,0
"[4, 5, 3, 6, 1, 7, 2, 0]",0,0
"[4, 5, 3, 6, 1, 7, 2, 0]",1,1
"[4, 5, 3, 6, 1, 7, 2, 0]",2,0
"[4, 5, 3, 6, 1, 7, 2, 0]",3,0
"[4, 5, 3, 6, 1, 7, 2, 0]",4,0
"[4, 5, 3, 6, 1, 7, 2, 0]",5,0
"[4, 5, 3, 6, 1, 7, 2, 0]",6,0
"[4, 5, 3, 6, 1, 7, 2, 0]",7,1
"[4, 5, 3, 6, 1, 7, 2, 0]",8,0
"[4, 5, 3, 6, 1, 7, 2, 0]",9,0
"[4, 5, 3, 6, 1, 7, 2, 0]",10,0
"[4, 5, 3, 6, 1, 7, 2, 0]",11,0
"[4, 5, 3, 6, 1, 7, 2, 0]",12,0
"[4, 5, 3, 6, 1, 7, 2, 0]",13,0
"[4, 5, 3, 6, 1, 7, 2, 0]",14,0
"[4, 5, 3, 6, 1, 7, 2, 0]",15,0
"[4, 5, 3, 6, 1, 7, 2, 0]",16,0
"[4, 5, 3, 6, 1, 7, 2, 0]",17,0
"[4, 5, 3, 6, 1, 7, 2, 0]",18,1
"[4, 5, 3, 6, 1, 7, 2, 0]",19,1
"[4, 5, 3, 6, 1, 7, 2, 0]",20,0
"[4, 5, 3, 6, 1, 7, 2, 0]",21,0
"[4, 5, 3, 6, 1, 7, 2, 0]",22,0
"[4, 5, 3, 6, 1, 7, 2, 0]",23,0
"[4, 5, 3, 6, 1, 7, 2, 0]",24,0
"[4, 5, 3, 6, 1, 7, 2, 0]",25,0
"[4, 5, 3, 6, 1, 7, 2, 0]",26,1
"[4, 5, 3, 6, 1, 7, 2, 0]",27,1
"[4, 5, 3, 6, 1, 7, 2, 0]",28,0
"[4, 5, 3, 6, 1, 7, 2, 0]",29,0
"[4, 5, 3, 6, 1, 7, 2, 0]",30,0
"[4, 5, 3, 6, 1, 7, 2, 0]",31,0
"[4, 5, 3, 6, 1, 7, 2, 0]",32,0
"[4, 5, 3, 6, 1, 7, 2, 0]",33,0
"[4, 5, 3, 6, 1, 7, 2, 0]",34,1
"[4, 5, 3, 6, 1, 7, 2, 0]",35,0
"[4, 5, 3, 6, 1, 7, 2, 0]",36,0
"[4, 5, 3, 6, 1, 7, 2, 0]",37,0
"[4, 5, 3, 6, 1, 7, 2, 0]",38,0
"[4, 5, 3, 6, 1, 7, 2, 0]",39,0
"[4, 5, 3, 6, 1, 7, 2, 0]",40,0
"[4, 5, 3, 6, 1, 7, 2, 0]",41,0
"[4, 5, 3, 6, 1, 7, 2, 0]",42,0
"[4, 5, 3, 6, 1, 7, 2, 0]",43,1
"[4, 5, 3, 6, 1, 7, 2, 0]",44,0
"[4, 5, 3, 6, 1, 7, 2, 0]",45,0
"[4, 5, 3, 6, 1, 7, 2, 0]",46,1
"[4, 5, 3, 6, 1, 7, 2, 0]",47,0
"[4, 5, 3, 6, 1, 7, 2, 0]",48,0
"[4, 5, 3, 6, 1, 7, 2, 0]",49,0
"[4, 5, 3, 6, 1, 7, 2, 0]",50,1
"[4, 5, 3, 6, 1, 7, 2, 0]",51,0
"[4, 5, 3, 6, 1, 7, 2, 0]",52,0
"[4, 5, 3, 6, 1, 7, 2, 0]",53,0
"[4, 5, 3, 6, 1, 7, 2, 0]",54,0
"[4, 5, 3, 6, 1, 7, 2, 0]",55,0
"[4, 5, 3, 6, 1, 7, 2, 0]",56,0
"[4, 5, 3, 6, 1, 7, 2, 0]",57,0
"[4, 5, 3, 6, 1, 7, 2, 0]",58,0
"[4, 5, 3, 6, 1, 7, 2, 0]",59,0
"[4, 5, 3, 6, 1, 7, 2, 0]",60,0
"[4, 5, 3, 6, 1, 7, 2, 0]",61,1
"[4, 5, 3, 6, 1, 7, 2, 0]",62,0
"[4, 5, 3, 6, 1, 7, 2, 0]",63,1
"[4, 5, 3, 6, 1, 7, 2, 0]",64,1
"[4, 5, 3, 6, 1, 7, 2, 0]",65,0
"[4, 5, 3, 6, 1, 7, 2, 0]",66,0
"[4, 5, 3, 6, 1, 7, 2, 0]",67,0
"[4, 5, 3, 6, 1, 7, 2, 0]",68,1
"[4, 5, 3, 6, 1, 7, 2, 0]",69,0
"[4, 5, 3, 6, 1, 7, 2, 0]",70,0
"[4, 5, 3, 6, 1, 7, 2, 0]",71,0
"[4, 5, 3, 6, 1, 7, 2, 0]",72,0
"[4, 5, 3, 6, 1, 7, 2, 0]",73,1
"[4, 5, 3, 6, 1, 7, 2, 0]",74,0
"[4, 5, 3, 6, 1, 7, 2, 0]",75,1
"[4, 5, 3, 6, 1, 7, 2, 0]",76,0
"[4, 5, 3, 6, 1, 7, 2, 0]",77,0
"[4, 5, 3, 6, 1, 7, 2, 0]",78,0
"[4, 5, 3, 6, 1, 7, 2, 0]",79,1
"[4, 5, 3, 6, 1, 7, 2, 0]",80,0
"[4, 5, 3, 6, 1, 7, 2, 0]",81,1
"[4, 5, 3, 6, 1, 7, 2, 0]",82,0
"[4, 5, 3, 6, 1, 7, 2, 0]",83,0
"[4, 5, 3, 6, 1, 7, 2, 0]",84,0
"[4, 5, 3, 6, 1, 7, 2, 0]",85,1
"[4, 5, 3, 6, 1, 7, 2, 0]",86,0
"[4, 5, 3, 6, 1, 7, 2, 0]",87,0
"[4, 5, 3, 6, 1, 7, 2, 0]",88,1
"[4, 5, 3, 6, 1, 7, 2, 0]",89,0
"[4, 5, 3, 6, 1, 7, 2, 0]",90,0
"[4, 5, 3, 6, 1, 7, 2, 0]",91,0
"[4, 5, 3, 6, 1, 7, 2, 0]",92,0
"[4, 5, 3, 6, 1, 7, 2, 0]",93,1
"[4, 5, 3, 6, 1, 7, 2, 0]",94,1
"[4, 5, 3, 6, 1, 7, 2, 0]",95,1
"[4, 5, 3, 6, 1, 7, 2, 0]",96,0
"[4, 5, 3, 6, 1, 7, 2, 0]",97,0
"[4, 5, 3, 6, 1, 7, 2, 0]",98,0
"[4, 5, 3, 6, 1, 7, 2, 0]",99,0
"[4, 2, 0, 7, 6, 5, 3, 1]",0,0
"[4, 2, 0, 7, 6, 5, 3, 1]",1,1
"[4, 2, 0, 7, 6, 5, 3, 1]",2,0
"[4, 2, 0, 7, 6, 5, 3, 1]",3,0
"[4, 2, 0, 7, 6, 5, 3, 1]",4,0
"[4, 2, 0, 7, 6, 5, 3, 1]",5,0
"[4, 2, 0, 7, 6, 5, 3, 1]",6,0
"[4, 2, 0, 7, 6, 5, 3, 1]",7,1
"[4, 2, 0, 7, 6, 5, 3, 1]",8,0
"[4, 2, 0, 7, 6, 5, 3, 1]",9,0
"[4, 2, 0, 7, 6, 5, 3, 1]",10,0
"[4, 2, 0, 7, 6, 5, 3, 1]",11,0
"[4, 2, 0, 7, 6, 5, 3, 1]",12,0
"[4, 2, 0, 7, 6, 5, 3, 1]",13,0
"[4, 2, 0, 7, 6, 5, 3, 1]",14,0
"[4, 2, 0, 7, 6, 5, 3, 1]",15,0
"[4, 2, 0, 7, 6, 5, 3, 1]",16,0
"[4, 2, 0, 7, 6, 5, 3, 1]",17,1
"[4, 2, 0, 7, 6, 5, 3, 1]",18,0
"[4, 2, 0, 7, 6, 5, 3, 1]",19,1
"[4, 2, 0, 7, 6, 5, 3, 1]",20,0
"[4, 2, 0, 7, 6, 5, 3, 1]",21,0
"[4, 2, 0, 7, 6, 5, 3, 1]",22,1
"[4, 2, 0, 7, 6, 5, 3, 1]",23,0
"[4, 2, 0, 7, 6, 5, 3, 1]",24,0
"[4, 2, 0, 7, 6, 5, 3, 1]",25,0
"[4, 2, 0, 7, 6, 5, 3, 1]",26,1
"[4, 2, 0, 7, 6, 5, 3, 1]",27,1
"[4, 2, 0, 7, 6, 5, 3, 1]",28,1
"[4, 2, 0, 7, 6, 5, 3, 1]",29,0
"[4, 2, 0, 7, 6, 5, 3, 1]",30,1
"[4, 2, 0, 7, 6, 5, 3, 1]",31,1
"[4, 2, 0, 7, 6, 5, 3, 1]",32,0
"[4, 2, 0, 7, 6, 5, 3, 1]",33,0
"[4, 2, 0, 7, 6, 5, 3, 1]",34,0
"[4, 2, 0, 7, 6, 5, 3, 1]",35,1
"[4, 2, 0, 7, 6, 5, 3, 1]",36,0
"[4, 2, 0, 7, 6, 5, 3, 1]",37,1
"[4, 2, 0, 7, 6, 5, 3, 1]",38,0
"[4, 2, 0, 7, 6, 5, 3, 1]",39,0
"[4, 2, 0, 7, 6, 5, 3, 1]",40,0
"[4, 2, 0, 7, 6, 5, 3, 1]",41,0
"[4, 2, 0, 7, 6, 5, 3, 1]",42,0
"[4, 2, 0, 7, 6, 5, 3, 1]",43,0
"[4, 2, 0, 7, 6, 5, 3, 1]",44,0
"[4, 2, 0, 7, 6, 5, 3, 1]",45,0
"[4, 2, 0, 7, 6, 5, 3, 1]",46,1
"[4, 2, 0, 7, 6, 5, 3, 1]",47,0
"[4, 2, 0, 7, 6, 5, 3, 1]",48,1
"[4, 2, 0, 7, 6, 5, 3, 1]",49,0
"[4, 2, 0, 7, 6, 5, 3, 1]",50,1
"[4, 2, 0, 7, 6, 5, 3, 1]",51,0
"[4, 2, 0, 7, 6, 5, 3, 1]",52,0
"[4, 2, 0, 7, 6, 5, 3, 1]",53,1
"[4, 2, 0, 7, 6, 5, 3, 1]",54,0
"[4, 2, 0, 7, 6, 5, 3, 1]",55,0
"[4, 2, 0, 7, 6, 5, 3, 1]",56,0
"[4, 2, 0, 7, 6, 5, 3, 1]",57,0
"[4, 2, 0, 7, 6, 5, 3, 1]",58,0
"[4, 2, 0, 7, 6, 5, 3, 1]",59,0
"[4, 2, 0, 7, 6, 5, 3, 1]",60,1
"[4, 2, 0, 7, 6, 5, 3, 1]",61,1
"[4, 2, 0, 7, 6, 5, 3, 1]",62,0
"[4, 2, 0, 7, 6, 5, 3, 1]",63,1
"[4, 2, 0, 7, 6, 5, 3, 1]",64,1
"[4, 2, 0, 7, 6, 5, 3, 1]",65,0
"[4, 2, 0, 7, 6, 5, 3, 1]",66,0
"[4, 2, 0, 7, 6, 5, 3, 1]",67,1
"[4, 2, 0, 7, 6, 5, 3, 1]",68,1
"[4, 2, 0, 7, 6, 5, 3, 1]",69,0
"[4, 2, 0, 7, 6, 5, 3, 1]",70,1
"[4, 2, 0, 7, 6, 5, 3, 1]",71,1
"[4, 2, 0, 7, 6, 5, 3, 1]",72,0
"[4, 2, 0, 7, 6, 5, 3, 1]",73,0
"[4, 2, 0, 7, 6, 5, 3, 1]",74,0
"[4, 2, 0, 7, 6, 5, 3, 1]",75,0
"[4, 2, 0, 7, 6, 5, 3, 1]",76,0
"[4, 2, 0, 7, 6, 5, 3, 1]",77,0
"[4, 2, 0, 7, 6, 5, 3, 1]",78,0
"[4, 2, 0, 7, 6, 5, 3, 1]",79,0
"[4, 2, 0, 7, 6, 5, 3, 1]",80,0
"[4, 2, 0, 7, 6, 5, 3, 1]",81,1
"[4, 2, 0, 7, 6, 5, 3, 1]",82,0
"[4, 2, 0, 7, 6, 5, 3, 1]",83,0
"[4, 2, 0, 7, 6, 5, 3, 1]",84,1
"[4, 2, 0, 7, 6, 5, 3, 1]",85,0
"[4, 2, 0, 7, 6, 5, 3, 1]",86,0
"[4, 2, 0, 7, 6, 5, 3, 1]",87,1
"[4, 2, 0, 7, 6, 5, 3, 1]",88,0
"[4, 2, 0, 7, 6, 5, 3, 1]",89,0
"[4, 2, 0, 7, 6, 5, 3, 1]",90,0
"[4, 2, 0, 7, 6, 5, 3, 1]",91,0
"[4, 2, 0, 7, 6, 5, 3, 1]",92,0
"[4, 2, 0, 7, 6, 5, 3, 1]",93,1
"[4, 2, 0, 7, 6, 5, 3, 1]",94,1
"[4, 2, 0, 7, 6, 5, 3, 1]",95,1
"[4, 2, 0, 7, 6, 5, 3, 1]",96,0
"[4, 2, 0, 7, 6, 5, 3, 1]",97,0
"[4, 2, 0, 7, 6, 5, 3, 1]",98,1
"[4, 2, 0, 7, 6, 5, 3, 1]",99,1
"[1, 5, 2, 4, 7, 0, 6, 3]",0,0
"[1, 5, 2, 4, 7, 0, 6, 3]",1,1
"[1, 5, 2, 4, 7, 0, 6, 3]",2,1
"[1, 5, 2, 4, 7, 0, 6, 3]",3,0
"[1, 5, 2, 4, 7, 0, 6, 3]",4,0
"[1, 5, 2, 4, 7, 0, 6, 3]",5,0
"[1, 5, 2, 4, 7, 0, 6, 3]",6,1
"[1, 5, 2, 4, 7, 0, 6, 3]",7,1
"[1, 5, 2, 4, 7, 0, 6, 3]",8,0
"[1, 5, 2, 4, 7, 0, 6, 3]",9,1
"[1, 5, 2, 4, 7, 0, 6, 3]",10,0
"[1, 5, 2, 4, 7, 0, 6, 3]",11,0
"[1, 5, 2, 4, 7, 0, 6, 3]",12,0
"[1, 5, 2, 4, 7, 0, 6, 3]",13,1
"[1, 5, 2, 4, 7, 0, 6, 3]",14,0
"[1, 5, 2, 4, 7, 0, 6, 3]",15,0
"[1, 5, 2, 4, 7, 0, 6, 3]",16,0
"[1, 5, 2, 4, 7, 0, 6, 3]",17,1
"[1, 5, 2, 4, 7, 0, 6, 3]",18,1
"[1, 5, 2, 4, 7, 0, 6, 3]",19,1
"[1, 5, 2, 4, 7, 0, 6, 3]",20,0
"[1, 5, 2, 4, 7, 0, 6, 3]",21,0
"[1, 5, 2, 4, 7, 0, 6, 3]",22,0
"[1, 5, 2, 4, 7, 0, 6, 3]",23,0
"[1, 5, 2, 4, 7, 0, 6, 3]",24,0
"[1, 5, 2, 4, 7, 0, 6, 3]",25,0
"[1, 5, 2, 4, 7, 0, 6, 3]",26,1
"[1, 5, 2, 4, 7, 0, 6, 3]",27,1
"[1, 5, 2, 4, 7, 0, 6, 3]",28,0
"[1, 5, 2, 4, 7, 0, 6, 3]",29,0
"[1, 5, 2, 4, 7, 0, 6, 3]",30,0
"[1, 5, 2, 4, 7, 0, 6, 3]",31,1
"[1, 5, 2, 4, 7, 0, 6, 3]",32,0
"[1, 5, 2, 4, 7, 0, 6, 3]",33,1
"[1, 5, 2, 4, 7, 0, 6, 3]",34,0
"[1, 5, 2, 4, 7, 0, 6, 3]",35,1
"[1, 5, 2, 4, 7, 0, 6, 3]",36,0
"[1, 5, 2, 4, 7, 0, 6, 3]",37,1
"[1, 5, 2, 4, 7, 0, 6, 3]",38,0
"[1, 5, 2, 4, 7, 0, 6, 3]",39,0
"[1, 5, 2, 4, 7, 0, 6, 3]",40,1
"[1, 5, 2, 4, 7, 0, 6, 3]",41,1
"[1, 5, 2, 4, 7, 0, 6, 3]",42,1
"[1, 5, 2, 4, 7, 0, 6, 3]",43,0
"[1, 5, 2, 4, 7, 0, 6, 3]",44,0
"[1, 5, 2, 4, 7, 0, 6, 3]",45,0
"[1, 5, 2, 4, 7, 0, 6, 3]",46,1
"[1, 5, 2, 4, 7, 0, 6, 3]",47,1
"[1, 5, 2, 4, 7, 0, 6, 3]",48,0
"[1, 5, 2, 4, 7, 0, 6, 3]",49,0
"[1, 5, 2, 4, 7, 0, 6, 3]",50,1
"[1, 5, 2, 4, 7, 0, 6, 3]",51,1
"[1, 5, 2, 4, 7, 0, 6, 3]",52,0
"[1, 5, 2, 4, 7, 0, 6, 3]",53,1
"[1, 5, 2, 4, 7, 0, 6, 3]",54,0
"[1, 5, 2, 4, 7, 0, 6, 3]",55,1
"[1, 5, 2, 4, 7, 0, 6, 3]",56,0
"[1, 5, 2, 4, 7, 0, 6, 3]",57,0
"[1, 5, 2, 4, 7, 0, 6, 3]",58,0
"[1, 5, 2, 4, 7, 0, 6, 3]",59,0
"[1, 5, 2, 4, 7, 0, 6, 3]",60,0
"[1, 5, 2, 4, 7, 0, 6, 3]",61,1
"[1, 5, 2, 4, 7, 0, 6, 3]",62,0
"[1, 5, 2, 4, 7, 0, 6, 3]",63,0
"[1, 5, 2, 4, 7, 0, 6, 3]",64,1
"[1, 5, 2, 4, 7, 0, 6, 3]",65,0
"[1, 5, 2, 4, 7, 0, 6, 3]",66,0
"[1, 5, 2, 4, 7, 0, 6, 3]",67,0
"[1, 5, 2, 4, 7, 0, 6, 3]",68,1
"[1, 5, 2, 4, 7, 0, 6, 3]",69,0
"[1, 5, 2, 4, 7, 0, 6, 3]",70,0
"[1, 5, 2, 4, 7, 0, 6, 3]",71,1
"[1, 5, 2, 4, 7, 0, 6, 3]",72,0
"[1, 5, 2, 4, 7, 0, 6, 3]",73,0
"[1, 5, 2, 4, 7, 0, 6, 3]",74,0
"[1, 5, 2, 4, 7, 0, 6, 3]",75,0
"[1, 5, 2, 4, 7, 0, 6, 3]",76,1
"[1, 5, 2, 4, 7, 0, 6, 3]",77,0
"[1, 5, 2, 4, 7, 0, 6, 3]",78,0
"[1, 5, 2, 4, 7, 0, 6, 3]",79,1
"[1, 5, 2, 4, 7, 0, 6, 3]",80,1
"[1, 5, 2, 4, 7, 0, 6, 3]",81,1
"[1, 5, 2, 4, 7, 0, 6, 3]",82,0
"[1, 5, 2, 4, 7, 0, 6, 3]",83,0
"[1, 5, 2, 4, 7, 0, 6, 3]",84,1
"[1, 5, 2, 4, 7, 0, 6, 3]",85,1
"[1, 5, 2, 4, 7, 0, 6, 3]",86,0
"[1, 5, 2, 4, 7, 0, 6, 3]",87,1
"[1, 5, 2, 4, 7, 0, 6, 3]",88,1
"[1, 5, 2, 4, 7, 0, 6, 3]",89,0
"[1, 5, 2, 4, 7, 0, 6, 3]",90,0
"[1, 5, 2, 4, 7, 0, 6, 3]",91,0
"[1, 5, 2, 4, 7, 0, 6, 3]",92,0
"[1, 5, 2, 4, 7, 0, 6, 3]",93,1
"[1, 5, 2, 4, 7, 0, 6, 3]",94,1
"[1, 5, 2, 4, 7, 0, 6, 3]",95,1
"[1, 5, 2, 4, 7, 0, 6, 3]",96,0
"[1, 5, 2, 4, 7, 0, 6, 3]",97,0
"[1, 5, 2, 4, 7, 0, 6, 3]",98,1
"[1, 5, 2, 4, 7, 0, 6, 3]",99,0
"[2, 6, 0, 5, 1, 7, 3, 4]",0,0
"[2, 6, 0, 5, 1, 7, 3, 4]",1,1
"[2, 6, 0, 5, 1, 7, 3, 4]",2,0
"[2, 6, 0, 5, 1, 7, 3, 4]",3,0
"[2, 6, 0, 5, 1, 7, 3, 4]",4,0
"[2, 6, 0, 5, 1, 7, 3, 4]",5,0
"[2, 6, 0, 5, 1, 7, 3, 4]",6,0
"[2, 6, 0, 5, 1, 7, 3, 4]",7,0
"[2, 6, 0, 5, 1, 7, 3, 4]",8,0
"[2, 6, 0, 5, 1, 7, 3, 4]",9,1
"[2, 6, 0, 5, 1, 7, 3, 4]",10,0
"[2, 6, 0, 5, 1, 7, 3, 4]",11,0
"[2, 6, 0, 5, 1, 7, 3, 4]",12,0
"[2, 6, 0, 5, 1, 7, 3, 4]",13,1
"[2, 6, 0, 5, 1, 7, 3, 4]",14,1
"[2, 6, 0, 5, 1, 7, 3, 4]",15,0
"[2, 6, 0, 5, 1, 7, 3, 4]",16,0
"[2, 6, 0, 5, 1, 7, 3, 4]",17,1
"[2, 6, 0, 5, 1, 7, 3, 4]",18,0
"[2, 6, 0, 5, 1, 7, 3, 4]",19,1
"[2, 6, 0, 5, 1, 7, 3, 4]",20,0
"[2, 6, 0, 5, 1, 7, 3, 4]",21,0
"[2, 6, 0, 5, 1, 7, 3, 4]",22,0
"[2, 6, 0, 5, 1, 7, 3, 4]",23,0
"[2, 6, 0, 5, 1, 7, 3, 4]",24,0
"[2, 6, 0, 5, 1, 7, 3, 4]",25,0
"[2, 6, 0, 5, 1, 7, 3, 4]",26,0
"[2, 6, 0, 5, 1, 7, 3, 4]",27,1
"[2, 6, 0, 5, 1, 7, 3, 4]",28,1
"[2, 6, 0, 5, 1, 7, 3, 4]",29,0
"[2, 6, 0, 5, 1, 7, 3, 4]",30,1
"[2, 6, 0, 5, 1, 7, 3, 4]",31,1
"[2, 6, 0, 5, 1, 7, 3, 4]",32,0
"[2, 6, 0, 5, 1, 7, 3, 4]",33,1
"[2, 6, 0, 5, 1, 7, 3, 4]",34,0
"[2, 6, 0, 5, 1, 7, 3, 4]",35,1
"[2, 6, 0, 5, 1, 7, 3, 4]",36,0
"[2, 6, 0, 5, 1, 7, 3, 4]",37,1
"[2, 6, 0, 5, 1, 7, 3, 4]",38,1
"[2, 6, 0, 5, 1, 7, 3, 4]",39,0
"[2, 6, 0, 5, 1, 7, 3, 4]",40,0
"[2, 6, 0, 5, 1, 7, 3, 4]",41,1
"[2, 6, 0, 5, 1, 7, 3, 4]",42,0
"[2, 6, 0, 5, 1, 7, 3, 4]",43,1
"[2, 6, 0, 5, 1, 7, 3, 4]",44,0
"[2, 6, 0, 5, 1, 7, 3, 4]",45,0
"[2, 6, 0, 5, 1, 7, 3, 4]",46,1
"[2, 6, 0, 5, 1, 7, 3, 4]",47,0
"[2, 6, 0, 5, 1, 7, 3, 4]",48,1
"[2, 6, 0, 5, 1, 7, 3, 4]",49,1
"[2, 6, 0, 5, 1, 7, 3, 4]",50,1
"[2, 6, 0, 5, 1, 7, 3, 4]",51,1
"[2, 6, 0, 5, 1, 7, 3, 4]",52,0
"[2, 6, 0, 5, 1, 7, 3, 4]",53,0
"[2, 6, 0, 5, 1, 7, 3, 4]",54,0
"[2, 6, 0, 5, 1, 7, 3, 4]",55,0
"[2, 6, 0, 5, 1, 7, 3, 4]",56,0
"[2, 6, 0, 5, 1, 7, 3, 4]",57,0
"[2, 6, 0, 5, 1, 7, 3, 4]",58,0
"[2, 6, 0, 5, 1, 7, 3, 4]",59,0
"[2, 6, 0, 5, 1, 7, 3, 4]",60,0
"[2, 6, 0, 5, 1, 7, 3, 4]",61,0
"[2, 6, 0, 5, 1, 7, 3, 4]",62,0
"[2, 6, 0, 5, 1, 7, 3, 4]",63,0
"[2, 6, 0, 5, 1, 7, 3, 4]",64,0
"[2, 6, 0, 5, 1, 7, 3, 4]",65,0
"[2, 6, 0, 5, 1, 7, 3, 4]",66,0
"[2, 6, 0, 5, 1, 7, 3, 4]",67,0
"[2, 6, 0, 5, 1, 7, 3, 4]",68,1
"[2, 6, 0, 5, 1, 7, 3, 4]",69,0
"[2, 6, 0, 5, 1, 7, 3, 4]",70,1
"[2, 6, 0, 5, 1, 7, 3, 4]",71,1
"[2, 6, 0, 5, 1, 7, 3, 4]",72,0
"[2, 6, 0, 5, 1, 7, 3, 4]",73,0
"[2, 6, 0, 5, 1, 7, 3, 4]",74,0
"[2, 6, 0, 5, 1, 7, 3, 4]",75,0
"[2, 6, 0, 5, 1, 7, 3, 4]",76,0
"[2, 6, 0, 5, 1, 7, 3, 4]",77,0
"[2, 6, 0, 5, 1, 7, 3, 4]",78,0
"[2, 6, 0, 5, 1, 7, 3, 4]",79,1
"[2, 6, 0, 5, 1, 7, 3, 4]",80,0
"[2, 6, 0, 5, 1, 7, 3, 4]",81,1
"[2, 6, 0, 5, 1, 7, 3, 4]",82,1
"[2, 6, 0, 5, 1, 7, 3, 4]",83,0
"[2, 6, 0, 5, 1, 7, 3, 4]",84,0
"[2, 6, 0, 5, 1, 7, 3, 4]",85,0
"[2, 6, 0, 5, 1, 7, 3, 4]",86,0
"[2, 6, 0, 5, 1, 7, 3, 4]",87,1
"[2, 6, 0, 5, 1, 7, 3, 4]",88,1
"[2, 6, 0, 5, 1, 7, 3, 4]",89,0
"[2, 6, 0, 5, 1, 7, 3, 4]",90,0
"[2, 6, 0, 5, 1, 7, 3, 4]",91,0
"[2, 6, 0, 5, 1, 7, 3, 4]",92,0
"[2, 6, 0, 5, 1, 7, 3, 4]",93,1
"[2, 6, 0, 5, 1, 7, 3, 4]",94,1
"[2, 6, 0, 5, 1, 7, 3, 4]",95,1
"[2, 6, 0, 5, 1, 7, 3, 4]",96,0
"[2, 6, 0, 5, 1, 7, 3, 4]",97,1
"[2, 6, 0, 5, 1, 7, 3, 4]",98,1
"[2, 6, 0, 5, 1, 7, 3, 4]",99,0
"[2, 0, 4, 6, 7, 3, 1, 5]",0,0
"[2, 0, 4, 6, 7, 3, 1, 5]",1,1
"[2, 0, 4, 6, 7, 3, 1, 5]",2,0
"[2, 0, 4, 6, 7, 3, 1, 5]",3,0
"[2, 0, 4, 6, 7, 3, 1, 5]",4,0
"[2, 0, 4, 6, 7, 3, 1, 5]",5,0
"[2, 0, 4, 6, 7, 3, 1, 5]",6,0
"[2, 0, 4, 6, 7, 3, 1, 5]",7,1
"[2, 0, 4, 6, 7, 3, 1, 5]",8,0
"[2, 0, 4, 6, 7, 3, 1, 5]",9,1
"[2, 0, 4, 6, 7, 3, 1, 5]",10,0
"[2, 0, 4, 6, 7, 3, 1, 5]",11,0
"[2, 0, 4, 6, 7, 3, 1, 5]",12,1
"[2, 0, 4, 6, 7, 3, 1, 5]",13,0
"[2, 0, 4, 6, 7, 3, 1, 5]",14,1
"[2, 0, 4, 6, 7, 3, 1, 5]",15,1
"[2, 0, 4, 6, 7, 3, 1, 5]",16,0
"[2, 0, 4, 6, 7, 3, 1, 5]",17,1
"[2, 0, 4, 6, 7, 3, 1, 5]",18,0
"[2, 0, 4, 6, 7, 3, 1, 5]",19,1
"[2, 0, 4, 6, 7, 3, 1, 5]",20,0
"[2, 0, 4, 6, 7, 3, 1, 5]",21,0
"[2, 0, 4, 6, 7, 3, 1, 5]",22,1
"[2, 0, 4, 6, 7, 3, 1, 5]",23,0
"[2, 0, 4, 6, 7, 3, 1, 5]",24,0
"[2, 0, 4, 6, 7, 3, 1, 5]",25,0
"[2, 0, 4, 6, 7, 3, 1, 5]",26,0
"[2, 0, 4, 6, 7, 3, 1, 5]",27,1
"[2, 0, 4, 6, 7, 3, 1, 5]",28,1
"[2, 0, 4, 6, 7, 3, 1, 5]",29,0
"[2, 0, 4, 6, 7, 3, 1, 5]",30,1
"[2, 0, 4, 6, 7, 3, 1, 5]",31,0
"[2, 0, 4, 6, 7, 3, 1, 5]",32,0
"[2, 0, 4, 6, 7, 3, 1, 5]",33,1
"[2, 0, 4, 6, 7, 3, 1, 5]",34,1
"[2, 0, 4, 6, 7, 3, 1, 5]",35,1
"[2, 0, 4, 6, 7, 3, 1, 5]",36,0
"[2, 0, 4, 6, 7, 3, 1, 5]",37,1
"[2, 0, 4, 6, 7, 3, 1, 5]",38,0
"[2, 0, 4, 6, 7, 3, 1, 5]",39,0
"[2, 0, 4, 6, 7, 3, 1, 5]",40,0
"[2, 0, 4, 6, 7, 3, 1, 5]",41,1
"[2, 0, 4, 6, 7, 3, 1, 5]",42,1
"[2, 0, 4, 6, 7, 3, 1, 5]",43,0
"[2, 0, 4, 6, 7, 3, 1, 5]",44,0
"[2, 0, 4, 6, 7, 3, 1, 5]",45,0
"[2, 0, 4, 6, 7, 3, 1, 5]",46,0
"[2, 0, 4, 6, 7, 3, 1, 5]",47,0
"[2, 0, 4, 6, 7, 3, 1, 5]",48,1
"[2, 0, 4, 6, 7, 3, 1, 5]",49,0
"[2, 0, 4, 6, 7, 3, 1, 5]",50,1
"[2, 0, 4, 6, 7, 3, 1, 5]",51,1
"[2, 0, 4, 6, 7, 3, 1, 5]",52,0
"[2, 0, 4, 6, 7, 3, 1, 5]",53,1
"[2, 0, 4, 6, 7, 3, 1, 5]",54,0
"[2, 0, 4, 6, 7, 3, 1, 5]",55,1
"[2, 0, 4, 6, 7, 3, 1, 5]",56,1
"[2, 0, 4, 6, 7, 3, 1, 5]",57,0
"[2, 0, 4, 6, 7, 3, 1, 5]",58,0
"[2, 0, 4, 6, 7, 3, 1, 5]",59,0
"[2, 0, 4, 6, 7, 3, 1, 5]",60,0
"[2, 0, 4, 6, 7, 3, 1, 5]",61,0
"[2, 0, 4, 6, 7, 3, 1, 5]",62,0
"[2, 0, 4, 6, 7, 3, 1, 5]",63,1
"[2, 0, 4, 6, 7, 3, 1, 5]",64,0
"[2, 0, 4, 6, 7, 3, 1, 5]",65,0
"[2, 0, 4, 6, 7, 3, 1, 5]",66,1
"[2, 0, 4, 6, 7, 3, 1, 5]",67,0
"[2, 0, 4, 6, 7, 3, 1, 5]",68,0
"[2, 0, 4, 6, 7, 3, 1, 5]",69,0
"[2, 0, 4, 6, 7, 3, 1, 5]",70,0
"[2, 0, 4, 6, 7, 3, 1, 5]",71,1
"[2, 0, 4, 6, 7, 3, 1, 5]",72,0
"[2, 0, 4, 6, 7, 3, 1, 5]",73,0
"[2, 0, 4, 6, 7, 3, 1, 5]",74,0
"[2, 0, 4, 6, 7, 3, 1, 5]",75,0
"[2, 0, 4, 6, 7, 3, 1, 5]",76,0
"[2, 0, 4, 6, 7, 3, 1, 5]",77,0
"[2, 0, 4, 6, 7, 3, 1, 5]",78,0
"[2, 0, 4, 6, 7, 3, 1, 5]",79,0
"[2, 0, 4, 6, 7, 3, 1, 5]",80,0
"[2, 0, 4, 6, 7, 3, 1, 5]",81,1
"[2, 0, 4, 6, 7, 3, 1, 5]",82,1
"[2, 0, 4, 6, 7, 3, 1, 5]",83,0
"[2, 0, 4, 6, 7, 3, 1, 5]",84,0
"[2, 0, 4, 6, 7, 3, 1, 5]",85,1
"[2, 0, 4, 6, 7, 3, 1, 5]",86,0
"[2, 0, 4, 6, 7, 3, 1, 5]",87,1
"[2, 0, 4, 6, 7, 3, 1, 5]",88,1
"[2, 0, 4, 6, 7, 3, 1, 5]",89,0
"[2, 0, 4, 6, 7, 3, 1, 5]",90,0
"[2, 0, 4, 6, 7, 3, 1, 5]",91,0
"[2, 0, 4, 6, 7, 3, 1, 5]",92,0
"[2, 0, 4, 6, 7, 3, 1, 5]",93,1
"[2, 0, 4, 6, 7, 3, 1, 5]",94,1
"[2, 0, 4, 6, 7, 3, 1, 5]",95,1
"[2, 0, 4, 6, 7, 3, 1, 5]",96,0
"[2, 0, 4, 6, 7, 3, 1, 5]",97,1
"[2, 0, 4, 6, 7, 3, 1, 5]",98,0
"[2, 0, 4, 6, 7, 3, 1, 5]",99,0
"[6, 4, 7, 5, 2, 0, 3, 1]",0,0
"[6, 4, 7, 5, 2, 0, 3, 1]",1,1
"[6, 4, 7, 5, 2, 0, 3, 1]",2,1
"[6, 4, 7, 5, 2, 0, 3, 1]",3,1
"[6, 4, 7, 5, 2, 0, 3, 1]",4,0
"[6, 4, 7, 5, 2, 0, 3, 1]",5,0
"[6, 4, 7, 5, 2, 0, 3, 1]",6,0
"[6, 4, 7, 5, 2, 0, 3, 1]",7,1
"[6, 4, 7, 5, 2, 0, 3, 1]",8,0
"[6, 4, 7, 5, 2, 0, 3, 1]",9,1
"[6, 4, 7, 5, 2, 0, 3, 1]",10,0
"[6, 4, 7, 5, 2, 0, 3, 1]",11,0
"[6, 4, 7, 5, 2, 0, 3, 1]",12,1
"[6, 4, 7, 5, 2, 0, 3, 1]",13,0
"[6, 4, 7, 5, 2, 0, 3, 1]",14,0
"[6, 4, 7, 5, 2, 0, 3, 1]",15,0
"[6, 4, 7, 5, 2, 0, 3, 1]",16,1
"[6, 4, 7, 5, 2, 0, 3, 1]",17,1
"[6, 4, 7, 5, 2, 0, 3, 1]",18,0
"[6, 4, 7, 5, 2, 0, 3, 1]",19,1
"[6, 4, 7, 5, 2, 0, 3, 1]",20,0
"[6, 4, 7, 5, 2, 0, 3, 1]",21,0
"[6, 4, 7, 5, 2, 0, 3, 1]",22,0
"[6, 4, 7, 5, 2, 0, 3, 1]",23,0
"[6, 4, 7, 5, 2, 0, 3, 1]",24,0
"[6, 4, 7, 5, 2, 0, 3, 1]",25,0
"[6, 4, 7, 5, 2, 0, 3, 1]",26,0
"[6, 4, 7, 5, 2, 0, 3, 1]",27,1
"[6, 4, 7, 5, 2, 0, 3, 1]",28,0
"[6, 4, 7, 5, 2, 0, 3, 1]",29,0
"[6, 4, 7, 5, 2, 0, 3, 1]",30,1
"[6, 4, 7, 5, 2, 0, 3, 1]",31,1
"[6, 4, 7, 5, 2, 0, 3, 1]",32,0
"[6, 4, 7, 5, 2, 0, 3, 1]",33,0
"[6, 4, 7, 5, 2, 0, 3, 1]",34,0
"[6, 4, 7, 5, 2, 0, 3, 1]",35,1
"[6, 4, 7, 5, 2, 0, 3, 1]",36,0
"[6, 4, 7, 5, 2, 0, 3, 1]",37,0
"[6, 4, 7, 5, 2, 0, 3, 1]",38,0
"[6, 4, 7, 5, 2, 0, 3, 1]",39,0
"[6, 4, 7, 5, 2, 0, 3, 1]",40,0
"[6, 4, 7, 5, 2, 0, 3, 1]",41,1
"[6, 4, 7, 5, 2, 0, 3, 1]",42,0
"[6, 4, 7, 5, 2, 0, 3, 1]",43,1
"[6, 4, 7, 5, 2, 0, 3, 1]",44,0
"[6, 4, 7, 5, 2, 0, 3, 1]",45,0
"[6, 4, 7, 5, 2, 0, 3, 1]",46,1
"[6, 4, 7, 5, 2, 0, 3, 1]",47,0
"[6, 4, 7, 5, 2, 0, 3, 1]",48,0
"[6, 4, 7, 5, 2, 0, 3, 1]",49,0
"[6, 4, 7, 5, 2, 0, 3, 1]",50,1
"[6, 4, 7, 5, 2, 0, 3, 1]",51,1
"[6, 4, 7, 5, 2, 0, 3, 1]",52,0
"[6, 4, 7, 5, 2, 0, 3, 1]",53,1
"[6, 4, 7, 5, 2, 0, 3, 1]",54,1
"[6, 4, 7, 5, 2, 0, 3, 1]",55,1
"[6, 4, 7, 5, 2, 0, 3, 1]",56,1
"[6, 4, 7, 5, 2, 0, 3, 1]",57,0
"[6, 4, 7, 5, 2, 0, 3, 1]",58,1
"[6, 4, 7, 5, 2, 0, 3, 1]",59,0
"[6, 4, 7, 5, 2, 0, 3, 1]",60,0
"[6, 4, 7, 5, 2, 0, 3, 1]",61,0
"[6, 4, 7, 5, 2, 0, 3, 1]",62,0
"[6, 4, 7, 5, 2, 0, 3, 1]",63,0
"[6, 4, 7, 5, 2, 0, 3, 1]",64,1
"[6, 4, 7, 5, 2, 0, 3, 1]",65,0
"[6, 4, 7, 5, 2, 0, 3, 1]",66,1
"[6, 4, 7, 5, 2, 0, 3, 1]",67,1
"[6, 4, 7, 5, 2, 0, 3, 1]",68,1
"[6, 4, 7, 5, 2, 0, 3, 1]",69,0
"[6, 4, 7, 5, 2, 0, 3, 1]",70,1
"[6, 4, 7, 5, 2, 0, 3, 1]",71,1
"[6, 4, 7, 5, 2, 0, 3, 1]",72,0
"[6, 4, 7, 5, 2, 0, 3, 1]",73,0
"[6, 4, 7, 5, 2, 0, 3, 1]",74,0
"[6, 4, 7, 5, 2, 0, 3, 1]",75,1
"[6, 4, 7, 5, 2, 0, 3, 1]",76,0
"[6, 4, 7, 5, 2, 0, 3, 1]",77,0
"[6, 4, 7, 5, 2, 0, 3, 1]",78,0
"[6, 4, 7, 5, 2, 0, 3, 1]",79,1
"[6, 4, 7, 5, 2, 0, 3, 1]",80,1
"[6, 4, 7, 5, 2, 0, 3, 1]",81,0
"[6, 4, 7, 5, 2, 0, 3, 1]",82,1
"[6, 4, 7, 5, 2, 0, 3, 1]",83,0
"[6, 4, 7, 5, 2, 0, 3, 1]",84,1
"[6, 4, 7, 5, 2, 0, 3, 1]",85,1
"[6, 4, 7, 5, 2, 0, 3, 1]",86,0
"[6, 4, 7, 5, 2, 0, 3, 1]",87,1
"[6, 4, 7, 5, 2, 0, 3, 1]",88,1
"[6, 4, 7, 5, 2, 0, 3, 1]",89,0
"[6, 4, 7, 5, 2, 0, 3, 1]",90,0
"[6, 4, 7, 5, 2, 0, 3, 1]",91,0
"[6, 4, 7, 5, 2, 0, 3, 1]",92,0
"[6, 4, 7, 5, 2, 0, 3, 1]",93,1
"[6, 4, 7, 5, 2, 0, 3, 1]",94,1
"[6, 4, 7, 5, 2, 0, 3, 1]",95,1
"[6, 4, 7, 5, 2, 0, 3, 1]",96,0
"[6, 4, 7, 5, 2, 0, 3, 1]",97,0
"[6, 4, 7, 5, 2, 0, 3, 1]",98,1
"[6, 4, 7, 5, 2, 0, 3, 1]",99,0
"[0, 1, 2, 3, 6, 4, 5, 7]",0,0
"[0, 1, 2, 3, 6, 4, 5, 7]",1,1
"[0, 1, 2, 3, 6, 4, 5, 7]",2,0
"[0, 1, 2, 3, 6, 4, 5, 7]",3,0
"[0, 1, 2, 3, 6, 4, 5, 7]",4,0
"[0, 1, 2, 3, 6, 4, 5, 7]",5,0
"[0, 1, 2, 3, 6, 4, 5, 7]",6,0
"[0, 1, 2, 3, 6, 4, 5, 7]",7,1
"[0, 1, 2, 3, 6, 4, 5, 7]",8,0
"[0, 1, 2, 3, 6, 4, 5, 7]",9,1
"[0, 1, 2, 3, 6, 4, 5, 7]",10,0
"[0, 1, 2, 3, 6, 4, 5, 7]",11,0
"[0, 1, 2, 3, 6, 4, 5, 7]",12,1
"[0, 1, 2, 3, 6, 4, 5, 7]",13,0
"[0, 1, 2, 3, 6, 4, 5, 7]",14,1
"[0, 1, 2, 3, 6, 4, 5, 7]",15,0
"[0, 1, 2, 3, 6, 4, 5, 7]",16,0
"[0, 1, 2, 3, 6, 4, 5, 7]",17,1
"[0, 1, 2, 3, 6, 4, 5, 7]",18,1
"[0, 1, 2, 3, 6, 4, 5, 7]",19,1
"[0, 1, 2, 3, 6, 4, 5, 7]",20,0
"[0, 1, 2, 3, 6, 4, 5, 7]",21,0
"[0, 1, 2, 3, 6, 4, 5, 7]",22,0
"[0, 1, 2, 3, 6, 4, 5, 7]",23,0
"[0, 1, 2, 3, 6, 4, 5, 7]",24,0
"[0, 1, 2, 3, 6, 4, 5, 7]",25,0
"[0, 1, 2, 3, 6, 4, 5, 7]",26,0
"[0, 1, 2, 3, 6, 4, 5, 7]",27,1
"[0, 1, 2, 3, 6, 4, 5, 7]",28,0
"[0, 1, 2, 3, 6, 4, 5, 7]",29,0
"[0, 1, 2, 3, 6, 4, 5, 7]",30,1
"[0, 1, 2, 3, 6, 4, 5, 7]",31,1
"[0, 1, 2, 3, 6, 4, 5, 7]",32,0
"[0, 1, 2, 3, 6, 4, 5, 7]",33,1
"[0, 1, 2, 3, 6, 4, 5, 7]",34,1
"[0, 1, 2, 3, 6, 4, 5, 7]",35,1
"[0, 1, 2, 3, 6, 4, 5, 7]",36,0
"[0, 1, 2, 3, 6, 4, 5, 7]",37,1
"[0, 1, 2, 3, 6, 4, 5, 7]",38,1
"[0, 1, 2, 3, 6, 4, 5, 7]",39,0
"[0, 1, 2, 3, 6, 4, 5, 7]",40,0
"[0, 1, 2, 3, 6, 4, 5, 7]",41,0
"[0, 1, 2, 3, 6, 4, 5, 7]",42,0
"[0, 1, 2, 3, 6, 4, 5, 7]",43,1
"[0, 1, 2, 3, 6, 4, 5, 7]",44,0
"[0, 1, 2, 3, 6, 4, 5, 7]",45,0
"[0, 1, 2, 3, 6, 4, 5, 7]",46,1
"[0, 1, 2, 3, 6, 4, 5, 7]",47,1
"[0, 1, 2, 3, 6, 4, 5, 7]",48,1
"[0, 1, 2, 3, 6, 4, 5, 7]",49,1
"[0, 1, 2, 3, 6, 4, 5, 7]",50,1
"[0, 1, 2, 3, 6, 4, 5, 7]",51,0
"[0, 1, 2, 3, 6, 4, 5, 7]",52,0
"[0, 1, 2, 3, 6, 4, 5, 7]",53,1
"[0, 1, 2, 3, 6, 4, 5, 7]",54,1
"[0, 1, 2, 3, 6, 4, 5, 7]",55,1
"[0, 1, 2, 3, 6, 4, 5, 7]",56,0
"[0, 1, 2, 3, 6, 4, 5, 7]",57,0
"[0, 1, 2, 3, 6, 4, 5, 7]",58,1
"[0, 1, 2, 3, 6, 4, 5, 7]",59,0
"[0, 1, 2, 3, 6, 4, 5, 7]",60,0
"[0, 1, 2, 3, 6, 4, 5, 7]",61,1
"[0, 1, 2, 3, 6, 4, 5, 7]",62,0
"[0, 1, 2, 3, 6, 4, 5, 7]",63,1
"[0, 1, 2, 3, 6, 4, 5, 7]",64,1
"[0, 1, 2, 3, 6, 4, 5, 7]",65,0
"[0, 1, 2, 3, 6, 4, 5, 7]",66,1
"[0, 1, 2, 3, 6, 4, 5, 7]",67,0
"[0, 1, 2, 3, 6, 4, 5, 7]",68,0
"[0, 1, 2, 3, 6, 4, 5, 7]",69,0
"[0, 1, 2, 3, 6, 4, 5, 7]",70,1
"[0, 1, 2, 3, 6, 4, 5, 7]",71,1
"[0, 1, 2, 3, 6, 4, 5, 7]",72,0
"[0, 1, 2, 3, 6, 4, 5, 7]",73,0
"[0, 1, 2, 3, 6, 4, 5, 7]",74,0
"[0, 1, 2, 3, 6, 4, 5, 7]",75,1
"[0, 1, 2, 3, 6, 4, 5, 7]",76,0
"[0, 1, 2, 3, 6, 4, 5, 7]",77,0
"[0, 1, 2, 3, 6, 4, 5, 7]",78,0
"[0, 1, 2, 3, 6, 4, 5, 7]",79,1
"[0, 1, 2, 3, 6, 4, 5, 7]",80,0
"[0, 1, 2, 3, 6, 4, 5, 7]",81,0
"[0, 1, 2, 3, 6, 4, 5, 7]",82,1
"[0, 1, 2, 3, 6, 4, 5, 7]",83,0
"[0, 1, 2, 3, 6, 4, 5, 7]",84,0
"[0, 1, 2, 3, 6, 4, 5, 7]",85,0
"[0, 1, 2, 3, 6, 4, 5, 7]",86,0
"[0, 1, 2, 3, 6, 4, 5, 7]",87,1
"[0, 1, 2, 3, 6, 4, 5, 7]",88,0
"[0, 1, 2, 3, 6, 4, 5, 7]",89,1
"[0, 1, 2, 3, 6, 4, 5, 7]",90,0
"[0, 1, 2, 3, 6, 4, 5, 7]",91,0
"[0, 1, 2, 3, 6, 4, 5, 7]",92,0
"[0, 1, 2, 3, 6, 4, 5, 7]",93,1
"[0, 1, 2, 3, 6, 4, 5, 7]",94,0
"[0, 1, 2, 3, 6, 4, 5, 7]",95,1
"[0, 1, 2, 3, 6, 4, 5, 7]",96,0
"[0, 1, 2, 3, 6, 4, 5, 7]",97,0
"[0, 1, 2, 3, 6, 4, 5, 7]",98,1
"[0, 1, 2, 3, 6, 4, 5, 7]",99,1
"[2, 0, 5, 3, 7, 6, 1, 4]",0,0
"[2, 0, 5, 3, 7, 6, 1, 4]",1,1
"[2, 0, 5, 3, 7, 6, 1, 4]",2,0
"[2, 0, 5, 3, 7, 6, 1, 4]",3,0
"[2, 0, 5, 3, 7, 6, 1, 4]",4,0
"[2, 0, 5, 3, 7, 6, 1, 4]",5,0
"[2, 0, 5, 3, 7, 6, 1, 4]",6,1
"[2, 0, 5, 3, 7, 6, 1, 4]",7,0
"[2, 0, 5, 3, 7, 6, 1, 4]",8,0
"[2, 0, 5, 3, 7, 6, 1, 4]",9,1
"[2, 0, 5, 3, 7, 6, 1, 4]",10,0
"[2, 0, 5, 3, 7, 6, 1, 4]",11,0
"[2, 0, 5, 3, 7, 6, 1, 4]",12,0
"[2, 0, 5, 3, 7, 6, 1, 4]",13,0
"[2, 0, 5, 3, 7, 6, 1, 4]",14,0
"[2, 0, 5, 3, 7, 6, 1, 4]",15,0
"[2, 0, 5, 3, 7, 6, 1, 4]",16,0
"[2, 0, 5, 3, 7, 6, 1, 4]",17,1
"[2, 0, 5, 3, 7, 6, 1, 4]",18,0
"[2, 0, 5, 3, 7, 6, 1, 4]",19,0
"[2, 0, 5, 3, 7, 6, 1, 4]",20,0
"[2, 0, 5, 3, 7, 6, 1, 4]",21,0
"[2, 0, 5, 3, 7, 6, 1, 4]",22,0
"[2, 0, 5, 3, 7, 6, 1, 4]",23,0
"[2, 0, 5, 3, 7, 6, 1, 4]",24,0
"[2, 0, 5, 3, 7, 6, 1, 4]",25,0
"[2, 0, 5, 3, 7, 6, 1, 4]",26,0
"[2, 0, 5, 3, 7, 6, 1, 4]",27,1
"[2, 0, 5, 3, 7, 6, 1, 4]",28,0
"[2, 0, 5, 3, 7, 6, 1, 4]",29,0
"[2, 0, 5, 3, 7, 6, 1, 4]",30,1
"[2, 0, 5, 3, 7, 6, 1, 4]",31,1
"[2, 0, 5, 3, 7, 6, 1, 4]",32,0
"[2, 0, 5, 3, 7, 6, 1, 4]",33,1
"[2, 0, 5, 3, 7, 6, 1, 4]",34,0
"[2, 0, 5, 3, 7, 6, 1, 4]",35,1
"[2, 0, 5, 3, 7, 6, 1, 4]",36,0
"[2, 0, 5, 3, 7, 6, 1, 4]",37,1
"[2, 0, 5, 3, 7, 6, 1, 4]",38,0
"[2, 0, 5, 3, 7, 6, 1, 4]",39,0
"[2, 0, 5, 3, 7, 6, 1, 4]",40,0
"[2, 0, 5, 3, 7, 6, 1, 4]",41,0
"[2, 0, 5, 3, 7, 6, 1, 4]",42,0
"[2, 0, 5, 3, 7, 6, 1, 4]",43,0
"[2, 0, 5, 3, 7, 6, 1, 4]",44,0
"[2, 0, 5, 3, 7, 6, 1, 4]",45,0
"[2, 0, 5, 3, 7, 6, 1, 4]",46,1
"[2, 0, 5, 3, 7, 6, 1, 4]",47,0
"[2, 0, 5, 3, 7, 6, 1, 4]",48,0
"[2, 0, 5, 3, 7, 6, 1, 4]",49,0
"[2, 0, 5, 3, 7, 6, 1, 4]",50,1
"[2, 0, 5, 3, 7, 6, 1, 4]",51,1
"[2, 0, 5, 3, 7, 6, 1, 4]",52,0
"[2, 0, 5, 3, 7, 6, 1, 4]",53,1
"[2, 0, 5, 3, 7, 6, 1, 4]",54,0
"[2, 0, 5, 3, 7, 6, 1, 4]",55,1
"[2, 0, 5, 3, 7, 6, 1, 4]",56,1
"[2, 0, 5, 3, 7, 6, 1, 4]",57,0
"[2, 0, 5, 3, 7, 6, 1, 4]",58,1
"[2, 0, 5, 3, 7, 6, 1, 4]",59,0
"[2, 0, 5, 3, 7, 6, 1, 4]",60,0
"[2, 0, 5, 3, 7, 6, 1, 4]",61,1
"[2, 0, 5, 3, 7, 6, 1, 4]",62,1
"[2, 0, 5, 3, 7, 6, 1, 4]",63,0
"[2, 0, 5, 3, 7, 6, 1, 4]",64,1
"[2, 0, 5, 3, 7, 6, 1, 4]",65,0
"[2, 0, 5, 3, 7, 6, 1, 4]",66,1
"[2, 0, 5, 3, 7, 6, 1, 4]",67,0
"[2, 0, 5, 3, 7, 6, 1, 4]",68,0
"[2, 0, 5, 3, 7, 6, 1, 4]",69,0
"[2, 0, 5, 3, 7, 6, 1, 4]",70,1
"[2, 0, 5, 3, 7, 6, 1, 4]",71,0
"[2, 0, 5, 3, 7, 6, 1, 4]",72,0
"[2, 0, 5, 3, 7, 6, 1, 4]",73,0
"[2, 0, 5, 3, 7, 6, 1, 4]",74,0
"[2, 0, 5, 3, 7, 6, 1, 4]",75,0
"[2, 0, 5, 3, 7, 6, 1, 4]",76,0
"[2, 0, 5, 3, 7, 6, 1, 4]",77,0
"[2, 0, 5, 3, 7, 6, 1, 4]",78,0
"[2, 0, 5, 3, 7, 6, 1, 4]",79,0
"[2, 0, 5, 3, 7, 6, 1, 4]",80,0
"[2, 0, 5, 3, 7, 6, 1, 4]",81,1
"[2, 0, 5, 3, 7, 6, 1, 4]",82,1
"[2, 0, 5, 3, 7, 6, 1, 4]",83,0
"[2, 0, 5, 3, 7, 6, 1, 4]",84,1
"[2, 0, 5, 3, 7, 6, 1, 4]",85,0
"[2, 0, 5, 3, 7, 6, 1, 4]",86,0
"[2, 0, 5, 3, 7, 6, 1, 4]",87,1
"[2, 0, 5, 3, 7, 6, 1, 4]",88,0
"[2, 0, 5, 3, 7, 6, 1, 4]",89,0
"[2, 0, 5, 3, 7, 6, 1, 4]",90,0
"[2, 0, 5, 3, 7, 6, 1, 4]",91,0
"[2, 0, 5, 3, 7, 6, 1, 4]",92,0
"[2, 0, 5, 3, 7, 6, 1, 4]",93,1
"[2, 0, 5, 3, 7, 6, 1, 4]",94,1
"[2, 0, 5, 3, 7, 6, 1, 4]",95,1
"[2, 0, 5, 3, 7, 6, 1, 4]",96,1
"[2, 0, 5, 3, 7, 6, 1, 4]",97,1
"[2, 0, 5, 3, 7, 6, 1, 4]",98,1
"[2, 0, 5, 3, 7, 6, 1, 4]",99,0
"[0, 3, 4, 2, 6, 7, 5, 1]",0,0
"[0, 3, 4, 2, 6, 7, 5, 1]",1,0
"[0, 3, 4, 2, 6, 7, 5, 1]",2,0
"[0, 3, 4, 2, 6, 7, 5, 1]",3,0
"[0, 3, 4, 2, 6, 7, 5, 1]",4,0
"[0, 3, 4, 2, 6, 7, 5, 1]",5,0
"[0, 3, 4, 2, 6, 7, 5, 1]",6,0
"[0, 3, 4, 2, 6, 7, 5, 1]",7,1
"[0, 3, 4, 2, 6, 7, 5, 1]",8,0
"[0, 3, 4, 2, 6, 7, 5, 1]",9,1
"[0, 3, 4, 2, 6, 7, 5, 1]",10,0
"[0, 3, 4, 2, 6, 7, 5, 1]",11,0
"[0, 3, 4, 2, 6, 7, 5, 1]",12,0
"[0, 3, 4, 2, 6, 7, 5, 1]",13,0
"[0, 3, 4, 2, 6, 7, 5, 1]",14,0
"[0, 3, 4, 2, 6, 7, 5, 1]",15,0
"[0, 3, 4, 2, 6, 7, 5, 1]",16,0
"[0, 3, 4, 2, 6, 7, 5, 1]",17,1
"[0, 3, 4, 2, 6, 7, 5, 1]",18,0
"[0, 3, 4, 2, 6, 7, 5, 1]",19,1
"[0, 3, 4, 2, 6, 7, 5, 1]",20,0
"[0, 3, 4, 2, 6, 7, 5, 1]",21,0
"[0, 3, 4, 2, 6, 7, 5, 1]",22,0
"[0, 3, 4, 2, 6, 7, 5, 1]",23,0
"[0, 3, 4, 2, 6, 7, 5, 1]",24,0
"[0, 3, 4, 2, 6, 7, 5, 1]",25,0
"[0, 3, 4, 2, 6, 7, 5, 1]",26,0
"[0, 3, 4, 2, 6, 7, 5, 1]",27,1
"[0, 3, 4, 2, 6, 7, 5, 1]",28,1
"[0, 3, 4, 2, 6, 7, 5, 1]",29,0
"[0, 3, 4, 2, 6, 7, 5, 1]",30,1
"[0, 3, 4, 2, 6, 7, 5, 1]",31,1
"[0, 3, 4, 2, 6, 7, 5, 1]",32,0
"[0, 3, 4, 2, 6, 7, 5, 1]",33,0
"[0, 3, 4, 2, 6, 7, 5, 1]",34,1
"[0, 3, 4, 2, 6, 7, 5, 1]",35,0
"[0, 3, 4, 2, 6, 7, 5, 1]",36,0
"[0, 3, 4, 2, 6, 7, 5, 1]",37,0
"[0, 3, 4, 2, 6, 7, 5, 1]",38,1
"[0, 3, 4, 2, 6, 7, 5, 1]",39,0
"[0, 3, 4, 2, 6, 7, 5, 1]",40,1
"[0, 3, 4, 2, 6, 7, 5, 1]",41,1
"[0, 3, 4, 2, 6, 7, 5, 1]",42,1
"[0, 3, 4, 2, 6, 7, 5, 1]",43,1
"[0, 3, 4, 2, 6, 7, 5, 1]",44,0
"[0, 3, 4, 2, 6, 7, 5, 1]",45,0
"[0, 3, 4, 2, 6, 7, 5, 1]",46,1
"[0, 3, 4, 2, 6, 7, 5, 1]",47,0
"[0, 3, 4, 2, 6, 7, 5, 1]",48,1
"[0, 3, 4, 2, 6, 7, 5, 1]",49,0
"[0, 3, 4, 2, 6, 7, 5, 1]",50,1
"[0, 3, 4, 2, 6, 7, 5, 1]",51,0
"[0, 3, 4, 2, 6, 7, 5, 1]",52,0
"[0, 3, 4, 2, 6, 7, 5, 1]",53,1
"[0, 3, 4, 2, 6, 7, 5, 1]",54,0
"[0, 3, 4, 2, 6, 7, 5, 1]",55,1
"[0, 3, 4, 2, 6, 7, 5, 1]",56,1
"[0, 3, 4, 2, 6, 7, 5, 1]",57,0
"[0, 3, 4, 2, 6, 7, 5, 1]",58,1
"[0, 3, 4, 2, 6, 7, 5, 1]",59,0
"[0, 3, 4, 2, 6, 7, 5, 1]",60,0
"[0, 3, 4, 2, 6, 7, 5, 1]",61,1
"[0, 3, 4, 2, 6, 7, 5, 1]",62,0
"[0, 3, 4, 2, 6, 7, 5, 1]",63,0
"[0, 3, 4, 2, 6, 7, 5, 1]",64,0
"[0, 3, 4, 2, 6, 7, 5, 1]",65,0
"[0, 3, 4, 2, 6, 7, 5, 1]",66,1
"[0, 3, 4, 2, 6, 7, 5, 1]",67,1
"[0, 3, 4, 2, 6, 7, 5, 1]",68,1
"[0, 3, 4, 2, 6, 7, 5, 1]",69,0
"[0, 3, 4, 2, 6, 7, 5, 1]",70,1
"[0, 3, 4, 2, 6, 7, 5, 1]",71,1
"[0, 3, 4, 2, 6, 7, 5, 1]",72,0
"[0, 3, 4, 2, 6, 7, 5, 1]",73,0
"[0, 3, 4, 2, 6, 7, 5, 1]",74,0
"[0, 3, 4, 2, 6, 7, 5, 1]",75,1
"[0, 3, 4, 2, 6, 7, 5, 1]",76,0
"[0, 3, 4, 2, 6, 7, 5, 1]",77,0
"[0, 3, 4, 2, 6, 7, 5, 1]",78,0
"[0, 3, 4, 2, 6, 7, 5, 1]",79,0
"[0, 3, 4, 2, 6, 7, 5, 1]",80,0
"[0, 3, 4, 2, 6, 7, 5, 1]",81,0
"[0, 3, 4, 2, 6, 7, 5, 1]",82,0
"[0, 3, 4, 2, 6, 7, 5, 1]",83,0
"[0, 3, 4, 2, 6, 7, 5, 1]",84,0
"[0, 3, 4, 2, 6, 7, 5, 1]",85,0
"[0, 3, 4, 2, 6, 7, 5, 1]",86,1
"[0, 3, 4, 2, 6, 7, 5, 1]",87,1
"[0, 3, 4, 2, 6, 7, 5, 1]",88,1
"[0, 3, 4, 2, 6, 7, 5, 1]",89,0
"[0, 3, 4, 2, 6, 7, 5, 1]",90,0
"[0, 3, 4, 2, 6, 7, 5, 1]",91,0
"[0, 3, 4, 2, 6, 7, 5, 1]",92,0
"[0, 3, 4, 2, 6, 7, 5, 1]",93,1
"[0, 3, 4, 2, 6, 7, 5, 1]",94,1
"[0, 3, 4, 2, 6, 7, 5, 1]",95,1
"[0, 3, 4, 2, 6, 7, 5, 1]",96,0
"[0, 3, 4, 2, 6, 7, 5, 1]",97,1
"[0, 3, 4, 2, 6, 7, 5, 1]",98,0
"[0, 3, 4, 2, 6, 7, 5, 1]",99,0
"[5, 1, 0, 7, 4, 2, 3, 6]",0,0
"[5, 1, 0, 7, 4, 2, 3, 6]",1,1
"[5, 1, 0, 7, 4, 2, 3, 6]",2,0
"[5, 1, 0, 7, 4, 2, 3, 6]",3,1
"[5, 1, 0, 7, 4, 2, 3, 6]",4,0
"[5, 1, 0, 7, 4, 2, 3, 6]",5,0
"[5, 1, 0, 7, 4, 2, 3, 6]",6,1
"[5, 1, 0, 7, 4, 2, 3, 6]",7,1
"[5, 1, 0, 7, 4, 2, 3, 6]",8,0
"[5, 1, 0, 7, 4, 2, 3, 6]",9,1
"[5, 1, 0, 7, 4, 2, 3, 6]",10,0
"[5, 1, 0, 7, 4, 2, 3, 6]",11,0
"[5, 1, 0, 7, 4, 2, 3, 6]",12,0
"[5, 1, 0, 7, 4, 2, 3, 6]",13,0
"[5, 1, 0, 7, 4, 2, 3, 6]",14,1
"[5, 1, 0, 7, 4, 2, 3, 6]",15,0
"[5, 1, 0, 7, 4, 2, 3, 6]",16,0
"[5, 1, 0, 7, 4, 2, 3, 6]",17,1
"[5, 1, 0, 7, 4, 2, 3, 6]",18,1
"[5, 1, 0, 7, 4, 2, 3, 6]",19,1
"[5, 1, 0, 7, 4, 2, 3, 6]",20,0
"[5, 1, 0, 7, 4, 2, 3, 6]",21,0
"[5, 1, 0, 7, 4, 2, 3, 6]",22,1
"[5, 1, 0, 7, 4, 2, 3, 6]",23,0
"[5, 1, 0, 7, 4, 2, 3, 6]",24,0
"[5, 1, 0, 7, 4, 2, 3, 6]",25,0
"[5, 1, 0, 7, 4, 2, 3, 6]",26,0
"[5, 1, 0, 7, 4, 2, 3, 6]",27,1
"[5, 1, 0, 7, 4, 2, 3, 6]",28,0
"[5, 1, 0, 7, 4, 2, 3, 6]",29,0
"[5, 1, 0, 7, 4, 2, 3, 6]",30,1
"[5, 1, 0, 7, 4, 2, 3, 6]",31,0
"[5, 1, 0, 7, 4, 2, 3, 6]",32,0
"[5, 1, 0, 7, 4, 2, 3, 6]",33,0
"[5, 1, 0, 7, 4, 2, 3, 6]",34,0
"[5, 1, 0, 7, 4, 2, 3, 6]",35,1
"[5, 1, 0, 7, 4, 2, 3, 6]",36,0
"[5, 1, 0, 7, 4, 2, 3, 6]",37,1
"[5, 1, 0, 7, 4, 2, 3, 6]",38,0
"[5, 1, 0, 7, 4, 2, 3, 6]",39,0
"[5, 1, 0, 7, 4, 2, 3, 6]",40,0
"[5, 1, 0, 7, 4, 2, 3, 6]",41,1
"[5, 1, 0, 7, 4, 2, 3, 6]",42,0
"[5, 1, 0, 7, 4, 2, 3, 6]",43,1
"[5, 1, 0, 7, 4, 2, 3, 6]",44,0
"[5, 1, 0, 7, 4, 2, 3, 6]",45,0
"[5, 1, 0, 7, 4, 2, 3, 6]",46,1
"[5, 1, 0, 7, 4, 2, 3, 6]",47,0
"[5, 1, 0, 7, 4, 2, 3, 6]",48,1
"[5, 1, 0, 7, 4, 2, 3, 6]",49,0
"[5, 1, 0, 7, 4, 2, 3, 6]",50,1
"[5, 1, 0, 7, 4, 2, 3, 6]",51,1
"[5, 1, 0, 7, 4, 2, 3, 6]",52,0
"[5, 1, 0, 7, 4, 2, 3, 6]",53,1
"[5, 1, 0, 7, 4, 2, 3, 6]",54,0
"[5, 1, 0, 7, 4, 2, 3, 6]",55,1
"[5, 1, 0, 7, 4, 2, 3, 6]",56,0
"[5, 1, 0, 7, 4, 2, 3, 6]",57,0
"[5, 1, 0, 7, 4, 2, 3, 6]",58,0
"[5, 1, 0, 7, 4, 2, 3, 6]",59,0
"[5, 1, 0, 7, 4, 2, 3, 6]",60,0
"[5, 1, 0, 7, 4, 2, 3, 6]",61,1
"[5, 1, 0, 7, 4, 2, 3, 6]",62,0
"[5, 1, 0, 7, 4, 2, 3, 6]",63,1
"[5, 1, 0, 7, 4, 2, 3, 6]",64,1
"[5, 1, 0, 7, 4, 2, 3, 6]",65,0
"[5, 1, 0, 7, 4, 2, 3, 6]",66,0
"[5, 1, 0, 7, 4, 2, 3, 6]",67,1
"[5, 1, 0, 7, 4, 2, 3, 6]",68,0
"[5, 1, 0, 7, 4, 2, 3, 6]",69,0
"[5, 1, 0, 7, 4, 2, 3, 6]",70,0
"[5, 1, 0, 7, 4, 2, 3, 6]",71,0
"[5, 1, 0, 7, 4, 2, 3, 6]",72,0
"[5, 1, 0, 7, 4, 2, 3, 6]",73,0
"[5, 1, 0, 7, 4, 2, 3, 6]",74,0
"[5, 1, 0, 7, 4, 2, 3, 6]",75,1
"[5, 1, 0, 7, 4, 2, 3, 6]",76,0
"[5, 1, 0, 7, 4, 2, 3, 6]",77,0
"[5, 1, 0, 7, 4, 2, 3, 6]",78,0
"[5, 1, 0, 7, 4, 2, 3, 6]",79,0
"[5, 1, 0, 7, 4, 2, 3, 6]",80,0
"[5, 1, 0, 7, 4, 2, 3, 6]",81,0
"[5, 1, 0, 7, 4, 2, 3, 6]",82,1
"[5, 1, 0, 7, 4, 2, 3, 6]",83,0
"[5, 1, 0, 7, 4, 2, 3, 6]",84,1
"[5, 1, 0, 7, 4, 2, 3, 6]",85,0
"[5, 1, 0, 7, 4, 2, 3, 6]",86,0
"[5, 1, 0, 7, 4, 2, 3, 6]",87,1
"[5, 1, 0, 7, 4, 2, 3, 6]",88,1
"[5, 1, 0, 7, 4, 2, 3, 6]",89,0
"[5, 1, 0, 7, 4, 2, 3, 6]",90,0
"[5, 1, 0, 7, 4, 2, 3, 6]",91,0
"[5, 1, 0, 7, 4, 2, 3, 6]",92,0
"[5, 1, 0, 7, 4, 2, 3, 6]",93,0
"[5, 1, 0, 7, 4, 2, 3, 6]",94,1
"[5, 1, 0, 7, 4, 2, 3, 6]",95,1
"[5, 1, 0, 7, 4, 2, 3, 6]",96,1
"[5, 1, 0, 7, 4, 2, 3, 6]",97,0
"[5, 1, 0, 7, 4, 2, 3, 6]",98,1
"[5, 1, 0, 7, 4, 2, 3, 6]",99,0
"[4, 0, 1, 3, 5, 2, 6, 7]",0,0
"[4, 0, 1, 3, 5, 2, 6, 7]",1,1
"[4, 0, 1, 3, 5, 2, 6, 7]",2,0
"[4, 0, 1, 3, 5, 2, 6, 7]",3,0
"[4, 0, 1, 3, 5, 2, 6, 7]",4,0
"[4, 0, 1, 3, 5, 2, 6, 7]",5,0
"[4, 0, 1, 3, 5, 2, 6, 7]",6,0
"[4, 0, 1, 3, 5, 2, 6, 7]",7,1
"[4, 0, 1, 3, 5, 2, 6, 7]",8,0
"[4, 0, 1, 3, 5, 2, 6, 7]",9,1
"[4, 0, 1, 3, 5, 2, 6, 7]",10,0
"[4, 0, 1, 3, 5, 2, 6, 7]",11,0
"[4, 0, 1, 3, 5, 2, 6, 7]",12,0
"[4, 0, 1, 3, 5, 2, 6, 7]",13,0
"[4, 0, 1, 3, 5, 2, 6, 7]",14,0
"[4, 0, 1, 3, 5, 2, 6, 7]",15,1
"[4, 0, 1, 3, 5, 2, 6, 7]",16,0
"[4, 0, 1, 3, 5, 2, 6, 7]",17,1
"[4, 0, 1, 3, 5, 2, 6, 7]",18,0
"[4, 0, 1, 3, 5, 2, 6, 7]",19,1
"[4, 0, 1, 3, 5, 2, 6, 7]",20,0
"[4, 0, 1, 3, 5, 2, 6, 7]",21,1
"[4, 0, 1, 3, 5, 2, 6, 7]",22,0
"[4, 0, 1, 3, 5, 2, 6, 7]",23,0
"[4, 0, 1, 3, 5, 2, 6, 7]",24,0
"[4, 0, 1, 3, 5, 2, 6, 7]",25,0
"[4, 0, 1, 3, 5, 2, 6, 7]",26,1
"[4, 0, 1, 3, 5, 2, 6, 7]",27,1
"[4, 0, 1, 3, 5, 2, 6, 7]",28,1
"[4, 0, 1, 3, 5, 2, 6, 7]",29,0
"[4, 0, 1, 3, 5, 2, 6, 7]",30,1
"[4, 0, 1, 3, 5, 2, 6, 7]",31,0
"[4, 0, 1, 3, 5, 2, 6, 7]",32,0
"[4, 0, 1, 3, 5, 2, 6, 7]",33,0
"[4, 0, 1, 3, 5, 2, 6, 7]",34,1
"[4, 0, 1, 3, 5, 2, 6, 7]",35,1
"[4, 0, 1, 3, 5, 2, 6, 7]",36,0
"[4, 0, 1, 3, 5, 2, 6, 7]",37,1
"[4, 0, 1, 3, 5, 2, 6, 7]",38,1
"[4, 0, 1, 3, 5, 2, 6, 7]",39,0
"[4, 0, 1, 3, 5, 2, 6, 7]",40,1
"[4, 0, 1, 3, 5, 2, 6, 7]",41,1
"[4, 0, 1, 3, 5, 2, 6, 7]",42,0
"[4, 0, 1, 3, 5, 2, 6, 7]",43,0
"[4, 0, 1, 3, 5, 2, 6, 7]",44,0
"[4, 0, 1, 3, 5, 2, 6, 7]",45,0
"[4, 0, 1, 3, 5, 2, 6, 7]",46,1
"[4, 0, 1, 3, 5, 2, 6, 7]",47,0
"[4, 0, 1, 3, 5, 2, 6, 7]",48,1
"[4, 0, 1, 3, 5, 2, 6, 7]",49,0
"[4, 0, 1, 3, 5, 2, 6, 7]",50,1
"[4, 0, 1, 3, 5, 2, 6, 7]",51,0
"[4, 0, 1, 3, 5, 2, 6, 7]",52,0
"[4, 0, 1, 3, 5, 2, 6, 7]",53,1
"[4, 0, 1, 3, 5, 2, 6, 7]",54,0
"[4, 0, 1, 3, 5, 2, 6, 7]",55,1
"[4, 0, 1, 3, 5, 2, 6, 7]",56,0
"[4, 0, 1, 3, 5, 2, 6, 7]",57,0
"[4, 0, 1, 3, 5, 2, 6, 7]",58,0
"[4, 0, 1, 3, 5, 2, 6, 7]",59,0
"[4, 0, 1, 3, 5, 2, 6, 7]",60,0
"[4, 0, 1, 3, 5, 2, 6, 7]",61,1
"[4, 0, 1, 3, 5, 2, 6, 7]",62,0
"[4, 0, 1, 3, 5, 2, 6, 7]",63,1
"[4, 0, 1, 3, 5, 2, 6, 7]",64,1
"[4, 0, 1, 3, 5, 2, 6, 7]",65,0
"[4, 0, 1, 3, 5, 2, 6, 7]",66,0
"[4, 0, 1, 3, 5, 2, 6, 7]",67,1
"[4, 0, 1, 3, 5, 2, 6, 7]",68,1
"[4, 0, 1, 3, 5, 2, 6, 7]",69,0
"[4, 0, 1, 3, 5, 2, 6, 7]",70,1
"[4, 0, 1, 3, 5, 2, 6, 7]",71,1
"[4, 0, 1, 3, 5, 2, 6, 7]",72,1
"[4, 0, 1, 3, 5, 2, 6, 7]",73,0
"[4, 0, 1, 3, 5, 2, 6, 7]",74,0
"[4, 0, 1, 3, 5, 2, 6, 7]",75,1
"[4, 0, 1, 3, 5, 2, 6, 7]",76,0
"[4, 0, 1, 3, 5, 2, 6, 7]",77,0
"[4, 0, 1, 3, 5, 2, 6, 7]",78,0
"[4, 0, 1, 3, 5, 2, 6, 7]",79,0
"[4, 0, 1, 3, 5, 2, 6, 7]",80,1
"[4, 0, 1, 3, 5, 2, 6, 7]",81,1
"[4, 0, 1, 3, 5, 2, 6, 7]",82,1
"[4, 0, 1, 3, 5, 2, 6, 7]",83,0
"[4, 0, 1, 3, 5, 2, 6, 7]",84,1
"[4, 0, 1, 3, 5, 2, 6, 7]",85,0
"[4, 0, 1, 3, 5, 2, 6, 7]",86,0
"[4, 0, 1, 3, 5, 2, 6, 7]",87,1
"[4, 0, 1, 3, 5, 2, 6, 7]",88,1
"[4, 0, 1, 3, 5, 2, 6, 7]",89,0
"[4, 0, 1, 3, 5, 2, 6, 7]",90,0
"[4, 0, 1, 3, 5, 2, 6, 7]",91,0
"[4, 0, 1, 3, 5, 2, 6, 7]",92,0
"[4, 0, 1, 3, 5, 2, 6, 7]",93,1
"[4, 0, 1, 3, 5, 2, 6, 7]",94,1
"[4, 0, 1, 3, 5, 2, 6, 7]",95,1
"[4, 0, 1, 3, 5, 2, 6, 7]",96,0
"[4, 0, 1, 3, 5, 2, 6, 7]",97,0
"[4, 0, 1, 3, 5, 2, 6, 7]",98,1
"[4, 0, 1, 3, 5, 2, 6, 7]",99,1
"[6, 2, 3, 7, 1, 5, 0, 4]",0,0
"[6, 2, 3, 7, 1, 5, 0, 4]",1,1
"[6, 2, 3, 7, 1, 5, 0, 4]",2,0
"[6, 2, 3, 7, 1, 5, 0, 4]",3,1
"[6, 2, 3, 7, 1, 5, 0, 4]",4,0
"[6, 2, 3, 7, 1, 5, 0, 4]",5,0
"[6, 2, 3, 7, 1, 5, 0, 4]",6,0
"[6, 2, 3, 7, 1, 5, 0, 4]",7,1
"[6, 2, 3, 7, 1, 5, 0, 4]",8,0
"[6, 2, 3, 7, 1, 5, 0, 4]",9,1
"[6, 2, 3, 7, 1, 5, 0, 4]",10,0
"[6, 2, 3, 7, 1, 5, 0, 4]",11,0
"[6, 2, 3, 7, 1, 5, 0, 4]",12,0
"[6, 2, 3, 7, 1, 5, 0, 4]",13,0
"[6, 2, 3, 7, 1, 5, 0, 4]",14,0
"[6, 2, 3, 7, 1, 5, 0, 4]",15,0
"[6, 2, 3, 7, 1, 5, 0, 4]",16,0
"[6, 2, 3, 7, 1, 5, 0, 4]",17,1
"[6, 2, 3, 7, 1, 5, 0, 4]",18,1
"[6, 2, 3, 7, 1, 5, 0, 4]",19,1
"[6, 2, 3, 7, 1, 5, 0, 4]",20,1
"[6, 2, 3, 7, 1, 5, 0, 4]",21,0
"[6, 2, 3, 7, 1, 5, 0, 4]",22,0
"[6, 2, 3, 7, 1, 5, 0, 4]",23,0
"[6, 2, 3, 7, 1, 5, 0, 4]",24,0
"[6, 2, 3, 7, 1, 5, 0, 4]",25,0
"[6, 2, 3, 7, 1, 5, 0, 4]",26,1
"[6, 2, 3, 7, 1, 5, 0, 4]",27,1
"[6, 2, 3, 7, 1, 5, 0, 4]",28,1
"[6, 2, 3, 7, 1, 5, 0, 4]",29,0
"[6, 2, 3, 7, 1, 5, 0, 4]",30,1
"[6, 2, 3, 7, 1, 5, 0, 4]",31,1
"[6, 2, 3, 7, 1, 5, 0, 4]",32,0
"[6, 2, 3, 7, 1, 5, 0, 4]",33,1
"[6, 2, 3, 7, 1, 5, 0, 4]",34,1
"[6, 2, 3, 7, 1, 5, 0, 4]",35,1
"[6, 2, 3, 7, 1, 5, 0, 4]",36,0
"[6, 2, 3, 7, 1, 5, 0, 4]",37,1
"[6, 2, 3, 7, 1, 5, 0, 4]",38,0
"[6, 2, 3, 7, 1, 5, 0, 4]",39,0
"[6, 2, 3, 7, 1, 5, 0, 4]",40,0
"[6, 2, 3, 7, 1, 5, 0, 4]",41,1
"[6, 2, 3, 7, 1, 5, 0, 4]",42,0
"[6, 2, 3, 7, 1, 5, 0, 4]",43,1
"[6, 2, 3, 7, 1, 5, 0, 4]",44,0
"[6, 2, 3, 7, 1, 5, 0, 4]",45,0
"[6, 2, 3, 7, 1, 5, 0, 4]",46,1
"[6, 2, 3, 7, 1, 5, 0, 4]",47,0
"[6, 2, 3, 7, 1, 5, 0, 4]",48,1
"[6, 2, 3, 7, 1, 5, 0, 4]",49,1
"[6, 2, 3, 7, 1, 5, 0, 4]",50,1
"[6, 2, 3, 7, 1, 5, 0, 4]",51,0
"[6, 2, 3, 7, 1, 5, 0, 4]",52,0
"[6, 2, 3, 7, 1, 5, 0, 4]",53,1
"[6, 2, 3, 7, 1, 5, 0, 4]",54,0
"[6, 2, 3, 7, 1, 5, 0, 4]",55,0
"[6, 2, 3, 7, 1, 5, 0, 4]",56,0
"[6, 2, 3, 7, 1, 5, 0, 4]",57,0
"[6, 2, 3, 7, 1, 5, 0, 4]",58,0
"[6, 2, 3, 7, 1, 5, 0, 4]",59,0
"[6, 2, 3, 7, 1, 5, 0, 4]",60,0
"[6, 2, 3, 7, 1, 5, 0, 4]",61,1
"[6, 2, 3, 7, 1, 5, 0, 4]",62,0
"[6, 2, 3, 7, 1, 5, 0, 4]",63,0
"[6, 2, 3, 7, 1, 5, 0, 4]",64,1
"[6, 2, 3, 7, 1, 5, 0, 4]",65,0
"[6, 2, 3, 7, 1, 5, 0, 4]",66,0
"[6, 2, 3, 7, 1, 5, 0, 4]",67,1
"[6, 2, 3, 7, 1, 5, 0, 4]",68,0
"[6, 2, 3, 7, 1, 5, 0, 4]",69,0
"[6, 2, 3, 7, 1, 5, 0, 4]",70,1
"[6, 2, 3, 7, 1, 5, 0, 4]",71,1
"[6, 2, 3, 7, 1, 5, 0, 4]",72,0
"[6, 2, 3, 7, 1, 5, 0, 4]",73,0
"[6, 2, 3, 7, 1, 5, 0, 4]",74,0
"[6, 2, 3, 7, 1, 5, 0, 4]",75,0
"[6, 2, 3, 7, 1, 5, 0, 4]",76,0
"[6, 2, 3, 7, 1, 5, 0, 4]",77,0
"[6, 2, 3, 7, 1, 5, 0, 4]",78,0
"[6, 2, 3, 7, 1, 5, 0, 4]",79,0
"[6, 2, 3, 7, 1, 5, 0, 4]",80,1
"[6, 2, 3, 7, 1, 5, 0, 4]",81,0
"[6, 2, 3, 7, 1, 5, 0, 4]",82,0
"[6, 2, 3, 7, 1, 5, 0, 4]",83,0
"[6, 2, 3, 7, 1, 5, 0, 4]",84,1
"[6, 2, 3, 7, 1, 5, 0, 4]",85,0
"[6, 2, 3, 7, 1, 5, 0, 4]",86,1
"[6, 2, 3, 7, 1, 5, 0, 4]",87,1
"[6, 2, 3, 7, 1, 5, 0, 4]",88,1
"[6, 2, 3, 7, 1, 5, 0, 4]",89,0
"[6, 2, 3, 7, 1, 5, 0, 4]",90,0
"[6, 2, 3, 7, 1, 5, 0, 4]",91,0
"[6, 2, 3, 7, 1, 5, 0, 4]",92,0
"[6, 2, 3, 7, 1, 5, 0, 4]",93,1
"[6, 2, 3, 7, 1, 5, 0, 4]",94,1
"[6, 2, 3, 7, 1, 5, 0, 4]",95,1
"[6, 2, 3, 7, 1, 5, 0, 4]",96,0
"[6, 2, 3, 7, 1, 5, 0, 4]",97,0
"[6, 2, 3, 7, 1, 5, 0, 4]",98,1
"[6, 2, 3, 7, 1, 5, 0, 4]",99,0
"[7, 1, 4, 6, 5, 3, 0, 2]",0,0
"[7, 1, 4, 6, 5, 3, 0, 2]",1,1
"[7, 1, 4, 6, 5, 3, 0, 2]",2,0
"[7, 1, 4, 6, 5, 3, 0, 2]",3,0
"[7, 1, 4, 6, 5, 3, 0, 2]",4,0
"[7, 1, 4, 6, 5, 3, 0, 2]",5,0
"[7, 1, 4, 6, 5, 3, 0, 2]",6,0
"[7, 1, 4, 6, 5, 3, 0, 2]",7,0
"[7, 1, 4, 6, 5, 3, 0, 2]",8,0
"[7, 1, 4, 6, 5, 3, 0, 2]",9,1
"[7, 1, 4, 6, 5, 3, 0, 2]",10,0
"[7, 1, 4, 6, 5, 3, 0, 2]",11,0
"[7, 1, 4, 6, 5, 3, 0, 2]",12,0
"[7, 1, 4, 6, 5, 3, 0, 2]",13,0
"[7, 1, 4, 6, 5, 3, 0, 2]",14,0
"[7, 1, 4, 6, 5, 3, 0, 2]",15,1
"[7, 1, 4, 6, 5, 3, 0, 2]",16,0
"[7, 1, 4, 6, 5, 3, 0, 2]",17,1
"[7, 1, 4, 6, 5, 3, 0, 2]",18,0
"[7, 1, 4, 6, 5, 3, 0, 2]",19,1
"[7, 1, 4, 6, 5, 3, 0, 2]",20,0
"[7, 1, 4, 6, 5, 3, 0, 2]",21,1
"[7, 1, 4, 6, 5, 3, 0, 2]",22,0
"[7, 1, 4, 6, 5, 3, 0, 2]",23,1
"[7, 1, 4, 6, 5, 3, 0, 2]",24,0
"[7, 1, 4, 6, 5, 3, 0, 2]",25,0
"[7, 1, 4, 6, 5, 3, 0, 2]",26,0
"[7, 1, 4, 6, 5, 3, 0, 2]",27,1
"[7, 1, 4, 6, 5, 3, 0, 2]",28,1
"[7, 1, 4, 6, 5, 3, 0, 2]",29,0
"[7, 1, 4, 6, 5, 3, 0, 2]",30,1
"[7, 1, 4, 6, 5, 3, 0, 2]",31,0
"[7, 1, 4, 6, 5, 3, 0, 2]",32,0
"[7, 1, 4, 6, 5, 3, 0, 2]",33,1
"[7, 1, 4, 6, 5, 3, 0, 2]",34,1
"[7, 1, 4, 6, 5, 3, 0, 2]",35,1
"[7, 1, 4, 6, 5, 3, 0, 2]",36,0
"[7, 1, 4, 6, 5, 3, 0, 2]",37,1
"[7, 1, 4, 6, 5, 3, 0, 2]",38,0
"[7, 1, 4, 6, 5, 3, 0, 2]",39,0
"[7, 1, 4, 6, 5, 3, 0, 2]",40,0
"[7, 1, 4, 6, 5, 3, 0, 2]",41,0
"[7, 1, 4, 6, 5, 3, 0, 2]",42,0
"[7, 1, 4, 6, 5, 3, 0, 2]",43,1
"[7, 1, 4, 6, 5, 3, 0, 2]",44,0
"[7, 1, 4, 6, 5, 3, 0, 2]",45,0
"[7, 1, 4, 6, 5, 3, 0, 2]",46,1
"[7, 1, 4, 6, 5, 3, 0, 2]",47,1
"[7, 1, 4, 6, 5, 3, 0, 2]",48,1
"[7, 1, 4, 6, 5, 3, 0, 2]",49,0
"[7, 1, 4, 6, 5, 3, 0, 2]",50,1
"[7, 1, 4, 6, 5, 3, 0, 2]",51,1
"[7, 1, 4, 6, 5, 3, 0, 2]",52,0
"[7, 1, 4, 6, 5, 3, 0, 2]",53,1
"[7, 1, 4, 6, 5, 3, 0, 2]",54,1
"[7, 1, 4, 6, 5, 3, 0, 2]",55,1
"[7, 1, 4, 6, 5, 3, 0, 2]",56,1
"[7, 1, 4, 6, 5, 3, 0, 2]",57,0
"[7, 1, 4, 6, 5, 3, 0, 2]",58,0
"[7, 1, 4, 6, 5, 3, 0, 2]",59,0
"[7, 1, 4, 6, 5, 3, 0, 2]",60,0
"[7, 1, 4, 6, 5, 3, 0, 2]",61,1
"[7, 1, 4, 6, 5, 3, 0, 2]",62,1
"[7, 1, 4, 6, 5, 3, 0, 2]",63,0
"[7, 1, 4, 6, 5, 3, 0, 2]",64,0
"[7, 1, 4, 6, 5, 3, 0, 2]",65,0
"[7, 1, 4, 6, 5, 3, 0, 2]",66,1
"[7, 1, 4, 6, 5, 3, 0, 2]",67,0
"[7, 1, 4, 6, 5, 3, 0, 2]",68,0
"[7, 1, 4, 6, 5, 3, 0, 2]",69,0
"[7, 1, 4, 6, 5, 3, 0, 2]",70,1
"[7, 1, 4, 6, 5, 3, 0, 2]",71,1
"[7, 1, 4, 6, 5, 3, 0, 2]",72,0
"[7, 1, 4, 6, 5, 3, 0, 2]",73,0
"[7, 1, 4, 6, 5, 3, 0, 2]",74,0
"[7, 1, 4, 6, 5, 3, 0, 2]",75,1
"[7, 1, 4, 6, 5, 3, 0, 2]",76,0
"[7, 1, 4, 6, 5, 3, 0, 2]",77,0
"[7, 1, 4, 6, 5, 3, 0, 2]",78,0
"[7, 1, 4, 6, 5, 3, 0, 2]",79,1
"[7, 1, 4, 6, 5, 3, 0, 2]",80,1
"[7, 1, 4, 6, 5, 3, 0, 2]",81,1
"[7, 1, 4, 6, 5, 3, 0, 2]",82,1
"[7, 1, 4, 6, 5, 3, 0, 2]",83,0
"[7, 1, 4, 6, 5, 3, 0, 2]",84,1
"[7, 1, 4, 6, 5, 3, 0, 2]",85,0
"[7, 1, 4, 6, 5, 3, 0, 2]",86,0
"[7, 1, 4, 6, 5, 3, 0, 2]",87,1
"[7, 1, 4, 6, 5, 3, 0, 2]",88,1
"[7, 1, 4, 6, 5, 3, 0, 2]",89,0
"[7, 1, 4, 6, 5, 3, 0, 2]",90,0
"[7, 1, 4, 6, 5, 3, 0, 2]",91,0
"[7, 1, 4, 6, 5, 3, 0, 2]",92,1
"[7, 1, 4, 6, 5, 3, 0, 2]",93,0
"[7, 1, 4, 6, 5, 3, 0, 2]",94,1
"[7, 1, 4, 6, 5, 3, 0, 2]",95,1
"[7, 1, 4, 6, 5, 3, 0, 2]",96,0
"[7, 1, 4, 6, 5, 3, 0, 2]",97,0
"[7, 1, 4, 6, 5, 3, 0, 2]",98,0
"[7, 1, 4, 6, 5, 3, 0, 2]",99,0
"[7, 3, 4, 0, 2, 6, 5, 1]",0,0
"[7, 3, 4, 0, 2, 6, 5, 1]",1,1
"[7, 3, 4, 0, 2, 6, 5, 1]",2,0
"[7, 3, 4, 0, 2, 6, 5, 1]",3,0
"[7, 3, 4, 0, 2, 6, 5, 1]",4,0
"[7, 3, 4, 0, 2, 6, 5, 1]",5,0
"[7, 3, 4, 0, 2, 6, 5, 1]",6,0
"[7, 3, 4, 0, 2, 6, 5, 1]",7,1
"[7, 3, 4, 0, 2, 6, 5, 1]",8,0
"[7, 3, 4, 0, 2, 6, 5, 1]",9,1
"[7, 3, 4, 0, 2, 6, 5, 1]",10,0
"[7, 3, 4, 0, 2, 6, 5, 1]",11,0
"[7, 3, 4, 0, 2, 6, 5, 1]",12,1
"[7, 3, 4, 0, 2, 6, 5, 1]",13,0
"[7, 3, 4, 0, 2, 6, 5, 1]",14,0
"[7, 3, 4, 0, 2, 6, 5, 1]",15,1
"[7, 3, 4, 0, 2, 6, 5, 1]",16,0
"[7, 3, 4, 0, 2, 6, 5, 1]",17,1
"[7, 3, 4, 0, 2, 6, 5, 1]",18,0
"[7, 3, 4, 0, 2, 6, 5, 1]",19,0
"[7, 3, 4, 0, 2, 6, 5, 1]",20,0
"[7, 3, 4, 0, 2, 6, 5, 1]",21,0
"[7, 3, 4, 0, 2, 6, 5, 1]",22,0
"[7, 3, 4, 0, 2, 6, 5, 1]",23,0
"[7, 3, 4, 0, 2, 6, 5, 1]",24,1
"[7, 3, 4, 0, 2, 6, 5, 1]",25,0
"[7, 3, 4, 0, 2, 6, 5, 1]",26,1
"[7, 3, 4, 0, 2, 6, 5, 1]",27,1
"[7, 3, 4, 0, 2, 6, 5, 1]",28,0
"[7, 3, 4, 0, 2, 6, 5, 1]",29,1
"[7, 3, 4, 0, 2, 6, 5, 1]",30,0
"[7, 3, 4, 0, 2, 6, 5, 1]",31,1
"[7, 3, 4, 0, 2, 6, 5, 1]",32,0
"[7, 3, 4, 0, 2, 6, 5, 1]",33,1
"[7, 3, 4, 0, 2, 6, 5, 1]",34,0
"[7, 3, 4, 0, 2, 6, 5, 1]",35,1
"[7, 3, 4, 0, 2, 6, 5, 1]",36,0
"[7, 3, 4, 0, 2, 6, 5, 1]",37,1
"[7, 3, 4, 0, 2, 6, 5, 1]",38,1
"[7, 3, 4, 0, 2, 6, 5, 1]",39,0
"[7, 3, 4, 0, 2, 6, 5, 1]",40,0
"[7, 3, 4, 0, 2, 6, 5, 1]",41,1
"[7, 3, 4, 0, 2, 6, 5, 1]",42,1
"[7, 3, 4, 0, 2, 6, 5, 1]",43,1
"[7, 3, 4, 0, 2, 6, 5, 1]",44,0
"[7, 3, 4, 0, 2, 6, 5, 1]",45,0
"[7, 3, 4, 0, 2, 6, 5, 1]",46,1
"[7, 3, 4, 0, 2, 6, 5, 1]",47,0
"[7, 3, 4, 0, 2, 6, 5, 1]",48,0
"[7, 3, 4, 0, 2, 6, 5, 1]",49,1
"[7, 3, 4, 0, 2, 6, 5, 1]",50,1
"[7, 3, 4, 0, 2, 6, 5, 1]",51,1
"[7, 3, 4, 0, 2, 6, 5, 1]",52,0
"[7, 3, 4, 0, 2, 6, 5, 1]",53,1
"[7, 3, 4, 0, 2, 6, 5, 1]",54,0
"[7, 3, 4, 0, 2, 6, 5, 1]",55,1
"[7, 3, 4, 0, 2, 6, 5, 1]",56,0
"[7, 3, 4, 0, 2, 6, 5, 1]",57,0
"[7, 3, 4, 0, 2, 6, 5, 1]",58,0
"[7, 3, 4, 0, 2, 6, 5, 1]",59,0
"[7, 3, 4, 0, 2, 6, 5, 1]",60,0
"[7, 3, 4, 0, 2, 6, 5, 1]",61,0
"[7, 3, 4, 0, 2, 6, 5, 1]",62,0
"[7, 3, 4, 0, 2, 6, 5, 1]",63,1
"[7, 3, 4, 0, 2, 6, 5, 1]",64,0
"[7, 3, 4, 0, 2, 6, 5, 1]",65,0
"[7, 3, 4, 0, 2, 6, 5, 1]",66,1
"[7, 3, 4, 0, 2, 6, 5, 1]",67,0
"[7, 3, 4, 0, 2, 6, 5, 1]",68,0
"[7, 3, 4, 0, 2, 6, 5, 1]",69,0
"[7, 3, 4, 0, 2, 6, 5, 1]",70,1
"[7, 3, 4, 0, 2, 6, 5, 1]",71,0
"[7, 3, 4, 0, 2, 6, 5, 1]",72,0
"[7, 3, 4, 0, 2, 6, 5, 1]",73,0
"[7, 3, 4, 0, 2, 6, 5, 1]",74,0
"[7, 3, 4, 0, 2, 6, 5, 1]",75,0
"[7, 3, 4, 0, 2, 6, 5, 1]",76,1
"[7, 3, 4, 0, 2, 6, 5, 1]",77,0
"[7, 3, 4, 0, 2, 6, 5, 1]",78,0
"[7, 3, 4, 0, 2, 6, 5, 1]",79,0
"[7, 3, 4, 0, 2, 6, 5, 1]",80,0
"[7, 3, 4, 0, 2, 6, 5, 1]",81,1
"[7, 3, 4, 0, 2, 6, 5, 1]",82,0
"[7, 3, 4, 0, 2, 6, 5, 1]",83,0
"[7, 3, 4, 0, 2, 6, 5, 1]",84,1
"[7, 3, 4, 0, 2, 6, 5, 1]",85,0
"[7, 3, 4, 0, 2, 6, 5, 1]",86,0
"[7, 3, 4, 0, 2, 6, 5, 1]",87,1
"[7, 3, 4, 0, 2, 6, 5, 1]",88,1
"[7, 3, 4, 0, 2, 6, 5, 1]",89,0
"[7, 3, 4, 0, 2, 6, 5, 1]",90,0
"[7, 3, 4, 0, 2, 6, 5, 1]",91,0
"[7, 3, 4, 0, 2, 6, 5, 1]",92,0
"[7, 3, 4, 0, 2, 6, 5, 1]",93,0
"[7, 3, 4, 0, 2, 6, 5, 1]",94,1
"[7, 3, 4, 0, 2, 6, 5, 1]",95,1
"[7, 3, 4, 0, 2, 6, 5, 1]",96,0
"[7, 3, 4, 0, 2, 6, 5, 1]",97,1
"[7, 3, 4, 0, 2, 6, 5, 1]",98,1
"[7, 3, 4, 0, 2, 6, 5, 1]",99,1
"[5, 2, 3, 4, 0, 1, 7, 6]",0,0
"[5, 2, 3, 4, 0, 1, 7, 6]",1,1
"[5, 2, 3, 4, 0, 1, 7, 6]",2,0
"[5, 2, 3, 4, 0, 1, 7, 6]",3,0
"[5, 2, 3, 4, 0, 1, 7, 6]",4,1
"[5, 2, 3, 4, 0, 1, 7, 6]",5,0
"[5, 2, 3, 4, 0, 1, 7, 6]",6,0
"[5, 2, 3, 4, 0, 1, 7, 6]",7,0
"[5, 2, 3, 4, 0, 1, 7, 6]",8,0
"[5, 2, 3, 4, 0, 1, 7, 6]",9,1
"[5, 2, 3, 4, 0, 1, 7, 6]",10,0
"[5, 2, 3, 4, 0, 1, 7, 6]",11,0
"[5, 2, 3, 4, 0, 1, 7, 6]",12,0
"[5, 2, 3, 4, 0, 1, 7, 6]",13,1
"[5, 2, 3, 4, 0, 1, 7, 6]",14,0
"[5, 2, 3, 4, 0, 1, 7, 6]",15,0
"[5, 2, 3, 4, 0, 1, 7, 6]",16,0
"[5, 2, 3, 4, 0, 1, 7, 6]",17,1
"[5, 2, 3, 4, 0, 1, 7, 6]",18,1
"[5, 2, 3, 4, 0, 1, 7, 6]",19,1
"[5, 2, 3, 4, 0, 1, 7, 6]",20,0
"[5, 2, 3, 4, 0, 1, 7, 6]",21,0
"[5, 2, 3, 4, 0, 1, 7, 6]",22,0
"[5, 2, 3, 4, 0, 1, 7, 6]",23,0
"[5, 2, 3, 4, 0, 1, 7, 6]",24,0
"[5, 2, 3, 4, 0, 1, 7, 6]",25,0
"[5, 2, 3, 4, 0, 1, 7, 6]",26,1
"[5, 2, 3, 4, 0, 1, 7, 6]",27,1
"[5, 2, 3, 4, 0, 1, 7, 6]",28,0
"[5, 2, 3, 4, 0, 1, 7, 6]",29,0
"[5, 2, 3, 4, 0, 1, 7, 6]",30,0
"[5, 2, 3, 4, 0, 1, 7, 6]",31,1
"[5, 2, 3, 4, 0, 1, 7, 6]",32,0
"[5, 2, 3, 4, 0, 1, 7, 6]",33,1
"[5, 2, 3, 4, 0, 1, 7, 6]",34,0
"[5, 2, 3, 4, 0, 1, 7, 6]",35,1
"[5, 2, 3, 4, 0, 1, 7, 6]",36,0
"[5, 2, 3, 4, 0, 1, 7, 6]",37,1
"[5, 2, 3, 4, 0, 1, 7, 6]",38,0
"[5, 2, 3, 4, 0, 1, 7, 6]",39,0
"[5, 2, 3, 4, 0, 1, 7, 6]",40,1
"[5, 2, 3, 4, 0, 1, 7, 6]",41,1
"[5, 2, 3, 4, 0, 1, 7, 6]",42,0
"[5, 2, 3, 4, 0, 1, 7, 6]",43,0
"[5, 2, 3, 4, 0, 1, 7, 6]",44,0
"[5, 2, 3, 4, 0, 1, 7, 6]",45,0
"[5, 2, 3, 4, 0, 1, 7, 6]",46,1
"[5, 2, 3, 4, 0, 1, 7, 6]",47,1
"[5, 2, 3, 4, 0, 1, 7, 6]",48,1
"[5, 2, 3, 4, 0, 1, 7, 6]",49,0
"[5, 2, 3, 4, 0, 1, 7, 6]",50,1
"[5, 2, 3, 4, 0, 1, 7, 6]",51,1
"[5, 2, 3, 4, 0, 1, 7, 6]",52,0
"[5, 2, 3, 4, 0, 1, 7, 6]",53,0
"[5, 2, 3, 4, 0, 1, 7, 6]",54,0
"[5, 2, 3, 4, 0, 1, 7, 6]",55,1
"[5, 2, 3, 4, 0, 1, 7, 6]",56,1
"[5, 2, 3, 4, 0, 1, 7, 6]",57,0
"[5, 2, 3, 4, 0, 1, 7, 6]",58,1
"[5, 2, 3, 4, 0, 1, 7, 6]",59,0
"[5, 2, 3, 4, 0, 1, 7, 6]",60,0
"[5, 2, 3, 4, 0, 1, 7, 6]",61,1
"[5, 2, 3, 4, 0, 1, 7, 6]",62,0
"[5, 2, 3, 4, 0, 1, 7, 6]",63,0
"[5, 2, 3, 4, 0, 1, 7, 6]",64,1
"[5, 2, 3, 4, 0, 1, 7, 6]",65,0
"[5, 2, 3, 4, 0, 1, 7, 6]",66,0
"[5, 2, 3, 4, 0, 1, 7, 6]",67,1
"[5, 2, 3, 4, 0, 1, 7, 6]",68,1
"[5, 2, 3, 4, 0, 1, 7, 6]",69,0
"[5, 2, 3, 4, 0, 1, 7, 6]",70,1
"[5, 2, 3, 4, 0, 1, 7, 6]",71,1
"[5, 2, 3, 4, 0, 1, 7, 6]",72,1
"[5, 2, 3, 4, 0, 1, 7, 6]",73,0
"[5, 2, 3, 4, 0, 1, 7, 6]",74,0
"[5, 2, 3, 4, 0, 1, 7, 6]",75,0
"[5, 2, 3, 4, 0, 1, 7, 6]",76,0
"[5, 2, 3, 4, 0, 1, 7, 6]",77,0
"[5, 2, 3, 4, 0, 1, 7, 6]",78,0
"[5, 2, 3, 4, 0, 1, 7, 6]",79,1
"[5, 2, 3, 4, 0, 1, 7, 6]",80,0
"[5, 2, 3, 4, 0, 1, 7, 6]",81,0
"[5, 2, 3, 4, 0, 1, 7, 6]",82,0
"[5, 2, 3, 4, 0, 1, 7, 6]",83,0
"[5, 2, 3, 4, 0, 1, 7, 6]",84,0
"[5, 2, 3, 4, 0, 1, 7, 6]",85,0
"[5, 2, 3, 4, 0, 1, 7, 6]",86,0
"[5, 2, 3, 4, 0, 1, 7, 6]",87,1
"[5, 2, 3, 4, 0, 1, 7, 6]",88,1
"[5, 2, 3, 4, 0, 1, 7, 6]",89,0
"[5, 2, 3, 4, 0, 1, 7, 6]",90,0
"[5, 2, 3, 4, 0, 1, 7, 6]",91,0
"[5, 2, 3, 4, 0, 1, 7, 6]",92,0
"[5, 2, 3, 4, 0, 1, 7, 6]",93,1
"[5, 2, 3, 4, 0, 1, 7, 6]",94,1
"[5, 2, 3, 4, 0, 1, 7, 6]",95,1
"[5, 2, 3, 4, 0, 1, 7, 6]",96,0
"[5, 2, 3, 4, 0, 1, 7, 6]",97,0
"[5, 2, 3, 4, 0, 1, 7, 6]",98,0
"[5, 2, 3, 4, 0, 1, 7, 6]",99,0
"[3, 2, 0, 5, 1, 6, 4, 7]",0,0
"[3, 2, 0, 5, 1, 6, 4, 7]",1,0
"[3, 2, 0, 5, 1, 6, 4, 7]",2,0
"[3, 2, 0, 5, 1, 6, 4, 7]",3,0
"[3, 2, 0, 5, 1, 6, 4, 7]",4,0
"[3, 2, 0, 5, 1, 6, 4, 7]",5,0
"[3, 2, 0, 5, 1, 6, 4, 7]",6,0
"[3, 2, 0, 5, 1, 6, 4, 7]",7,1
"[3, 2, 0, 5, 1, 6, 4, 7]",8,0
"[3, 2, 0, 5, 1, 6, 4, 7]",9,1
"[3, 2, 0, 5, 1, 6, 4, 7]",10,0
"[3, 2, 0, 5, 1, 6, 4, 7]",11,0
"[3, 2, 0, 5, 1, 6, 4, 7]",12,0
"[3, 2, 0, 5, 1, 6, 4, 7]",13,1
"[3, 2, 0, 5, 1, 6, 4, 7]",14,0
"[3, 2, 0, 5, 1, 6, 4, 7]",15,0
"[3, 2, 0, 5, 1, 6, 4, 7]",16,0
"[3, 2, 0, 5, 1, 6, 4, 7]",17,1
"[3, 2, 0, 5, 1, 6, 4, 7]",18,0
"[3, 2, 0, 5, 1, 6, 4, 7]",19,1
"[3, 2, 0, 5, 1, 6, 4, 7]",20,0
"[3, 2, 0, 5, 1, 6, 4, 7]",21,1
"[3, 2, 0, 5, 1, 6, 4, 7]",22,0
"[3, 2, 0, 5, 1, 6, 4, 7]",23,0
"[3, 2, 0, 5, 1, 6, 4, 7]",24,0
"[3, 2, 0, 5, 1, 6, 4, 7]",25,0
"[3, 2, 0, 5, 1, 6, 4, 7]",26,1
"[3, 2, 0, 5, 1, 6, 4, 7]",27,1
"[3, 2, 0, 5, 1, 6, 4, 7]",28,0
"[3, 2, 0, 5, 1, 6, 4, 7]",29,0
"[3, 2, 0, 5, 1, 6, 4, 7]",30,1
"[3, 2, 0, 5, 1, 6, 4, 7]",31,1
"[3, 2, 0, 5, 1, 6, 4, 7]",32,0
"[3, 2, 0, 5, 1, 6, 4, 7]",33,1
"[3, 2, 0, 5, 1, 6, 4, 7]",34,0
"[3, 2, 0, 5, 1, 6, 4, 7]",35,1
"[3, 2, 0, 5, 1, 6, 4, 7]",36,0
"[3, 2, 0, 5, 1, 6, 4, 7]",37,1
"[3, 2, 0, 5, 1, 6, 4, 7]",38,0
"[3, 2, 0, 5, 1, 6, 4, 7]",39,0
"[3, 2, 0, 5, 1, 6, 4, 7]",40,0
"[3, 2, 0, 5, 1, 6, 4, 7]",41,1
"[3, 2, 0, 5, 1, 6, 4, 7]",42,0
"[3, 2, 0, 5, 1, 6, 4, 7]",43,0
"[3, 2, 0, 5, 1, 6, 4, 7]",44,0
"[3, 2, 0, 5, 1, 6, 4, 7]",45,0
"[3, 2, 0, 5, 1, 6, 4, 7]",46,1
"[3, 2, 0, 5, 1, 6, 4, 7]",47,1
"[3, 2, 0, 5, 1, 6, 4, 7]",48,1
"[3, 2, 0, 5, 1, 6, 4, 7]",49,1
"[3, 2, 0, 5, 1, 6, 4, 7]",50,1
"[3, 2, 0, 5, 1, 6, 4, 7]",51,1
"[3, 2, 0, 5, 1, 6, 4, 7]",52,0
"[3, 2, 0, 5, 1, 6, 4, 7]",53,1
"[3, 2, 0, 5, 1, 6, 4, 7]",54,0
"[3, 2, 0, 5, 1, 6, 4, 7]",55,1
"[3, 2, 0, 5, 1, 6, 4, 7]",56,0
"[3, 2, 0, 5, 1, 6, 4, 7]",57,0
"[3, 2, 0, 5, 1, 6, 4, 7]",58,0
"[3, 2, 0, 5, 1, 6, 4, 7]",59,0
"[3, 2, 0, 5, 1, 6, 4, 7]",60,0
"[3, 2, 0, 5, 1, 6, 4, 7]",61,1
"[3, 2, 0, 5, 1, 6, 4, 7]",62,0
"[3, 2, 0, 5, 1, 6, 4, 7]",63,0
"[3, 2, 0, 5, 1, 6, 4, 7]",64,1
"[3, 2, 0, 5, 1, 6, 4, 7]",65,0
"[3, 2, 0, 5, 1, 6, 4, 7]",66,1
"[3, 2, 0, 5, 1, 6, 4, 7]",67,1
"[3, 2, 0, 5, 1, 6, 4, 7]",68,1
"[3, 2, 0, 5, 1, 6, 4, 7]",69,0
"[3, 2, 0, 5, 1, 6, 4, 7]",70,0
"[3, 2, 0, 5, 1, 6, 4, 7]",71,1
"[3, 2, 0, 5, 1, 6, 4, 7]",72,0
"[3, 2, 0, 5, 1, 6, 4, 7]",73,0
"[3, 2, 0, 5, 1, 6, 4, 7]",74,0
"[3, 2, 0, 5, 1, 6, 4, 7]",75,0
"[3, 2, 0, 5, 1, 6, 4, 7]",76,1
"[3, 2, 0, 5, 1, 6, 4, 7]",77,0
"[3, 2, 0, 5, 1, 6, 4, 7]",78,0
"[3, 2, 0, 5, 1, 6, 4, 7]",79,0
"[3, 2, 0, 5, 1, 6, 4, 7]",80,0
"[3, 2, 0, 5, 1, 6, 4, 7]",81,0
"[3, 2, 0, 5, 1, 6, 4, 7]",82,0
"[3, 2, 0, 5, 1, 6, 4, 7]",83,1
"[3, 2, 0, 5, 1, 6, 4, 7]",84,0
"[3, 2, 0, 5, 1, 6, 4, 7]",85,0
"[3, 2, 0, 5, 1, 6, 4, 7]",86,0
"[3, 2, 0, 5, 1, 6, 4, 7]",87,1
"[3, 2, 0, 5, 1, 6, 4, 7]",88,1
"[3, 2, 0, 5, 1, 6, 4, 7]",89,0
"[3, 2, 0, 5, 1, 6, 4, 7]",90,0
"[3, 2, 0, 5, 1, 6, 4, 7]",91,0
"[3, 2, 0, 5, 1, 6, 4, 7]",92,0
"[3, 2, 0, 5, 1, 6, 4, 7]",93,0
"[3, 2, 0, 5, 1, 6, 4, 7]",94,1
"[3, 2, 0, 5, 1, 6, 4, 7]",95,1
"[3, 2, 0, 5, 1, 6, 4, 7]",96,0
"[3, 2, 0, 5, 1, 6, 4, 7]",97,0
"[3, 2, 0, 5, 1, 6, 4, 7]",98,1
"[3, 2, 0, 5, 1, 6, 4, 7]",99,0
"[3, 7, 0, 4, 2, 1, 6, 5]",0,0
"[3, 7, 0, 4, 2, 1, 6, 5]",1,0
"[3, 7, 0, 4, 2, 1, 6, 5]",2,0
"[3, 7, 0, 4, 2, 1, 6, 5]",3,0
"[3, 7, 0, 4, 2, 1, 6, 5]",4,0
"[3, 7, 0, 4, 2, 1, 6, 5]",5,0
"[3, 7, 0, 4, 2, 1, 6, 5]",6,0
"[3, 7, 0, 4, 2, 1, 6, 5]",7,0
"[3, 7, 0, 4, 2, 1, 6, 5]",8,0
"[3, 7, 0, 4, 2, 1, 6, 5]",9,0
"[3, 7, 0, 4, 2, 1, 6, 5]",10,0
"[3, 7, 0, 4, 2, 1, 6, 5]",11,0
"[3, 7, 0, 4, 2, 1, 6, 5]",12,0
"[3, 7, 0, 4, 2, 1, 6, 5]",13,1
"[3, 7, 0, 4, 2, 1, 6, 5]",14,0
"[3, 7, 0, 4, 2, 1, 6, 5]",15,1
"[3, 7, 0, 4, 2, 1, 6, 5]",16,0
"[3, 7, 0, 4, 2, 1, 6, 5]",17,0
"[3, 7, 0, 4, 2, 1, 6, 5]",18,0
"[3, 7, 0, 4, 2, 1, 6, 5]",19,0
"[3, 7, 0, 4, 2, 1, 6, 5]",20,0
"[3, 7, 0, 4, 2, 1, 6, 5]",21,0
"[3, 7, 0, 4, 2, 1, 6, 5]",22,0
"[3, 7, 0, 4, 2, 1, 6, 5]",23,0
"[3, 7, 0, 4, 2, 1, 6, 5]",24,0
"[3, 7, 0, 4, 2, 1, 6, 5]",25,0
"[3, 7, 0, 4, 2, 1, 6, 5]",26,0
"[3, 7, 0, 4, 2, 1, 6, 5]",27,1
"[3, 7, 0, 4, 2, 1, 6, 5]",28,0
"[3, 7, 0, 4, 2, 1, 6, 5]",29,0
"[3, 7, 0, 4, 2, 1, 6, 5]",30,0
"[3, 7, 0, 4, 2, 1, 6, 5]",31,0
"[3, 7, 0, 4, 2, 1, 6, 5]",32,0
"[3, 7, 0, 4, 2, 1, 6, 5]",33,0
"[3, 7, 0, 4, 2, 1, 6, 5]",34,0
"[3, 7, 0, 4, 2, 1, 6, 5]",35,0
"[3, 7, 0, 4, 2, 1, 6, 5]",36,0
"[3, 7, 0, 4, 2, 1, 6, 5]",37,0
"[3, 7, 0, 4, 2, 1, 6, 5]",38,0
"[3, 7, 0, 4, 2, 1, 6, 5]",39,0
"[3, 7, 0, 4, 2, 1, 6, 5]",40,0
"[3, 7, 0, 4, 2, 1, 6, 5]",41,0
"[3, 7, 0, 4, 2, 1, 6, 5]",42,0
"[3, 7, 0, 4, 2, 1, 6, 5]",43,0
"[3, 7, 0, 4, 2, 1, 6, 5]",44,0
"[3, 7, 0, 4, 2, 1, 6, 5]",45,0
"[3, 7, 0, 4, 2, 1, 6, 5]",46,1
"[3, 7, 0, 4, 2, 1, 6, 5]",47,0
"[3, 7, 0, 4, 2, 1, 6, 5]",48,0
"[3, 7, 0, 4, 2, 1, 6, 5]",49,0
"[3, 7, 0, 4, 2, 1, 6, 5]",50,0
"[3, 7, 0, 4, 2, 1, 6, 5]",51,0
"[3, 7, 0, 4, 2, 1, 6, 5]",52,0
"[3, 7, 0, 4, 2, 1, 6, 5]",53,0
"[3, 7, 0, 4, 2, 1, 6, 5]",54,0
"[3, 7, 0, 4, 2, 1, 6, 5]",55,0
"[3, 7, 0, 4, 2, 1, 6, 5]",56,0
"[3, 7, 0, 4, 2, 1, 6, 5]",57,0
"[3, 7, 0, 4, 2, 1, 6, 5]",58,1
"[3, 7, 0, 4, 2, 1, 6, 5]",59,0
"[3, 7, 0, 4, 2, 1, 6, 5]",60,0
"[3, 7, 0, 4, 2, 1, 6, 5]",61,0
"[3, 7, 0, 4, 2, 1, 6, 5]",62,0
"[3, 7, 0, 4, 2, 1, 6, 5]",63,0
"[3, 7, 0, 4, 2, 1, 6, 5]",64,0
"[3, 7, 0, 4, 2, 1, 6, 5]",65,0
"[3, 7, 0, 4, 2, 1, 6, 5]",66,0
"[3, 7, 0, 4, 2, 1, 6, 5]",67,0
"[3, 7, 0, 4, 2, 1, 6, 5]",68,0
"[3, 7, 0, 4, 2, 1, 6, 5]",69,0
"[3, 7, 0, 4, 2, 1, 6, 5]",70,0
"[3, 7, 0, 4, 2, 1, 6, 5]",71,0
"[3, 7, 0, 4, 2, 1, 6, 5]",72,1
"[3, 7, 0, 4, 2, 1, 6, 5]",73,1
"[3, 7, 0, 4, 2, 1, 6, 5]",74,0
"[3, 7, 0, 4, 2, 1, 6, 5]",75,0
"[3, 7, 0, 4, 2, 1, 6, 5]",76,0
"[3, 7, 0, 4, 2, 1, 6, 5]",77,0
"[3, 7, 0, 4, 2, 1, 6, 5]",78,0
"[3, 7, 0, 4, 2, 1, 6, 5]",79,0
"[3, 7, 0, 4, 2, 1, 6, 5]",80,0
"[3, 7, 0, 4, 2, 1, 6, 5]",81,0
"[3, 7, 0, 4, 2, 1, 6, 5]",82,0
"[3, 7, 0, 4, 2, 1, 6, 5]",83,0
"[3, 7, 0, 4, 2, 1, 6, 5]",84,0
"[3, 7, 0, 4, 2, 1, 6, 5]",85,0
"[3, 7, 0, 4, 2, 1, 6, 5]",86,0
"[3, 7, 0, 4, 2, 1, 6, 5]",87,0
"[3, 7, 0, 4, 2, 1, 6, 5]",88,0
"[3, 7, 0, 4, 2, 1, 6, 5]",89,0
"[3, 7, 0, 4, 2, 1, 6, 5]",90,0
"[3, 7, 0, 4, 2, 1, 6, 5]",91,0
"[3, 7, 0, 4, 2, 1, 6, 5]",92,0
"[3, 7, 0, 4, 2, 1, 6, 5]",93,0
"[3, 7, 0, 4, 2, 1, 6, 5]",94,0
"[3, 7, 0, 4, 2, 1, 6, 5]",95,0
"[3, 7, 0, 4, 2, 1, 6, 5]",96,0
"[3, 7, 0, 4, 2, 1, 6, 5]",97,0
"[3, 7, 0, 4, 2, 1, 6, 5]",98,0
"[3, 7, 0, 4, 2, 1, 6, 5]",99,0
"[3, 7, 5, 0, 2, 6, 1, 4]",0,0
"[3, 7, 5, 0, 2, 6, 1, 4]",1,1
"[3, 7, 5, 0, 2, 6, 1, 4]",2,0
"[3, 7, 5, 0, 2, 6, 1, 4]",3,0
"[3, 7, 5, 0, 2, 6, 1, 4]",4,0
"[3, 7, 5, 0, 2, 6, 1, 4]",5,0
"[3, 7, 5, 0, 2, 6, 1, 4]",6,0
"[3, 7, 5, 0, 2, 6, 1, 4]",7,1
"[3, 7, 5, 0, 2, 6, 1, 4]",8,0
"[3, 7, 5, 0, 2, 6, 1, 4]",9,1
"[3, 7, 5, 0, 2, 6, 1, 4]",10,0
"[3, 7, 5, 0, 2, 6, 1, 4]",11,0
"[3, 7, 5, 0, 2, 6, 1, 4]",12,0
"[3, 7, 5, 0, 2, 6, 1, 4]",13,0
"[3, 7, 5, 0, 2, 6, 1, 4]",14,0
"[3, 7, 5, 0, 2, 6, 1, 4]",15,0
"[3, 7, 5, 0, 2, 6, 1, 4]",16,1
"[3, 7, 5, 0, 2, 6, 1, 4]",17,1
"[3, 7, 5, 0, 2, 6, 1, 4]",18,1
"[3, 7, 5, 0, 2, 6, 1, 4]",19,1
"[3, 7, 5, 0, 2, 6, 1, 4]",20,0
"[3, 7, 5, 0, 2, 6, 1, 4]",21,0
"[3, 7, 5, 0, 2, 6, 1, 4]",22,0
"[3, 7, 5, 0, 2, 6, 1, 4]",23,0
"[3, 7, 5, 0, 2, 6, 1, 4]",24,0
"[3, 7, 5, 0, 2, 6, 1, 4]",25,0
"[3, 7, 5, 0, 2, 6, 1, 4]",26,1
"[3, 7, 5, 0, 2, 6, 1, 4]",27,1
"[3, 7, 5, 0, 2, 6, 1, 4]",28,1
"[3, 7, 5, 0, 2, 6, 1, 4]",29,0
"[3, 7, 5, 0, 2, 6, 1, 4]",30,1
"[3, 7, 5, 0, 2, 6, 1, 4]",31,0
"[3, 7, 5, 0, 2, 6, 1, 4]",32,0
"[3, 7, 5, 0, 2, 6, 1, 4]",33,0
"[3, 7, 5, 0, 2, 6, 1, 4]",34,1
"[3, 7, 5, 0, 2, 6, 1, 4]",35,0
"[3, 7, 5, 0, 2, 6, 1, 4]",36,0
"[3, 7, 5, 0, 2, 6, 1, 4]",37,1
"[3, 7, 5, 0, 2, 6, 1, 4]",38,0
"[3, 7, 5, 0, 2, 6, 1, 4]",39,0
"[3, 7, 5, 0, 2, 6, 1, 4]",40,0
"[3, 7, 5, 0, 2, 6, 1, 4]",41,0
"[3, 7, 5, 0, 2, 6, 1, 4]",42,0
"[3, 7, 5, 0, 2, 6, 1, 4]",43,1
"[3, 7, 5, 0, 2, 6, 1, 4]",44,0
"[3, 7, 5, 0, 2, 6, 1, 4]",45,0
"[3, 7, 5, 0, 2, 6, 1, 4]",46,0
"[3, 7, 5, 0, 2, 6, 1, 4]",47,1
"[3, 7, 5, 0, 2, 6, 1, 4]",48,0
"[3, 7, 5, 0, 2, 6, 1, 4]",49,0
"[3, 7, 5, 0, 2, 6, 1, 4]",50,1
"[3, 7, 5, 0, 2, 6, 1, 4]",51,1
"[3, 7, 5, 0, 2, 6, 1, 4]",52,0
"[3, 7, 5, 0, 2, 6, 1, 4]",53,0
"[3, 7, 5, 0, 2, 6, 1, 4]",54,1
"[3, 7, 5, 0, 2, 6, 1, 4]",55,1
"[3, 7, 5, 0, 2, 6, 1, 4]",56,0
"[3, 7, 5, 0, 2, 6, 1, 4]",57,0
"[3, 7, 5, 0, 2, 6, 1, 4]",58,1
"[3, 7, 5, 0, 2, 6, 1, 4]",59,0
"[3, 7, 5, 0, 2, 6, 1, 4]",60,0
"[3, 7, 5, 0, 2, 6, 1, 4]",61,1
"[3, 7, 5, 0, 2, 6, 1, 4]",62,0
"[3, 7, 5, 0, 2, 6, 1, 4]",63,0
"[3, 7, 5, 0, 2, 6, 1, 4]",64,0
"[3, 7, 5, 0, 2, 6, 1, 4]",65,0
"[3, 7, 5, 0, 2, 6, 1, 4]",66,0
"[3, 7, 5, 0, 2, 6, 1, 4]",67,1
"[3, 7, 5, 0, 2, 6, 1, 4]",68,1
"[3, 7, 5, 0, 2, 6, 1, 4]",69,0
"[3, 7, 5, 0, 2, 6, 1, 4]",70,0
"[3, 7, 5, 0, 2, 6, 1, 4]",71,1
"[3, 7, 5, 0, 2, 6, 1, 4]",72,0
"[3, 7, 5, 0, 2, 6, 1, 4]",73,0
"[3, 7, 5, 0, 2, 6, 1, 4]",74,0
"[3, 7, 5, 0, 2, 6, 1, 4]",75,0
"[3, 7, 5, 0, 2, 6, 1, 4]",76,0
"[3, 7, 5, 0, 2, 6, 1, 4]",77,0
"[3, 7, 5, 0, 2, 6, 1, 4]",78,0
"[3, 7, 5, 0, 2, 6, 1, 4]",79,0
"[3, 7, 5, 0, 2, 6, 1, 4]",80,0
"[3, 7, 5, 0, 2, 6, 1, 4]",81,1
"[3, 7, 5, 0, 2, 6, 1, 4]",82,1
"[3, 7, 5, 0, 2, 6, 1, 4]",83,0
"[3, 7, 5, 0, 2, 6, 1, 4]",84,1
"[3, 7, 5, 0, 2, 6, 1, 4]",85,0
"[3, 7, 5, 0, 2, 6, 1, 4]",86,0
"[3, 7, 5, 0, 2, 6, 1, 4]",87,1
"[3, 7, 5, 0, 2, 6, 1, 4]",88,1
"[3, 7, 5, 0, 2, 6, 1, 4]",89,0
"[3, 7, 5, 0, 2, 6, 1, 4]",90,0
"[3, 7, 5, 0, 2, 6, 1, 4]",91,0
"[3, 7, 5, 0, 2, 6, 1, 4]",92,0
"[3, 7, 5, 0, 2, 6, 1, 4]",93,1
"[3, 7, 5, 0, 2, 6, 1, 4]",94,1
"[3, 7, 5, 0, 2, 6, 1, 4]",95,1
"[3, 7, 5, 0, 2, 6, 1, 4]",96,0
"[3, 7, 5, 0, 2, 6, 1, 4]",97,0
"[3, 7, 5, 0, 2, 6, 1, 4]",98,1
"[3, 7, 5, 0, 2, 6, 1, 4]",99,0
"[0, 5, 7, 4, 1, 3, 6, 2]",0,0
"[0, 5, 7, 4, 1, 3, 6, 2]",1,1
"[0, 5, 7, 4, 1, 3, 6, 2]",2,0
"[0, 5, 7, 4, 1, 3, 6, 2]",3,0
"[0, 5, 7, 4, 1, 3, 6, 2]",4,1
"[0, 5, 7, 4, 1, 3, 6, 2]",5,0
"[0, 5, 7, 4, 1, 3, 6, 2]",6,0
"[0, 5, 7, 4, 1, 3, 6, 2]",7,1
"[0, 5, 7, 4, 1, 3, 6, 2]",8,0
"[0, 5, 7, 4, 1, 3, 6, 2]",9,1
"[0, 5, 7, 4, 1, 3, 6, 2]",10,0
"[0, 5, 7, 4, 1, 3, 6, 2]",11,0
"[0, 5, 7, 4, 1, 3, 6, 2]",12,0
"[0, 5, 7, 4, 1, 3, 6, 2]",13,0
"[0, 5, 7, 4, 1, 3, 6, 2]",14,1
"[0, 5, 7, 4, 1, 3, 6, 2]",15,0
"[0, 5, 7, 4, 1, 3, 6, 2]",16,0
"[0, 5, 7, 4, 1, 3, 6, 2]",17,1
"[0, 5, 7, 4, 1, 3, 6, 2]",18,0
"[0, 5, 7, 4, 1, 3, 6, 2]",19,1
"[0, 5, 7, 4, 1, 3, 6, 2]",20,0
"[0, 5, 7, 4, 1, 3, 6, 2]",21,0
"[0, 5, 7, 4, 1, 3, 6, 2]",22,1
"[0, 5, 7, 4, 1, 3, 6, 2]",23,0
"[0, 5, 7, 4, 1, 3, 6, 2]",24,0
"[0, 5, 7, 4, 1, 3, 6, 2]",25,0
"[0, 5, 7, 4, 1, 3, 6, 2]",26,0
"[0, 5, 7, 4, 1, 3, 6, 2]",27,1
"[0, 5, 7, 4, 1, 3, 6, 2]",28,1
"[0, 5, 7, 4, 1, 3, 6, 2]",29,0
"[0, 5, 7, 4, 1, 3, 6, 2]",30,0
"[0, 5, 7, 4, 1, 3, 6, 2]",31,0
"[0, 5, 7, 4, 1, 3, 6, 2]",32,0
"[0, 5, 7, 4, 1, 3, 6, 2]",33,0
"[0, 5, 7, 4, 1, 3, 6, 2]",34,1
"[0, 5, 7, 4, 1, 3, 6, 2]",35,1
"[0, 5, 7, 4, 1, 3, 6, 2]",36,0
"[0, 5, 7, 4, 1, 3, 6, 2]",37,1
"[0, 5, 7, 4, 1, 3, 6, 2]",38,0
"[0, 5, 7, 4, 1, 3, 6, 2]",39,0
"[0, 5, 7, 4, 1, 3, 6, 2]",40,1
"[0, 5, 7, 4, 1, 3, 6, 2]",41,0
"[0, 5, 7, 4, 1, 3, 6, 2]",42,0
"[0, 5, 7, 4, 1, 3, 6, 2]",43,0
"[0, 5, 7, 4, 1, 3, 6, 2]",44,0
"[0, 5, 7, 4, 1, 3, 6, 2]",45,0
"[0, 5, 7, 4, 1, 3, 6, 2]",46,1
"[0, 5, 7, 4, 1, 3, 6, 2]",47,0
"[0, 5, 7, 4, 1, 3, 6, 2]",48,1
"[0, 5, 7, 4, 1, 3, 6, 2]",49,1
"[0, 5, 7, 4, 1, 3, 6, 2]",50,1
"[0, 5, 7, 4, 1, 3, 6, 2]",51,0
"[0, 5, 7, 4, 1, 3, 6, 2]",52,0
"[0, 5, 7, 4, 1, 3, 6, 2]",53,1
"[0, 5, 7, 4, 1, 3, 6, 2]",54,0
"[0, 5, 7, 4, 1, 3, 6, 2]",55,1
"[0, 5, 7, 4, 1, 3, 6, 2]",56,1
"[0, 5, 7, 4, 1, 3, 6, 2]",57,0
"[0, 5, 7, 4, 1, 3, 6, 2]",58,1
"[0, 5, 7, 4, 1, 3, 6, 2]",59,0
"[0, 5, 7, 4, 1, 3, 6, 2]",60,0
"[0, 5, 7, 4, 1, 3, 6, 2]",61,1
"[0, 5, 7, 4, 1, 3, 6, 2]",62,0
"[0, 5, 7, 4, 1, 3, 6, 2]",63,1
"[0, 5, 7, 4, 1, 3, 6, 2]",64,1
"[0, 5, 7, 4, 1, 3, 6, 2]",65,0
"[0, 5, 7, 4, 1, 3, 6, 2]",66,0
"[0, 5, 7, 4, 1, 3, 6, 2]",67,1
"[0, 5, 7, 4, 1, 3, 6, 2]",68,1
"[0, 5, 7, 4, 1, 3, 6, 2]",69,0
"[0, 5, 7, 4, 1, 3, 6, 2]",70,1
"[0, 5, 7, 4, 1, 3, 6, 2]",71,1
"[0, 5, 7, 4, 1, 3, 6, 2]",72,1
"[0, 5, 7, 4, 1, 3, 6, 2]",73,0
"[0, 5, 7, 4, 1, 3, 6, 2]",74,0
"[0, 5, 7, 4, 1, 3, 6, 2]",75,1
"[0, 5, 7, 4, 1, 3, 6, 2]",76,0
"[0, 5, 7, 4, 1, 3, 6, 2]",77,0
"[0, 5, 7, 4, 1, 3, 6, 2]",78,0
"[0, 5, 7, 4, 1, 3, 6, 2]",79,1
"[0, 5, 7, 4, 1, 3, 6, 2]",80,0
"[0, 5, 7, 4, 1, 3, 6, 2]",81,0
"[0, 5, 7, 4, 1, 3, 6, 2]",82,0
"[0, 5, 7, 4, 1, 3, 6, 2]",83,0
"[0, 5, 7, 4, 1, 3, 6, 2]",84,0
"[0, 5, 7, 4, 1, 3, 6, 2]",85,0
"[0, 5, 7, 4, 1, 3, 6, 2]",86,0
"[0, 5, 7, 4, 1, 3, 6, 2]",87,1
"[0, 5, 7, 4, 1, 3, 6, 2]",88,1
"[0, 5, 7, 4, 1, 3, 6, 2]",89,0
"[0, 5, 7, 4, 1, 3, 6, 2]",90,0
"[0, 5, 7, 4, 1, 3, 6, 2]",91,0
"[0, 5, 7, 4, 1, 3, 6, 2]",92,0
"[0, 5, 7, 4, 1, 3, 6, 2]",93,0
"[0, 5, 7, 4, 1, 3, 6, 2]",94,1
"[0, 5, 7, 4, 1, 3, 6, 2]",95,1
"[0, 5, 7, 4, 1, 3, 6, 2]",96,0
"[0, 5, 7, 4, 1, 3, 6, 2]",97,0
"[0, 5, 7, 4, 1, 3, 6, 2]",98,1
"[0, 5, 7, 4, 1, 3, 6, 2]",99,0
"[4, 3, 7, 5, 2, 6, 1, 0]",0,0
"[4, 3, 7, 5, 2, 6, 1, 0]",1,0
"[4, 3, 7, 5, 2, 6, 1, 0]",2,0
"[4, 3, 7, 5, 2, 6, 1, 0]",3,0
"[4, 3, 7, 5, 2, 6, 1, 0]",4,0
"[4, 3, 7, 5, 2, 6, 1, 0]",5,0
"[4, 3, 7, 5, 2, 6, 1, 0]",6,0
"[4, 3, 7, 5, 2, 6, 1, 0]",7,1
"[4, 3, 7, 5, 2, 6, 1, 0]",8,0
"[4, 3, 7, 5, 2, 6, 1, 0]",9,0
"[4, 3, 7, 5, 2, 6, 1, 0]",10,0
"[4, 3, 7, 5, 2, 6, 1, 0]",11,0
"[4, 3, 7, 5, 2, 6, 1, 0]",12,0
"[4, 3, 7, 5, 2, 6, 1, 0]",13,0
"[4, 3, 7, 5, 2, 6, 1, 0]",14,0
"[4, 3, 7, 5, 2, 6, 1, 0]",15,1
"[4, 3, 7, 5, 2, 6, 1, 0]",16,0
"[4, 3, 7, 5, 2, 6, 1, 0]",17,1
"[4, 3, 7, 5, 2, 6, 1, 0]",18,1
"[4, 3, 7, 5, 2, 6, 1, 0]",19,0
"[4, 3, 7, 5, 2, 6, 1, 0]",20,0
"[4, 3, 7, 5, 2, 6, 1, 0]",21,0
"[4, 3, 7, 5, 2, 6, 1, 0]",22,0
"[4, 3, 7, 5, 2, 6, 1, 0]",23,0
"[4, 3, 7, 5, 2, 6, 1, 0]",24,0
"[4, 3, 7, 5, 2, 6, 1, 0]",25,0
"[4, 3, 7, 5, 2, 6, 1, 0]",26,0
"[4, 3, 7, 5, 2, 6, 1, 0]",27,1
"[4, 3, 7, 5, 2, 6, 1, 0]",28,1
"[4, 3, 7, 5, 2, 6, 1, 0]",29,0
"[4, 3, 7, 5, 2, 6, 1, 0]",30,1
"[4, 3, 7, 5, 2, 6, 1, 0]",31,1
"[4, 3, 7, 5, 2, 6, 1, 0]",32,0
"[4, 3, 7, 5, 2, 6, 1, 0]",33,0
"[4, 3, 7, 5, 2, 6, 1, 0]",34,1
"[4, 3, 7, 5, 2, 6, 1, 0]",35,1
"[4, 3, 7, 5, 2, 6, 1, 0]",36,0
"[4, 3, 7, 5, 2, 6, 1, 0]",37,1
"[4, 3, 7, 5, 2, 6, 1, 0]",38,0
"[4, 3, 7, 5, 2, 6, 1, 0]",39,0
"[4, 3, 7, 5, 2, 6, 1, 0]",40,0
"[4, 3, 7, 5, 2, 6, 1, 0]",41,0
"[4, 3, 7, 5, 2, 6, 1, 0]",42,0
"[4, 3, 7, 5, 2, 6, 1, 0]",43,0
"[4, 3, 7, 5, 2, 6, 1, 0]",44,0
"[4, 3, 7, 5, 2, 6, 1, 0]",45,0
"[4, 3, 7, 5, 2, 6, 1, 0]",46,1
"[4, 3, 7, 5, 2, 6, 1, 0]",47,0
"[4, 3, 7, 5, 2, 6, 1, 0]",48,0
"[4, 3, 7, 5, 2, 6, 1, 0]",49,0
"[4, 3, 7, 5, 2, 6, 1, 0]",50,1
"[4, 3, 7, 5, 2, 6, 1, 0]",51,0
"[4, 3, 7, 5, 2, 6, 1, 0]",52,0
"[4, 3, 7, 5, 2, 6, 1, 0]",53,1
"[4, 3, 7, 5, 2, 6, 1, 0]",54,0
"[4, 3, 7, 5, 2, 6, 1, 0]",55,1
"[4, 3, 7, 5, 2, 6, 1, 0]",56,0
"[4, 3, 7, 5, 2, 6, 1, 0]",57,0
"[4, 3, 7, 5, 2, 6, 1, 0]",58,0
"[4, 3, 7, 5, 2, 6, 1, 0]",59,0
"[4, 3, 7, 5, 2, 6, 1, 0]",60,0
"[4, 3, 7, 5, 2, 6, 1, 0]",61,1
"[4, 3, 7, 5, 2, 6, 1, 0]",62,0
"[4, 3, 7, 5, 2, 6, 1, 0]",63,0
"[4, 3, 7, 5, 2, 6, 1, 0]",64,1
"[4, 3, 7, 5, 2, 6, 1, 0]",65,0
"[4, 3, 7, 5, 2, 6, 1, 0]",66,0
"[4, 3, 7, 5, 2, 6, 1, 0]",67,0
"[4, 3, 7, 5, 2, 6, 1, 0]",68,1
"[4, 3, 7, 5, 2, 6, 1, 0]",69,0
"[4, 3, 7, 5, 2, 6, 1, 0]",70,0
"[4, 3, 7, 5, 2, 6, 1, 0]",71,1
"[4, 3, 7, 5, 2, 6, 1, 0]",72,0
"[4, 3, 7, 5, 2, 6, 1, 0]",73,0
"[4, 3, 7, 5, 2, 6, 1, 0]",74,0
"[4, 3, 7, 5, 2, 6, 1, 0]",75,1
"[4, 3, 7, 5, 2, 6, 1, 0]",76,1
"[4, 3, 7, 5, 2, 6, 1, 0]",77,0
"[4, 3, 7, 5, 2, 6, 1, 0]",78,0
"[4, 3, 7, 5, 2, 6, 1, 0]",79,0
"[4, 3, 7, 5, 2, 6, 1, 0]",80,0
"[4, 3, 7, 5, 2, 6, 1, 0]",81,0
"[4, 3, 7, 5, 2, 6, 1, 0]",82,0
"[4, 3, 7, 5, 2, 6, 1, 0]",83,0
"[4, 3, 7, 5, 2, 6, 1, 0]",84,0
"[4, 3, 7, 5, 2, 6, 1, 0]",85,0
"[4, 3, 7, 5, 2, 6, 1, 0]",86,0
"[4, 3, 7, 5, 2, 6, 1, 0]",87,1
"[4, 3, 7, 5, 2, 6, 1, 0]",88,1
"[4, 3, 7, 5, 2, 6, 1, 0]",89,0
"[4, 3, 7, 5, 2, 6, 1, 0]",90,0
"[4, 3, 7, 5, 2, 6, 1, 0]",91,0
"[4, 3, 7, 5, 2, 6, 1, 0]",92,0
"[4, 3, 7, 5, 2, 6, 1, 0]",93,0
"[4, 3, 7, 5, 2, 6, 1, 0]",94,0
"[4, 3, 7, 5, 2, 6, 1, 0]",95,0
"[4, 3, 7, 5, 2, 6, 1, 0]",96,0
"[4, 3, 7, 5, 2, 6, 1, 0]",97,1
"[4, 3, 7, 5, 2, 6, 1, 0]",98,0
"[4, 3, 7, 5, 2, 6, 1, 0]",99,0
"[5, 4, 6, 1, 0, 7, 2, 3]",0,0
"[5, 4, 6, 1, 0, 7, 2, 3]",1,1
"[5, 4, 6, 1, 0, 7, 2, 3]",2,0
"[5, 4, 6, 1, 0, 7, 2, 3]",3,1
"[5, 4, 6, 1, 0, 7, 2, 3]",4,0
"[5, 4, 6, 1, 0, 7, 2, 3]",5,0
"[5, 4, 6, 1, 0, 7, 2, 3]",6,0
"[5, 4, 6, 1, 0, 7, 2, 3]",7,1
"[5, 4, 6, 1, 0, 7, 2, 3]",8,0
"[5, 4, 6, 1, 0, 7, 2, 3]",9,1
"[5, 4, 6, 1, 0, 7, 2, 3]",10,0
"[5, 4, 6, 1, 0, 7, 2, 3]",11,0
"[5, 4, 6, 1, 0, 7, 2, 3]",12,0
"[5, 4, 6, 1, 0, 7, 2, 3]",13,1
"[5, 4, 6, 1, 0, 7, 2, 3]",14,1
"[5, 4, 6, 1, 0, 7, 2, 3]",15,1
"[5, 4, 6, 1, 0, 7, 2, 3]",16,1
"[5, 4, 6, 1, 0, 7, 2, 3]",17,1
"[5, 4, 6, 1, 0, 7, 2, 3]",18,0
"[5, 4, 6, 1, 0, 7, 2, 3]",19,1
"[5, 4, 6, 1, 0, 7, 2, 3]",20,0
"[5, 4, 6, 1, 0, 7, 2, 3]",21,0
"[5, 4, 6, 1, 0, 7, 2, 3]",22,0
"[5, 4, 6, 1, 0, 7, 2, 3]",23,0
"[5, 4, 6, 1, 0, 7, 2, 3]",24,0
"[5, 4, 6, 1, 0, 7, 2, 3]",25,0
"[5, 4, 6, 1, 0, 7, 2, 3]",26,0
"[5, 4, 6, 1, 0, 7, 2, 3]",27,1
"[5, 4, 6, 1, 0, 7, 2, 3]",28,0
"[5, 4, 6, 1, 0, 7, 2, 3]",29,0
"[5, 4, 6, 1, 0, 7, 2, 3]",30,1
"[5, 4, 6, 1, 0, 7, 2, 3]",31,0
"[5, 4, 6, 1, 0, 7, 2, 3]",32,0
"[5, 4, 6, 1, 0, 7, 2, 3]",33,1
"[5, 4, 6, 1, 0, 7, 2, 3]",34,0
"[5, 4, 6, 1, 0, 7, 2, 3]",35,1
"[5, 4, 6, 1, 0, 7, 2, 3]",36,0
"[5, 4, 6, 1, 0, 7, 2, 3]",37,1
"[5, 4, 6, 1, 0, 7, 2, 3]",38,0
"[5, 4, 6, 1, 0, 7, 2, 3]",39,0
"[5, 4, 6, 1, 0, 7, 2, 3]",40,0
"[5, 4, 6, 1, 0, 7, 2, 3]",41,1
"[5, 4, 6, 1, 0, 7, 2, 3]",42,0
"[5, 4, 6, 1, 0, 7, 2, 3]",43,1
"[5, 4, 6, 1, 0, 7, 2, 3]",44,0
"[5, 4, 6, 1, 0, 7, 2, 3]",45,0
"[5, 4, 6, 1, 0, 7, 2, 3]",46,1
"[5, 4, 6, 1, 0, 7, 2, 3]",47,0
"[5, 4, 6, 1, 0, 7, 2, 3]",48,1
"[5, 4, 6, 1, 0, 7, 2, 3]",49,0
"[5, 4, 6, 1, 0, 7, 2, 3]",50,1
"[5, 4, 6, 1, 0, 7, 2, 3]",51,1
"[5, 4, 6, 1, 0, 7, 2, 3]",52,0
"[5, 4, 6, 1, 0, 7, 2, 3]",53,0
"[5, 4, 6, 1, 0, 7, 2, 3]",54,0
"[5, 4, 6, 1, 0, 7, 2, 3]",55,1
"[5, 4, 6, 1, 0, 7, 2, 3]",56,0
"[5, 4, 6, 1, 0, 7, 2, 3]",57,0
"[5, 4, 6, 1, 0, 7, 2, 3]",58,1
"[5, 4, 6, 1, 0, 7, 2, 3]",59,0
"[5, 4, 6, 1, 0, 7, 2, 3]",60,0
"[5, 4, 6, 1, 0, 7, 2, 3]",61,1
"[5, 4, 6, 1, 0, 7, 2, 3]",62,1
"[5, 4, 6, 1, 0, 7, 2, 3]",63,0
"[5, 4, 6, 1, 0, 7, 2, 3]",64,1
"[5, 4, 6, 1, 0, 7, 2, 3]",65,0
"[5, 4, 6, 1, 0, 7, 2, 3]",66,0
"[5, 4, 6, 1, 0, 7, 2, 3]",67,1
"[5, 4, 6, 1, 0, 7, 2, 3]",68,0
"[5, 4, 6, 1, 0, 7, 2, 3]",69,0
"[5, 4, 6, 1, 0, 7, 2, 3]",70,1
"[5, 4, 6, 1, 0, 7, 2, 3]",71,1
"[5, 4, 6, 1, 0, 7, 2, 3]",72,0
"[5, 4, 6, 1, 0, 7, 2, 3]",73,0
"[5, 4, 6, 1, 0, 7, 2, 3]",74,0
"[5, 4, 6, 1, 0, 7, 2, 3]",75,0
"[5, 4, 6, 1, 0, 7, 2, 3]",76,0
"[5, 4, 6, 1, 0, 7, 2, 3]",77,0
"[5, 4, 6, 1, 0, 7, 2, 3]",78,0
"[5, 4, 6, 1, 0, 7, 2, 3]",79,1
"[5, 4, 6, 1, 0, 7, 2, 3]",80,0
"[5, 4, 6, 1, 0, 7, 2, 3]",81,0
"[5, 4, 6, 1, 0, 7, 2, 3]",82,0
"[5, 4, 6, 1, 0, 7, 2, 3]",83,0
"[5, 4, 6, 1, 0, 7, 2, 3]",84,0
"[5, 4, 6, 1, 0, 7, 2, 3]",85,0
"[5, 4, 6, 1, 0, 7, 2, 3]",86,0
"[5, 4, 6, 1, 0, 7, 2, 3]",87,1
"[5, 4, 6, 1, 0, 7, 2, 3]",88,1
"[5, 4, 6, 1, 0, 7, 2, 3]",89,0
"[5, 4, 6, 1, 0, 7, 2, 3]",90,0
"[5, 4, 6, 1, 0, 7, 2, 3]",91,0
"[5, 4, 6, 1, 0, 7, 2, 3]",92,0
"[5, 4, 6, 1, 0, 7, 2, 3]",93,0
"[5, 4, 6, 1, 0, 7, 2, 3]",94,0
"[5, 4, 6, 1, 0, 7, 2, 3]",95,1
"[5, 4, 6, 1, 0, 7, 2, 3]",96,0
"[5, 4, 6, 1, 0, 7, 2, 3]",97,1
"[5, 4, 6, 1, 0, 7, 2, 3]",98,1
"[5, 4, 6, 1, 0, 7, 2, 3]",99,0
"[5, 6, 0, 3, 4, 7, 1, 2]",0,0
"[5, 6, 0, 3, 4, 7, 1, 2]",1,0
"[5, 6, 0, 3, 4, 7, 1, 2]",2,0
"[5, 6, 0, 3, 4, 7, 1, 2]",3,1
"[5, 6, 0, 3, 4, 7, 1, 2]",4,0
"[5, 6, 0, 3, 4, 7, 1, 2]",5,0
"[5, 6, 0, 3, 4, 7, 1, 2]",6,0
"[5, 6, 0, 3, 4, 7, 1, 2]",7,1
"[5, 6, 0, 3, 4, 7, 1, 2]",8,0
"[5, 6, 0, 3, 4, 7, 1, 2]",9,1
"[5, 6, 0, 3, 4, 7, 1, 2]",10,0
"[5, 6, 0, 3, 4, 7, 1, 2]",11,0
"[5, 6, 0, 3, 4, 7, 1, 2]",12,0
"[5, 6, 0, 3, 4, 7, 1, 2]",13,0
"[5, 6, 0, 3, 4, 7, 1, 2]",14,1
"[5, 6, 0, 3, 4, 7, 1, 2]",15,0
"[5, 6, 0, 3, 4, 7, 1, 2]",16,0
"[5, 6, 0, 3, 4, 7, 1, 2]",17,1
"[5, 6, 0, 3, 4, 7, 1, 2]",18,0
"[5, 6, 0, 3, 4, 7, 1, 2]",19,1
"[5, 6, 0, 3, 4, 7, 1, 2]",20,0
"[5, 6, 0, 3, 4, 7, 1, 2]",21,0
"[5, 6, 0, 3, 4, 7, 1, 2]",22,0
"[5, 6, 0, 3, 4, 7, 1, 2]",23,0
"[5, 6, 0, 3, 4, 7, 1, 2]",24,0
"[5, 6, 0, 3, 4, 7, 1, 2]",25,0
"[5, 6, 0, 3, 4, 7, 1, 2]",26,0
"[5, 6, 0, 3, 4, 7, 1, 2]",27,0
"[5, 6, 0, 3, 4, 7, 1, 2]",28,0
"[5, 6, 0, 3, 4, 7, 1, 2]",29,0
"[5, 6, 0, 3, 4, 7, 1, 2]",30,1
"[5, 6, 0, 3, 4, 7, 1, 2]",31,0
"[5, 6, 0, 3, 4, 7, 1, 2]",32,0
"[5, 6, 0, 3, 4, 7, 1, 2]",33,1
"[5, 6, 0, 3, 4, 7, 1, 2]",34,1
"[5, 6, 0, 3, 4, 7, 1, 2]",35,1
"[5, 6, 0, 3, 4, 7, 1, 2]",36,0
"[5, 6, 0, 3, 4, 7, 1, 2]",37,1
"[5, 6, 0, 3, 4, 7, 1, 2]",38,1
"[5, 6, 0, 3, 4, 7, 1, 2]",39,0
"[5, 6, 0, 3, 4, 7, 1, 2]",40,1
"[5, 6, 0, 3, 4, 7, 1, 2]",41,1
"[5, 6, 0, 3, 4, 7, 1, 2]",42,0
"[5, 6, 0, 3, 4, 7, 1, 2]",43,1
"[5, 6, 0, 3, 4, 7, 1, 2]",44,0
"[5, 6, 0, 3, 4, 7, 1, 2]",45,0
"[5, 6, 0, 3, 4, 7, 1, 2]",46,1
"[5, 6, 0, 3, 4, 7, 1, 2]",47,1
"[5, 6, 0, 3, 4, 7, 1, 2]",48,1
"[5, 6, 0, 3, 4, 7, 1, 2]",49,0
"[5, 6, 0, 3, 4, 7, 1, 2]",50,1
"[5, 6, 0, 3, 4, 7, 1, 2]",51,1
"[5, 6, 0, 3, 4, 7, 1, 2]",52,0
"[5, 6, 0, 3, 4, 7, 1, 2]",53,1
"[5, 6, 0, 3, 4, 7, 1, 2]",54,0
"[5, 6, 0, 3, 4, 7, 1, 2]",55,1
"[5, 6, 0, 3, 4, 7, 1, 2]",56,0
"[5, 6, 0, 3, 4, 7, 1, 2]",57,0
"[5, 6, 0, 3, 4, 7, 1, 2]",58,1
"[5, 6, 0, 3, 4, 7, 1, 2]",59,0
"[5, 6, 0, 3, 4, 7, 1, 2]",60,0
"[5, 6, 0, 3, 4, 7, 1, 2]",61,1
"[5, 6, 0, 3, 4, 7, 1, 2]",62,1
"[5, 6, 0, 3, 4, 7, 1, 2]",63,1
"[5, 6, 0, 3, 4, 7, 1, 2]",64,0
"[5, 6, 0, 3, 4, 7, 1, 2]",65,0
"[5, 6, 0, 3, 4, 7, 1, 2]",66,0
"[5, 6, 0, 3, 4, 7, 1, 2]",67,0
"[5, 6, 0, 3, 4, 7, 1, 2]",68,1
"[5, 6, 0, 3, 4, 7, 1, 2]",69,0
"[5, 6, 0, 3, 4, 7, 1, 2]",70,1
"[5, 6, 0, 3, 4, 7, 1, 2]",71,1
"[5, 6, 0, 3, 4, 7, 1, 2]",72,0
"[5, 6, 0, 3, 4, 7, 1, 2]",73,0
"[5, 6, 0, 3, 4, 7, 1, 2]",74,0
"[5, 6, 0, 3, 4, 7, 1, 2]",75,0
"[5, 6, 0, 3, 4, 7, 1, 2]",76,0
"[5, 6, 0, 3, 4, 7, 1, 2]",77,0
"[5, 6, 0, 3, 4, 7, 1, 2]",78,0
"[5, 6, 0, 3, 4, 7, 1, 2]",79,0
"[5, 6, 0, 3, 4, 7, 1, 2]",80,0
"[5, 6, 0, 3, 4, 7, 1, 2]",81,0
"[5, 6, 0, 3, 4, 7, 1, 2]",82,1
"[5, 6, 0, 3, 4, 7, 1, 2]",83,0
"[5, 6, 0, 3, 4, 7, 1, 2]",84,0
"[5, 6, 0, 3, 4, 7, 1, 2]",85,0
"[5, 6, 0, 3, 4, 7, 1, 2]",86,1
"[5, 6, 0, 3, 4, 7, 1, 2]",87,1
"[5, 6, 0, 3, 4, 7, 1, 2]",88,1
"[5, 6, 0, 3, 4, 7, 1, 2]",89,0
"[5, 6, 0, 3, 4, 7, 1, 2]",90,0
"[5, 6, 0, 3, 4, 7, 1, 2]",91,0
"[5, 6, 0, 3, 4, 7, 1, 2]",92,0
"[5, 6, 0, 3, 4, 7, 1, 2]",93,1
"[5, 6, 0, 3, 4, 7, 1, 2]",94,1
"[5, 6, 0, 3, 4, 7, 1, 2]",95,1
"[5, 6, 0, 3, 4, 7, 1, 2]",96,0
"[5, 6, 0, 3, 4, 7, 1, 2]",97,1
"[5, 6, 0, 3, 4, 7, 1, 2]",98,1
"[5, 6, 0, 3, 4, 7, 1, 2]",99,0
"[6, 5, 1, 0, 2, 4, 3, 7]",0,0
"[6, 5, 1, 0, 2, 4, 3, 7]",1,1
"[6, 5, 1, 0, 2, 4, 3, 7]",2,0
"[6, 5, 1, 0, 2, 4, 3, 7]",3,0
"[6, 5, 1, 0, 2, 4, 3, 7]",4,0
"[6, 5, 1, 0, 2, 4, 3, 7]",5,0
"[6, 5, 1, 0, 2, 4, 3, 7]",6,0
"[6, 5, 1, 0, 2, 4, 3, 7]",7,1
"[6, 5, 1, 0, 2, 4, 3, 7]",8,0
"[6, 5, 1, 0, 2, 4, 3, 7]",9,1
"[6, 5, 1, 0, 2, 4, 3, 7]",10,0
"[6, 5, 1, 0, 2, 4, 3, 7]",11,0
"[6, 5, 1, 0, 2, 4, 3, 7]",12,1
"[6, 5, 1, 0, 2, 4, 3, 7]",13,0
"[6, 5, 1, 0, 2, 4, 3, 7]",14,0
"[6, 5, 1, 0, 2, 4, 3, 7]",15,0
"[6, 5, 1, 0, 2, 4, 3, 7]",16,0
"[6, 5, 1, 0, 2, 4, 3, 7]",17,1
"[6, 5, 1, 0, 2, 4, 3, 7]",18,0
"[6, 5, 1, 0, 2, 4, 3, 7]",19,1
"[6, 5, 1, 0, 2, 4, 3, 7]",20,0
"[6, 5, 1, 0, 2, 4, 3, 7]",21,0
"[6, 5, 1, 0, 2, 4, 3, 7]",22,0
"[6, 5, 1, 0, 2, 4, 3, 7]",23,0
"[6, 5, 1, 0, 2, 4, 3, 7]",24,0
"[6, 5, 1, 0, 2, 4, 3, 7]",25,0
"[6, 5, 1, 0, 2, 4, 3, 7]",26,0
"[6, 5, 1, 0, 2, 4, 3, 7]",27,1
"[6, 5, 1, 0, 2, 4, 3, 7]",28,1
"[6, 5, 1, 0, 2, 4, 3, 7]",29,0
"[6, 5, 1, 0, 2, 4, 3, 7]",30,1
"[6, 5, 1, 0, 2, 4, 3, 7]",31,1
"[6, 5, 1, 0, 2, 4, 3, 7]",32,0
"[6, 5, 1, 0, 2, 4, 3, 7]",33,1
"[6, 5, 1, 0, 2, 4, 3, 7]",34,1
"[6, 5, 1, 0, 2, 4, 3, 7]",35,0
"[6, 5, 1, 0, 2, 4, 3, 7]",36,0
"[6, 5, 1, 0, 2, 4, 3, 7]",37,1
"[6, 5, 1, 0, 2, 4, 3, 7]",38,0
"[6, 5, 1, 0, 2, 4, 3, 7]",39,0
"[6, 5, 1, 0, 2, 4, 3, 7]",40,0
"[6, 5, 1, 0, 2, 4, 3, 7]",41,0
"[6, 5, 1, 0, 2, 4, 3, 7]",42,1
"[6, 5, 1, 0, 2, 4, 3, 7]",43,1
"[6, 5, 1, 0, 2, 4, 3, 7]",44,0
"[6, 5, 1, 0, 2, 4, 3, 7]",45,0
"[6, 5, 1, 0, 2, 4, 3, 7]",46,1
"[6, 5, 1, 0, 2, 4, 3, 7]",47,0
"[6, 5, 1, 0, 2, 4, 3, 7]",48,1
"[6, 5, 1, 0, 2, 4, 3, 7]",49,0
"[6, 5, 1, 0, 2, 4, 3, 7]",50,1
"[6, 5, 1, 0, 2, 4, 3, 7]",51,0
"[6, 5, 1, 0, 2, 4, 3, 7]",52,0
"[6, 5, 1, 0, 2, 4, 3, 7]",53,1
"[6, 5, 1, 0, 2, 4, 3, 7]",54,0
"[6, 5, 1, 0, 2, 4, 3, 7]",55,1
"[6, 5, 1, 0, 2, 4, 3, 7]",56,0
"[6, 5, 1, 0, 2, 4, 3, 7]",57,0
"[6, 5, 1, 0, 2, 4, 3, 7]",58,0
"[6, 5, 1, 0, 2, 4, 3, 7]",59,0
"[6, 5, 1, 0, 2, 4, 3, 7]",60,0
"[6, 5, 1, 0, 2, 4, 3, 7]",61,1
"[6, 5, 1, 0, 2, 4, 3, 7]",62,0
"[6, 5, 1, 0, 2, 4, 3, 7]",63,1
"[6, 5, 1, 0, 2, 4, 3, 7]",64,1
"[6, 5, 1, 0, 2, 4, 3, 7]",65,0
"[6, 5, 1, 0, 2, 4, 3, 7]",66,0
"[6, 5, 1, 0, 2, 4, 3, 7]",67,1
"[6, 5, 1, 0, 2, 4, 3, 7]",68,1
"[6, 5, 1, 0, 2, 4, 3, 7]",69,0
"[6, 5, 1, 0, 2, 4, 3, 7]",70,1
"[6, 5, 1, 0, 2, 4, 3, 7]",71,0
"[6, 5, 1, 0, 2, 4, 3, 7]",72,0
"[6, 5, 1, 0, 2, 4, 3, 7]",73,0
"[6, 5, 1, 0, 2, 4, 3, 7]",74,0
"[6, 5, 1, 0, 2, 4, 3, 7]",75,0
"[6, 5, 1, 0, 2, 4, 3, 7]",76,0
"[6, 5, 1, 0, 2, 4, 3, 7]",77,0
"[6, 5, 1, 0, 2, 4, 3, 7]",78,0
"[6, 5, 1, 0, 2, 4, 3, 7]",79,1
"[6, 5, 1, 0, 2, 4, 3, 7]",80,1
"[6, 5, 1, 0, 2, 4, 3, 7]",81,1
"[6, 5, 1, 0, 2, 4, 3, 7]",82,0
"[6, 5, 1, 0, 2, 4, 3, 7]",83,0
"[6, 5, 1, 0, 2, 4, 3, 7]",84,1
"[6, 5, 1, 0, 2, 4, 3, 7]",85,0
"[6, 5, 1, 0, 2, 4, 3, 7]",86,0
"[6, 5, 1, 0, 2, 4, 3, 7]",87,1
"[6, 5, 1, 0, 2, 4, 3, 7]",88,1
"[6, 5, 1, 0, 2, 4, 3, 7]",89,0
"[6, 5, 1, 0, 2, 4, 3, 7]",90,0
"[6, 5, 1, 0, 2, 4, 3, 7]",91,0
"[6, 5, 1, 0, 2, 4, 3, 7]",92,0
"[6, 5, 1, 0, 2, 4, 3, 7]",93,1
"[6, 5, 1, 0, 2, 4, 3, 7]",94,1
"[6, 5, 1, 0, 2, 4, 3, 7]",95,1
"[6, 5, 1, 0, 2, 4, 3, 7]",96,0
"[6, 5, 1, 0, 2, 4, 3, 7]",97,1
"[6, 5, 1, 0, 2, 4, 3, 7]",98,1
"[6, 5, 1, 0, 2, 4, 3, 7]",99,1
"[1, 0, 3, 6, 7, 5, 2, 4]",0,0
"[1, 0, 3, 6, 7, 5, 2, 4]",1,1
"[1, 0, 3, 6, 7, 5, 2, 4]",2,0
"[1, 0, 3, 6, 7, 5, 2, 4]",3,1
"[1, 0, 3, 6, 7, 5, 2, 4]",4,1
"[1, 0, 3, 6, 7, 5, 2, 4]",5,0
"[1, 0, 3, 6, 7, 5, 2, 4]",6,0
"[1, 0, 3, 6, 7, 5, 2, 4]",7,1
"[1, 0, 3, 6, 7, 5, 2, 4]",8,0
"[1, 0, 3, 6, 7, 5, 2, 4]",9,1
"[1, 0, 3, 6, 7, 5, 2, 4]",10,0
"[1, 0, 3, 6, 7, 5, 2, 4]",11,0
"[1, 0, 3, 6, 7, 5, 2, 4]",12,0
"[1, 0, 3, 6, 7, 5, 2, 4]",13,0
"[1, 0, 3, 6, 7, 5, 2, 4]",14,0
"[1, 0, 3, 6, 7, 5, 2, 4]",15,1
"[1, 0, 3, 6, 7, 5, 2, 4]",16,0
"[1, 0, 3, 6, 7, 5, 2, 4]",17,1
"[1, 0, 3, 6, 7, 5, 2, 4]",18,0
"[1, 0, 3, 6, 7, 5, 2, 4]",19,1
"[1, 0, 3, 6, 7, 5, 2, 4]",20,0
"[1, 0, 3, 6, 7, 5, 2, 4]",21,0
"[1, 0, 3, 6, 7, 5, 2, 4]",22,1
"[1, 0, 3, 6, 7, 5, 2, 4]",23,0
"[1, 0, 3, 6, 7, 5, 2, 4]",24,0
"[1, 0, 3, 6, 7, 5, 2, 4]",25,0
"[1, 0, 3, 6, 7, 5, 2, 4]",26,1
"[1, 0, 3, 6, 7, 5, 2, 4]",27,1
"[1, 0, 3, 6, 7, 5, 2, 4]",28,1
"[1, 0, 3, 6, 7, 5, 2, 4]",29,0
"[1, 0, 3, 6, 7, 5, 2, 4]",30,1
"[1, 0, 3, 6, 7, 5, 2, 4]",31,1
"[1, 0, 3, 6, 7, 5, 2, 4]",32,0
"[1, 0, 3, 6, 7, 5, 2, 4]",33,1
"[1, 0, 3, 6, 7, 5, 2, 4]",34,1
"[1, 0, 3, 6, 7, 5, 2, 4]",35,1
"[1, 0, 3, 6, 7, 5, 2, 4]",36,0
"[1, 0, 3, 6, 7, 5, 2, 4]",37,1
"[1, 0, 3, 6, 7, 5, 2, 4]",38,0
"[1, 0, 3, 6, 7, 5, 2, 4]",39,0
"[1, 0, 3, 6, 7, 5, 2, 4]",40,0
"[1, 0, 3, 6, 7, 5, 2, 4]",41,1
"[1, 0, 3, 6, 7, 5, 2, 4]",42,0
"[1, 0, 3, 6, 7, 5, 2, 4]",43,1
"[1, 0, 3, 6, 7, 5, 2, 4]",44,0
"[1, 0, 3, 6, 7, 5, 2, 4]",45,0
"[1, 0, 3, 6, 7, 5, 2, 4]",46,1
"[1, 0, 3, 6, 7, 5, 2, 4]",47,0
"[1, 0, 3, 6, 7, 5, 2, 4]",48,1
"[1, 0, 3, 6, 7, 5, 2, 4]",49,0
"[1, 0, 3, 6, 7, 5, 2, 4]",50,1
"[1, 0, 3, 6, 7, 5, 2, 4]",51,0
"[1, 0, 3, 6, 7, 5, 2, 4]",52,0
"[1, 0, 3, 6, 7, 5, 2, 4]",53,1
"[1, 0, 3, 6, 7, 5, 2, 4]",54,0
"[1, 0, 3, 6, 7, 5, 2, 4]",55,1
"[1, 0, 3, 6, 7, 5, 2, 4]",56,1
"[1, 0, 3, 6, 7, 5, 2, 4]",57,0
"[1, 0, 3, 6, 7, 5, 2, 4]",58,0
"[1, 0, 3, 6, 7, 5, 2, 4]",59,0
"[1, 0, 3, 6, 7, 5, 2, 4]",60,0
"[1, 0, 3, 6, 7, 5, 2, 4]",61,1
"[1, 0, 3, 6, 7, 5, 2, 4]",62,0
"[1, 0, 3, 6, 7, 5, 2, 4]",63,1
"[1, 0, 3, 6, 7, 5, 2, 4]",64,0
"[1, 0, 3, 6, 7, 5, 2, 4]",65,0
"[1, 0, 3, 6, 7, 5, 2, 4]",66,0
"[1, 0, 3, 6, 7, 5, 2, 4]",67,1
"[1, 0, 3, 6, 7, 5, 2, 4]",68,1
"[1, 0, 3, 6, 7, 5, 2, 4]",69,0
"[1, 0, 3, 6, 7, 5, 2, 4]",70,1
"[1, 0, 3, 6, 7, 5, 2, 4]",71,1
"[1, 0, 3, 6, 7, 5, 2, 4]",72,0
"[1, 0, 3, 6, 7, 5, 2, 4]",73,0
"[1, 0, 3, 6, 7, 5, 2, 4]",74,0
"[1, 0, 3, 6, 7, 5, 2, 4]",75,0
"[1, 0, 3, 6, 7, 5, 2, 4]",76,0
"[1, 0, 3, 6, 7, 5, 2, 4]",77,0
"[1, 0, 3, 6, 7, 5, 2, 4]",78,0
"[1, 0, 3, 6, 7, 5, 2, 4]",79,1
"[1, 0, 3, 6, 7, 5, 2, 4]",80,1
"[1, 0, 3, 6, 7, 5, 2, 4]",81,0
"[1, 0, 3, 6, 7, 5, 2, 4]",82,1
"[1, 0, 3, 6, 7, 5, 2, 4]",83,0
"[1, 0, 3, 6, 7, 5, 2, 4]",84,1
"[1, 0, 3, 6, 7, 5, 2, 4]",85,0
"[1, 0, 3, 6, 7, 5, 2, 4]",86,0
"[1, 0, 3, 6, 7, 5, 2, 4]",87,1
"[1, 0, 3, 6, 7, 5, 2, 4]",88,1
"[1, 0, 3, 6, 7, 5, 2, 4]",89,0
"[1, 0, 3, 6, 7, 5, 2, 4]",90,0
"[1, 0, 3, 6, 7, 5, 2, 4]",91,0
"[1, 0, 3, 6, 7, 5, 2, 4]",92,0
"[1, 0, 3, 6, 7, 5, 2, 4]",93,0
"[1, 0, 3, 6, 7, 5, 2, 4]",94,1
"[1, 0, 3, 6, 7, 5, 2, 4]",95,1
"[1, 0, 3, 6, 7, 5, 2, 4]",96,1
"[1, 0, 3, 6, 7, 5, 2, 4]",97,1
"[1, 0, 3, 6, 7, 5, 2, 4]",98,1
"[1, 0, 3, 6, 7, 5, 2, 4]",99,0
"[5, 4, 1, 3, 2, 6, 0, 7]",0,0
"[5, 4, 1, 3, 2, 6, 0, 7]",1,1
"[5, 4, 1, 3, 2, 6, 0, 7]",2,0
"[5, 4, 1, 3, 2, 6, 0, 7]",3,0
"[5, 4, 1, 3, 2, 6, 0, 7]",4,0
"[5, 4, 1, 3, 2, 6, 0, 7]",5,0
"[5, 4, 1, 3, 2, 6, 0, 7]",6,0
"[5, 4, 1, 3, 2, 6, 0, 7]",7,1
"[5, 4, 1, 3, 2, 6, 0, 7]",8,0
"[5, 4, 1, 3, 2, 6, 0, 7]",9,1
"[5, 4, 1, 3, 2, 6, 0, 7]",10,0
"[5, 4, 1, 3, 2, 6, 0, 7]",11,0
"[5, 4, 1, 3, 2, 6, 0, 7]",12,0
"[5, 4, 1, 3, 2, 6, 0, 7]",13,1
"[5, 4, 1, 3, 2, 6, 0, 7]",14,1
"[5, 4, 1, 3, 2, 6, 0, 7]",15,0
"[5, 4, 1, 3, 2, 6, 0, 7]",16,0
"[5, 4, 1, 3, 2, 6, 0, 7]",17,1
"[5, 4, 1, 3, 2, 6, 0, 7]",18,0
"[5, 4, 1, 3, 2, 6, 0, 7]",19,1
"[5, 4, 1, 3, 2, 6, 0, 7]",20,0
"[5, 4, 1, 3, 2, 6, 0, 7]",21,0
"[5, 4, 1, 3, 2, 6, 0, 7]",22,0
"[5, 4, 1, 3, 2, 6, 0, 7]",23,0
"[5, 4, 1, 3, 2, 6, 0, 7]",24,0
"[5, 4, 1, 3, 2, 6, 0, 7]",25,0
"[5, 4, 1, 3, 2, 6, 0, 7]",26,1
"[5, 4, 1, 3, 2, 6, 0, 7]",27,1
"[5, 4, 1, 3, 2, 6, 0, 7]",28,0
"[5, 4, 1, 3, 2, 6, 0, 7]",29,0
"[5, 4, 1, 3, 2, 6, 0, 7]",30,1
"[5, 4, 1, 3, 2, 6, 0, 7]",31,1
"[5, 4, 1, 3, 2, 6, 0, 7]",32,0
"[5, 4, 1, 3, 2, 6, 0, 7]",33,0
"[5, 4, 1, 3, 2, 6, 0, 7]",34,0
"[5, 4, 1, 3, 2, 6, 0, 7]",35,0
"[5, 4, 1, 3, 2, 6, 0, 7]",36,0
"[5, 4, 1, 3, 2, 6, 0, 7]",37,1
"[5, 4, 1, 3, 2, 6, 0, 7]",38,0
"[5, 4, 1, 3, 2, 6, 0, 7]",39,0
"[5, 4, 1, 3, 2, 6, 0, 7]",40,0
"[5, 4, 1, 3, 2, 6, 0, 7]",41,1
"[5, 4, 1, 3, 2, 6, 0, 7]",42,0
"[5, 4, 1, 3, 2, 6, 0, 7]",43,1
"[5, 4, 1, 3, 2, 6, 0, 7]",44,0
"[5, 4, 1, 3, 2, 6, 0, 7]",45,0
"[5, 4, 1, 3, 2, 6, 0, 7]",46,1
"[5, 4, 1, 3, 2, 6, 0, 7]",47,0
"[5, 4, 1, 3, 2, 6, 0, 7]",48,1
"[5, 4, 1, 3, 2, 6, 0, 7]",49,0
"[5, 4, 1, 3, 2, 6, 0, 7]",50,1
"[5, 4, 1, 3, 2, 6, 0, 7]",51,0
"[5, 4, 1, 3, 2, 6, 0, 7]",52,0
"[5, 4, 1, 3, 2, 6, 0, 7]",53,1
"[5, 4, 1, 3, 2, 6, 0, 7]",54,0
"[5, 4, 1, 3, 2, 6, 0, 7]",55,1
"[5, 4, 1, 3, 2, 6, 0, 7]",56,0
"[5, 4, 1, 3, 2, 6, 0, 7]",57,0
"[5, 4, 1, 3, 2, 6, 0, 7]",58,1
"[5, 4, 1, 3, 2, 6, 0, 7]",59,0
"[5, 4, 1, 3, 2, 6, 0, 7]",60,0
"[5, 4, 1, 3, 2, 6, 0, 7]",61,1
"[5, 4, 1, 3, 2, 6, 0, 7]",62,0
"[5, 4, 1, 3, 2, 6, 0, 7]",63,0
"[5, 4, 1, 3, 2, 6, 0, 7]",64,1
"[5, 4, 1, 3, 2, 6, 0, 7]",65,0
"[5, 4, 1, 3, 2, 6, 0, 7]",66,0
"[5, 4, 1, 3, 2, 6, 0, 7]",67,0
"[5, 4, 1, 3, 2, 6, 0, 7]",68,1
"[5, 4, 1, 3, 2, 6, 0, 7]",69,0
"[5, 4, 1, 3, 2, 6, 0, 7]",70,1
"[5, 4, 1, 3, 2, 6, 0, 7]",71,1
"[5, 4, 1, 3, 2, 6, 0, 7]",72,0
"[5, 4, 1, 3, 2, 6, 0, 7]",73,0
"[5, 4, 1, 3, 2, 6, 0, 7]",74,0
"[5, 4, 1, 3, 2, 6, 0, 7]",75,0
"[5, 4, 1, 3, 2, 6, 0, 7]",76,0
"[5, 4, 1, 3, 2, 6, 0, 7]",77,0
"[5, 4, 1, 3, 2, 6, 0, 7]",78,0
"[5, 4, 1, 3, 2, 6, 0, 7]",79,0
"[5, 4, 1, 3, 2, 6, 0, 7]",80,0
"[5, 4, 1, 3, 2, 6, 0, 7]",81,0
"[5, 4, 1, 3, 2, 6, 0, 7]",82,1
"[5, 4, 1, 3, 2, 6, 0, 7]",83,0
"[5, 4, 1, 3, 2, 6, 0, 7]",84,1
"[5, 4, 1, 3, 2, 6, 0, 7]",85,0
"[5, 4, 1, 3, 2, 6, 0, 7]",86,0
"[5, 4, 1, 3, 2, 6, 0, 7]",87,1
"[5, 4, 1, 3, 2, 6, 0, 7]",88,1
"[5, 4, 1, 3, 2, 6, 0, 7]",89,0
"[5, 4, 1, 3, 2, 6, 0, 7]",90,0
"[5, 4, 1, 3, 2, 6, 0, 7]",91,0
"[5, 4, 1, 3, 2, 6, 0, 7]",92,0
"[5, 4, 1, 3, 2, 6, 0, 7]",93,1
"[5, 4, 1, 3, 2, 6, 0, 7]",94,0
"[5, 4, 1, 3, 2, 6, 0, 7]",95,1
"[5, 4, 1, 3, 2, 6, 0, 7]",96,1
"[5, 4, 1, 3, 2, 6, 0, 7]",97,1
"[5, 4, 1, 3, 2, 6, 0, 7]",98,1
"[5, 4, 1, 3, 2, 6, 0, 7]",99,0
"[6, 2, 4, 5, 7, 3, 0, 1]",0,0
"[6, 2, 4, 5, 7, 3, 0, 1]",1,1
"[6, 2, 4, 5, 7, 3, 0, 1]",2,0
"[6, 2, 4, 5, 7, 3, 0, 1]",3,1
"[6, 2, 4, 5, 7, 3, 0, 1]",4,1
"[6, 2, 4, 5, 7, 3, 0, 1]",5,0
"[6, 2, 4, 5, 7, 3, 0, 1]",6,0
"[6, 2, 4, 5, 7, 3, 0, 1]",7,1
"[6, 2, 4, 5, 7, 3, 0, 1]",8,0
"[6, 2, 4, 5, 7, 3, 0, 1]",9,1
"[6, 2, 4, 5, 7, 3, 0, 1]",10,0
"[6, 2, 4, 5, 7, 3, 0, 1]",11,0
"[6, 2, 4, 5, 7, 3, 0, 1]",12,0
"[6, 2, 4, 5, 7, 3, 0, 1]",13,1
"[6, 2, 4, 5, 7, 3, 0, 1]",14,0
"[6, 2, 4, 5, 7, 3, 0, 1]",15,1
"[6, 2, 4, 5, 7, 3, 0, 1]",16,0
"[6, 2, 4, 5, 7, 3, 0, 1]",17,0
"[6, 2, 4, 5, 7, 3, 0, 1]",18,0
"[6, 2, 4, 5, 7, 3, 0, 1]",19,0
"[6, 2, 4, 5, 7, 3, 0, 1]",20,0
"[6, 2, 4, 5, 7, 3, 0, 1]",21,0
"[6, 2, 4, 5, 7, 3, 0, 1]",22,0
"[6, 2, 4, 5, 7, 3, 0, 1]",23,0
"[6, 2, 4, 5, 7, 3, 0, 1]",24,0
"[6, 2, 4, 5, 7, 3, 0, 1]",25,0
"[6, 2, 4, 5, 7, 3, 0, 1]",26,0
"[6, 2, 4, 5, 7, 3, 0, 1]",27,1
"[6, 2, 4, 5, 7, 3, 0, 1]",28,0
"[6, 2, 4, 5, 7, 3, 0, 1]",29,0
"[6, 2, 4, 5, 7, 3, 0, 1]",30,1
"[6, 2, 4, 5, 7, 3, 0, 1]",31,0
"[6, 2, 4, 5, 7, 3, 0, 1]",32,0
"[6, 2, 4, 5, 7, 3, 0, 1]",33,1
"[6, 2, 4, 5, 7, 3, 0, 1]",34,1
"[6, 2, 4, 5, 7, 3, 0, 1]",35,1
"[6, 2, 4, 5, 7, 3, 0, 1]",36,0
"[6, 2, 4, 5, 7, 3, 0, 1]",37,1
"[6, 2, 4, 5, 7, 3, 0, 1]",38,0
"[6, 2, 4, 5, 7, 3, 0, 1]",39,0
"[6, 2, 4, 5, 7, 3, 0, 1]",40,1
"[6, 2, 4, 5, 7, 3, 0, 1]",41,1
"[6, 2, 4, 5, 7, 3, 0, 1]",42,0
"[6, 2, 4, 5, 7, 3, 0, 1]",43,1
"[6, 2, 4, 5, 7, 3, 0, 1]",44,0
"[6, 2, 4, 5, 7, 3, 0, 1]",45,0
"[6, 2, 4, 5, 7, 3, 0, 1]",46,1
"[6, 2, 4, 5, 7, 3, 0, 1]",47,0
"[6, 2, 4, 5, 7, 3, 0, 1]",48,1
"[6, 2, 4, 5, 7, 3, 0, 1]",49,1
"[6, 2, 4, 5, 7, 3, 0, 1]",50,0
"[6, 2, 4, 5, 7, 3, 0, 1]",51,1
"[6, 2, 4, 5, 7, 3, 0, 1]",52,0
"[6, 2, 4, 5, 7, 3, 0, 1]",53,1
"[6, 2, 4, 5, 7, 3, 0, 1]",54,0
"[6, 2, 4, 5, 7, 3, 0, 1]",55,1
"[6, 2, 4, 5, 7, 3, 0, 1]",56,1
"[6, 2, 4, 5, 7, 3, 0, 1]",57,0
"[6, 2, 4, 5, 7, 3, 0, 1]",58,1
"[6, 2, 4, 5, 7, 3, 0, 1]",59,0
"[6, 2, 4, 5, 7, 3, 0, 1]",60,0
"[6, 2, 4, 5, 7, 3, 0, 1]",61,0
"[6, 2, 4, 5, 7, 3, 0, 1]",62,0
"[6, 2, 4, 5, 7, 3, 0, 1]",63,0
"[6, 2, 4, 5, 7, 3, 0, 1]",64,0
"[6, 2, 4, 5, 7, 3, 0, 1]",65,0
"[6, 2, 4, 5, 7, 3, 0, 1]",66,0
"[6, 2, 4, 5, 7, 3, 0, 1]",67,1
"[6, 2, 4, 5, 7, 3, 0, 1]",68,1
"[6, 2, 4, 5, 7, 3, 0, 1]",69,0
"[6, 2, 4, 5, 7, 3, 0, 1]",70,1
"[6, 2, 4, 5, 7, 3, 0, 1]",71,1
"[6, 2, 4, 5, 7, 3, 0, 1]",72,0
"[6, 2, 4, 5, 7, 3, 0, 1]",73,0
"[6, 2, 4, 5, 7, 3, 0, 1]",74,0
"[6, 2, 4, 5, 7, 3, 0, 1]",75,1
"[6, 2, 4, 5, 7, 3, 0, 1]",76,0
"[6, 2, 4, 5, 7, 3, 0, 1]",77,0
"[6, 2, 4, 5, 7, 3, 0, 1]",78,0
"[6, 2, 4, 5, 7, 3, 0, 1]",79,0
"[6, 2, 4, 5, 7, 3, 0, 1]",80,1
"[6, 2, 4, 5, 7, 3, 0, 1]",81,1
"[6, 2, 4, 5, 7, 3, 0, 1]",82,0
"[6, 2, 4, 5, 7, 3, 0, 1]",83,0
"[6, 2, 4, 5, 7, 3, 0, 1]",84,1
"[6, 2, 4, 5, 7, 3, 0, 1]",85,0
"[6, 2, 4, 5, 7, 3, 0, 1]",86,0
"[6, 2, 4, 5, 7, 3, 0, 1]",87,1
"[6, 2, 4, 5, 7, 3, 0, 1]",88,1
"[6, 2, 4, 5, 7, 3, 0, 1]",89,0
"[6, 2, 4, 5, 7, 3, 0, 1]",90,0
"[6, 2, 4, 5, 7, 3, 0, 1]",91,0
"[6, 2, 4, 5, 7, 3, 0, 1]",92,0
"[6, 2, 4, 5, 7, 3, 0, 1]",93,1
"[6, 2, 4, 5, 7, 3, 0, 1]",94,1
"[6, 2, 4, 5, 7, 3, 0, 1]",95,1
"[6, 2, 4, 5, 7, 3, 0, 1]",96,0
"[6, 2, 4, 5, 7, 3, 0, 1]",97,1
"[6, 2, 4, 5, 7, 3, 0, 1]",98,1
"[6, 2, 4, 5, 7, 3, 0, 1]",99,0
"[3, 2, 6, 0, 4, 1, 5, 7]",0,0
"[3, 2, 6, 0, 4, 1, 5, 7]",1,1
"[3, 2, 6, 0, 4, 1, 5, 7]",2,0
"[3, 2, 6, 0, 4, 1, 5, 7]",3,0
"[3, 2, 6, 0, 4, 1, 5, 7]",4,0
"[3, 2, 6, 0, 4, 1, 5, 7]",5,0
"[3, 2, 6, 0, 4, 1, 5, 7]",6,1
"[3, 2, 6, 0, 4, 1, 5, 7]",7,1
"[3, 2, 6, 0, 4, 1, 5, 7]",8,0
"[3, 2, 6, 0, 4, 1, 5, 7]",9,1
"[3, 2, 6, 0, 4, 1, 5, 7]",10,0
"[3, 2, 6, 0, 4, 1, 5, 7]",11,1
"[3, 2, 6, 0, 4, 1, 5, 7]",12,1
"[3, 2, 6, 0, 4, 1, 5, 7]",13,0
"[3, 2, 6, 0, 4, 1, 5, 7]",14,1
"[3, 2, 6, 0, 4, 1, 5, 7]",15,0
"[3, 2, 6, 0, 4, 1, 5, 7]",16,0
"[3, 2, 6, 0, 4, 1, 5, 7]",17,1
"[3, 2, 6, 0, 4, 1, 5, 7]",18,0
"[3, 2, 6, 0, 4, 1, 5, 7]",19,1
"[3, 2, 6, 0, 4, 1, 5, 7]",20,0
"[3, 2, 6, 0, 4, 1, 5, 7]",21,0
"[3, 2, 6, 0, 4, 1, 5, 7]",22,0
"[3, 2, 6, 0, 4, 1, 5, 7]",23,0
"[3, 2, 6, 0, 4, 1, 5, 7]",24,0
"[3, 2, 6, 0, 4, 1, 5, 7]",25,0
"[3, 2, 6, 0, 4, 1, 5, 7]",26,0
"[3, 2, 6, 0, 4, 1, 5, 7]",27,0
"[3, 2, 6, 0, 4, 1, 5, 7]",28,1
"[3, 2, 6, 0, 4, 1, 5, 7]",29,0
"[3, 2, 6, 0, 4, 1, 5, 7]",30,1
"[3, 2, 6, 0, 4, 1, 5, 7]",31,1
"[3, 2, 6, 0, 4, 1, 5, 7]",32,0
"[3, 2, 6, 0, 4, 1, 5, 7]",33,0
"[3, 2, 6, 0, 4, 1, 5, 7]",34,1
"[3, 2, 6, 0, 4, 1, 5, 7]",35,1
"[3, 2, 6, 0, 4, 1, 5, 7]",36,0
"[3, 2, 6, 0, 4, 1, 5, 7]",37,1
"[3, 2, 6, 0, 4, 1, 5, 7]",38,0
"[3, 2, 6, 0, 4, 1, 5, 7]",39,0
"[3, 2, 6, 0, 4, 1, 5, 7]",40,1
"[3, 2, 6, 0, 4, 1, 5, 7]",41,1
"[3, 2, 6, 0, 4, 1, 5, 7]",42,0
"[3, 2, 6, 0, 4, 1, 5, 7]",43,1
"[3, 2, 6, 0, 4, 1, 5, 7]",44,0
"[3, 2, 6, 0, 4, 1, 5, 7]",45,0
"[3, 2, 6, 0, 4, 1, 5, 7]",46,1
"[3, 2, 6, 0, 4, 1, 5, 7]",47,0
"[3, 2, 6, 0, 4, 1, 5, 7]",48,1
"[3, 2, 6, 0, 4, 1, 5, 7]",49,0
"[3, 2, 6, 0, 4, 1, 5, 7]",50,1
"[3, 2, 6, 0, 4, 1, 5, 7]",51,0
"[3, 2, 6, 0, 4, 1, 5, 7]",52,0
"[3, 2, 6, 0, 4, 1, 5, 7]",53,1
"[3, 2, 6, 0, 4, 1, 5, 7]",54,1
"[3, 2, 6, 0, 4, 1, 5, 7]",55,1
"[3, 2, 6, 0, 4, 1, 5, 7]",56,0
"[3, 2, 6, 0, 4, 1, 5, 7]",57,0
"[3, 2, 6, 0, 4, 1, 5, 7]",58,0
"[3, 2, 6, 0, 4, 1, 5, 7]",59,0
"[3, 2, 6, 0, 4, 1, 5, 7]",60,0
"[3, 2, 6, 0, 4, 1, 5, 7]",61,0
"[3, 2, 6, 0, 4, 1, 5, 7]",62,0
"[3, 2, 6, 0, 4, 1, 5, 7]",63,0
"[3, 2, 6, 0, 4, 1, 5, 7]",64,1
"[3, 2, 6, 0, 4, 1, 5, 7]",65,0
"[3, 2, 6, 0, 4, 1, 5, 7]",66,0
"[3, 2, 6, 0, 4, 1, 5, 7]",67,1
"[3, 2, 6, 0, 4, 1, 5, 7]",68,1
"[3, 2, 6, 0, 4, 1, 5, 7]",69,0
"[3, 2, 6, 0, 4, 1, 5, 7]",70,1
"[3, 2, 6, 0, 4, 1, 5, 7]",71,1
"[3, 2, 6, 0, 4, 1, 5, 7]",72,0
"[3, 2, 6, 0, 4, 1, 5, 7]",73,0
"[3, 2, 6, 0, 4, 1, 5, 7]",74,0
"[3, 2, 6, 0, 4, 1, 5, 7]",75,1
"[3, 2, 6, 0, 4, 1, 5, 7]",76,0
"[3, 2, 6, 0, 4, 1, 5, 7]",77,0
"[3, 2, 6, 0, 4, 1, 5, 7]",78,0
"[3, 2, 6, 0, 4, 1, 5, 7]",79,1
"[3, 2, 6, 0, 4, 1, 5, 7]",80,0
"[3, 2, 6, 0, 4, 1, 5, 7]",81,0
"[3, 2, 6, 0, 4, 1, 5, 7]",82,1
"[3, 2, 6, 0, 4, 1, 5, 7]",83,0
"[3, 2, 6, 0, 4, 1, 5, 7]",84,0
"[3, 2, 6, 0, 4, 1, 5, 7]",85,0
"[3, 2, 6, 0, 4, 1, 5, 7]",86,0
"[3, 2, 6, 0, 4, 1, 5, 7]",87,1
"[3, 2, 6, 0, 4, 1, 5, 7]",88,0
"[3, 2, 6, 0, 4, 1, 5, 7]",89,0
"[3, 2, 6, 0, 4, 1, 5, 7]",90,0
"[3, 2, 6, 0, 4, 1, 5, 7]",91,0
"[3, 2, 6, 0, 4, 1, 5, 7]",92,0
"[3, 2, 6, 0, 4, 1, 5, 7]",93,1
"[3, 2, 6, 0, 4, 1, 5, 7]",94,1
"[3, 2, 6, 0, 4, 1, 5, 7]",95,1
"[3, 2, 6, 0, 4, 1, 5, 7]",96,1
"[3, 2, 6, 0, 4, 1, 5, 7]",97,0
"[3, 2, 6, 0, 4, 1, 5, 7]",98,1
"[3, 2, 6, 0, 4, 1, 5, 7]",99,0
"[6, 1, 0, 3, 2, 7, 4, 5]",0,0
"[6, 1, 0, 3, 2, 7, 4, 5]",1,0
"[6, 1, 0, 3, 2, 7, 4, 5]",2,0
"[6, 1, 0, 3, 2, 7, 4, 5]",3,1
"[6, 1, 0, 3, 2, 7, 4, 5]",4,1
"[6, 1, 0, 3, 2, 7, 4, 5]",5,0
"[6, 1, 0, 3, 2, 7, 4, 5]",6,1
"[6, 1, 0, 3, 2, 7, 4, 5]",7,0
"[6, 1, 0, 3, 2, 7, 4, 5]",8,0
"[6, 1, 0, 3, 2, 7, 4, 5]",9,1
"[6, 1, 0, 3, 2, 7, 4, 5]",10,0
"[6, 1, 0, 3, 2, 7, 4, 5]",11,0
"[6, 1, 0, 3, 2, 7, 4, 5]",12,0
"[6, 1, 0, 3, 2, 7, 4, 5]",13,0
"[6, 1, 0, 3, 2, 7, 4, 5]",14,0
"[6, 1, 0, 3, 2, 7, 4, 5]",15,0
"[6, 1, 0, 3, 2, 7, 4, 5]",16,0
"[6, 1, 0, 3, 2, 7, 4, 5]",17,1
"[6, 1, 0, 3, 2, 7, 4, 5]",18,0
"[6, 1, 0, 3, 2, 7, 4, 5]",19,1
"[6, 1, 0, 3, 2, 7, 4, 5]",20,0
"[6, 1, 0, 3, 2, 7, 4, 5]",21,0
"[6, 1, 0, 3, 2, 7, 4, 5]",22,1
"[6, 1, 0, 3, 2, 7, 4, 5]",23,0
"[6, 1, 0, 3, 2, 7, 4, 5]",24,0
"[6, 1, 0, 3, 2, 7, 4, 5]",25,0
"[6, 1, 0, 3, 2, 7, 4, 5]",26,0
"[6, 1, 0, 3, 2, 7, 4, 5]",27,1
"[6, 1, 0, 3, 2, 7, 4, 5]",28,0
"[6, 1, 0, 3, 2, 7, 4, 5]",29,0
"[6, 1, 0, 3, 2, 7, 4, 5]",30,1
"[6, 1, 0, 3, 2, 7, 4, 5]",31,0
"[6, 1, 0, 3, 2, 7, 4, 5]",32,0
"[6, 1, 0, 3, 2, 7, 4, 5]",33,1
"[6, 1, 0, 3, 2, 7, 4, 5]",34,0
"[6, 1, 0, 3, 2, 7, 4, 5]",35,1
"[6, 1, 0, 3, 2, 7, 4, 5]",36,0
"[6, 1, 0, 3, 2, 7, 4, 5]",37,1
"[6, 1, 0, 3, 2, 7, 4, 5]",38,0
"[6, 1, 0, 3, 2, 7, 4, 5]",39,0
"[6, 1, 0, 3, 2, 7, 4, 5]",40,0
"[6, 1, 0, 3, 2, 7, 4, 5]",41,1
"[6, 1, 0, 3, 2, 7, 4, 5]",42,0
"[6, 1, 0, 3, 2, 7, 4, 5]",43,1
"[6, 1, 0, 3, 2, 7, 4, 5]",44,0
"[6, 1, 0, 3, 2, 7, 4, 5]",45,0
"[6, 1, 0, 3, 2, 7, 4, 5]",46,1
"[6, 1, 0, 3, 2, 7, 4, 5]",47,0
"[6, 1, 0, 3, 2, 7, 4, 5]",48,1
"[6, 1, 0, 3, 2, 7, 4, 5]",49,1
"[6, 1, 0, 3, 2, 7, 4, 5]",50,1
"[6, 1, 0, 3, 2, 7, 4, 5]",51,1
"[6, 1, 0, 3, 2, 7, 4, 5]",52,0
"[6, 1, 0, 3, 2, 7, 4, 5]",53,0
"[6, 1, 0, 3, 2, 7, 4, 5]",54,1
"[6, 1, 0, 3, 2, 7, 4, 5]",55,1
"[6, 1, 0, 3, 2, 7, 4, 5]",56,0
"[6, 1, 0, 3, 2, 7, 4, 5]",57,0
"[6, 1, 0, 3, 2, 7, 4, 5]",58,0
"[6, 1, 0, 3, 2, 7, 4, 5]",59,0
"[6, 1, 0, 3, 2, 7, 4, 5]",60,0
"[6, 1, 0, 3, 2, 7, 4, 5]",61,1
"[6, 1, 0, 3, 2, 7, 4, 5]",62,0
"[6, 1, 0, 3, 2, 7, 4, 5]",63,1
"[6, 1, 0, 3, 2, 7, 4, 5]",64,0
"[6, 1, 0, 3, 2, 7, 4, 5]",65,0
"[6, 1, 0, 3, 2, 7, 4, 5]",66,0
"[6, 1, 0, 3, 2, 7, 4, 5]",67,0
"[6, 1, 0, 3, 2, 7, 4, 5]",68,1
"[6, 1, 0, 3, 2, 7, 4, 5]",69,0
"[6, 1, 0, 3, 2, 7, 4, 5]",70,1
"[6, 1, 0, 3, 2, 7, 4, 5]",71,1
"[6, 1, 0, 3, 2, 7, 4, 5]",72,0
"[6, 1, 0, 3, 2, 7, 4, 5]",73,0
"[6, 1, 0, 3, 2, 7, 4, 5]",74,0
"[6, 1, 0, 3, 2, 7, 4, 5]",75,0
"[6, 1, 0, 3, 2, 7, 4, 5]",76,0
"[6, 1, 0, 3, 2, 7, 4, 5]",77,0
"[6, 1, 0, 3, 2, 7, 4, 5]",78,0
"[6, 1, 0, 3, 2, 7, 4, 5]",79,1
"[6, 1, 0, 3, 2, 7, 4, 5]",80,0
"[6, 1, 0, 3, 2, 7, 4, 5]",81,1
"[6, 1, 0, 3, 2, 7, 4, 5]",82,1
"[6, 1, 0, 3, 2, 7, 4, 5]",83,0
"[6, 1, 0, 3, 2, 7, 4, 5]",84,0
"[6, 1, 0, 3, 2, 7, 4, 5]",85,1
"[6, 1, 0, 3, 2, 7, 4, 5]",86,0
"[6, 1, 0, 3, 2, 7, 4, 5]",87,1
"[6, 1, 0, 3, 2, 7, 4, 5]",88,1
"[6, 1, 0, 3, 2, 7, 4, 5]",89,0
"[6, 1, 0, 3, 2, 7, 4, 5]",90,0
"[6, 1, 0, 3, 2, 7, 4, 5]",91,0
"[6, 1, 0, 3, 2, 7, 4, 5]",92,0
"[6, 1, 0, 3, 2, 7, 4, 5]",93,1
"[6, 1, 0, 3, 2, 7, 4, 5]",94,1
"[6, 1, 0, 3, 2, 7, 4, 5]",95,1
"[6, 1, 0, 3, 2, 7, 4, 5]",96,0
"[6, 1, 0, 3, 2, 7, 4, 5]",97,1
"[6, 1, 0, 3, 2, 7, 4, 5]",98,1
"[6, 1, 0, 3, 2, 7, 4, 5]",99,1
"[5, 7, 3, 1, 0, 4, 2, 6]",0,0
"[5, 7, 3, 1, 0, 4, 2, 6]",1,1
"[5, 7, 3, 1, 0, 4, 2, 6]",2,0
"[5, 7, 3, 1, 0, 4, 2, 6]",3,0
"[5, 7, 3, 1, 0, 4, 2, 6]",4,0
"[5, 7, 3, 1, 0, 4, 2, 6]",5,0
"[5, 7, 3, 1, 0, 4, 2, 6]",6,0
"[5, 7, 3, 1, 0, 4, 2, 6]",7,1
"[5, 7, 3, 1, 0, 4, 2, 6]",8,0
"[5, 7, 3, 1, 0, 4, 2, 6]",9,1
"[5, 7, 3, 1, 0, 4, 2, 6]",10,0
"[5, 7, 3, 1, 0, 4, 2, 6]",11,0
"[5, 7, 3, 1, 0, 4, 2, 6]",12,0
"[5, 7, 3, 1, 0, 4, 2, 6]",13,0
"[5, 7, 3, 1, 0, 4, 2, 6]",14,1
"[5, 7, 3, 1, 0, 4, 2, 6]",15,1
"[5, 7, 3, 1, 0, 4, 2, 6]",16,0
"[5, 7, 3, 1, 0, 4, 2, 6]",17,1
"[5, 7, 3, 1, 0, 4, 2, 6]",18,0
"[5, 7, 3, 1, 0, 4, 2, 6]",19,1
"[5, 7, 3, 1, 0, 4, 2, 6]",20,0
"[5, 7, 3, 1, 0, 4, 2, 6]",21,0
"[5, 7, 3, 1, 0, 4, 2, 6]",22,0
"[5, 7, 3, 1, 0, 4, 2, 6]",23,0
"[5, 7, 3, 1, 0, 4, 2, 6]",24,0
"[5, 7, 3, 1, 0, 4, 2, 6]",25,0
"[5, 7, 3, 1, 0, 4, 2, 6]",26,0
"[5, 7, 3, 1, 0, 4, 2, 6]",27,0
"[5, 7, 3, 1, 0, 4, 2, 6]",28,1
"[5, 7, 3, 1, 0, 4, 2, 6]",29,0
"[5, 7, 3, 1, 0, 4, 2, 6]",30,1
"[5, 7, 3, 1, 0, 4, 2, 6]",31,0
"[5, 7, 3, 1, 0, 4, 2, 6]",32,0
"[5, 7, 3, 1, 0, 4, 2, 6]",33,1
"[5, 7, 3, 1, 0, 4, 2, 6]",34,0
"[5, 7, 3, 1, 0, 4, 2, 6]",35,1
"[5, 7, 3, 1, 0, 4, 2, 6]",36,0
"[5, 7, 3, 1, 0, 4, 2, 6]",37,1
"[5, 7, 3, 1, 0, 4, 2, 6]",38,0
"[5, 7, 3, 1, 0, 4, 2, 6]",39,0
"[5, 7, 3, 1, 0, 4, 2, 6]",40,1
"[5, 7, 3, 1, 0, 4, 2, 6]",41,0
"[5, 7, 3, 1, 0, 4, 2, 6]",42,1
"[5, 7, 3, 1, 0, 4, 2, 6]",43,0
"[5, 7, 3, 1, 0, 4, 2, 6]",44,0
"[5, 7, 3, 1, 0, 4, 2, 6]",45,0
"[5, 7, 3, 1, 0, 4, 2, 6]",46,1
"[5, 7, 3, 1, 0, 4, 2, 6]",47,0
"[5, 7, 3, 1, 0, 4, 2, 6]",48,1
"[5, 7, 3, 1, 0, 4, 2, 6]",49,1
"[5, 7, 3, 1, 0, 4, 2, 6]",50,1
"[5, 7, 3, 1, 0, 4, 2, 6]",51,0
"[5, 7, 3, 1, 0, 4, 2, 6]",52,0
"[5, 7, 3, 1, 0, 4, 2, 6]",53,1
"[5, 7, 3, 1, 0, 4, 2, 6]",54,0
"[5, 7, 3, 1, 0, 4, 2, 6]",55,1
"[5, 7, 3, 1, 0, 4, 2, 6]",56,0
"[5, 7, 3, 1, 0, 4, 2, 6]",57,0
"[5, 7, 3, 1, 0, 4, 2, 6]",58,1
"[5, 7, 3, 1, 0, 4, 2, 6]",59,0
"[5, 7, 3, 1, 0, 4, 2, 6]",60,0
"[5, 7, 3, 1, 0, 4, 2, 6]",61,1
"[5, 7, 3, 1, 0, 4, 2, 6]",62,0
"[5, 7, 3, 1, 0, 4, 2, 6]",63,1
"[5, 7, 3, 1, 0, 4, 2, 6]",64,0
"[5, 7, 3, 1, 0, 4, 2, 6]",65,0
"[5, 7, 3, 1, 0, 4, 2, 6]",66,0
"[5, 7, 3, 1, 0, 4, 2, 6]",67,1
"[5, 7, 3, 1, 0, 4, 2, 6]",68,1
"[5, 7, 3, 1, 0, 4, 2, 6]",69,0
"[5, 7, 3, 1, 0, 4, 2, 6]",70,1
"[5, 7, 3, 1, 0, 4, 2, 6]",71,1
"[5, 7, 3, 1, 0, 4, 2, 6]",72,0
"[5, 7, 3, 1, 0, 4, 2, 6]",73,1
"[5, 7, 3, 1, 0, 4, 2, 6]",74,0
"[5, 7, 3, 1, 0, 4, 2, 6]",75,1
"[5, 7, 3, 1, 0, 4, 2, 6]",76,0
"[5, 7, 3, 1, 0, 4, 2, 6]",77,0
"[5, 7, 3, 1, 0, 4, 2, 6]",78,0
"[5, 7, 3, 1, 0, 4, 2, 6]",79,1
"[5, 7, 3, 1, 0, 4, 2, 6]",80,0
"[5, 7, 3, 1, 0, 4, 2, 6]",81,0
"[5, 7, 3, 1, 0, 4, 2, 6]",82,1
"[5, 7, 3, 1, 0, 4, 2, 6]",83,0
"[5, 7, 3, 1, 0, 4, 2, 6]",84,0
"[5, 7, 3, 1, 0, 4, 2, 6]",85,1
"[5, 7, 3, 1, 0, 4, 2, 6]",86,0
"[5, 7, 3, 1, 0, 4, 2, 6]",87,1
"[5, 7, 3, 1, 0, 4, 2, 6]",88,1
"[5, 7, 3, 1, 0, 4, 2, 6]",89,0
"[5, 7, 3, 1, 0, 4, 2, 6]",90,0
"[5, 7, 3, 1, 0, 4, 2, 6]",91,0
"[5, 7, 3, 1, 0, 4, 2, 6]",92,0
"[5, 7, 3, 1, 0, 4, 2, 6]",93,0
"[5, 7, 3, 1, 0, 4, 2, 6]",94,1
"[5, 7, 3, 1, 0, 4, 2, 6]",95,1
"[5, 7, 3, 1, 0, 4, 2, 6]",96,1
"[5, 7, 3, 1, 0, 4, 2, 6]",97,0
"[5, 7, 3, 1, 0, 4, 2, 6]",98,1
"[5, 7, 3, 1, 0, 4, 2, 6]",99,0
"[7, 2, 3, 6, 4, 1, 5, 0]",0,0
"[7, 2, 3, 6, 4, 1, 5, 0]",1,0
"[7, 2, 3, 6, 4, 1, 5, 0]",2,0
"[7, 2, 3, 6, 4, 1, 5, 0]",3,1
"[7, 2, 3, 6, 4, 1, 5, 0]",4,0
"[7, 2, 3, 6, 4, 1, 5, 0]",5,0
"[7, 2, 3, 6, 4, 1, 5, 0]",6,1
"[7, 2, 3, 6, 4, 1, 5, 0]",7,1
"[7, 2, 3, 6, 4, 1, 5, 0]",8,0
"[7, 2, 3, 6, 4, 1, 5, 0]",9,1
"[7, 2, 3, 6, 4, 1, 5, 0]",10,0
"[7, 2, 3, 6, 4, 1, 5, 0]",11,0
"[7, 2, 3, 6, 4, 1, 5, 0]",12,0
"[7, 2, 3, 6, 4, 1, 5, 0]",13,0
"[7, 2, 3, 6, 4, 1, 5, 0]",14,0
"[7, 2, 3, 6, 4, 1, 5, 0]",15,0
"[7, 2, 3, 6, 4, 1, 5, 0]",16,0
"[7, 2, 3, 6, 4, 1, 5, 0]",17,1
"[7, 2, 3, 6, 4, 1, 5, 0]",18,1
"[7, 2, 3, 6, 4, 1, 5, 0]",19,1
"[7, 2, 3, 6, 4, 1, 5, 0]",20,0
"[7, 2, 3, 6, 4, 1, 5, 0]",21,0
"[7, 2, 3, 6, 4, 1, 5, 0]",22,1
"[7, 2, 3, 6, 4, 1, 5, 0]",23,0
"[7, 2, 3, 6, 4, 1, 5, 0]",24,0
"[7, 2, 3, 6, 4, 1, 5, 0]",25,0
"[7, 2, 3, 6, 4, 1, 5, 0]",26,0
"[7, 2, 3, 6, 4, 1, 5, 0]",27,1
"[7, 2, 3, 6, 4, 1, 5, 0]",28,0
"[7, 2, 3, 6, 4, 1, 5, 0]",29,0
"[7, 2, 3, 6, 4, 1, 5, 0]",30,1
"[7, 2, 3, 6, 4, 1, 5, 0]",31,0
"[7, 2, 3, 6, 4, 1, 5, 0]",32,0
"[7, 2, 3, 6, 4, 1, 5, 0]",33,1
"[7, 2, 3, 6, 4, 1, 5, 0]",34,0
"[7, 2, 3, 6, 4, 1, 5, 0]",35,1
"[7, 2, 3, 6, 4, 1, 5, 0]",36,0
"[7, 2, 3, 6, 4, 1, 5, 0]",37,1
"[7, 2, 3, 6, 4, 1, 5, 0]",38,0
"[7, 2, 3, 6, 4, 1, 5, 0]",39,0
"[7, 2, 3, 6, 4, 1, 5, 0]",40,0
"[7, 2, 3, 6, 4, 1, 5, 0]",41,1
"[7, 2, 3, 6, 4, 1, 5, 0]",42,0
"[7, 2, 3, 6, 4, 1, 5, 0]",43,1
"[7, 2, 3, 6, 4, 1, 5, 0]",44,0
"[7, 2, 3, 6, 4, 1, 5, 0]",45,0
"[7, 2, 3, 6, 4, 1, 5, 0]",46,1
"[7, 2, 3, 6, 4, 1, 5, 0]",47,0
"[7, 2, 3, 6, 4, 1, 5, 0]",48,0
"[7, 2, 3, 6, 4, 1, 5, 0]",49,0
"[7, 2, 3, 6, 4, 1, 5, 0]",50,1
"[7, 2, 3, 6, 4, 1, 5, 0]",51,1
"[7, 2, 3, 6, 4, 1, 5, 0]",52,0
"[7, 2, 3, 6, 4, 1, 5, 0]",53,0
"[7, 2, 3, 6, 4, 1, 5, 0]",54,1
"[7, 2, 3, 6, 4, 1, 5, 0]",55,1
"[7, 2, 3, 6, 4, 1, 5, 0]",56,0
"[7, 2, 3, 6, 4, 1, 5, 0]",57,0
"[7, 2, 3, 6, 4, 1, 5, 0]",58,0
"[7, 2, 3, 6, 4, 1, 5, 0]",59,0
"[7, 2, 3, 6, 4, 1, 5, 0]",60,0
"[7, 2, 3, 6, 4, 1, 5, 0]",61,1
"[7, 2, 3, 6, 4, 1, 5, 0]",62,1
"[7, 2, 3, 6, 4, 1, 5, 0]",63,1
"[7, 2, 3, 6, 4, 1, 5, 0]",64,1
"[7, 2, 3, 6, 4, 1, 5, 0]",65,0
"[7, 2, 3, 6, 4, 1, 5, 0]",66,1
"[7, 2, 3, 6, 4, 1, 5, 0]",67,0
"[7, 2, 3, 6, 4, 1, 5, 0]",68,0
"[7, 2, 3, 6, 4, 1, 5, 0]",69,0
"[7, 2, 3, 6, 4, 1, 5, 0]",70,0
"[7, 2, 3, 6, 4, 1, 5, 0]",71,1
"[7, 2, 3, 6, 4, 1, 5, 0]",72,1
"[7, 2, 3, 6, 4, 1, 5, 0]",73,0
"[7, 2, 3, 6, 4, 1, 5, 0]",74,0
"[7, 2, 3, 6, 4, 1, 5, 0]",75,1
"[7, 2, 3, 6, 4, 1, 5, 0]",76,1
"[7, 2, 3, 6, 4, 1, 5, 0]",77,0
"[7, 2, 3, 6, 4, 1, 5, 0]",78,0
"[7, 2, 3, 6, 4, 1, 5, 0]",79,1
"[7, 2, 3, 6, 4, 1, 5, 0]",80,0
"[7, 2, 3, 6, 4, 1, 5, 0]",81,1
"[7, 2, 3, 6, 4, 1, 5, 0]",82,1
"[7, 2, 3, 6, 4, 1, 5, 0]",83,0
"[7, 2, 3, 6, 4, 1, 5, 0]",84,1
"[7, 2, 3, 6, 4, 1, 5, 0]",85,0
"[7, 2, 3, 6, 4, 1, 5, 0]",86,0
"[7, 2, 3, 6, 4, 1, 5, 0]",87,1
"[7, 2, 3, 6, 4, 1, 5, 0]",88,1
"[7, 2, 3, 6, 4, 1, 5, 0]",89,1
"[7, 2, 3, 6, 4, 1, 5, 0]",90,0
"[7, 2, 3, 6, 4, 1, 5, 0]",91,0
"[7, 2, 3, 6, 4, 1, 5, 0]",92,0
"[7, 2, 3, 6, 4, 1, 5, 0]",93,0
"[7, 2, 3, 6, 4, 1, 5, 0]",94,1
"[7, 2, 3, 6, 4, 1, 5, 0]",95,1
"[7, 2, 3, 6, 4, 1, 5, 0]",96,0
"[7, 2, 3, 6, 4, 1, 5, 0]",97,0
"[7, 2, 3, 6, 4, 1, 5, 0]",98,0
"[7, 2, 3, 6, 4, 1, 5, 0]",99,0
"[6, 7, 4, 1, 2, 5, 0, 3]",0,0
"[6, 7, 4, 1, 2, 5, 0, 3]",1,0
"[6, 7, 4, 1, 2, 5, 0, 3]",2,0
"[6, 7, 4, 1, 2, 5, 0, 3]",3,0
"[6, 7, 4, 1, 2, 5, 0, 3]",4,0
"[6, 7, 4, 1, 2, 5, 0, 3]",5,0
"[6, 7, 4, 1, 2, 5, 0, 3]",6,0
"[6, 7, 4, 1, 2, 5, 0, 3]",7,0
"[6, 7, 4, 1, 2, 5, 0, 3]",8,0
"[6, 7, 4, 1, 2, 5, 0, 3]",9,1
"[6, 7, 4, 1, 2, 5, 0, 3]",10,0
"[6, 7, 4, 1, 2, 5, 0, 3]",11,0
"[6, 7, 4, 1, 2, 5, 0, 3]",12,0
"[6, 7, 4, 1, 2, 5, 0, 3]",13,0
"[6, 7, 4, 1, 2, 5, 0, 3]",14,0
"[6, 7, 4, 1, 2, 5, 0, 3]",15,1
"[6, 7, 4, 1, 2, 5, 0, 3]",16,0
"[6, 7, 4, 1, 2, 5, 0, 3]",17,0
"[6, 7, 4, 1, 2, 5, 0, 3]",18,0
"[6, 7, 4, 1, 2, 5, 0, 3]",19,1
"[6, 7, 4, 1, 2, 5, 0, 3]",20,0
"[6, 7, 4, 1, 2, 5, 0, 3]",21,0
"[6, 7, 4, 1, 2, 5, 0, 3]",22,0
"[6, 7, 4, 1, 2, 5, 0, 3]",23,0
"[6, 7, 4, 1, 2, 5, 0, 3]",24,0
"[6, 7, 4, 1, 2, 5, 0, 3]",25,0
"[6, 7, 4, 1, 2, 5, 0, 3]",26,0
"[6, 7, 4, 1, 2, 5, 0, 3]",27,1
"[6, 7, 4, 1, 2, 5, 0, 3]",28,0
"[6, 7, 4, 1, 2, 5, 0, 3]",29,0
"[6, 7, 4, 1, 2, 5, 0, 3]",30,1
"[6, 7, 4, 1, 2, 5, 0, 3]",31,0
"[6, 7, 4, 1, 2, 5, 0, 3]",32,0
"[6, 7, 4, 1, 2, 5, 0, 3]",33,0
"[6, 7, 4, 1, 2, 5, 0, 3]",34,0
"[6, 7, 4, 1, 2, 5, 0, 3]",35,0
"[6, 7, 4, 1, 2, 5, 0, 3]",36,0
"[6, 7, 4, 1, 2, 5, 0, 3]",37,1
"[6, 7, 4, 1, 2, 5, 0, 3]",38,0
"[6, 7, 4, 1, 2, 5, 0, 3]",39,0
"[6, 7, 4, 1, 2, 5, 0, 3]",40,0
"[6, 7, 4, 1, 2, 5, 0, 3]",41,1
"[6, 7, 4, 1, 2, 5, 0, 3]",42,0
"[6, 7, 4, 1, 2, 5, 0, 3]",43,0
"[6, 7, 4, 1, 2, 5, 0, 3]",44,0
"[6, 7, 4, 1, 2, 5, 0, 3]",45,0
"[6, 7, 4, 1, 2, 5, 0, 3]",46,1
"[6, 7, 4, 1, 2, 5, 0, 3]",47,0
"[6, 7, 4, 1, 2, 5, 0, 3]",48,1
"[6, 7, 4, 1, 2, 5, 0, 3]",49,0
"[6, 7, 4, 1, 2, 5, 0, 3]",50,1
"[6, 7, 4, 1, 2, 5, 0, 3]",51,0
"[6, 7, 4, 1, 2, 5, 0, 3]",52,0
"[6, 7, 4, 1, 2, 5, 0, 3]",53,0
"[6, 7, 4, 1, 2, 5, 0, 3]",54,0
"[6, 7, 4, 1, 2, 5, 0, 3]",55,0
"[6, 7, 4, 1, 2, 5, 0, 3]",56,0
"[6, 7, 4, 1, 2, 5, 0, 3]",57,0
"[6, 7, 4, 1, 2, 5, 0, 3]",58,0
"[6, 7, 4, 1, 2, 5, 0, 3]",59,0
"[6, 7, 4, 1, 2, 5, 0, 3]",60,0
"[6, 7, 4, 1, 2, 5, 0, 3]",61,0
"[6, 7, 4, 1, 2, 5, 0, 3]",62,0
"[6, 7, 4, 1, 2, 5, 0, 3]",63,0
"[6, 7, 4, 1, 2, 5, 0, 3]",64,0
"[6, 7, 4, 1, 2, 5, 0, 3]",65,0
"[6, 7, 4, 1, 2, 5, 0, 3]",66,0
"[6, 7, 4, 1, 2, 5, 0, 3]",67,0
"[6, 7, 4, 1, 2, 5, 0, 3]",68,0
"[6, 7, 4, 1, 2, 5, 0, 3]",69,0
"[6, 7, 4, 1, 2, 5, 0, 3]",70,0
"[6, 7, 4, 1, 2, 5, 0, 3]",71,1
"[6, 7, 4, 1, 2, 5, 0, 3]",72,1
"[6, 7, 4, 1, 2, 5, 0, 3]",73,1
"[6, 7, 4, 1, 2, 5, 0, 3]",74,0
"[6, 7, 4, 1, 2, 5, 0, 3]",75,1
"[6, 7, 4, 1, 2, 5, 0, 3]",76,0
"[6, 7, 4, 1, 2, 5, 0, 3]",77,0
"[6, 7, 4, 1, 2, 5, 0, 3]",78,0
"[6, 7, 4, 1, 2, 5, 0, 3]",79,0
"[6, 7, 4, 1, 2, 5, 0, 3]",80,0
"[6, 7, 4, 1, 2, 5, 0, 3]",81,0
"[6, 7, 4, 1, 2, 5, 0, 3]",82,0
"[6, 7, 4, 1, 2, 5, 0, 3]",83,0
"[6, 7, 4, 1, 2, 5, 0, 3]",84,0
"[6, 7, 4, 1, 2, 5, 0, 3]",85,1
"[6, 7, 4, 1, 2, 5, 0, 3]",86,0
"[6, 7, 4, 1, 2, 5, 0, 3]",87,1
"[6, 7, 4, 1, 2, 5, 0, 3]",88,0
"[6, 7, 4, 1, 2, 5, 0, 3]",89,0
"[6, 7, 4, 1, 2, 5, 0, 3]",90,0
"[6, 7, 4, 1, 2, 5, 0, 3]",91,0
"[6, 7, 4, 1, 2, 5, 0, 3]",92,0
"[6, 7, 4, 1, 2, 5, 0, 3]",93,1
"[6, 7, 4, 1, 2, 5, 0, 3]",94,0
"[6, 7, 4, 1, 2, 5, 0, 3]",95,0
"[6, 7, 4, 1, 2, 5, 0, 3]",96,0
"[6, 7, 4, 1, 2, 5, 0, 3]",97,1
"[6, 7, 4, 1, 2, 5, 0, 3]",98,0
"[6, 7, 4, 1, 2, 5, 0, 3]",99,0
"[1, 7, 2, 4, 6, 0, 5, 3]",0,0
"[1, 7, 2, 4, 6, 0, 5, 3]",1,0
"[1, 7, 2, 4, 6, 0, 5, 3]",2,0
"[1, 7, 2, 4, 6, 0, 5, 3]",3,0
"[1, 7, 2, 4, 6, 0, 5, 3]",4,0
"[1, 7, 2, 4, 6, 0, 5, 3]",5,0
"[1, 7, 2, 4, 6, 0, 5, 3]",6,0
"[1, 7, 2, 4, 6, 0, 5, 3]",7,0
"[1, 7, 2, 4, 6, 0, 5, 3]",8,0
"[1, 7, 2, 4, 6, 0, 5, 3]",9,0
"[1, 7, 2, 4, 6, 0, 5, 3]",10,0
"[1, 7, 2, 4, 6, 0, 5, 3]",11,0
"[1, 7, 2, 4, 6, 0, 5, 3]",12,0
"[1, 7, 2, 4, 6, 0, 5, 3]",13,0
"[1, 7, 2, 4, 6, 0, 5, 3]",14,0
"[1, 7, 2, 4, 6, 0, 5, 3]",15,1
"[1, 7, 2, 4, 6, 0, 5, 3]",16,0
"[1, 7, 2, 4, 6, 0, 5, 3]",17,0
"[1, 7, 2, 4, 6, 0, 5, 3]",18,0
"[1, 7, 2, 4, 6, 0, 5, 3]",19,0
"[1, 7, 2, 4, 6, 0, 5, 3]",20,0
"[1, 7, 2, 4, 6, 0, 5, 3]",21,0
"[1, 7, 2, 4, 6, 0, 5, 3]",22,0
"[1, 7, 2, 4, 6, 0, 5, 3]",23,0
"[1, 7, 2, 4, 6, 0, 5, 3]",24,0
"[1, 7, 2, 4, 6, 0, 5, 3]",25,0
"[1, 7, 2, 4, 6, 0, 5, 3]",26,0
"[1, 7, 2, 4, 6, 0, 5, 3]",27,1
"[1, 7, 2, 4, 6, 0, 5, 3]",28,1
"[1, 7, 2, 4, 6, 0, 5, 3]",29,0
"[1, 7, 2, 4, 6, 0, 5, 3]",30,0
"[1, 7, 2, 4, 6, 0, 5, 3]",31,0
"[1, 7, 2, 4, 6, 0, 5, 3]",32,0
"[1, 7, 2, 4, 6, 0, 5, 3]",33,0
"[1, 7, 2, 4, 6, 0, 5, 3]",34,0
"[1, 7, 2, 4, 6, 0, 5, 3]",35,0
"[1, 7, 2, 4, 6, 0, 5, 3]",36,0
"[1, 7, 2, 4, 6, 0, 5, 3]",37,1
"[1, 7, 2, 4, 6, 0, 5, 3]",38,0
"[1, 7, 2, 4, 6, 0, 5, 3]",39,0
"[1, 7, 2, 4, 6, 0, 5, 3]",40,0
"[1, 7, 2, 4, 6, 0, 5, 3]",41,0
"[1, 7, 2, 4, 6, 0, 5, 3]",42,0
"[1, 7, 2, 4, 6, 0, 5, 3]",43,0
"[1, 7, 2, 4, 6, 0, 5, 3]",44,0
"[1, 7, 2, 4, 6, 0, 5, 3]",45,0
"[1, 7, 2, 4, 6, 0, 5, 3]",46,1
"[1, 7, 2, 4, 6, 0, 5, 3]",47,0
"[1, 7, 2, 4, 6, 0, 5, 3]",48,0
"[1, 7, 2, 4, 6, 0, 5, 3]",49,0
"[1, 7, 2, 4, 6, 0, 5, 3]",50,0
"[1, 7, 2, 4, 6, 0, 5, 3]",51,0
"[1, 7, 2, 4, 6, 0, 5, 3]",52,0
"[1, 7, 2, 4, 6, 0, 5, 3]",53,0
"[1, 7, 2, 4, 6, 0, 5, 3]",54,0
"[1, 7, 2, 4, 6, 0, 5, 3]",55,0
"[1, 7, 2, 4, 6, 0, 5, 3]",56,0
"[1, 7, 2, 4, 6, 0, 5, 3]",57,0
"[1, 7, 2, 4, 6, 0, 5, 3]",58,0
"[1, 7, 2, 4, 6, 0, 5, 3]",59,0
"[1, 7, 2, 4, 6, 0, 5, 3]",60,0
"[1, 7, 2, 4, 6, 0, 5, 3]",61,1
"[1, 7, 2, 4, 6, 0, 5, 3]",62,0
"[1, 7, 2, 4, 6, 0, 5, 3]",63,0
"[1, 7, 2, 4, 6, 0, 5, 3]",64,0
"[1, 7, 2, 4, 6, 0, 5, 3]",65,0
"[1, 7, 2, 4, 6, 0, 5, 3]",66,0
"[1, 7, 2, 4, 6, 0, 5, 3]",67,0
"[1, 7, 2, 4, 6, 0, 5, 3]",68,0
"[1, 7, 2, 4, 6, 0, 5, 3]",69,0
"[1, 7, 2, 4, 6, 0, 5, 3]",70,0
"[1, 7, 2, 4, 6, 0, 5, 3]",71,0
"[1, 7, 2, 4, 6, 0, 5, 3]",72,1
"[1, 7, 2, 4, 6, 0, 5, 3]",73,1
"[1, 7, 2, 4, 6, 0, 5, 3]",74,0
"[1, 7, 2, 4, 6, 0, 5, 3]",75,0
"[1, 7, 2, 4, 6, 0, 5, 3]",76,0
"[1, 7, 2, 4, 6, 0, 5, 3]",77,0
"[1, 7, 2, 4, 6, 0, 5, 3]",78,0
"[1, 7, 2, 4, 6, 0, 5, 3]",79,0
"[1, 7, 2, 4, 6, 0, 5, 3]",80,0
"[1, 7, 2, 4, 6, 0, 5, 3]",81,0
"[1, 7, 2, 4, 6, 0, 5, 3]",82,0
"[1, 7, 2, 4, 6, 0, 5, 3]",83,0
"[1, 7, 2, 4, 6, 0, 5, 3]",84,0
"[1, 7, 2, 4, 6, 0, 5, 3]",85,0
"[1, 7, 2, 4, 6, 0, 5, 3]",86,0
"[1, 7, 2, 4, 6, 0, 5, 3]",87,0
"[1, 7, 2, 4, 6, 0, 5, 3]",88,0
"[1, 7, 2, 4, 6, 0, 5, 3]",89,0
"[1, 7, 2, 4, 6, 0, 5, 3]",90,0
"[1, 7, 2, 4, 6, 0, 5, 3]",91,0
"[1, 7, 2, 4, 6, 0, 5, 3]",92,0
"[1, 7, 2, 4, 6, 0, 5, 3]",93,1
"[1, 7, 2, 4, 6, 0, 5, 3]",94,0
"[1, 7, 2, 4, 6, 0, 5, 3]",95,0
"[1, 7, 2, 4, 6, 0, 5, 3]",96,0
"[1, 7, 2, 4, 6, 0, 5, 3]",97,0
"[1, 7, 2, 4, 6, 0, 5, 3]",98,0
"[1, 7, 2, 4, 6, 0, 5, 3]",99,0
"[4, 2, 3, 0, 6, 7, 5, 1]",0,0
"[4, 2, 3, 0, 6, 7, 5, 1]",1,1
"[4, 2, 3, 0, 6, 7, 5, 1]",2,0
