wording_id,perm,qidx,correct
orig,"[0, 1, 2, 3, 4, 5, 6, 7]",0,0
orig,"[0, 1, 2, 3, 4, 5, 6, 7]",1,0
orig,"[0, 1, 2, 3, 4, 5, 6, 7]",2,0
orig,"[0, 1, 2, 3, 4, 5, 6, 7]",3,0
orig,"[0, 1, 2, 3, 4, 5, 6, 7]",4,0
orig,"[0, 1, 2, 3, 4, 5, 6, 7]",5,0
orig,"[0, 1, 2, 3, 4, 5, 6, 7]",6,0
orig,"[0, 1, 2, 3, 4, 5, 6, 7]",7,1
orig,"[0, 1, 2, 3, 4, 5, 6, 7]",8,0
orig,"[0, 1, 2, 3, 4, 5, 6, 7]",9,1
orig,"[0, 1, 2, 3, 4, 5, 6, 7]",10,0
orig,"[0, 1, 2, 3, 4, 5, 6, 7]",11,0
orig,"[0, 1, 2, 3, 4, 5, 6, 7]",12,0
orig,"[0, 1, 2, 3, 4, 5, 6, 7]",13,0
orig,"[0, 1, 2, 3, 4, 5, 6, 7]",14,1
orig,"[0, 1, 2, 3, 4, 5, 6, 7]",15,0
orig,"[0, 1, 2, 3, 4, 5, 6, 7]",16,0
orig,"[0, 1, 2, 3, 4, 5, 6, 7]",17,1
orig,"[0, 1, 2, 3, 4, 5, 6, 7]",18,1
orig,"[0, 1, 2, 3, 4, 5, 6, 7]",19,1
orig,"[0, 1, 2, 3, 4, 5, 6, 7]",20,0
orig,"[0, 1, 2, 3, 4, 5, 6, 7]",21,0
orig,"[0, 1, 2, 3, 4, 5, 6, 7]",22,1
orig,"[0, 1, 2, 3, 4, 5, 6, 7]",23,0
orig,"[0, 1, 2, 3, 4, 5, 6, 7]",24,0
orig,"[0, 1, 2, 3, 4, 5, 6, 7]",25,0
orig,"[0, 1, 2, 3, 4, 5, 6, 7]",26,1
orig,"[0, 1, 2, 3, 4, 5, 6, 7]",27,1
orig,"[0, 1, 2, 3, 4, 5, 6, 7]",28,1
orig,"[0, 1, 2, 3, 4, 5, 6, 7]",29,0
orig,"[0, 1, 2, 3, 4, 5, 6, 7]",30,1
orig,"[0, 1, 2, 3, 4, 5, 6, 7]",31,1
orig,"[0, 1, 2, 3, 4, 5, 6, 7]",32,0
orig,"[0, 1, 2, 3, 4, 5, 6, 7]",33,1
orig,"[0, 1, 2, 3, 4, 5, 6, 7]",34,0
orig,"[0, 1, 2, 3, 4, 5, 6, 7]",35,1
orig,"[0, 1, 2, 3, 4, 5, 6, 7]",36,0
orig,"[0, 1, 2, 3, 4, 5, 6, 7]",37,1
orig,"[0, 1, 2, 3, 4, 5, 6, 7]",38,0
orig,"[0, 1, 2, 3, 4, 5, 6, 7]",39,0
orig,"[0, 1, 2, 3, 4, 5, 6, 7]",40,0
orig,"[0, 1, 2, 3, 4, 5, 6, 7]",41,0
orig,"[0, 1, 2, 3, 4, 5, 6, 7]",42,1
orig,"[0, 1, 2, 3, 4, 5, 6, 7]",43,0
orig,"[0, 1, 2, 3, 4, 5, 6, 7]",44,0
orig,"[0, 1, 2, 3, 4, 5, 6, 7]",45,0
orig,"[0, 1, 2, 3, 4, 5, 6, 7]",46,1
orig,"[0, 1, 2, 3, 4, 5, 6, 7]",47,0
orig,"[0, 1, 2, 3, 4, 5, 6, 7]",48,1
orig,"[0, 1, 2, 3, 4, 5, 6, 7]",49,0
orig,"[0, 1, 2, 3, 4, 5, 6, 7]",50,1
orig,"[0, 1, 2, 3, 4, 5, 6, 7]",51,0
orig,"[0, 1, 2, 3, 4, 5, 6, 7]",52,0
orig,"[0, 1, 2, 3, 4, 5, 6, 7]",53,1
orig,"[0, 1, 2, 3, 4, 5, 6, 7]",54,0
orig,"[0, 1, 2, 3, 4, 5, 6, 7]",55,1
orig,"[0, 1, 2, 3, 4, 5, 6, 7]",56,0
orig,"[0, 1, 2, 3, 4, 5, 6, 7]",57,0
orig,"[0, 1, 2, 3, 4, 5, 6, 7]",58,1
orig,"[0, 1, 2, 3, 4, 5, 6, 7]",59,0
250d831c37,"[0, 1, 2, 3, 4, 5, 6, 7]",0,0
250d831c37,"[0, 1, 2, 3, 4, 5, 6, 7]",1,1
250d831c37,"[0, 1, 2, 3, 4, 5, 6, 7]",2,0
250d831c37,"[0, 1, 2, 3, 4, 5, 6, 7]",3,0
250d831c37,"[0, 1, 2, 3, 4, 5, 6, 7]",4,1
250d831c37,"[0, 1, 2, 3, 4, 5, 6, 7]",5,0
250d831c37,"[0, 1, 2, 3, 4, 5, 6, 7]",6,0
250d831c37,"[0, 1, 2, 3, 4, 5, 6, 7]",7,1
250d831c37,"[0, 1, 2, 3, 4, 5, 6, 7]",8,0
250d831c37,"[0, 1, 2, 3, 4, 5, 6, 7]",9,1
250d831c37,"[0, 1, 2, 3, 4, 5, 6, 7]",10,0
250d831c37,"[0, 1, 2, 3, 4, 5, 6, 7]",11,0
250d831c37,"[0, 1, 2, 3, 4, 5, 6, 7]",12,0
250d831c37,"[0, 1, 2, 3, 4, 5, 6, 7]",13,1
250d831c37,"[0, 1, 2, 3, 4, 5, 6, 7]",14,0
250d831c37,"[0, 1, 2, 3, 4, 5, 6, 7]",15,0
250d831c37,"[0, 1, 2, 3, 4, 5, 6, 7]",16,0
250d831c37,"[0, 1, 2, 3, 4, 5, 6, 7]",17,1
250d831c37,"[0, 1, 2, 3, 4, 5, 6, 7]",18,1
250d831c37,"[0, 1, 2, 3, 4, 5, 6, 7]",19,1
250d831c37,"[0, 1, 2, 3, 4, 5, 6, 7]",20,0
250d831c37,"[0, 1, 2, 3, 4, 5, 6, 7]",21,0
250d831c37,"[0, 1, 2, 3, 4, 5, 6, 7]",22,0
250d831c37,"[0, 1, 2, 3, 4, 5, 6, 7]",23,0
250d831c37,"[0, 1, 2, 3, 4, 5, 6, 7]",24,0
250d831c37,"[0, 1, 2, 3, 4, 5, 6, 7]",25,0
250d831c37,"[0, 1, 2, 3, 4, 5, 6, 7]",26,0
250d831c37,"[0, 1, 2, 3, 4, 5, 6, 7]",27,1
250d831c37,"[0, 1, 2, 3, 4, 5, 6, 7]",28,1
250d831c37,"[0, 1, 2, 3, 4, 5, 6, 7]",29,0
250d831c37,"[0, 1, 2, 3, 4, 5, 6, 7]",30,1
250d831c37,"[0, 1, 2, 3, 4, 5, 6, 7]",31,0
250d831c37,"[0, 1, 2, 3, 4, 5, 6, 7]",32,0
250d831c37,"[0, 1, 2, 3, 4, 5, 6, 7]",33,1
250d831c37,"[0, 1, 2, 3, 4, 5, 6, 7]",34,0
250d831c37,"[0, 1, 2, 3, 4, 5, 6, 7]",35,1
250d831c37,"[0, 1, 2, 3, 4, 5, 6, 7]",36,0
250d831c37,"[0, 1, 2, 3, 4, 5, 6, 7]",37,1
250d831c37,"[0, 1, 2, 3, 4, 5, 6, 7]",38,0
250d831c37,"[0, 1, 2, 3, 4, 5, 6, 7]",39,0
250d831c37,"[0, 1, 2, 3, 4, 5, 6, 7]",40,0
250d831c37,"[0, 1, 2, 3, 4, 5, 6, 7]",41,1
250d831c37,"[0, 1, 2, 3, 4, 5, 6, 7]",42,0
250d831c37,"[0, 1, 2, 3, 4, 5, 6, 7]",43,1
250d831c37,"[0, 1, 2, 3, 4, 5, 6, 7]",44,0
250d831c37,"[0, 1, 2, 3, 4, 5, 6, 7]",45,0
250d831c37,"[0, 1, 2, 3, 4, 5, 6, 7]",46,1
250d831c37,"[0, 1, 2, 3, 4, 5, 6, 7]",47,0
250d831c37,"[0, 1, 2, 3, 4, 5, 6, 7]",48,1
250d831c37,"[0, 1, 2, 3, 4, 5, 6, 7]",49,0
250d831c37,"[0, 1, 2, 3, 4, 5, 6, 7]",50,1
250d831c37,"[0, 1, 2, 3, 4, 5, 6, 7]",51,1
250d831c37,"[0, 1, 2, 3, 4, 5, 6, 7]",52,0
250d831c37,"[0, 1, 2, 3, 4, 5, 6, 7]",53,0
250d831c37,"[0, 1, 2, 3, 4, 5, 6, 7]",54,0
250d831c37,"[0, 1, 2, 3, 4, 5, 6, 7]",55,1
250d831c37,"[0, 1, 2, 3, 4, 5, 6, 7]",56,0
250d831c37,"[0, 1, 2, 3, 4, 5, 6, 7]",57,0
250d831c37,"[0, 1, 2, 3, 4, 5, 6, 7]",58,1
250d831c37,"[0, 1, 2, 3, 4, 5, 6, 7]",59,0
62a413d0c5,"[0, 1, 2, 3, 4, 5, 6, 7]",0,0
62a413d0c5,"[0, 1, 2, 3, 4, 5, 6, 7]",1,0
62a413d0c5,"[0, 1, 2, 3, 4, 5, 6, 7]",2,0
62a413d0c5,"[0, 1, 2, 3, 4, 5, 6, 7]",3,0
62a413d0c5,"[0, 1, 2, 3, 4, 5, 6, 7]",4,0
62a413d0c5,"[0, 1, 2, 3, 4, 5, 6, 7]",5,0
62a413d0c5,"[0, 1, 2, 3, 4, 5, 6, 7]",6,0
62a413d0c5,"[0, 1, 2, 3, 4, 5, 6, 7]",7,1
62a413d0c5,"[0, 1, 2, 3, 4, 5, 6, 7]",8,0
62a413d0c5,"[0, 1, 2, 3, 4, 5, 6, 7]",9,1
62a413d0c5,"[0, 1, 2, 3, 4, 5, 6, 7]",10,0
62a413d0c5,"[0, 1, 2, 3, 4, 5, 6, 7]",11,0
62a413d0c5,"[0, 1, 2, 3, 4, 5, 6, 7]",12,1
62a413d0c5,"[0, 1, 2, 3, 4, 5, 6, 7]",13,0
62a413d0c5,"[0, 1, 2, 3, 4, 5, 6, 7]",14,0
62a413d0c5,"[0, 1, 2, 3, 4, 5, 6, 7]",15,0
62a413d0c5,"[0, 1, 2, 3, 4, 5, 6, 7]",16,0
62a413d0c5,"[0, 1, 2, 3, 4, 5, 6, 7]",17,1
62a413d0c5,"[0, 1, 2, 3, 4, 5, 6, 7]",18,1
62a413d0c5,"[0, 1, 2, 3, 4, 5, 6, 7]",19,1
62a413d0c5,"[0, 1, 2, 3, 4, 5, 6, 7]",20,0
62a413d0c5,"[0, 1, 2, 3, 4, 5, 6, 7]",21,0
62a413d0c5,"[0, 1, 2, 3, 4, 5, 6, 7]",22,0
62a413d0c5,"[0, 1, 2, 3, 4, 5, 6, 7]",23,0
62a413d0c5,"[0, 1, 2, 3, 4, 5, 6, 7]",24,0
62a413d0c5,"[0, 1, 2, 3, 4, 5, 6, 7]",25,0
62a413d0c5,"[0, 1, 2, 3, 4, 5, 6, 7]",26,0
62a413d0c5,"[0, 1, 2, 3, 4, 5, 6, 7]",27,1
62a413d0c5,"[0, 1, 2, 3, 4, 5, 6, 7]",28,0
62a413d0c5,"[0, 1, 2, 3, 4, 5, 6, 7]",29,1
62a413d0c5,"[0, 1, 2, 3, 4, 5, 6, 7]",30,1
62a413d0c5,"[0, 1, 2, 3, 4, 5, 6, 7]",31,0
62a413d0c5,"[0, 1, 2, 3, 4, 5, 6, 7]",32,0
62a413d0c5,"[0, 1, 2, 3, 4, 5, 6, 7]",33,1
62a413d0c5,"[0, 1, 2, 3, 4, 5, 6, 7]",34,0
62a413d0c5,"[0, 1, 2, 3, 4, 5, 6, 7]",35,1
62a413d0c5,"[0, 1, 2, 3, 4, 5, 6, 7]",36,0
62a413d0c5,"[0, 1, 2, 3, 4, 5, 6, 7]",37,1
62a413d0c5,"[0, 1, 2, 3, 4, 5, 6, 7]",38,0
62a413d0c5,"[0, 1, 2, 3, 4, 5, 6, 7]",39,0
62a413d0c5,"[0, 1, 2, 3, 4, 5, 6, 7]",40,1
62a413d0c5,"[0, 1, 2, 3, 4, 5, 6, 7]",41,0
62a413d0c5,"[0, 1, 2, 3, 4, 5, 6, 7]",42,0
62a413d0c5,"[0, 1, 2, 3, 4, 5, 6, 7]",43,1
62a413d0c5,"[0, 1, 2, 3, 4, 5, 6, 7]",44,0
62a413d0c5,"[0, 1, 2, 3, 4, 5, 6, 7]",45,0
62a413d0c5,"[0, 1, 2, 3, 4, 5, 6, 7]",46,1
62a413d0c5,"[0, 1, 2, 3, 4, 5, 6, 7]",47,0
62a413d0c5,"[0, 1, 2, 3, 4, 5, 6, 7]",48,1
62a413d0c5,"[0, 1, 2, 3, 4, 5, 6, 7]",49,1
62a413d0c5,"[0, 1, 2, 3, 4, 5, 6, 7]",50,1
62a413d0c5,"[0, 1, 2, 3, 4, 5, 6, 7]",51,0
62a413d0c5,"[0, 1, 2, 3, 4, 5, 6, 7]",52,0
62a413d0c5,"[0, 1, 2, 3, 4, 5, 6, 7]",53,0
62a413d0c5,"[0, 1, 2, 3, 4, 5, 6, 7]",54,0
62a413d0c5,"[0, 1, 2, 3, 4, 5, 6, 7]",55,1
62a413d0c5,"[0, 1, 2, 3, 4, 5, 6, 7]",56,0
62a413d0c5,"[0, 1, 2, 3, 4, 5, 6, 7]",57,0
62a413d0c5,"[0, 1, 2, 3, 4, 5, 6, 7]",58,1
62a413d0c5,"[0, 1, 2, 3, 4, 5, 6, 7]",59,0
1b82ece7e6,"[0, 1, 2, 3, 4, 5, 6, 7]",0,0
1b82ece7e6,"[0, 1, 2, 3, 4, 5, 6, 7]",1,1
1b82ece7e6,"[0, 1, 2, 3, 4, 5, 6, 7]",2,0
1b82ece7e6,"[0, 1, 2, 3, 4, 5, 6, 7]",3,1
1b82ece7e6,"[0, 1, 2, 3, 4, 5, 6, 7]",4,0
1b82ece7e6,"[0, 1, 2, 3, 4, 5, 6, 7]",5,0
1b82ece7e6,"[0, 1, 2, 3, 4, 5, 6, 7]",6,0
1b82ece7e6,"[0, 1, 2, 3, 4, 5, 6, 7]",7,1
1b82ece7e6,"[0, 1, 2, 3, 4, 5, 6, 7]",8,0
1b82ece7e6,"[0, 1, 2, 3, 4, 5, 6, 7]",9,1
1b82ece7e6,"[0, 1, 2, 3, 4, 5, 6, 7]",10,0
1b82ece7e6,"[0, 1, 2, 3, 4, 5, 6, 7]",11,1
1b82ece7e6,"[0, 1, 2, 3, 4, 5, 6, 7]",12,1
1b82ece7e6,"[0, 1, 2, 3, 4, 5, 6, 7]",13,1
1b82ece7e6,"[0, 1, 2, 3, 4, 5, 6, 7]",14,0
1b82ece7e6,"[0, 1, 2, 3, 4, 5, 6, 7]",15,0
1b82ece7e6,"[0, 1, 2, 3, 4, 5, 6, 7]",16,0
1b82ece7e6,"[0, 1, 2, 3, 4, 5, 6, 7]",17,1
1b82ece7e6,"[0, 1, 2, 3, 4, 5, 6, 7]",18,1
1b82ece7e6,"[0, 1, 2, 3, 4, 5, 6, 7]",19,1
1b82ece7e6,"[0, 1, 2, 3, 4, 5, 6, 7]",20,0
1b82ece7e6,"[0, 1, 2, 3, 4, 5, 6, 7]",21,0
1b82ece7e6,"[0, 1, 2, 3, 4, 5, 6, 7]",22,0
1b82ece7e6,"[0, 1, 2, 3, 4, 5, 6, 7]",23,0
1b82ece7e6,"[0, 1, 2, 3, 4, 5, 6, 7]",24,0
1b82ece7e6,"[0, 1, 2, 3, 4, 5, 6, 7]",25,0
1b82ece7e6,"[0, 1, 2, 3, 4, 5, 6, 7]",26,0
1b82ece7e6,"[0, 1, 2, 3, 4, 5, 6, 7]",27,0
1b82ece7e6,"[0, 1, 2, 3, 4, 5, 6, 7]",28,1
1b82ece7e6,"[0, 1, 2, 3, 4, 5, 6, 7]",29,0
1b82ece7e6,"[0, 1, 2, 3, 4, 5, 6, 7]",30,1
1b82ece7e6,"[0, 1, 2, 3, 4, 5, 6, 7]",31,0
1b82ece7e6,"[0, 1, 2, 3, 4, 5, 6, 7]",32,0
1b82ece7e6,"[0, 1, 2, 3, 4, 5, 6, 7]",33,1
1b82ece7e6,"[0, 1, 2, 3, 4, 5, 6, 7]",34,0
1b82ece7e6,"[0, 1, 2, 3, 4, 5, 6, 7]",35,1
1b82ece7e6,"[0, 1, 2, 3, 4, 5, 6, 7]",36,0
1b82ece7e6,"[0, 1, 2, 3, 4, 5, 6, 7]",37,1
1b82ece7e6,"[0, 1, 2, 3, 4, 5, 6, 7]",38,0
1b82ece7e6,"[0, 1, 2, 3, 4, 5, 6, 7]",39,0
1b82ece7e6,"[0, 1, 2, 3, 4, 5, 6, 7]",40,1
1b82ece7e6,"[0, 1, 2, 3, 4, 5, 6, 7]",41,1
1b82ece7e6,"[0, 1, 2, 3, 4, 5, 6, 7]",42,0
1b82ece7e6,"[0, 1, 2, 3, 4, 5, 6, 7]",43,1
1b82ece7e6,"[0, 1, 2, 3, 4, 5, 6, 7]",44,0
1b82ece7e6,"[0, 1, 2, 3, 4, 5, 6, 7]",45,0
1b82ece7e6,"[0, 1, 2, 3, 4, 5, 6, 7]",46,1
1b82ece7e6,"[0, 1, 2, 3, 4, 5, 6, 7]",47,1
1b82ece7e6,"[0, 1, 2, 3, 4, 5, 6, 7]",48,1
1b82ece7e6,"[0, 1, 2, 3, 4, 5, 6, 7]",49,0
1b82ece7e6,"[0, 1, 2, 3, 4, 5, 6, 7]",50,1
1b82ece7e6,"[0, 1, 2, 3, 4, 5, 6, 7]",51,1
1b82ece7e6,"[0, 1, 2, 3, 4, 5, 6, 7]",52,0
1b82ece7e6,"[0, 1, 2, 3, 4, 5, 6, 7]",53,1
1b82ece7e6,"[0, 1, 2, 3, 4, 5, 6, 7]",54,0
1b82ece7e6,"[0, 1, 2, 3, 4, 5, 6, 7]",55,1
1b82ece7e6,"[0, 1, 2, 3, 4, 5, 6, 7]",56,1
1b82ece7e6,"[0, 1, 2, 3, 4, 5, 6, 7]",57,0
1b82ece7e6,"[0, 1, 2, 3, 4, 5, 6, 7]",58,0
1b82ece7e6,"[0, 1, 2, 3, 4, 5, 6, 7]",59,0
24b31d8ef0,"[0, 1, 2, 3, 4, 5, 6, 7]",0,0
24b31d8ef0,"[0, 1, 2, 3, 4, 5, 6, 7]",1,1
24b31d8ef0,"[0, 1, 2, 3, 4, 5, 6, 7]",2,0
24b31d8ef0,"[0, 1, 2, 3, 4, 5, 6, 7]",3,1
24b31d8ef0,"[0, 1, 2, 3, 4, 5, 6, 7]",4,0
24b31d8ef0,"[0, 1, 2, 3, 4, 5, 6, 7]",5,0
24b31d8ef0,"[0, 1, 2, 3, 4, 5, 6, 7]",6,0
24b31d8ef0,"[0, 1, 2, 3, 4, 5, 6, 7]",7,1
24b31d8ef0,"[0, 1, 2, 3, 4, 5, 6, 7]",8,0
24b31d8ef0,"[0, 1, 2, 3, 4, 5, 6, 7]",9,1
24b31d8ef0,"[0, 1, 2, 3, 4, 5, 6, 7]",10,0
24b31d8ef0,"[0, 1, 2, 3, 4, 5, 6, 7]",11,0
24b31d8ef0,"[0, 1, 2, 3, 4, 5, 6, 7]",12,0
24b31d8ef0,"[0, 1, 2, 3, 4, 5, 6, 7]",13,0
24b31d8ef0,"[0, 1, 2, 3, 4, 5, 6, 7]",14,1
24b31d8ef0,"[0, 1, 2, 3, 4, 5, 6, 7]",15,1
24b31d8ef0,"[0, 1, 2, 3, 4, 5, 6, 7]",16,0
24b31d8ef0,"[0, 1, 2, 3, 4, 5, 6, 7]",17,1
24b31d8ef0,"[0, 1, 2, 3, 4, 5, 6, 7]",18,0
24b31d8ef0,"[0, 1, 2, 3, 4, 5, 6, 7]",19,1
24b31d8ef0,"[0, 1, 2, 3, 4, 5, 6, 7]",20,0
24b31d8ef0,"[0, 1, 2, 3, 4, 5, 6, 7]",21,0
24b31d8ef0,"[0, 1, 2, 3, 4, 5, 6, 7]",22,0
24b31d8ef0,"[0, 1, 2, 3, 4, 5, 6, 7]",23,0
24b31d8ef0,"[0, 1, 2, 3, 4, 5, 6, 7]",24,0
24b31d8ef0,"[0, 1, 2, 3, 4, 5, 6, 7]",25,0
24b31d8ef0,"[0, 1, 2, 3, 4, 5, 6, 7]",26,0
24b31d8ef0,"[0, 1, 2, 3, 4, 5, 6, 7]",27,1
24b31d8ef0,"[0, 1, 2, 3, 4, 5, 6, 7]",28,1
24b31d8ef0,"[0, 1, 2, 3, 4, 5, 6, 7]",29,0
24b31d8ef0,"[0, 1, 2, 3, 4, 5, 6, 7]",30,1
24b31d8ef0,"[0, 1, 2, 3, 4, 5, 6, 7]",31,1
24b31d8ef0,"[0, 1, 2, 3, 4, 5, 6, 7]",32,0
24b31d8ef0,"[0, 1, 2, 3, 4, 5, 6, 7]",33,0
24b31d8ef0,"[0, 1, 2, 3, 4, 5, 6, 7]",34,0
24b31d8ef0,"[0, 1, 2, 3, 4, 5, 6, 7]",35,1
24b31d8ef0,"[0, 1, 2, 3, 4, 5, 6, 7]",36,0
24b31d8ef0,"[0, 1, 2, 3, 4, 5, 6, 7]",37,1
24b31d8ef0,"[0, 1, 2, 3, 4, 5, 6, 7]",38,0
24b31d8ef0,"[0, 1, 2, 3, 4, 5, 6, 7]",39,0
24b31d8ef0,"[0, 1, 2, 3, 4, 5, 6, 7]",40,0
24b31d8ef0,"[0, 1, 2, 3, 4, 5, 6, 7]",41,1
24b31d8ef0,"[0, 1, 2, 3, 4, 5, 6, 7]",42,1
24b31d8ef0,"[0, 1, 2, 3, 4, 5, 6, 7]",43,1
24b31d8ef0,"[0, 1, 2, 3, 4, 5, 6, 7]",44,0
24b31d8ef0,"[0, 1, 2, 3, 4, 5, 6, 7]",45,0
24b31d8ef0,"[0, 1, 2, 3, 4, 5, 6, 7]",46,1
24b31d8ef0,"[0, 1, 2, 3, 4, 5, 6, 7]",47,0
24b31d8ef0,"[0, 1, 2, 3, 4, 5, 6, 7]",48,0
24b31d8ef0,"[0, 1, 2, 3, 4, 5, 6, 7]",49,0
24b31d8ef0,"[0, 1, 2, 3, 4, 5, 6, 7]",50,1
24b31d8ef0,"[0, 1, 2, 3, 4, 5, 6, 7]",51,1
24b31d8ef0,"[0, 1, 2, 3, 4, 5, 6, 7]",52,0
24b31d8ef0,"[0, 1, 2, 3, 4, 5, 6, 7]",53,0
24b31d8ef0,"[0, 1, 2, 3, 4, 5, 6, 7]",54,1
24b31d8ef0,"[0, 1, 2, 3, 4, 5, 6, 7]",55,1
24b31d8ef0,"[0, 1, 2, 3, 4, 5, 6, 7]",56,0
24b31d8ef0,"[0, 1, 2, 3, 4, 5, 6, 7]",57,0
24b31d8ef0,"[0, 1, 2, 3, 4, 5, 6, 7]",58,0
24b31d8ef0,"[0, 1, 2, 3, 4, 5, 6, 7]",59,0
381dcc3b1c,"[0, 1, 2, 3, 4, 5, 6, 7]",0,0
381dcc3b1c,"[0, 1, 2, 3, 4, 5, 6, 7]",1,1
381dcc3b1c,"[0, 1, 2, 3, 4, 5, 6, 7]",2,1
381dcc3b1c,"[0, 1, 2, 3, 4, 5, 6, 7]",3,0
381dcc3b1c,"[0, 1, 2, 3, 4, 5, 6, 7]",4,0
381dcc3b1c,"[0, 1, 2, 3, 4, 5, 6, 7]",5,0
381dcc3b1c,"[0, 1, 2, 3, 4, 5, 6, 7]",6,0
381dcc3b1c,"[0, 1, 2, 3, 4, 5, 6, 7]",7,1
381dcc3b1c,"[0, 1, 2, 3, 4, 5, 6, 7]",8,0
381dcc3b1c,"[0, 1, 2, 3, 4, 5, 6, 7]",9,1
381dcc3b1c,"[0, 1, 2, 3, 4, 5, 6, 7]",10,0
381dcc3b1c,"[0, 1, 2, 3, 4, 5, 6, 7]",11,0
381dcc3b1c,"[0, 1, 2, 3, 4, 5, 6, 7]",12,0
381dcc3b1c,"[0, 1, 2, 3, 4, 5, 6, 7]",13,0
381dcc3b1c,"[0, 1, 2, 3, 4, 5, 6, 7]",14,0
381dcc3b1c,"[0, 1, 2, 3, 4, 5, 6, 7]",15,0
381dcc3b1c,"[0, 1, 2, 3, 4, 5, 6, 7]",16,0
381dcc3b1c,"[0, 1, 2, 3, 4, 5, 6, 7]",17,1
381dcc3b1c,"[0, 1, 2, 3, 4, 5, 6, 7]",18,1
381dcc3b1c,"[0, 1, 2, 3, 4, 5, 6, 7]",19,0
381dcc3b1c,"[0, 1, 2, 3, 4, 5, 6, 7]",20,0
381dcc3b1c,"[0, 1, 2, 3, 4, 5, 6, 7]",21,0
381dcc3b1c,"[0, 1, 2, 3, 4, 5, 6, 7]",22,0
381dcc3b1c,"[0, 1, 2, 3, 4, 5, 6, 7]",23,0
381dcc3b1c,"[0, 1, 2, 3, 4, 5, 6, 7]",24,0
381dcc3b1c,"[0, 1, 2, 3, 4, 5, 6, 7]",25,0
381dcc3b1c,"[0, 1, 2, 3, 4, 5, 6, 7]",26,0
381dcc3b1c,"[0, 1, 2, 3, 4, 5, 6, 7]",27,1
381dcc3b1c,"[0, 1, 2, 3, 4, 5, 6, 7]",28,1
381dcc3b1c,"[0, 1, 2, 3, 4, 5, 6, 7]",29,0
381dcc3b1c,"[0, 1, 2, 3, 4, 5, 6, 7]",30,1
381dcc3b1c,"[0, 1, 2, 3, 4, 5, 6, 7]",31,1
381dcc3b1c,"[0, 1, 2, 3, 4, 5, 6, 7]",32,0
381dcc3b1c,"[0, 1, 2, 3, 4, 5, 6, 7]",33,1
381dcc3b1c,"[0, 1, 2, 3, 4, 5, 6, 7]",34,1
381dcc3b1c,"[0, 1, 2, 3, 4, 5, 6, 7]",35,1
381dcc3b1c,"[0, 1, 2, 3, 4, 5, 6, 7]",36,0
381dcc3b1c,"[0, 1, 2, 3, 4, 5, 6, 7]",37,1
381dcc3b1c,"[0, 1, 2, 3, 4, 5, 6, 7]",38,1
381dcc3b1c,"[0, 1, 2, 3, 4, 5, 6, 7]",39,0
381dcc3b1c,"[0, 1, 2, 3, 4, 5, 6, 7]",40,1
381dcc3b1c,"[0, 1, 2, 3, 4, 5, 6, 7]",41,0
381dcc3b1c,"[0, 1, 2, 3, 4, 5, 6, 7]",42,0
381dcc3b1c,"[0, 1, 2, 3, 4, 5, 6, 7]",43,0
381dcc3b1c,"[0, 1, 2, 3, 4, 5, 6, 7]",44,0
381dcc3b1c,"[0, 1, 2, 3, 4, 5, 6, 7]",45,0
381dcc3b1c,"[0, 1, 2, 3, 4, 5, 6, 7]",46,1
381dcc3b1c,"[0, 1, 2, 3, 4, 5, 6, 7]",47,0
381dcc3b1c,"[0, 1, 2, 3, 4, 5, 6, 7]",48,1
381dcc3b1c,"[0, 1, 2, 3, 4, 5, 6, 7]",49,0
381dcc3b1c,"[0, 1, 2, 3, 4, 5, 6, 7]",50,1
381dcc3b1c,"[0, 1, 2, 3, 4, 5, 6, 7]",51,0
381dcc3b1c,"[0, 1, 2, 3, 4, 5, 6, 7]",52,0
381dcc3b1c,"[0, 1, 2, 3, 4, 5, 6, 7]",53,1
381dcc3b1c,"[0, 1, 2, 3, 4, 5, 6, 7]",54,0
381dcc3b1c,"[0, 1, 2, 3, 4, 5, 6, 7]",55,1
381dcc3b1c,"[0, 1, 2, 3, 4, 5, 6, 7]",56,0
381dcc3b1c,"[0, 1, 2, 3, 4, 5, 6, 7]",57,0
381dcc3b1c,"[0, 1, 2, 3, 4, 5, 6, 7]",58,0
381dcc3b1c,"[0, 1, 2, 3, 4, 5, 6, 7]",59,0
169687a39f,"[0, 1, 2, 3, 4, 5, 6, 7]",0,0
169687a39f,"[0, 1, 2, 3, 4, 5, 6, 7]",1,1
169687a39f,"[0, 1, 2, 3, 4, 5, 6, 7]",2,0
169687a39f,"[0, 1, 2, 3, 4, 5, 6, 7]",3,1
169687a39f,"[0, 1, 2, 3, 4, 5, 6, 7]",4,1
169687a39f,"[0, 1, 2, 3, 4, 5, 6, 7]",5,0
169687a39f,"[0, 1, 2, 3, 4, 5, 6, 7]",6,0
169687a39f,"[0, 1, 2, 3, 4, 5, 6, 7]",7,1
169687a39f,"[0, 1, 2, 3, 4, 5, 6, 7]",8,0
169687a39f,"[0, 1, 2, 3, 4, 5, 6, 7]",9,1
169687a39f,"[0, 1, 2, 3, 4, 5, 6, 7]",10,0
169687a39f,"[0, 1, 2, 3, 4, 5, 6, 7]",11,0
169687a39f,"[0, 1, 2, 3, 4, 5, 6, 7]",12,1
169687a39f,"[0, 1, 2, 3, 4, 5, 6, 7]",13,0
169687a39f,"[0, 1, 2, 3, 4, 5, 6, 7]",14,0
169687a39f,"[0, 1, 2, 3, 4, 5, 6, 7]",15,0
169687a39f,"[0, 1, 2, 3, 4, 5, 6, 7]",16,0
169687a39f,"[0, 1, 2, 3, 4, 5, 6, 7]",17,1
169687a39f,"[0, 1, 2, 3, 4, 5, 6, 7]",18,0
169687a39f,"[0, 1, 2, 3, 4, 5, 6, 7]",19,1
169687a39f,"[0, 1, 2, 3, 4, 5, 6, 7]",20,0
169687a39f,"[0, 1, 2, 3, 4, 5, 6, 7]",21,0
169687a39f,"[0, 1, 2, 3, 4, 5, 6, 7]",22,1
169687a39f,"[0, 1, 2, 3, 4, 5, 6, 7]",23,0
169687a39f,"[0, 1, 2, 3, 4, 5, 6, 7]",24,0
169687a39f,"[0, 1, 2, 3, 4, 5, 6, 7]",25,0
169687a39f,"[0, 1, 2, 3, 4, 5, 6, 7]",26,1
169687a39f,"[0, 1, 2, 3, 4, 5, 6, 7]",27,1
169687a39f,"[0, 1, 2, 3, 4, 5, 6, 7]",28,0
169687a39f,"[0, 1, 2, 3, 4, 5, 6, 7]",29,0
169687a39f,"[0, 1, 2, 3, 4, 5, 6, 7]",30,1
169687a39f,"[0, 1, 2, 3, 4, 5, 6, 7]",31,0
169687a39f,"[0, 1, 2, 3, 4, 5, 6, 7]",32,0
169687a39f,"[0, 1, 2, 3, 4, 5, 6, 7]",33,0
169687a39f,"[0, 1, 2, 3, 4, 5, 6, 7]",34,0
169687a39f,"[0, 1, 2, 3, 4, 5, 6, 7]",35,1
169687a39f,"[0, 1, 2, 3, 4, 5, 6, 7]",36,0
169687a39f,"[0, 1, 2, 3, 4, 5, 6, 7]",37,1
169687a39f,"[0, 1, 2, 3, 4, 5, 6, 7]",38,0
169687a39f,"[0, 1, 2, 3, 4, 5, 6, 7]",39,0
169687a39f,"[0, 1, 2, 3, 4, 5, 6, 7]",40,1
169687a39f,"[0, 1, 2, 3, 4, 5, 6, 7]",41,1
169687a39f,"[0, 1, 2, 3, 4, 5, 6, 7]",42,0
169687a39f,"[0, 1, 2, 3, 4, 5, 6, 7]",43,1
169687a39f,"[0, 1, 2, 3, 4, 5, 6, 7]",44,0
169687a39f,"[0, 1, 2, 3, 4, 5, 6, 7]",45,0
169687a39f,"[0, 1, 2, 3, 4, 5, 6, 7]",46,1
169687a39f,"[0, 1, 2, 3, 4, 5, 6, 7]",47,1
169687a39f,"[0, 1, 2, 3, 4, 5, 6, 7]",48,1
169687a39f,"[0, 1, 2, 3, 4, 5, 6, 7]",49,1
169687a39f,"[0, 1, 2, 3, 4, 5, 6, 7]",50,1
169687a39f,"[0, 1, 2, 3, 4, 5, 6, 7]",51,0
169687a39f,"[0, 1, 2, 3, 4, 5, 6, 7]",52,0
169687a39f,"[0, 1, 2, 3, 4, 5, 6, 7]",53,0
169687a39f,"[0, 1, 2, 3, 4, 5, 6, 7]",54,0
169687a39f,"[0, 1, 2, 3, 4, 5, 6, 7]",55,1
169687a39f,"[0, 1, 2, 3, 4, 5, 6, 7]",56,0
169687a39f,"[0, 1, 2, 3, 4, 5, 6, 7]",57,0
169687a39f,"[0, 1, 2, 3, 4, 5, 6, 7]",58,0
169687a39f,"[0, 1, 2, 3, 4, 5, 6, 7]",59,0
94e877d224,"[0, 1, 2, 3, 4, 5, 6, 7]",0,0
94e877d224,"[0, 1, 2, 3, 4, 5, 6, 7]",1,1
94e877d224,"[0, 1, 2, 3, 4, 5, 6, 7]",2,0
94e877d224,"[0, 1, 2, 3, 4, 5, 6, 7]",3,1
94e877d224,"[0, 1, 2, 3, 4, 5, 6, 7]",4,0
94e877d224,"[0, 1, 2, 3, 4, 5, 6, 7]",5,0
94e877d224,"[0, 1, 2, 3, 4, 5, 6, 7]",6,0
94e877d224,"[0, 1, 2, 3, 4, 5, 6, 7]",7,1
94e877d224,"[0, 1, 2, 3, 4, 5, 6, 7]",8,0
94e877d224,"[0, 1, 2, 3, 4, 5, 6, 7]",9,1
94e877d224,"[0, 1, 2, 3, 4, 5, 6, 7]",10,0
94e877d224,"[0, 1, 2, 3, 4, 5, 6, 7]",11,0
94e877d224,"[0, 1, 2, 3, 4, 5, 6, 7]",12,0
94e877d224,"[0, 1, 2, 3, 4, 5, 6, 7]",13,0
94e877d224,"[0, 1, 2, 3, 4, 5, 6, 7]",14,0
94e877d224,"[0, 1, 2, 3, 4, 5, 6, 7]",15,1
94e877d224,"[0, 1, 2, 3, 4, 5, 6, 7]",16,1
94e877d224,"[0, 1, 2, 3, 4, 5, 6, 7]",17,1
94e877d224,"[0, 1, 2, 3, 4, 5, 6, 7]",18,1
94e877d224,"[0, 1, 2, 3, 4, 5, 6, 7]",19,1
94e877d224,"[0, 1, 2, 3, 4, 5, 6, 7]",20,0
94e877d224,"[0, 1, 2, 3, 4, 5, 6, 7]",21,0
94e877d224,"[0, 1, 2, 3, 4, 5, 6, 7]",22,0
94e877d224,"[0, 1, 2, 3, 4, 5, 6, 7]",23,0
94e877d224,"[0, 1, 2, 3, 4, 5, 6, 7]",24,0
94e877d224,"[0, 1, 2, 3, 4, 5, 6, 7]",25,0
94e877d224,"[0, 1, 2, 3, 4, 5, 6, 7]",26,0
94e877d224,"[0, 1, 2, 3, 4, 5, 6, 7]",27,1
94e877d224,"[0, 1, 2, 3, 4, 5, 6, 7]",28,1
94e877d224,"[0, 1, 2, 3, 4, 5, 6, 7]",29,0
94e877d224,"[0, 1, 2, 3, 4, 5, 6, 7]",30,1
94e877d224,"[0, 1, 2, 3, 4, 5, 6, 7]",31,0
94e877d224,"[0, 1, 2, 3, 4, 5, 6, 7]",32,0
94e877d224,"[0, 1, 2, 3, 4, 5, 6, 7]",33,1
94e877d224,"[0, 1, 2, 3, 4, 5, 6, 7]",34,1
94e877d224,"[0, 1, 2, 3, 4, 5, 6, 7]",35,1
94e877d224,"[0, 1, 2, 3, 4, 5, 6, 7]",36,0
94e877d224,"[0, 1, 2, 3, 4, 5, 6, 7]",37,1
94e877d224,"[0, 1, 2, 3, 4, 5, 6, 7]",38,0
94e877d224,"[0, 1, 2, 3, 4, 5, 6, 7]",39,0
94e877d224,"[0, 1, 2, 3, 4, 5, 6, 7]",40,1
94e877d224,"[0, 1, 2, 3, 4, 5, 6, 7]",41,1
94e877d224,"[0, 1, 2, 3, 4, 5, 6, 7]",42,0
94e877d224,"[0, 1, 2, 3, 4, 5, 6, 7]",43,0
94e877d224,"[0, 1, 2, 3, 4, 5, 6, 7]",44,0
94e877d224,"[0, 1, 2, 3, 4, 5, 6, 7]",45,0
94e877d224,"[0, 1, 2, 3, 4, 5, 6, 7]",46,1
94e877d224,"[0, 1, 2, 3, 4, 5, 6, 7]",47,0
94e877d224,"[0, 1, 2, 3, 4, 5, 6, 7]",48,0
94e877d224,"[0, 1, 2, 3, 4, 5, 6, 7]",49,0
94e877d224,"[0, 1, 2, 3, 4, 5, 6, 7]",50,1
94e877d224,"[0, 1, 2, 3, 4, 5, 6, 7]",51,0
94e877d224,"[0, 1, 2, 3, 4, 5, 6, 7]",52,0
94e877d224,"[0, 1, 2, 3, 4, 5, 6, 7]",53,1
94e877d224,"[0, 1, 2, 3, 4, 5, 6, 7]",54,0
94e877d224,"[0, 1, 2, 3, 4, 5, 6, 7]",55,1
94e877d224,"[0, 1, 2, 3, 4, 5, 6, 7]",56,1
94e877d224,"[0, 1, 2, 3, 4, 5, 6, 7]",57,0
94e877d224,"[0, 1, 2, 3, 4, 5, 6, 7]",58,0
94e877d224,"[0, 1, 2, 3, 4, 5, 6, 7]",59,1
2229edf492,"[0, 1, 2, 3, 4, 5, 6, 7]",0,0
2229edf492,"[0, 1, 2, 3, 4, 5, 6, 7]",1,1
2229edf492,"[0, 1, 2, 3, 4, 5, 6, 7]",2,0
2229edf492,"[0, 1, 2, 3, 4, 5, 6, 7]",3,0
2229edf492,"[0, 1, 2, 3, 4, 5, 6, 7]",4,0
2229edf492,"[0, 1, 2, 3, 4, 5, 6, 7]",5,0
2229edf492,"[0, 1, 2, 3, 4, 5, 6, 7]",6,0
2229edf492,"[0, 1, 2, 3, 4, 5, 6, 7]",7,1
2229edf492,"[0, 1, 2, 3, 4, 5, 6, 7]",8,0
2229edf492,"[0, 1, 2, 3, 4, 5, 6, 7]",9,1
2229edf492,"[0, 1, 2, 3, 4, 5, 6, 7]",10,0
2229edf492,"[0, 1, 2, 3, 4, 5, 6, 7]",11,0
2229edf492,"[0, 1, 2, 3, 4, 5, 6, 7]",12,0
2229edf492,"[0, 1, 2, 3, 4, 5, 6, 7]",13,1
2229edf492,"[0, 1, 2, 3, 4, 5, 6, 7]",14,0
2229edf492,"[0, 1, 2, 3, 4, 5, 6, 7]",15,1
2229edf492,"[0, 1, 2, 3, 4, 5, 6, 7]",16,0
2229edf492,"[0, 1, 2, 3, 4, 5, 6, 7]",17,0
2229edf492,"[0, 1, 2, 3, 4, 5, 6, 7]",18,1
2229edf492,"[0, 1, 2, 3, 4, 5, 6, 7]",19,0
2229edf492,"[0, 1, 2, 3, 4, 5, 6, 7]",20,0
2229edf492,"[0, 1, 2, 3, 4, 5, 6, 7]",21,0
2229edf492,"[0, 1, 2, 3, 4, 5, 6, 7]",22,1
2229edf492,"[0, 1, 2, 3, 4, 5, 6, 7]",23,0
2229edf492,"[0, 1, 2, 3, 4, 5, 6, 7]",24,0
2229edf492,"[0, 1, 2, 3, 4, 5, 6, 7]",25,0
2229edf492,"[0, 1, 2, 3, 4, 5, 6, 7]",26,1
2229edf492,"[0, 1, 2, 3, 4, 5, 6, 7]",27,1
2229edf492,"[0, 1, 2, 3, 4, 5, 6, 7]",28,1
2229edf492,"[0, 1, 2, 3, 4, 5, 6, 7]",29,0
2229edf492,"[0, 1, 2, 3, 4, 5, 6, 7]",30,1
2229edf492,"[0, 1, 2, 3, 4, 5, 6, 7]",31,1
2229edf492,"[0, 1, 2, 3, 4, 5, 6, 7]",32,0
2229edf492,"[0, 1, 2, 3, 4, 5, 6, 7]",33,1
2229edf492,"[0, 1, 2, 3, 4, 5, 6, 7]",34,0
2229edf492,"[0, 1, 2, 3, 4, 5, 6, 7]",35,1
2229edf492,"[0, 1, 2, 3, 4, 5, 6, 7]",36,0
2229edf492,"[0, 1, 2, 3, 4, 5, 6, 7]",37,1
2229edf492,"[0, 1, 2, 3, 4, 5, 6, 7]",38,0
2229edf492,"[0, 1, 2, 3, 4, 5, 6, 7]",39,0
2229edf492,"[0, 1, 2, 3, 4, 5, 6, 7]",40,1
2229edf492,"[0, 1, 2, 3, 4, 5, 6, 7]",41,1
2229edf492,"[0, 1, 2, 3, 4, 5, 6, 7]",42,0
2229edf492,"[0, 1, 2, 3, 4, 5, 6, 7]",43,0
2229edf492,"[0, 1, 2, 3, 4, 5, 6, 7]",44,0
2229edf492,"[0, 1, 2, 3, 4, 5, 6, 7]",45,0
2229edf492,"[0, 1, 2, 3, 4, 5, 6, 7]",46,1
2229edf492,"[0, 1, 2, 3, 4, 5, 6, 7]",47,0
2229edf492,"[0, 1, 2, 3, 4, 5, 6, 7]",48,1
2229edf492,"[0, 1, 2, 3, 4, 5, 6, 7]",49,0
2229edf492,"[0, 1, 2, 3, 4, 5, 6, 7]",50,1
2229edf492,"[0, 1, 2, 3, 4, 5, 6, 7]",51,1
2229edf492,"[0, 1, 2, 3, 4, 5, 6, 7]",52,0
2229edf492,"[0, 1, 2, 3, 4, 5, 6, 7]",53,1
2229edf492,"[0, 1, 2, 3, 4, 5, 6, 7]",54,0
2229edf492,"[0, 1, 2, 3, 4, 5, 6, 7]",55,1
2229edf492,"[0, 1, 2, 3, 4, 5, 6, 7]",56,0
2229edf492,"[0, 1, 2, 3, 4, 5, 6, 7]",57,0
2229edf492,"[0, 1, 2, 3, 4, 5, 6, 7]",58,0
2229edf492,"[0, 1, 2, 3, 4, 5, 6, 7]",59,0
a1b2af4827,"[0, 1, 2, 3, 4, 5, 6, 7]",0,0
a1b2af4827,"[0, 1, 2, 3, 4, 5, 6, 7]",1,1
a1b2af4827,"[0, 1, 2, 3, 4, 5, 6, 7]",2,0
a1b2af4827,"[0, 1, 2, 3, 4, 5, 6, 7]",3,0
a1b2af4827,"[0, 1, 2, 3, 4, 5, 6, 7]",4,1
a1b2af4827,"[0, 1, 2, 3, 4, 5, 6, 7]",5,0
a1b2af4827,"[0, 1, 2, 3, 4, 5, 6, 7]",6,0
a1b2af4827,"[0, 1, 2, 3, 4, 5, 6, 7]",7,1
a1b2af4827,"[0, 1, 2, 3, 4, 5, 6, 7]",8,0
a1b2af4827,"[0, 1, 2, 3, 4, 5, 6, 7]",9,1
a1b2af4827,"[0, 1, 2, 3, 4, 5, 6, 7]",10,0
a1b2af4827,"[0, 1, 2, 3, 4, 5, 6, 7]",11,1
a1b2af4827,"[0, 1, 2, 3, 4, 5, 6, 7]",12,0
a1b2af4827,"[0, 1, 2, 3, 4, 5, 6, 7]",13,0
a1b2af4827,"[0, 1, 2, 3, 4, 5, 6, 7]",14,0
a1b2af4827,"[0, 1, 2, 3, 4, 5, 6, 7]",15,1
a1b2af4827,"[0, 1, 2, 3, 4, 5, 6, 7]",16,0
a1b2af4827,"[0, 1, 2, 3, 4, 5, 6, 7]",17,1
a1b2af4827,"[0, 1, 2, 3, 4, 5, 6, 7]",18,1
a1b2af4827,"[0, 1, 2, 3, 4, 5, 6, 7]",19,1
a1b2af4827,"[0, 1, 2, 3, 4, 5, 6, 7]",20,0
a1b2af4827,"[0, 1, 2, 3, 4, 5, 6, 7]",21,0
a1b2af4827,"[0, 1, 2, 3, 4, 5, 6, 7]",22,0
a1b2af4827,"[0, 1, 2, 3, 4, 5, 6, 7]",23,0
a1b2af4827,"[0, 1, 2, 3, 4, 5, 6, 7]",24,0
a1b2af4827,"[0, 1, 2, 3, 4, 5, 6, 7]",25,0
a1b2af4827,"[0, 1, 2, 3, 4, 5, 6, 7]",26,0
a1b2af4827,"[0, 1, 2, 3, 4, 5, 6, 7]",27,1
a1b2af4827,"[0, 1, 2, 3, 4, 5, 6, 7]",28,0
a1b2af4827,"[0, 1, 2, 3, 4, 5, 6, 7]",29,0
a1b2af4827,"[0, 1, 2, 3, 4, 5, 6, 7]",30,1
a1b2af4827,"[0, 1, 2, 3, 4, 5, 6, 7]",31,1
a1b2af4827,"[0, 1, 2, 3, 4, 5, 6, 7]",32,0
a1b2af4827,"[0, 1, 2, 3, 4, 5, 6, 7]",33,0
a1b2af4827,"[0, 1, 2, 3, 4, 5, 6, 7]",34,1
a1b2af4827,"[0, 1, 2, 3, 4, 5, 6, 7]",35,1
a1b2af4827,"[0, 1, 2, 3, 4, 5, 6, 7]",36,0
a1b2af4827,"[0, 1, 2, 3, 4, 5, 6, 7]",37,1
a1b2af4827,"[0, 1, 2, 3, 4, 5, 6, 7]",38,0
a1b2af4827,"[0, 1, 2, 3, 4, 5, 6, 7]",39,0
a1b2af4827,"[0, 1, 2, 3, 4, 5, 6, 7]",40,0
a1b2af4827,"[0, 1, 2, 3, 4, 5, 6, 7]",41,1
a1b2af4827,"[0, 1, 2, 3, 4, 5, 6, 7]",42,0
a1b2af4827,"[0, 1, 2, 3, 4, 5, 6, 7]",43,0
a1b2af4827,"[0, 1, 2, 3, 4, 5, 6, 7]",44,0
a1b2af4827,"[0, 1, 2, 3, 4, 5, 6, 7]",45,0
a1b2af4827,"[0, 1, 2, 3, 4, 5, 6, 7]",46,1
a1b2af4827,"[0, 1, 2, 3, 4, 5, 6, 7]",47,0
a1b2af4827,"[0, 1, 2, 3, 4, 5, 6, 7]",48,1
a1b2af4827,"[0, 1, 2, 3, 4, 5, 6, 7]",49,0
a1b2af4827,"[0, 1, 2, 3, 4, 5, 6, 7]",50,1
a1b2af4827,"[0, 1, 2, 3, 4, 5, 6, 7]",51,0
a1b2af4827,"[0, 1, 2, 3, 4, 5, 6, 7]",52,0
a1b2af4827,"[0, 1, 2, 3, 4, 5, 6, 7]",53,1
a1b2af4827,"[0, 1, 2, 3, 4, 5, 6, 7]",54,0
a1b2af4827,"[0, 1, 2, 3, 4, 5, 6, 7]",55,1
a1b2af4827,"[0, 1, 2, 3, 4, 5, 6, 7]",56,0
a1b2af4827,"[0, 1, 2, 3, 4, 5, 6, 7]",57,0
a1b2af4827,"[0, 1, 2, 3, 4, 5, 6, 7]",58,1
a1b2af4827,"[0, 1, 2, 3, 4, 5, 6, 7]",59,0
cec850c661,"[0, 1, 2, 3, 4, 5, 6, 7]",0,0
cec850c661,"[0, 1, 2, 3, 4, 5, 6, 7]",1,1
cec850c661,"[0, 1, 2, 3, 4, 5, 6, 7]",2,0
cec850c661,"[0, 1, 2, 3, 4, 5, 6, 7]",3,0
cec850c661,"[0, 1, 2, 3, 4, 5, 6, 7]",4,1
cec850c661,"[0, 1, 2, 3, 4, 5, 6, 7]",5,0
cec850c661,"[0, 1, 2, 3, 4, 5, 6, 7]",6,0
cec850c661,"[0, 1, 2, 3, 4, 5, 6, 7]",7,1
cec850c661,"[0, 1, 2, 3, 4, 5, 6, 7]",8,0
cec850c661,"[0, 1, 2, 3, 4, 5, 6, 7]",9,1
cec850c661,"[0, 1, 2, 3, 4, 5, 6, 7]",10,0
cec850c661,"[0, 1, 2, 3, 4, 5, 6, 7]",11,0
cec850c661,"[0, 1, 2, 3, 4, 5, 6, 7]",12,0
cec850c661,"[0, 1, 2, 3, 4, 5, 6, 7]",13,0
cec850c661,"[0, 1, 2, 3, 4, 5, 6, 7]",14,0
cec850c661,"[0, 1, 2, 3, 4, 5, 6, 7]",15,1
cec850c661,"[0, 1, 2, 3, 4, 5, 6, 7]",16,0
cec850c661,"[0, 1, 2, 3, 4, 5, 6, 7]",17,1
cec850c661,"[0, 1, 2, 3, 4, 5, 6, 7]",18,1
cec850c661,"[0, 1, 2, 3, 4, 5, 6, 7]",19,1
cec850c661,"[0, 1, 2, 3, 4, 5, 6, 7]",20,0
cec850c661,"[0, 1, 2, 3, 4, 5, 6, 7]",21,0
cec850c661,"[0, 1, 2, 3, 4, 5, 6, 7]",22,1
cec850c661,"[0, 1, 2, 3, 4, 5, 6, 7]",23,0
cec850c661,"[0, 1, 2, 3, 4, 5, 6, 7]",24,0
cec850c661,"[0, 1, 2, 3, 4, 5, 6, 7]",25,0
cec850c661,"[0, 1, 2, 3, 4, 5, 6, 7]",26,1
cec850c661,"[0, 1, 2, 3, 4, 5, 6, 7]",27,1
cec850c661,"[0, 1, 2, 3, 4, 5, 6, 7]",28,1
cec850c661,"[0, 1, 2, 3, 4, 5, 6, 7]",29,0
cec850c661,"[0, 1, 2, 3, 4, 5, 6, 7]",30,1
cec850c661,"[0, 1, 2, 3, 4, 5, 6, 7]",31,0
cec850c661,"[0, 1, 2, 3, 4, 5, 6, 7]",32,0
cec850c661,"[0, 1, 2, 3, 4, 5, 6, 7]",33,1
cec850c661,"[0, 1, 2, 3, 4, 5, 6, 7]",34,1
cec850c661,"[0, 1, 2, 3, 4, 5, 6, 7]",35,1
cec850c661,"[0, 1, 2, 3, 4, 5, 6, 7]",36,0
cec850c661,"[0, 1, 2, 3, 4, 5, 6, 7]",37,0
cec850c661,"[0, 1, 2, 3, 4, 5, 6, 7]",38,0
cec850c661,"[0, 1, 2, 3, 4, 5, 6, 7]",39,0
cec850c661,"[0, 1, 2, 3, 4, 5, 6, 7]",40,1
cec850c661,"[0, 1, 2, 3, 4, 5, 6, 7]",41,1
cec850c661,"[0, 1, 2, 3, 4, 5, 6, 7]",42,0
cec850c661,"[0, 1, 2, 3, 4, 5, 6, 7]",43,1
cec850c661,"[0, 1, 2, 3, 4, 5, 6, 7]",44,0
cec850c661,"[0, 1, 2, 3, 4, 5, 6, 7]",45,0
cec850c661,"[0, 1, 2, 3, 4, 5, 6, 7]",46,0
cec850c661,"[0, 1, 2, 3, 4, 5, 6, 7]",47,0
cec850c661,"[0, 1, 2, 3, 4, 5, 6, 7]",48,1
cec850c661,"[0, 1, 2, 3, 4, 5, 6, 7]",49,0
cec850c661,"[0, 1, 2, 3, 4, 5, 6, 7]",50,1
cec850c661,"[0, 1, 2, 3, 4, 5, 6, 7]",51,1
cec850c661,"[0, 1, 2, 3, 4, 5, 6, 7]",52,0
cec850c661,"[0, 1, 2, 3, 4, 5, 6, 7]",53,0
cec850c661,"[0, 1, 2, 3, 4, 5, 6, 7]",54,0
cec850c661,"[0, 1, 2, 3, 4, 5, 6, 7]",55,1
cec850c661,"[0, 1, 2, 3, 4, 5, 6, 7]",56,0
cec850c661,"[0, 1, 2, 3, 4, 5, 6, 7]",57,0
cec850c661,"[0, 1, 2, 3, 4, 5, 6, 7]",58,0
cec850c661,"[0, 1, 2, 3, 4, 5, 6, 7]",59,0
eddda1149a,"[0, 1, 2, 3, 4, 5, 6, 7]",0,0
eddda1149a,"[0, 1, 2, 3, 4, 5, 6, 7]",1,1
eddda1149a,"[0, 1, 2, 3, 4, 5, 6, 7]",2,0
eddda1149a,"[0, 1, 2, 3, 4, 5, 6, 7]",3,1
eddda1149a,"[0, 1, 2, 3, 4, 5, 6, 7]",4,0
eddda1149a,"[0, 1, 2, 3, 4, 5, 6, 7]",5,0
eddda1149a,"[0, 1, 2, 3, 4, 5, 6, 7]",6,0
eddda1149a,"[0, 1, 2, 3, 4, 5, 6, 7]",7,1
eddda1149a,"[0, 1, 2, 3, 4, 5, 6, 7]",8,0
eddda1149a,"[0, 1, 2, 3, 4, 5, 6, 7]",9,1
eddda1149a,"[0, 1, 2, 3, 4, 5, 6, 7]",10,0
eddda1149a,"[0, 1, 2, 3, 4, 5, 6, 7]",11,0
eddda1149a,"[0, 1, 2, 3, 4, 5, 6, 7]",12,0
eddda1149a,"[0, 1, 2, 3, 4, 5, 6, 7]",13,0
eddda1149a,"[0, 1, 2, 3, 4, 5, 6, 7]",14,1
eddda1149a,"[0, 1, 2, 3, 4, 5, 6, 7]",15,1
eddda1149a,"[0, 1, 2, 3, 4, 5, 6, 7]",16,0
eddda1149a,"[0, 1, 2, 3, 4, 5, 6, 7]",17,1
eddda1149a,"[0, 1, 2, 3, 4, 5, 6, 7]",18,1
eddda1149a,"[0, 1, 2, 3, 4, 5, 6, 7]",19,1
eddda1149a,"[0, 1, 2, 3, 4, 5, 6, 7]",20,1
eddda1149a,"[0, 1, 2, 3, 4, 5, 6, 7]",21,0
eddda1149a,"[0, 1, 2, 3, 4, 5, 6, 7]",22,0
eddda1149a,"[0, 1, 2, 3, 4, 5, 6, 7]",23,0
eddda1149a,"[0, 1, 2, 3, 4, 5, 6, 7]",24,0
eddda1149a,"[0, 1, 2, 3, 4, 5, 6, 7]",25,0
eddda1149a,"[0, 1, 2, 3, 4, 5, 6, 7]",26,0
eddda1149a,"[0, 1, 2, 3, 4, 5, 6, 7]",27,1
eddda1149a,"[0, 1, 2, 3, 4, 5, 6, 7]",28,0
eddda1149a,"[0, 1, 2, 3, 4, 5, 6, 7]",29,0
eddda1149a,"[0, 1, 2, 3, 4, 5, 6, 7]",30,1
eddda1149a,"[0, 1, 2, 3, 4, 5, 6, 7]",31,1
eddda1149a,"[0, 1, 2, 3, 4, 5, 6, 7]",32,0
eddda1149a,"[0, 1, 2, 3, 4, 5, 6, 7]",33,1
eddda1149a,"[0, 1, 2, 3, 4, 5, 6, 7]",34,1
eddda1149a,"[0, 1, 2, 3, 4, 5, 6, 7]",35,1
eddda1149a,"[0, 1, 2, 3, 4, 5, 6, 7]",36,0
eddda1149a,"[0, 1, 2, 3, 4, 5, 6, 7]",37,1
eddda1149a,"[0, 1, 2, 3, 4, 5, 6, 7]",38,1
eddda1149a,"[0, 1, 2, 3, 4, 5, 6, 7]",39,0
eddda1149a,"[0, 1, 2, 3, 4, 5, 6, 7]",40,0
eddda1149a,"[0, 1, 2, 3, 4, 5, 6, 7]",41,1
eddda1149a,"[0, 1, 2, 3, 4, 5, 6, 7]",42,0
eddda1149a,"[0, 1, 2, 3, 4, 5, 6, 7]",43,1
eddda1149a,"[0, 1, 2, 3, 4, 5, 6, 7]",44,0
eddda1149a,"[0, 1, 2, 3, 4, 5, 6, 7]",45,0
eddda1149a,"[0, 1, 2, 3, 4, 5, 6, 7]",46,1
eddda1149a,"[0, 1, 2, 3, 4, 5, 6, 7]",47,0
eddda1149a,"[0, 1, 2, 3, 4, 5, 6, 7]",48,1
eddda1149a,"[0, 1, 2, 3, 4, 5, 6, 7]",49,0
eddda1149a,"[0, 1, 2, 3, 4, 5, 6, 7]",50,1
eddda1149a,"[0, 1, 2, 3, 4, 5, 6, 7]",51,0
eddda1149a,"[0, 1, 2, 3, 4, 5, 6, 7]",52,0
eddda1149a,"[0, 1, 2, 3, 4, 5, 6, 7]",53,1
eddda1149a,"[0, 1, 2, 3, 4, 5, 6, 7]",54,1
eddda1149a,"[0, 1, 2, 3, 4, 5, 6, 7]",55,1
eddda1149a,"[0, 1, 2, 3, 4, 5, 6, 7]",56,0
eddda1149a,"[0, 1, 2, 3, 4, 5, 6, 7]",57,0
eddda1149a,"[0, 1, 2, 3, 4, 5, 6, 7]",58,0
eddda1149a,"[0, 1, 2, 3, 4, 5, 6, 7]",59,0
e5074ca3a7,"[0, 1, 2, 3, 4, 5, 6, 7]",0,0
e5074ca3a7,"[0, 1, 2, 3, 4, 5, 6, 7]",1,1
e5074ca3a7,"[0, 1, 2, 3, 4, 5, 6, 7]",2,0
e5074ca3a7,"[0, 1, 2, 3, 4, 5, 6, 7]",3,0
e5074ca3a7,"[0, 1, 2, 3, 4, 5, 6, 7]",4,0
e5074ca3a7,"[0, 1, 2, 3, 4, 5, 6, 7]",5,0
e5074ca3a7,"[0, 1, 2, 3, 4, 5, 6, 7]",6,1
e5074ca3a7,"[0, 1, 2, 3, 4, 5, 6, 7]",7,1
e5074ca3a7,"[0, 1, 2, 3, 4, 5, 6, 7]",8,0
e5074ca3a7,"[0, 1, 2, 3, 4, 5, 6, 7]",9,1
e5074ca3a7,"[0, 1, 2, 3, 4, 5, 6, 7]",10,0
e5074ca3a7,"[0, 1, 2, 3, 4, 5, 6, 7]",11,0
e5074ca3a7,"[0, 1, 2, 3, 4, 5, 6, 7]",12,1
e5074ca3a7,"[0, 1, 2, 3, 4, 5, 6, 7]",13,0
e5074ca3a7,"[0, 1, 2, 3, 4, 5, 6, 7]",14,1
e5074ca3a7,"[0, 1, 2, 3, 4, 5, 6, 7]",15,1
e5074ca3a7,"[0, 1, 2, 3, 4, 5, 6, 7]",16,0
e5074ca3a7,"[0, 1, 2, 3, 4, 5, 6, 7]",17,1
e5074ca3a7,"[0, 1, 2, 3, 4, 5, 6, 7]",18,0
e5074ca3a7,"[0, 1, 2, 3, 4, 5, 6, 7]",19,1
e5074ca3a7,"[0, 1, 2, 3, 4, 5, 6, 7]",20,0
e5074ca3a7,"[0, 1, 2, 3, 4, 5, 6, 7]",21,1
e5074ca3a7,"[0, 1, 2, 3, 4, 5, 6, 7]",22,0
e5074ca3a7,"[0, 1, 2, 3, 4, 5, 6, 7]",23,0
e5074ca3a7,"[0, 1, 2, 3, 4, 5, 6, 7]",24,0
e5074ca3a7,"[0, 1, 2, 3, 4, 5, 6, 7]",25,0
e5074ca3a7,"[0, 1, 2, 3, 4, 5, 6, 7]",26,0
e5074ca3a7,"[0, 1, 2, 3, 4, 5, 6, 7]",27,1
e5074ca3a7,"[0, 1, 2, 3, 4, 5, 6, 7]",28,0
e5074ca3a7,"[0, 1, 2, 3, 4, 5, 6, 7]",29,0
e5074ca3a7,"[0, 1, 2, 3, 4, 5, 6, 7]",30,1
e5074ca3a7,"[0, 1, 2, 3, 4, 5, 6, 7]",31,0
e5074ca3a7,"[0, 1, 2, 3, 4, 5, 6, 7]",32,0
e5074ca3a7,"[0, 1, 2, 3, 4, 5, 6, 7]",33,0
e5074ca3a7,"[0, 1, 2, 3, 4, 5, 6, 7]",34,1
e5074ca3a7,"[0, 1, 2, 3, 4, 5, 6, 7]",35,0
e5074ca3a7,"[0, 1, 2, 3, 4, 5, 6, 7]",36,0
e5074ca3a7,"[0, 1, 2, 3, 4, 5, 6, 7]",37,1
e5074ca3a7,"[0, 1, 2, 3, 4, 5, 6, 7]",38,0
e5074ca3a7,"[0, 1, 2, 3, 4, 5, 6, 7]",39,0
e5074ca3a7,"[0, 1, 2, 3, 4, 5, 6, 7]",40,1
e5074ca3a7,"[0, 1, 2, 3, 4, 5, 6, 7]",41,1
e5074ca3a7,"[0, 1, 2, 3, 4, 5, 6, 7]",42,1
e5074ca3a7,"[0, 1, 2, 3, 4, 5, 6, 7]",43,0
e5074ca3a7,"[0, 1, 2, 3, 4, 5, 6, 7]",44,0
e5074ca3a7,"[0, 1, 2, 3, 4, 5, 6, 7]",45,0
e5074ca3a7,"[0, 1, 2, 3, 4, 5, 6, 7]",46,1
e5074ca3a7,"[0, 1, 2, 3, 4, 5, 6, 7]",47,0
e5074ca3a7,"[0, 1, 2, 3, 4, 5, 6, 7]",48,1
e5074ca3a7,"[0, 1, 2, 3, 4, 5, 6, 7]",49,0
e5074ca3a7,"[0, 1, 2, 3, 4, 5, 6, 7]",50,1
e5074ca3a7,"[0, 1, 2, 3, 4, 5, 6, 7]",51,0
e5074ca3a7,"[0, 1, 2, 3, 4, 5, 6, 7]",52,0
e5074ca3a7,"[0, 1, 2, 3, 4, 5, 6, 7]",53,1
e5074ca3a7,"[0, 1, 2, 3, 4, 5, 6, 7]",54,0
e5074ca3a7,"[0, 1, 2, 3, 4, 5, 6, 7]",55,1
e5074ca3a7,"[0, 1, 2, 3, 4, 5, 6, 7]",56,1
e5074ca3a7,"[0, 1, 2, 3, 4, 5, 6, 7]",57,0
e5074ca3a7,"[0, 1, 2, 3, 4, 5, 6, 7]",58,0
e5074ca3a7,"[0, 1, 2, 3, 4, 5, 6, 7]",59,0
780027acf4,"[0, 1, 2, 3, 4, 5, 6, 7]",0,0
780027acf4,"[0, 1, 2, 3, 4, 5, 6, 7]",1,1
780027acf4,"[0, 1, 2, 3, 4, 5, 6, 7]",2,0
780027acf4,"[0, 1, 2, 3, 4, 5, 6, 7]",3,0
780027acf4,"[0, 1, 2, 3, 4, 5, 6, 7]",4,0
780027acf4,"[0, 1, 2, 3, 4, 5, 6, 7]",5,0
780027acf4,"[0, 1, 2, 3, 4, 5, 6, 7]",6,1
780027acf4,"[0, 1, 2, 3, 4, 5, 6, 7]",7,1
780027acf4,"[0, 1, 2, 3, 4, 5, 6, 7]",8,0
780027acf4,"[0, 1, 2, 3, 4, 5, 6, 7]",9,1
780027acf4,"[0, 1, 2, 3, 4, 5, 6, 7]",10,0
780027acf4,"[0, 1, 2, 3, 4, 5, 6, 7]",11,1
780027acf4,"[0, 1, 2, 3, 4, 5, 6, 7]",12,1
780027acf4,"[0, 1, 2, 3, 4, 5, 6, 7]",13,0
780027acf4,"[0, 1, 2, 3, 4, 5, 6, 7]",14,0
780027acf4,"[0, 1, 2, 3, 4, 5, 6, 7]",15,0
780027acf4,"[0, 1, 2, 3, 4, 5, 6, 7]",16,0
780027acf4,"[0, 1, 2, 3, 4, 5, 6, 7]",17,1
780027acf4,"[0, 1, 2, 3, 4, 5, 6, 7]",18,0
780027acf4,"[0, 1, 2, 3, 4, 5, 6, 7]",19,0
780027acf4,"[0, 1, 2, 3, 4, 5, 6, 7]",20,0
780027acf4,"[0, 1, 2, 3, 4, 5, 6, 7]",21,0
780027acf4,"[0, 1, 2, 3, 4, 5, 6, 7]",22,0
780027acf4,"[0, 1, 2, 3, 4, 5, 6, 7]",23,0
780027acf4,"[0, 1, 2, 3, 4, 5, 6, 7]",24,0
780027acf4,"[0, 1, 2, 3, 4, 5, 6, 7]",25,0
780027acf4,"[0, 1, 2, 3, 4, 5, 6, 7]",26,0
780027acf4,"[0, 1, 2, 3, 4, 5, 6, 7]",27,0
780027acf4,"[0, 1, 2, 3, 4, 5, 6, 7]",28,0
780027acf4,"[0, 1, 2, 3, 4, 5, 6, 7]",29,0
780027acf4,"[0, 1, 2, 3, 4, 5, 6, 7]",30,0
780027acf4,"[0, 1, 2, 3, 4, 5, 6, 7]",31,0
780027acf4,"[0, 1, 2, 3, 4, 5, 6, 7]",32,0
780027acf4,"[0, 1, 2, 3, 4, 5, 6, 7]",33,0
780027acf4,"[0, 1, 2, 3, 4, 5, 6, 7]",34,1
780027acf4,"[0, 1, 2, 3, 4, 5, 6, 7]",35,1
780027acf4,"[0, 1, 2, 3, 4, 5, 6, 7]",36,0
780027acf4,"[0, 1, 2, 3, 4, 5, 6, 7]",37,0
780027acf4,"[0, 1, 2, 3, 4, 5, 6, 7]",38,0
780027acf4,"[0, 1, 2, 3, 4, 5, 6, 7]",39,0
780027acf4,"[0, 1, 2, 3, 4, 5, 6, 7]",40,0
780027acf4,"[0, 1, 2, 3, 4, 5, 6, 7]",41,1
780027acf4,"[0, 1, 2, 3, 4, 5, 6, 7]",42,0
780027acf4,"[0, 1, 2, 3, 4, 5, 6, 7]",43,1
780027acf4,"[0, 1, 2, 3, 4, 5, 6, 7]",44,0
780027acf4,"[0, 1, 2, 3, 4, 5, 6, 7]",45,0
780027acf4,"[0, 1, 2, 3, 4, 5, 6, 7]",46,1
780027acf4,"[0, 1, 2, 3, 4, 5, 6, 7]",47,0
780027acf4,"[0, 1, 2, 3, 4, 5, 6, 7]",48,1
780027acf4,"[0, 1, 2, 3, 4, 5, 6, 7]",49,0
780027acf4,"[0, 1, 2, 3, 4, 5, 6, 7]",50,1
780027acf4,"[0, 1, 2, 3, 4, 5, 6, 7]",51,1
780027acf4,"[0, 1, 2, 3, 4, 5, 6, 7]",52,0
780027acf4,"[0, 1, 2, 3, 4, 5, 6, 7]",53,1
780027acf4,"[0, 1, 2, 3, 4, 5, 6, 7]",54,0
780027acf4,"[0, 1, 2, 3, 4, 5, 6, 7]",55,1
780027acf4,"[0, 1, 2, 3, 4, 5, 6, 7]",56,1
780027acf4,"[0, 1, 2, 3, 4, 5, 6, 7]",57,0
780027acf4,"[0, 1, 2, 3, 4, 5, 6, 7]",58,0
780027acf4,"[0, 1, 2, 3, 4, 5, 6, 7]",59,0
6a0a67ecea,"[0, 1, 2, 3, 4, 5, 6, 7]",0,0
6a0a67ecea,"[0, 1, 2, 3, 4, 5, 6, 7]",1,1
6a0a67ecea,"[0, 1, 2, 3, 4, 5, 6, 7]",2,1
6a0a67ecea,"[0, 1, 2, 3, 4, 5, 6, 7]",3,0
6a0a67ecea,"[0, 1, 2, 3, 4, 5, 6, 7]",4,0
6a0a67ecea,"[0, 1, 2, 3, 4, 5, 6, 7]",5,0
6a0a67ecea,"[0, 1, 2, 3, 4, 5, 6, 7]",6,0
6a0a67ecea,"[0, 1, 2, 3, 4, 5, 6, 7]",7,1
6a0a67ecea,"[0, 1, 2, 3, 4, 5, 6, 7]",8,0
6a0a67ecea,"[0, 1, 2, 3, 4, 5, 6, 7]",9,1
6a0a67ecea,"[0, 1, 2, 3, 4, 5, 6, 7]",10,0
6a0a67ecea,"[0, 1, 2, 3, 4, 5, 6, 7]",11,0
6a0a67ecea,"[0, 1, 2, 3, 4, 5, 6, 7]",12,1
6a0a67ecea,"[0, 1, 2, 3, 4, 5, 6, 7]",13,1
6a0a67ecea,"[0, 1, 2, 3, 4, 5, 6, 7]",14,1
6a0a67ecea,"[0, 1, 2, 3, 4, 5, 6, 7]",15,0
6a0a67ecea,"[0, 1, 2, 3, 4, 5, 6, 7]",16,0
6a0a67ecea,"[0, 1, 2, 3, 4, 5, 6, 7]",17,1
6a0a67ecea,"[0, 1, 2, 3, 4, 5, 6, 7]",18,0
6a0a67ecea,"[0, 1, 2, 3, 4, 5, 6, 7]",19,1
6a0a67ecea,"[0, 1, 2, 3, 4, 5, 6, 7]",20,0
6a0a67ecea,"[0, 1, 2, 3, 4, 5, 6, 7]",21,1
6a0a67ecea,"[0, 1, 2, 3, 4, 5, 6, 7]",22,0
6a0a67ecea,"[0, 1, 2, 3, 4, 5, 6, 7]",23,0
6a0a67ecea,"[0, 1, 2, 3, 4, 5, 6, 7]",24,0
6a0a67ecea,"[0, 1, 2, 3, 4, 5, 6, 7]",25,1
6a0a67ecea,"[0, 1, 2, 3, 4, 5, 6, 7]",26,1
6a0a67ecea,"[0, 1, 2, 3, 4, 5, 6, 7]",27,1
6a0a67ecea,"[0, 1, 2, 3, 4, 5, 6, 7]",28,1
6a0a67ecea,"[0, 1, 2, 3, 4, 5, 6, 7]",29,0
6a0a67ecea,"[0, 1, 2, 3, 4, 5, 6, 7]",30,1
6a0a67ecea,"[0, 1, 2, 3, 4, 5, 6, 7]",31,0
6a0a67ecea,"[0, 1, 2, 3, 4, 5, 6, 7]",32,0
6a0a67ecea,"[0, 1, 2, 3, 4, 5, 6, 7]",33,1
6a0a67ecea,"[0, 1, 2, 3, 4, 5, 6, 7]",34,0
6a0a67ecea,"[0, 1, 2, 3, 4, 5, 6, 7]",35,1
6a0a67ecea,"[0, 1, 2, 3, 4, 5, 6, 7]",36,0
6a0a67ecea,"[0, 1, 2, 3, 4, 5, 6, 7]",37,1
6a0a67ecea,"[0, 1, 2, 3, 4, 5, 6, 7]",38,0
6a0a67ecea,"[0, 1, 2, 3, 4, 5, 6, 7]",39,0
6a0a67ecea,"[0, 1, 2, 3, 4, 5, 6, 7]",40,0
6a0a67ecea,"[0, 1, 2, 3, 4, 5, 6, 7]",41,1
6a0a67ecea,"[0, 1, 2, 3, 4, 5, 6, 7]",42,1
6a0a67ecea,"[0, 1, 2, 3, 4, 5, 6, 7]",43,0
6a0a67ecea,"[0, 1, 2, 3, 4, 5, 6, 7]",44,0
6a0a67ecea,"[0, 1, 2, 3, 4, 5, 6, 7]",45,0
6a0a67ecea,"[0, 1, 2, 3, 4, 5, 6, 7]",46,1
6a0a67ecea,"[0, 1, 2, 3, 4, 5, 6, 7]",47,1
6a0a67ecea,"[0, 1, 2, 3, 4, 5, 6, 7]",48,1
6a0a67ecea,"[0, 1, 2, 3, 4, 5, 6, 7]",49,1
6a0a67ecea,"[0, 1, 2, 3, 4, 5, 6, 7]",50,1
6a0a67ecea,"[0, 1, 2, 3, 4, 5, 6, 7]",51,1
6a0a67ecea,"[0, 1, 2, 3, 4, 5, 6, 7]",52,0
6a0a67ecea,"[0, 1, 2, 3, 4, 5, 6, 7]",53,1
6a0a67ecea,"[0, 1, 2, 3, 4, 5, 6, 7]",54,0
6a0a67ecea,"[0, 1, 2, 3, 4, 5, 6, 7]",55,1
6a0a67ecea,"[0, 1, 2, 3, 4, 5, 6, 7]",56,1
6a0a67ecea,"[0, 1, 2, 3, 4, 5, 6, 7]",57,0
6a0a67ecea,"[0, 1, 2, 3, 4, 5, 6, 7]",58,0
6a0a67ecea,"[0, 1, 2, 3, 4, 5, 6, 7]",59,0
ba683bd74d,"[0, 1, 2, 3, 4, 5, 6, 7]",0,0
ba683bd74d,"[0, 1, 2, 3, 4, 5, 6, 7]",1,0
ba683bd74d,"[0, 1, 2, 3, 4, 5, 6, 7]",2,0
ba683bd74d,"[0, 1, 2, 3, 4, 5, 6, 7]",3,0
ba683bd74d,"[0, 1, 2, 3, 4, 5, 6, 7]",4,0
ba683bd74d,"[0, 1, 2, 3, 4, 5, 6, 7]",5,0
ba683bd74d,"[0, 1, 2, 3, 4, 5, 6, 7]",6,1
ba683bd74d,"[0, 1, 2, 3, 4, 5, 6, 7]",7,1
ba683bd74d,"[0, 1, 2, 3, 4, 5, 6, 7]",8,0
ba683bd74d,"[0, 1, 2, 3, 4, 5, 6, 7]",9,1
ba683bd74d,"[0, 1, 2, 3, 4, 5, 6, 7]",10,0
ba683bd74d,"[0, 1, 2, 3, 4, 5, 6, 7]",11,0
ba683bd74d,"[0, 1, 2, 3, 4, 5, 6, 7]",12,1
ba683bd74d,"[0, 1, 2, 3, 4, 5, 6, 7]",13,1
ba683bd74d,"[0, 1, 2, 3, 4, 5, 6, 7]",14,0
ba683bd74d,"[0, 1, 2, 3, 4, 5, 6, 7]",15,1
ba683bd74d,"[0, 1, 2, 3, 4, 5, 6, 7]",16,0
ba683bd74d,"[0, 1, 2, 3, 4, 5, 6, 7]",17,1
ba683bd74d,"[0, 1, 2, 3, 4, 5, 6, 7]",18,0
ba683bd74d,"[0, 1, 2, 3, 4, 5, 6, 7]",19,1
ba683bd74d,"[0, 1, 2, 3, 4, 5, 6, 7]",20,0
ba683bd74d,"[0, 1, 2, 3, 4, 5, 6, 7]",21,0
ba683bd74d,"[0, 1, 2, 3, 4, 5, 6, 7]",22,0
ba683bd74d,"[0, 1, 2, 3, 4, 5, 6, 7]",23,0
ba683bd74d,"[0, 1, 2, 3, 4, 5, 6, 7]",24,0
ba683bd74d,"[0, 1, 2, 3, 4, 5, 6, 7]",25,0
ba683bd74d,"[0, 1, 2, 3, 4, 5, 6, 7]",26,0
ba683bd74d,"[0, 1, 2, 3, 4, 5, 6, 7]",27,1
ba683bd74d,"[0, 1, 2, 3, 4, 5, 6, 7]",28,1
ba683bd74d,"[0, 1, 2, 3, 4, 5, 6, 7]",29,0
ba683bd74d,"[0, 1, 2, 3, 4, 5, 6, 7]",30,1
ba683bd74d,"[0, 1, 2, 3, 4, 5, 6, 7]",31,0
ba683bd74d,"[0, 1, 2, 3, 4, 5, 6, 7]",32,0
ba683bd74d,"[0, 1, 2, 3, 4, 5, 6, 7]",33,0
ba683bd74d,"[0, 1, 2, 3, 4, 5, 6, 7]",34,1
ba683bd74d,"[0, 1, 2, 3, 4, 5, 6, 7]",35,1
ba683bd74d,"[0, 1, 2, 3, 4, 5, 6, 7]",36,0
ba683bd74d,"[0, 1, 2, 3, 4, 5, 6, 7]",37,1
ba683bd74d,"[0, 1, 2, 3, 4, 5, 6, 7]",38,0
ba683bd74d,"[0, 1, 2, 3, 4, 5, 6, 7]",39,0
ba683bd74d,"[0, 1, 2, 3, 4, 5, 6, 7]",40,0
ba683bd74d,"[0, 1, 2, 3, 4, 5, 6, 7]",41,1
ba683bd74d,"[0, 1, 2, 3, 4, 5, 6, 7]",42,0
ba683bd74d,"[0, 1, 2, 3, 4, 5, 6, 7]",43,0
ba683bd74d,"[0, 1, 2, 3, 4, 5, 6, 7]",44,0
ba683bd74d,"[0, 1, 2, 3, 4, 5, 6, 7]",45,0
ba683bd74d,"[0, 1, 2, 3, 4, 5, 6, 7]",46,1
ba683bd74d,"[0, 1, 2, 3, 4, 5, 6, 7]",47,1
ba683bd74d,"[0, 1, 2, 3, 4, 5, 6, 7]",48,1
ba683bd74d,"[0, 1, 2, 3, 4, 5, 6, 7]",49,0
ba683bd74d,"[0, 1, 2, 3, 4, 5, 6, 7]",50,1
ba683bd74d,"[0, 1, 2, 3, 4, 5, 6, 7]",51,1
ba683bd74d,"[0, 1, 2, 3, 4, 5, 6, 7]",52,0
ba683bd74d,"[0, 1, 2, 3, 4, 5, 6, 7]",53,1
ba683bd74d,"[0, 1, 2, 3, 4, 5, 6, 7]",54,0
ba683bd74d,"[0, 1, 2, 3, 4, 5, 6, 7]",55,1
ba683bd74d,"[0, 1, 2, 3, 4, 5, 6, 7]",56,1
ba683bd74d,"[0, 1, 2, 3, 4, 5, 6, 7]",57,0
ba683bd74d,"[0, 1, 2, 3, 4, 5, 6, 7]",58,0
ba683bd74d,"[0, 1, 2, 3, 4, 5, 6, 7]",59,0
dd135040f2,"[0, 1, 2, 3, 4, 5, 6, 7]",0,0
dd135040f2,"[0, 1, 2, 3, 4, 5, 6, 7]",1,1
dd135040f2,"[0, 1, 2, 3, 4, 5, 6, 7]",2,0
dd135040f2,"[0, 1, 2, 3, 4, 5, 6, 7]",3,0
dd135040f2,"[0, 1, 2, 3, 4, 5, 6, 7]",4,1
dd135040f2,"[0, 1, 2, 3, 4, 5, 6, 7]",5,0
dd135040f2,"[0, 1, 2, 3, 4, 5, 6, 7]",6,0
dd135040f2,"[0, 1, 2, 3, 4, 5, 6, 7]",7,1
dd135040f2,"[0, 1, 2, 3, 4, 5, 6, 7]",8,0
dd135040f2,"[0, 1, 2, 3, 4, 5, 6, 7]",9,1
dd135040f2,"[0, 1, 2, 3, 4, 5, 6, 7]",10,0
dd135040f2,"[0, 1, 2, 3, 4, 5, 6, 7]",11,0
dd135040f2,"[0, 1, 2, 3, 4, 5, 6, 7]",12,0
dd135040f2,"[0, 1, 2, 3, 4, 5, 6, 7]",13,0
dd135040f2,"[0, 1, 2, 3, 4, 5, 6, 7]",14,0
dd135040f2,"[0, 1, 2, 3, 4, 5, 6, 7]",15,0
dd135040f2,"[0, 1, 2, 3, 4, 5, 6, 7]",16,0
dd135040f2,"[0, 1, 2, 3, 4, 5, 6, 7]",17,1
dd135040f2,"[0, 1, 2, 3, 4, 5, 6, 7]",18,0
dd135040f2,"[0, 1, 2, 3, 4, 5, 6, 7]",19,1
dd135040f2,"[0, 1, 2, 3, 4, 5, 6, 7]",20,0
dd135040f2,"[0, 1, 2, 3, 4, 5, 6, 7]",21,1
dd135040f2,"[0, 1, 2, 3, 4, 5, 6, 7]",22,0
dd135040f2,"[0, 1, 2, 3, 4, 5, 6, 7]",23,0
dd135040f2,"[0, 1, 2, 3, 4, 5, 6, 7]",24,0
dd135040f2,"[0, 1, 2, 3, 4, 5, 6, 7]",25,0
dd135040f2,"[0, 1, 2, 3, 4, 5, 6, 7]",26,1
dd135040f2,"[0, 1, 2, 3, 4, 5, 6, 7]",27,1
dd135040f2,"[0, 1, 2, 3, 4, 5, 6, 7]",28,1
dd135040f2,"[0, 1, 2, 3, 4, 5, 6, 7]",29,0
dd135040f2,"[0, 1, 2, 3, 4, 5, 6, 7]",30,1
dd135040f2,"[0, 1, 2, 3, 4, 5, 6, 7]",31,0
dd135040f2,"[0, 1, 2, 3, 4, 5, 6, 7]",32,0
dd135040f2,"[0, 1, 2, 3, 4, 5, 6, 7]",33,1
dd135040f2,"[0, 1, 2, 3, 4, 5, 6, 7]",34,0
dd135040f2,"[0, 1, 2, 3, 4, 5, 6, 7]",35,0
dd135040f2,"[0, 1, 2, 3, 4, 5, 6, 7]",36,0
dd135040f2,"[0, 1, 2, 3, 4, 5, 6, 7]",37,1
dd135040f2,"[0, 1, 2, 3, 4, 5, 6, 7]",38,0
dd135040f2,"[0, 1, 2, 3, 4, 5, 6, 7]",39,0
dd135040f2,"[0, 1, 2, 3, 4, 5, 6, 7]",40,1
dd135040f2,"[0, 1, 2, 3, 4, 5, 6, 7]",41,1
dd135040f2,"[0, 1, 2, 3, 4, 5, 6, 7]",42,1
dd135040f2,"[0, 1, 2, 3, 4, 5, 6, 7]",43,1
dd135040f2,"[0, 1, 2, 3, 4, 5, 6, 7]",44,0
dd135040f2,"[0, 1, 2, 3, 4, 5, 6, 7]",45,0
dd135040f2,"[0, 1, 2, 3, 4, 5, 6, 7]",46,1
dd135040f2,"[0, 1, 2, 3, 4, 5, 6, 7]",47,0
dd135040f2,"[0, 1, 2, 3, 4, 5, 6, 7]",48,0
dd135040f2,"[0, 1, 2, 3, 4, 5, 6, 7]",49,0
dd135040f2,"[0, 1, 2, 3, 4, 5, 6, 7]",50,1
dd135040f2,"[0, 1, 2, 3, 4, 5, 6, 7]",51,0
dd135040f2,"[0, 1, 2, 3, 4, 5, 6, 7]",52,0
dd135040f2,"[0, 1, 2, 3, 4, 5, 6, 7]",53,0
dd135040f2,"[0, 1, 2, 3, 4, 5, 6, 7]",54,0
dd135040f2,"[0, 1, 2, 3, 4, 5, 6, 7]",55,0
dd135040f2,"[0, 1, 2, 3, 4, 5, 6, 7]",56,1
dd135040f2,"[0, 1, 2, 3, 4, 5, 6, 7]",57,0
dd135040f2,"[0, 1, 2, 3, 4, 5, 6, 7]",58,1
dd135040f2,"[0, 1, 2, 3, 4, 5, 6, 7]",59,0
e80323c673,"[0, 1, 2, 3, 4, 5, 6, 7]",0,0
e80323c673,"[0, 1, 2, 3, 4, 5, 6, 7]",1,1
e80323c673,"[0, 1, 2, 3, 4, 5, 6, 7]",2,0
e80323c673,"[0, 1, 2, 3, 4, 5, 6, 7]",3,1
e80323c673,"[0, 1, 2, 3, 4, 5, 6, 7]",4,0
e80323c673,"[0, 1, 2, 3, 4, 5, 6, 7]",5,0
e80323c673,"[0, 1, 2, 3, 4, 5, 6, 7]",6,1
e80323c673,"[0, 1, 2, 3, 4, 5, 6, 7]",7,1
e80323c673,"[0, 1, 2, 3, 4, 5, 6, 7]",8,0
e80323c673,"[0, 1, 2, 3, 4, 5, 6, 7]",9,1
e80323c673,"[0, 1, 2, 3, 4, 5, 6, 7]",10,0
e80323c673,"[0, 1, 2, 3, 4, 5, 6, 7]",11,0
e80323c673,"[0, 1, 2, 3, 4, 5, 6, 7]",12,0
e80323c673,"[0, 1, 2, 3, 4, 5, 6, 7]",13,0
e80323c673,"[0, 1, 2, 3, 4, 5, 6, 7]",14,0
e80323c673,"[0, 1, 2, 3, 4, 5, 6, 7]",15,1
e80323c673,"[0, 1, 2, 3, 4, 5, 6, 7]",16,0
e80323c673,"[0, 1, 2, 3, 4, 5, 6, 7]",17,1
e80323c673,"[0, 1, 2, 3, 4, 5, 6, 7]",18,0
e80323c673,"[0, 1, 2, 3, 4, 5, 6, 7]",19,0
e80323c673,"[0, 1, 2, 3, 4, 5, 6, 7]",20,0
e80323c673,"[0, 1, 2, 3, 4, 5, 6, 7]",21,0
e80323c673,"[0, 1, 2, 3, 4, 5, 6, 7]",22,0
e80323c673,"[0, 1, 2, 3, 4, 5, 6, 7]",23,0
e80323c673,"[0, 1, 2, 3, 4, 5, 6, 7]",24,0
e80323c673,"[0, 1, 2, 3, 4, 5, 6, 7]",25,0
e80323c673,"[0, 1, 2, 3, 4, 5, 6, 7]",26,0
e80323c673,"[0, 1, 2, 3, 4, 5, 6, 7]",27,1
e80323c673,"[0, 1, 2, 3, 4, 5, 6, 7]",28,1
e80323c673,"[0, 1, 2, 3, 4, 5, 6, 7]",29,0
e80323c673,"[0, 1, 2, 3, 4, 5, 6, 7]",30,1
e80323c673,"[0, 1, 2, 3, 4, 5, 6, 7]",31,0
e80323c673,"[0, 1, 2, 3, 4, 5, 6, 7]",32,0
e80323c673,"[0, 1, 2, 3, 4, 5, 6, 7]",33,1
e80323c673,"[0, 1, 2, 3, 4, 5, 6, 7]",34,1
e80323c673,"[0, 1, 2, 3, 4, 5, 6, 7]",35,1
e80323c673,"[0, 1, 2, 3, 4, 5, 6, 7]",36,0
e80323c673,"[0, 1, 2, 3, 4, 5, 6, 7]",37,1
e80323c673,"[0, 1, 2, 3, 4, 5, 6, 7]",38,0
e80323c673,"[0, 1, 2, 3, 4, 5, 6, 7]",39,0
e80323c673,"[0, 1, 2, 3, 4, 5, 6, 7]",40,1
e80323c673,"[0, 1, 2, 3, 4, 5, 6, 7]",41,1
e80323c673,"[0, 1, 2, 3, 4, 5, 6, 7]",42,0
e80323c673,"[0, 1, 2, 3, 4, 5, 6, 7]",43,1
e80323c673,"[0, 1, 2, 3, 4, 5, 6, 7]",44,0
e80323c673,"[0, 1, 2, 3, 4, 5, 6, 7]",45,0
e80323c673,"[0, 1, 2, 3, 4, 5, 6, 7]",46,0
e80323c673,"[0, 1, 2, 3, 4, 5, 6, 7]",47,1
e80323c673,"[0, 1, 2, 3, 4, 5, 6, 7]",48,1
e80323c673,"[0, 1, 2, 3, 4, 5, 6, 7]",49,0
e80323c673,"[0, 1, 2, 3, 4, 5, 6, 7]",50,1
e80323c673,"[0, 1, 2, 3, 4, 5, 6, 7]",51,0
e80323c673,"[0, 1, 2, 3, 4, 5, 6, 7]",52,0
e80323c673,"[0, 1, 2, 3, 4, 5, 6, 7]",53,1
e80323c673,"[0, 1, 2, 3, 4, 5, 6, 7]",54,0
e80323c673,"[0, 1, 2, 3, 4, 5, 6, 7]",55,1
e80323c673,"[0, 1, 2, 3, 4, 5, 6, 7]",56,0
e80323c673,"[0, 1, 2, 3, 4, 5, 6, 7]",57,0
e80323c673,"[0, 1, 2, 3, 4, 5, 6, 7]",58,0
e80323c673,"[0, 1, 2, 3, 4, 5, 6, 7]",59,0
bb7ff7686e,"[0, 1, 2, 3, 4, 5, 6, 7]",0,0
bb7ff7686e,"[0, 1, 2, 3, 4, 5, 6, 7]",1,1
bb7ff7686e,"[0, 1, 2, 3, 4, 5, 6, 7]",2,0
bb7ff7686e,"[0, 1, 2, 3, 4, 5, 6, 7]",3,0
bb7ff7686e,"[0, 1, 2, 3, 4, 5, 6, 7]",4,0
bb7ff7686e,"[0, 1, 2, 3, 4, 5, 6, 7]",5,0
bb7ff7686e,"[0, 1, 2, 3, 4, 5, 6, 7]",6,1
bb7ff7686e,"[0, 1, 2, 3, 4, 5, 6, 7]",7,1
bb7ff7686e,"[0, 1, 2, 3, 4, 5, 6, 7]",8,0
bb7ff7686e,"[0, 1, 2, 3, 4, 5, 6, 7]",9,0
bb7ff7686e,"[0, 1, 2, 3, 4, 5, 6, 7]",10,0
bb7ff7686e,"[0, 1, 2, 3, 4, 5, 6, 7]",11,0
bb7ff7686e,"[0, 1, 2, 3, 4, 5, 6, 7]",12,0
bb7ff7686e,"[0, 1, 2, 3, 4, 5, 6, 7]",13,1
bb7ff7686e,"[0, 1, 2, 3, 4, 5, 6, 7]",14,1
bb7ff7686e,"[0, 1, 2, 3, 4, 5, 6, 7]",15,0
bb7ff7686e,"[0, 1, 2, 3, 4, 5, 6, 7]",16,1
bb7ff7686e,"[0, 1, 2, 3, 4, 5, 6, 7]",17,1
bb7ff7686e,"[0, 1, 2, 3, 4, 5, 6, 7]",18,0
bb7ff7686e,"[0, 1, 2, 3, 4, 5, 6, 7]",19,1
bb7ff7686e,"[0, 1, 2, 3, 4, 5, 6, 7]",20,0
bb7ff7686e,"[0, 1, 2, 3, 4, 5, 6, 7]",21,0
bb7ff7686e,"[0, 1, 2, 3, 4, 5, 6, 7]",22,0
bb7ff7686e,"[0, 1, 2, 3, 4, 5, 6, 7]",23,0
bb7ff7686e,"[0, 1, 2, 3, 4, 5, 6, 7]",24,0
bb7ff7686e,"[0, 1, 2, 3, 4, 5, 6, 7]",25,0
bb7ff7686e,"[0, 1, 2, 3, 4, 5, 6, 7]",26,0
bb7ff7686e,"[0, 1, 2, 3, 4, 5, 6, 7]",27,1
bb7ff7686e,"[0, 1, 2, 3, 4, 5, 6, 7]",28,0
bb7ff7686e,"[0, 1, 2, 3, 4, 5, 6, 7]",29,0
bb7ff7686e,"[0, 1, 2, 3, 4, 5, 6, 7]",30,0
bb7ff7686e,"[0, 1, 2, 3, 4, 5, 6, 7]",31,0
bb7ff7686e,"[0, 1, 2, 3, 4, 5, 6, 7]",32,0
bb7ff7686e,"[0, 1, 2, 3, 4, 5, 6, 7]",33,0
bb7ff7686e,"[0, 1, 2, 3, 4, 5, 6, 7]",34,0
bb7ff7686e,"[0, 1, 2, 3, 4, 5, 6, 7]",35,1
bb7ff7686e,"[0, 1, 2, 3, 4, 5, 6, 7]",36,0
bb7ff7686e,"[0, 1, 2, 3, 4, 5, 6, 7]",37,1
bb7ff7686e,"[0, 1, 2, 3, 4, 5, 6, 7]",38,0
bb7ff7686e,"[0, 1, 2, 3, 4, 5, 6, 7]",39,0
bb7ff7686e,"[0, 1, 2, 3, 4, 5, 6, 7]",40,1
bb7ff7686e,"[0, 1, 2, 3, 4, 5, 6, 7]",41,1
bb7ff7686e,"[0, 1, 2, 3, 4, 5, 6, 7]",42,0
bb7ff7686e,"[0, 1, 2, 3, 4, 5, 6, 7]",43,1
bb7ff7686e,"[0, 1, 2, 3, 4, 5, 6, 7]",44,0
bb7ff7686e,"[0, 1, 2, 3, 4, 5, 6, 7]",45,0
bb7ff7686e,"[0, 1, 2, 3, 4, 5, 6, 7]",46,1
bb7ff7686e,"[0, 1, 2, 3, 4, 5, 6, 7]",47,0
bb7ff7686e,"[0, 1, 2, 3, 4, 5, 6, 7]",48,1
bb7ff7686e,"[0, 1, 2, 3, 4, 5, 6, 7]",49,0
bb7ff7686e,"[0, 1, 2, 3, 4, 5, 6, 7]",50,1
bb7ff7686e,"[0, 1, 2, 3, 4, 5, 6, 7]",51,1
bb7ff7686e,"[0, 1, 2, 3, 4, 5, 6, 7]",52,0
bb7ff7686e,"[0, 1, 2, 3, 4, 5, 6, 7]",53,1
bb7ff7686e,"[0, 1, 2, 3, 4, 5, 6, 7]",54,1
bb7ff7686e,"[0, 1, 2, 3, 4, 5, 6, 7]",55,1
bb7ff7686e,"[0, 1, 2, 3, 4, 5, 6, 7]",56,1
bb7ff7686e,"[0, 1, 2, 3, 4, 5, 6, 7]",57,0
bb7ff7686e,"[0, 1, 2, 3, 4, 5, 6, 7]",58,0
bb7ff7686e,"[0, 1, 2, 3, 4, 5, 6, 7]",59,0
4973529683,"[0, 1, 2, 3, 4, 5, 6, 7]",0,0
4973529683,"[0, 1, 2, 3, 4, 5, 6, 7]",1,1
4973529683,"[0, 1, 2, 3, 4, 5, 6, 7]",2,0
4973529683,"[0, 1, 2, 3, 4, 5, 6, 7]",3,0
4973529683,"[0, 1, 2, 3, 4, 5, 6, 7]",4,0
4973529683,"[0, 1, 2, 3, 4, 5, 6, 7]",5,1
4973529683,"[0, 1, 2, 3, 4, 5, 6, 7]",6,0
4973529683,"[0, 1, 2, 3, 4, 5, 6, 7]",7,1
4973529683,"[0, 1, 2, 3, 4, 5, 6, 7]",8,0
4973529683,"[0, 1, 2, 3, 4, 5, 6, 7]",9,1
4973529683,"[0, 1, 2, 3, 4, 5, 6, 7]",10,0
4973529683,"[0, 1, 2, 3, 4, 5, 6, 7]",11,0
4973529683,"[0, 1, 2, 3, 4, 5, 6, 7]",12,0
4973529683,"[0, 1, 2, 3, 4, 5, 6, 7]",13,0
4973529683,"[0, 1, 2, 3, 4, 5, 6, 7]",14,0
4973529683,"[0, 1, 2, 3, 4, 5, 6, 7]",15,0
4973529683,"[0, 1, 2, 3, 4, 5, 6, 7]",16,0
4973529683,"[0, 1, 2, 3, 4, 5, 6, 7]",17,1
4973529683,"[0, 1, 2, 3, 4, 5, 6, 7]",18,0
4973529683,"[0, 1, 2, 3, 4, 5, 6, 7]",19,1
4973529683,"[0, 1, 2, 3, 4, 5, 6, 7]",20,0
4973529683,"[0, 1, 2, 3, 4, 5, 6, 7]",21,1
4973529683,"[0, 1, 2, 3, 4, 5, 6, 7]",22,0
4973529683,"[0, 1, 2, 3, 4, 5, 6, 7]",23,0
4973529683,"[0, 1, 2, 3, 4, 5, 6, 7]",24,0
4973529683,"[0, 1, 2, 3, 4, 5, 6, 7]",25,0
4973529683,"[0, 1, 2, 3, 4, 5, 6, 7]",26,0
4973529683,"[0, 1, 2, 3, 4, 5, 6, 7]",27,1
4973529683,"[0, 1, 2, 3, 4, 5, 6, 7]",28,1
4973529683,"[0, 1, 2, 3, 4, 5, 6, 7]",29,0
4973529683,"[0, 1, 2, 3, 4, 5, 6, 7]",30,1
4973529683,"[0, 1, 2, 3, 4, 5, 6, 7]",31,1
4973529683,"[0, 1, 2, 3, 4, 5, 6, 7]",32,0
4973529683,"[0, 1, 2, 3, 4, 5, 6, 7]",33,1
4973529683,"[0, 1, 2, 3, 4, 5, 6, 7]",34,1
4973529683,"[0, 1, 2, 3, 4, 5, 6, 7]",35,0
4973529683,"[0, 1, 2, 3, 4, 5, 6, 7]",36,0
4973529683,"[0, 1, 2, 3, 4, 5, 6, 7]",37,0
4973529683,"[0, 1, 2, 3, 4, 5, 6, 7]",38,0
4973529683,"[0, 1, 2, 3, 4, 5, 6, 7]",39,0
4973529683,"[0, 1, 2, 3, 4, 5, 6, 7]",40,0
4973529683,"[0, 1, 2, 3, 4, 5, 6, 7]",41,1
4973529683,"[0, 1, 2, 3, 4, 5, 6, 7]",42,0
4973529683,"[0, 1, 2, 3, 4, 5, 6, 7]",43,1
4973529683,"[0, 1, 2, 3, 4, 5, 6, 7]",44,0
4973529683,"[0, 1, 2, 3, 4, 5, 6, 7]",45,0
4973529683,"[0, 1, 2, 3, 4, 5, 6, 7]",46,1
4973529683,"[0, 1, 2, 3, 4, 5, 6, 7]",47,1
4973529683,"[0, 1, 2, 3, 4, 5, 6, 7]",48,1
4973529683,"[0, 1, 2, 3, 4, 5, 6, 7]",49,0
4973529683,"[0, 1, 2, 3, 4, 5, 6, 7]",50,1
4973529683,"[0, 1, 2, 3, 4, 5, 6, 7]",51,1
4973529683,"[0, 1, 2, 3, 4, 5, 6, 7]",52,0
4973529683,"[0, 1, 2, 3, 4, 5, 6, 7]",53,1
4973529683,"[0, 1, 2, 3, 4, 5, 6, 7]",54,1
4973529683,"[0, 1, 2, 3, 4, 5, 6, 7]",55,0
4973529683,"[0, 1, 2, 3, 4, 5, 6, 7]",56,1
4973529683,"[0, 1, 2, 3, 4, 5, 6, 7]",57,0
4973529683,"[0, 1, 2, 3, 4, 5, 6, 7]",58,0
4973529683,"[0, 1, 2, 3, 4, 5, 6, 7]",59,0
cb77427bb2,"[0, 1, 2, 3, 4, 5, 6, 7]",0,0
cb77427bb2,"[0, 1, 2, 3, 4, 5, 6, 7]",1,1
cb77427bb2,"[0, 1, 2, 3, 4, 5, 6, 7]",2,0
cb77427bb2,"[0, 1, 2, 3, 4, 5, 6, 7]",3,1
cb77427bb2,"[0, 1, 2, 3, 4, 5, 6, 7]",4,0
cb77427bb2,"[0, 1, 2, 3, 4, 5, 6, 7]",5,0
cb77427bb2,"[0, 1, 2, 3, 4, 5, 6, 7]",6,1
cb77427bb2,"[0, 1, 2, 3, 4, 5, 6, 7]",7,1
cb77427bb2,"[0, 1, 2, 3, 4, 5, 6, 7]",8,0
cb77427bb2,"[0, 1, 2, 3, 4, 5, 6, 7]",9,1
cb77427bb2,"[0, 1, 2, 3, 4, 5, 6, 7]",10,0
cb77427bb2,"[0, 1, 2, 3, 4, 5, 6, 7]",11,0
cb77427bb2,"[0, 1, 2, 3, 4, 5, 6, 7]",12,0
cb77427bb2,"[0, 1, 2, 3, 4, 5, 6, 7]",13,1
cb77427bb2,"[0, 1, 2, 3, 4, 5, 6, 7]",14,0
cb77427bb2,"[0, 1, 2, 3, 4, 5, 6, 7]",15,1
cb77427bb2,"[0, 1, 2, 3, 4, 5, 6, 7]",16,0
cb77427bb2,"[0, 1, 2, 3, 4, 5, 6, 7]",17,1
cb77427bb2,"[0, 1, 2, 3, 4, 5, 6, 7]",18,0
cb77427bb2,"[0, 1, 2, 3, 4, 5, 6, 7]",19,1
cb77427bb2,"[0, 1, 2, 3, 4, 5, 6, 7]",20,0
cb77427bb2,"[0, 1, 2, 3, 4, 5, 6, 7]",21,0
cb77427bb2,"[0, 1, 2, 3, 4, 5, 6, 7]",22,0
cb77427bb2,"[0, 1, 2, 3, 4, 5, 6, 7]",23,1
cb77427bb2,"[0, 1, 2, 3, 4, 5, 6, 7]",24,0
cb77427bb2,"[0, 1, 2, 3, 4, 5, 6, 7]",25,0
cb77427bb2,"[0, 1, 2, 3, 4, 5, 6, 7]",26,0
cb77427bb2,"[0, 1, 2, 3, 4, 5, 6, 7]",27,1
cb77427bb2,"[0, 1, 2, 3, 4, 5, 6, 7]",28,0
cb77427bb2,"[0, 1, 2, 3, 4, 5, 6, 7]",29,0
cb77427bb2,"[0, 1, 2, 3, 4, 5, 6, 7]",30,1
cb77427bb2,"[0, 1, 2, 3, 4, 5, 6, 7]",31,1
cb77427bb2,"[0, 1, 2, 3, 4, 5, 6, 7]",32,0
cb77427bb2,"[0, 1, 2, 3, 4, 5, 6, 7]",33,0
cb77427bb2,"[0, 1, 2, 3, 4, 5, 6, 7]",34,0
cb77427bb2,"[0, 1, 2, 3, 4, 5, 6, 7]",35,1
cb77427bb2,"[0, 1, 2, 3, 4, 5, 6, 7]",36,0
cb77427bb2,"[0, 1, 2, 3, 4, 5, 6, 7]",37,1
cb77427bb2,"[0, 1, 2, 3, 4, 5, 6, 7]",38,0
cb77427bb2,"[0, 1, 2, 3, 4, 5, 6, 7]",39,0
cb77427bb2,"[0, 1, 2, 3, 4, 5, 6, 7]",40,0
cb77427bb2,"[0, 1, 2, 3, 4, 5, 6, 7]",41,1
cb77427bb2,"[0, 1, 2, 3, 4, 5, 6, 7]",42,0
cb77427bb2,"[0, 1, 2, 3, 4, 5, 6, 7]",43,1
cb77427bb2,"[0, 1, 2, 3, 4, 5, 6, 7]",44,0
cb77427bb2,"[0, 1, 2, 3, 4, 5, 6, 7]",45,0
cb77427bb2,"[0, 1, 2, 3, 4, 5, 6, 7]",46,1
cb77427bb2,"[0, 1, 2, 3, 4, 5, 6, 7]",47,0
cb77427bb2,"[0, 1, 2, 3, 4, 5, 6, 7]",48,1
cb77427bb2,"[0, 1, 2, 3, 4, 5, 6, 7]",49,0
cb77427bb2,"[0, 1, 2, 3, 4, 5, 6, 7]",50,1
cb77427bb2,"[0, 1, 2, 3, 4, 5, 6, 7]",51,0
cb77427bb2,"[0, 1, 2, 3, 4, 5, 6, 7]",52,0
cb77427bb2,"[0, 1, 2, 3, 4, 5, 6, 7]",53,1
cb77427bb2,"[0, 1, 2, 3, 4, 5, 6, 7]",54,0
cb77427bb2,"[0, 1, 2, 3, 4, 5, 6, 7]",55,1
cb77427bb2,"[0, 1, 2, 3, 4, 5, 6, 7]",56,1
cb77427bb2,"[0, 1, 2, 3, 4, 5, 6, 7]",57,0
cb77427bb2,"[0, 1, 2, 3, 4, 5, 6, 7]",58,0
cb77427bb2,"[0, 1, 2, 3, 4, 5, 6, 7]",59,0
0f6f9eac05,"[0, 1, 2, 3, 4, 5, 6, 7]",0,0
0f6f9eac05,"[0, 1, 2, 3, 4, 5, 6, 7]",1,1
0f6f9eac05,"[0, 1, 2, 3, 4, 5, 6, 7]",2,0
0f6f9eac05,"[0, 1, 2, 3, 4, 5, 6, 7]",3,0
0f6f9eac05,"[0, 1, 2, 3, 4, 5, 6, 7]",4,0
0f6f9eac05,"[0, 1, 2, 3, 4, 5, 6, 7]",5,0
0f6f9eac05,"[0, 1, 2, 3, 4, 5, 6, 7]",6,0
0f6f9eac05,"[0, 1, 2, 3, 4, 5, 6, 7]",7,0
0f6f9eac05,"[0, 1, 2, 3, 4, 5, 6, 7]",8,0
0f6f9eac05,"[0, 1, 2, 3, 4, 5, 6, 7]",9,1
0f6f9eac05,"[0, 1, 2, 3, 4, 5, 6, 7]",10,0
0f6f9eac05,"[0, 1, 2, 3, 4, 5, 6, 7]",11,0
0f6f9eac05,"[0, 1, 2, 3, 4, 5, 6, 7]",12,0
0f6f9eac05,"[0, 1, 2, 3, 4, 5, 6, 7]",13,0
0f6f9eac05,"[0, 1, 2, 3, 4, 5, 6, 7]",14,1
0f6f9eac05,"[0, 1, 2, 3, 4, 5, 6, 7]",15,1
0f6f9eac05,"[0, 1, 2, 3, 4, 5, 6, 7]",16,0
0f6f9eac05,"[0, 1, 2, 3, 4, 5, 6, 7]",17,1
0f6f9eac05,"[0, 1, 2, 3, 4, 5, 6, 7]",18,0
0f6f9eac05,"[0, 1, 2, 3, 4, 5, 6, 7]",19,1
0f6f9eac05,"[0, 1, 2, 3, 4, 5, 6, 7]",20,0
0f6f9eac05,"[0, 1, 2, 3, 4, 5, 6, 7]",21,0
0f6f9eac05,"[0, 1, 2, 3, 4, 5, 6, 7]",22,0
0f6f9eac05,"[0, 1, 2, 3, 4, 5, 6, 7]",23,0
0f6f9eac05,"[0, 1, 2, 3, 4, 5, 6, 7]",24,0
0f6f9eac05,"[0, 1, 2, 3, 4, 5, 6, 7]",25,0
0f6f9eac05,"[0, 1, 2, 3, 4, 5, 6, 7]",26,0
0f6f9eac05,"[0, 1, 2, 3, 4, 5, 6, 7]",27,1
0f6f9eac05,"[0, 1, 2, 3, 4, 5, 6, 7]",28,1
0f6f9eac05,"[0, 1, 2, 3, 4, 5, 6, 7]",29,0
0f6f9eac05,"[0, 1, 2, 3, 4, 5, 6, 7]",30,1
0f6f9eac05,"[0, 1, 2, 3, 4, 5, 6, 7]",31,0
0f6f9eac05,"[0, 1, 2, 3, 4, 5, 6, 7]",32,0
0f6f9eac05,"[0, 1, 2, 3, 4, 5, 6, 7]",33,1
0f6f9eac05,"[0, 1, 2, 3, 4, 5, 6, 7]",34,0
0f6f9eac05,"[0, 1, 2, 3, 4, 5, 6, 7]",35,1
0f6f9eac05,"[0, 1, 2, 3, 4, 5, 6, 7]",36,0
0f6f9eac05,"[0, 1, 2, 3, 4, 5, 6, 7]",37,0
0f6f9eac05,"[0, 1, 2, 3, 4, 5, 6, 7]",38,0
0f6f9eac05,"[0, 1, 2, 3, 4, 5, 6, 7]",39,0
0f6f9eac05,"[0, 1, 2, 3, 4, 5, 6, 7]",40,0
0f6f9eac05,"[0, 1, 2, 3, 4, 5, 6, 7]",41,1
0f6f9eac05,"[0, 1, 2, 3, 4, 5, 6, 7]",42,0
0f6f9eac05,"[0, 1, 2, 3, 4, 5, 6, 7]",43,1
0f6f9eac05,"[0, 1, 2, 3, 4, 5, 6, 7]",44,0
0f6f9eac05,"[0, 1, 2, 3, 4, 5, 6, 7]",45,0
0f6f9eac05,"[0, 1, 2, 3, 4, 5, 6, 7]",46,1
0f6f9eac05,"[0, 1, 2, 3, 4, 5, 6, 7]",47,0
0f6f9eac05,"[0, 1, 2, 3, 4, 5, 6, 7]",48,1
0f6f9eac05,"[0, 1, 2, 3, 4, 5, 6, 7]",49,0
0f6f9eac05,"[0, 1, 2, 3, 4, 5, 6, 7]",50,1
0f6f9eac05,"[0, 1, 2, 3, 4, 5, 6, 7]",51,0
0f6f9eac05,"[0, 1, 2, 3, 4, 5, 6, 7]",52,0
0f6f9eac05,"[0, 1, 2, 3, 4, 5, 6, 7]",53,0
0f6f9eac05,"[0, 1, 2, 3, 4, 5, 6, 7]",54,1
0f6f9eac05,"[0, 1, 2, 3, 4, 5, 6, 7]",55,1
0f6f9eac05,"[0, 1, 2, 3, 4, 5, 6, 7]",56,0
0f6f9eac05,"[0, 1, 2, 3, 4, 5, 6, 7]",57,0
0f6f9eac05,"[0, 1, 2, 3, 4, 5, 6, 7]",58,0
0f6f9eac05,"[0, 1, 2, 3, 4, 5, 6, 7]",59,0
f409be272f,"[0, 1, 2, 3, 4, 5, 6, 7]",0,0
f409be272f,"[0, 1, 2, 3, 4, 5, 6, 7]",1,0
f409be272f,"[0, 1, 2, 3, 4, 5, 6, 7]",2,0
f409be272f,"[0, 1, 2, 3, 4, 5, 6, 7]",3,0
f409be272f,"[0, 1, 2, 3, 4, 5, 6, 7]",4,0
f409be272f,"[0, 1, 2, 3, 4, 5, 6, 7]",5,0
f409be272f,"[0, 1, 2, 3, 4, 5, 6, 7]",6,0
f409be272f,"[0, 1, 2, 3, 4, 5, 6, 7]",7,1
f409be272f,"[0, 1, 2, 3, 4, 5, 6, 7]",8,0
f409be272f,"[0, 1, 2, 3, 4, 5, 6, 7]",9,1
f409be272f,"[0, 1, 2, 3, 4, 5, 6, 7]",10,0
f409be272f,"[0, 1, 2, 3, 4, 5, 6, 7]",11,1
f409be272f,"[0, 1, 2, 3, 4, 5, 6, 7]",12,0
f409be272f,"[0, 1, 2, 3, 4, 5, 6, 7]",13,0
f409be272f,"[0, 1, 2, 3, 4, 5, 6, 7]",14,0
f409be272f,"[0, 1, 2, 3, 4, 5, 6, 7]",15,1
f409be272f,"[0, 1, 2, 3, 4, 5, 6, 7]",16,0
f409be272f,"[0, 1, 2, 3, 4, 5, 6, 7]",17,1
f409be272f,"[0, 1, 2, 3, 4, 5, 6, 7]",18,0
f409be272f,"[0, 1, 2, 3, 4, 5, 6, 7]",19,1
f409be272f,"[0, 1, 2, 3, 4, 5, 6, 7]",20,0
f409be272f,"[0, 1, 2, 3, 4, 5, 6, 7]",21,1
f409be272f,"[0, 1, 2, 3, 4, 5, 6, 7]",22,0
f409be272f,"[0, 1, 2, 3, 4, 5, 6, 7]",23,0
f409be272f,"[0, 1, 2, 3, 4, 5, 6, 7]",24,0
f409be272f,"[0, 1, 2, 3, 4, 5, 6, 7]",25,0
f409be272f,"[0, 1, 2, 3, 4, 5, 6, 7]",26,1
f409be272f,"[0, 1, 2, 3, 4, 5, 6, 7]",27,1
f409be272f,"[0, 1, 2, 3, 4, 5, 6, 7]",28,1
f409be272f,"[0, 1, 2, 3, 4, 5, 6, 7]",29,0
f409be272f,"[0, 1, 2, 3, 4, 5, 6, 7]",30,1
f409be272f,"[0, 1, 2, 3, 4, 5, 6, 7]",31,0
f409be272f,"[0, 1, 2, 3, 4, 5, 6, 7]",32,0
f409be272f,"[0, 1, 2, 3, 4, 5, 6, 7]",33,1
f409be272f,"[0, 1, 2, 3, 4, 5, 6, 7]",34,0
f409be272f,"[0, 1, 2, 3, 4, 5, 6, 7]",35,1
f409be272f,"[0, 1, 2, 3, 4, 5, 6, 7]",36,0
f409be272f,"[0, 1, 2, 3, 4, 5, 6, 7]",37,1
f409be272f,"[0, 1, 2, 3, 4, 5, 6, 7]",38,0
f409be272f,"[0, 1, 2, 3, 4, 5, 6, 7]",39,0
f409be272f,"[0, 1, 2, 3, 4, 5, 6, 7]",40,0
f409be272f,"[0, 1, 2, 3, 4, 5, 6, 7]",41,1
f409be272f,"[0, 1, 2, 3, 4, 5, 6, 7]",42,0
f409be272f,"[0, 1, 2, 3, 4, 5, 6, 7]",43,1
f409be272f,"[0, 1, 2, 3, 4, 5, 6, 7]",44,0
f409be272f,"[0, 1, 2, 3, 4, 5, 6, 7]",45,0
f409be272f,"[0, 1, 2, 3, 4, 5, 6, 7]",46,1
f409be272f,"[0, 1, 2, 3, 4, 5, 6, 7]",47,0
f409be272f,"[0, 1, 2, 3, 4, 5, 6, 7]",48,1
f409be272f,"[0, 1, 2, 3, 4, 5, 6, 7]",49,0
f409be272f,"[0, 1, 2, 3, 4, 5, 6, 7]",50,1
f409be272f,"[0, 1, 2, 3, 4, 5, 6, 7]",51,0
f409be272f,"[0, 1, 2, 3, 4, 5, 6, 7]",52,0
f409be272f,"[0, 1, 2, 3, 4, 5, 6, 7]",53,1
f409be272f,"[0, 1, 2, 3, 4, 5, 6, 7]",54,0
f409be272f,"[0, 1, 2, 3, 4, 5, 6, 7]",55,1
f409be272f,"[0, 1, 2, 3, 4, 5, 6, 7]",56,1
f409be272f,"[0, 1, 2, 3, 4, 5, 6, 7]",57,0
f409be272f,"[0, 1, 2, 3, 4, 5, 6, 7]",58,0
f409be272f,"[0, 1, 2, 3, 4, 5, 6, 7]",59,0
d07de6787f,"[0, 1, 2, 3, 4, 5, 6, 7]",0,0
d07de6787f,"[0, 1, 2, 3, 4, 5, 6, 7]",1,1
d07de6787f,"[0, 1, 2, 3, 4, 5, 6, 7]",2,0
d07de6787f,"[0, 1, 2, 3, 4, 5, 6, 7]",3,0
d07de6787f,"[0, 1, 2, 3, 4, 5, 6, 7]",4,0
d07de6787f,"[0, 1, 2, 3, 4, 5, 6, 7]",5,0
d07de6787f,"[0, 1, 2, 3, 4, 5, 6, 7]",6,0
d07de6787f,"[0, 1, 2, 3, 4, 5, 6, 7]",7,1
d07de6787f,"[0, 1, 2, 3, 4, 5, 6, 7]",8,0
d07de6787f,"[0, 1, 2, 3, 4, 5, 6, 7]",9,1
d07de6787f,"[0, 1, 2, 3, 4, 5, 6, 7]",10,0
d07de6787f,"[0, 1, 2, 3, 4, 5, 6, 7]",11,0
d07de6787f,"[0, 1, 2, 3, 4, 5, 6, 7]",12,0
d07de6787f,"[0, 1, 2, 3, 4, 5, 6, 7]",13,1
d07de6787f,"[0, 1, 2, 3, 4, 5, 6, 7]",14,0
d07de6787f,"[0, 1, 2, 3, 4, 5, 6, 7]",15,0
d07de6787f,"[0, 1, 2, 3, 4, 5, 6, 7]",16,0
d07de6787f,"[0, 1, 2, 3, 4, 5, 6, 7]",17,1
d07de6787f,"[0, 1, 2, 3, 4, 5, 6, 7]",18,0
d07de6787f,"[0, 1, 2, 3, 4, 5, 6, 7]",19,1
d07de6787f,"[0, 1, 2, 3, 4, 5, 6, 7]",20,0
d07de6787f,"[0, 1, 2, 3, 4, 5, 6, 7]",21,0
d07de6787f,"[0, 1, 2, 3, 4, 5, 6, 7]",22,1
d07de6787f,"[0, 1, 2, 3, 4, 5, 6, 7]",23,0
d07de6787f,"[0, 1, 2, 3, 4, 5, 6, 7]",24,0
d07de6787f,"[0, 1, 2, 3, 4, 5, 6, 7]",25,0
d07de6787f,"[0, 1, 2, 3, 4, 5, 6, 7]",26,0
d07de6787f,"[0, 1, 2, 3, 4, 5, 6, 7]",27,0
d07de6787f,"[0, 1, 2, 3, 4, 5, 6, 7]",28,1
d07de6787f,"[0, 1, 2, 3, 4, 5, 6, 7]",29,0
d07de6787f,"[0, 1, 2, 3, 4, 5, 6, 7]",30,1
d07de6787f,"[0, 1, 2, 3, 4, 5, 6, 7]",31,0
d07de6787f,"[0, 1, 2, 3, 4, 5, 6, 7]",32,0
d07de6787f,"[0, 1, 2, 3, 4, 5, 6, 7]",33,1
d07de6787f,"[0, 1, 2, 3, 4, 5, 6, 7]",34,0
d07de6787f,"[0, 1, 2, 3, 4, 5, 6, 7]",35,1
d07de6787f,"[0, 1, 2, 3, 4, 5, 6, 7]",36,0
d07de6787f,"[0, 1, 2, 3, 4, 5, 6, 7]",37,1
d07de6787f,"[0, 1, 2, 3, 4, 5, 6, 7]",38,0
d07de6787f,"[0, 1, 2, 3, 4, 5, 6, 7]",39,0
d07de6787f,"[0, 1, 2, 3, 4, 5, 6, 7]",40,0
d07de6787f,"[0, 1, 2, 3, 4, 5, 6, 7]",41,1
d07de6787f,"[0, 1, 2, 3, 4, 5, 6, 7]",42,0
d07de6787f,"[0, 1, 2, 3, 4, 5, 6, 7]",43,1
d07de6787f,"[0, 1, 2, 3, 4, 5, 6, 7]",44,0
d07de6787f,"[0, 1, 2, 3, 4, 5, 6, 7]",45,0
d07de6787f,"[0, 1, 2, 3, 4, 5, 6, 7]",46,1
d07de6787f,"[0, 1, 2, 3, 4, 5, 6, 7]",47,0
d07de6787f,"[0, 1, 2, 3, 4, 5, 6, 7]",48,1
d07de6787f,"[0, 1, 2, 3, 4, 5, 6, 7]",49,0
d07de6787f,"[0, 1, 2, 3, 4, 5, 6, 7]",50,1
d07de6787f,"[0, 1, 2, 3, 4, 5, 6, 7]",51,0
d07de6787f,"[0, 1, 2, 3, 4, 5, 6, 7]",52,0
d07de6787f,"[0, 1, 2, 3, 4, 5, 6, 7]",53,1
d07de6787f,"[0, 1, 2, 3, 4, 5, 6, 7]",54,0
d07de6787f,"[0, 1, 2, 3, 4, 5, 6, 7]",55,0
d07de6787f,"[0, 1, 2, 3, 4, 5, 6, 7]",56,0
d07de6787f,"[0, 1, 2, 3, 4, 5, 6, 7]",57,0
d07de6787f,"[0, 1, 2, 3, 4, 5, 6, 7]",58,0
d07de6787f,"[0, 1, 2, 3, 4, 5, 6, 7]",59,0
43ba97d49a,"[0, 1, 2, 3, 4, 5, 6, 7]",0,0
43ba97d49a,"[0, 1, 2, 3, 4, 5, 6, 7]",1,1
43ba97d49a,"[0, 1, 2, 3, 4, 5, 6, 7]",2,0
43ba97d49a,"[0, 1, 2, 3, 4, 5, 6, 7]",3,1
43ba97d49a,"[0, 1, 2, 3, 4, 5, 6, 7]",4,0
43ba97d49a,"[0, 1, 2, 3, 4, 5, 6, 7]",5,0
43ba97d49a,"[0, 1, 2, 3, 4, 5, 6, 7]",6,1
43ba97d49a,"[0, 1, 2, 3, 4, 5, 6, 7]",7,1
43ba97d49a,"[0, 1, 2, 3, 4, 5, 6, 7]",8,0
43ba97d49a,"[0, 1, 2, 3, 4, 5, 6, 7]",9,1
43ba97d49a,"[0, 1, 2, 3, 4, 5, 6, 7]",10,0
43ba97d49a,"[0, 1, 2, 3, 4, 5, 6, 7]",11,0
43ba97d49a,"[0, 1, 2, 3, 4, 5, 6, 7]",12,0
43ba97d49a,"[0, 1, 2, 3, 4, 5, 6, 7]",13,1
43ba97d49a,"[0, 1, 2, 3, 4, 5, 6, 7]",14,0
43ba97d49a,"[0, 1, 2, 3, 4, 5, 6, 7]",15,0
43ba97d49a,"[0, 1, 2, 3, 4, 5, 6, 7]",16,0
43ba97d49a,"[0, 1, 2, 3, 4, 5, 6, 7]",17,1
43ba97d49a,"[0, 1, 2, 3, 4, 5, 6, 7]",18,0
43ba97d49a,"[0, 1, 2, 3, 4, 5, 6, 7]",19,0
43ba97d49a,"[0, 1, 2, 3, 4, 5, 6, 7]",20,0
43ba97d49a,"[0, 1, 2, 3, 4, 5, 6, 7]",21,1
43ba97d49a,"[0, 1, 2, 3, 4, 5, 6, 7]",22,0
43ba97d49a,"[0, 1, 2, 3, 4, 5, 6, 7]",23,0
43ba97d49a,"[0, 1, 2, 3, 4, 5, 6, 7]",24,0
43ba97d49a,"[0, 1, 2, 3, 4, 5, 6, 7]",25,0
43ba97d49a,"[0, 1, 2, 3, 4, 5, 6, 7]",26,0
43ba97d49a,"[0, 1, 2, 3, 4, 5, 6, 7]",27,1
43ba97d49a,"[0, 1, 2, 3, 4, 5, 6, 7]",28,1
43ba97d49a,"[0, 1, 2, 3, 4, 5, 6, 7]",29,0
43ba97d49a,"[0, 1, 2, 3, 4, 5, 6, 7]",30,1
43ba97d49a,"[0, 1, 2, 3, 4, 5, 6, 7]",31,0
43ba97d49a,"[0, 1, 2, 3, 4, 5, 6, 7]",32,0
43ba97d49a,"[0, 1, 2, 3, 4, 5, 6, 7]",33,1
43ba97d49a,"[0, 1, 2, 3, 4, 5, 6, 7]",34,0
43ba97d49a,"[0, 1, 2, 3, 4, 5, 6, 7]",35,1
43ba97d49a,"[0, 1, 2, 3, 4, 5, 6, 7]",36,0
43ba97d49a,"[0, 1, 2, 3, 4, 5, 6, 7]",37,0
43ba97d49a,"[0, 1, 2, 3, 4, 5, 6, 7]",38,0
43ba97d49a,"[0, 1, 2, 3, 4, 5, 6, 7]",39,0
43ba97d49a,"[0, 1, 2, 3, 4, 5, 6, 7]",40,0
43ba97d49a,"[0, 1, 2, 3, 4, 5, 6, 7]",41,1
43ba97d49a,"[0, 1, 2, 3, 4, 5, 6, 7]",42,0
43ba97d49a,"[0, 1, 2, 3, 4, 5, 6, 7]",43,1
43ba97d49a,"[0, 1, 2, 3, 4, 5, 6, 7]",44,0
43ba97d49a,"[0, 1, 2, 3, 4, 5, 6, 7]",45,0
43ba97d49a,"[0, 1, 2, 3, 4, 5, 6, 7]",46,1
43ba97d49a,"[0, 1, 2, 3, 4, 5, 6, 7]",47,0
43ba97d49a,"[0, 1, 2, 3, 4, 5, 6, 7]",48,1
43ba97d49a,"[0, 1, 2, 3, 4, 5, 6, 7]",49,0
43ba97d49a,"[0, 1, 2, 3, 4, 5, 6, 7]",50,1
43ba97d49a,"[0, 1, 2, 3, 4, 5, 6, 7]",51,1
43ba97d49a,"[0, 1, 2, 3, 4, 5, 6, 7]",52,0
43ba97d49a,"[0, 1, 2, 3, 4, 5, 6, 7]",53,1
43ba97d49a,"[0, 1, 2, 3, 4, 5, 6, 7]",54,0
43ba97d49a,"[0, 1, 2, 3, 4, 5, 6, 7]",55,1
43ba97d49a,"[0, 1, 2, 3, 4, 5, 6, 7]",56,1
43ba97d49a,"[0, 1, 2, 3, 4, 5, 6, 7]",57,0
43ba97d49a,"[0, 1, 2, 3, 4, 5, 6, 7]",58,0
43ba97d49a,"[0, 1, 2, 3, 4, 5, 6, 7]",59,0
orig,"[4, 1, 5, 2, 3, 6, 7, 0]",60,0
orig,"[4, 1, 5, 2, 3, 6, 7, 0]",61,1
orig,"[4, 1, 5, 2, 3, 6, 7, 0]",62,0
orig,"[4, 1, 5, 2, 3, 6, 7, 0]",63,0
orig,"[4, 1, 5, 2, 3, 6, 7, 0]",64,1
orig,"[4, 1, 5, 2, 3, 6, 7, 0]",65,0
orig,"[4, 1, 5, 2, 3, 6, 7, 0]",66,0
orig,"[4, 1, 5, 2, 3, 6, 7, 0]",67,0
orig,"[4, 1, 5, 2, 3, 6, 7, 0]",68,1
orig,"[4, 1, 5, 2, 3, 6, 7, 0]",69,0
orig,"[4, 1, 5, 2, 3, 6, 7, 0]",70,1
orig,"[4, 1, 5, 2, 3, 6, 7, 0]",71,1
orig,"[4, 1, 5, 2, 3, 6, 7, 0]",72,0
orig,"[4, 1, 5, 2, 3, 6, 7, 0]",73,0
orig,"[4, 1, 5, 2, 3, 6, 7, 0]",74,0
orig,"[4, 1, 5, 2, 3, 6, 7, 0]",75,0
orig,"[4, 1, 5, 2, 3, 6, 7, 0]",76,0
orig,"[4, 1, 5, 2, 3, 6, 7, 0]",77,0
orig,"[4, 1, 5, 2, 3, 6, 7, 0]",78,0
orig,"[4, 1, 5, 2, 3, 6, 7, 0]",79,1
orig,"[4, 1, 5, 2, 3, 6, 7, 0]",80,0
orig,"[4, 1, 5, 2, 3, 6, 7, 0]",81,1
orig,"[4, 1, 5, 2, 3, 6, 7, 0]",82,0
orig,"[4, 1, 5, 2, 3, 6, 7, 0]",83,0
orig,"[4, 1, 5, 2, 3, 6, 7, 0]",84,1
orig,"[4, 1, 5, 2, 3, 6, 7, 0]",85,0
orig,"[4, 1, 5, 2, 3, 6, 7, 0]",86,0
orig,"[4, 1, 5, 2, 3, 6, 7, 0]",87,1
orig,"[4, 1, 5, 2, 3, 6, 7, 0]",88,1
orig,"[4, 1, 5, 2, 3, 6, 7, 0]",89,0
orig,"[4, 1, 5, 2, 3, 6, 7, 0]",90,0
orig,"[4, 1, 5, 2, 3, 6, 7, 0]",91,0
orig,"[4, 1, 5, 2, 3, 6, 7, 0]",92,0
orig,"[4, 1, 5, 2, 3, 6, 7, 0]",93,1
orig,"[4, 1, 5, 2, 3, 6, 7, 0]",94,1
orig,"[4, 1, 5, 2, 3, 6, 7, 0]",95,1
orig,"[4, 1, 5, 2, 3, 6, 7, 0]",96,0
orig,"[4, 1, 5, 2, 3, 6, 7, 0]",97,1
orig,"[4, 1, 5, 2, 3, 6, 7, 0]",98,0
orig,"[4, 1, 5, 2, 3, 6, 7, 0]",99,1
orig,"[6, 2, 5, 1, 4, 3, 7, 0]",60,0
orig,"[6, 2, 5, 1, 4, 3, 7, 0]",61,0
orig,"[6, 2, 5, 1, 4, 3, 7, 0]",62,0
orig,"[6, 2, 5, 1, 4, 3, 7, 0]",63,1
orig,"[6, 2, 5, 1, 4, 3, 7, 0]",64,1
orig,"[6, 2, 5, 1, 4, 3, 7, 0]",65,0
orig,"[6, 2, 5, 1, 4, 3, 7, 0]",66,1
orig,"[6, 2, 5, 1, 4, 3, 7, 0]",67,1
orig,"[6, 2, 5, 1, 4, 3, 7, 0]",68,0
orig,"[6, 2, 5, 1, 4, 3, 7, 0]",69,0
orig,"[6, 2, 5, 1, 4, 3, 7, 0]",70,1
orig,"[6, 2, 5, 1, 4, 3, 7, 0]",71,1
orig,"[6, 2, 5, 1, 4, 3, 7, 0]",72,0
orig,"[6, 2, 5, 1, 4, 3, 7, 0]",73,0
orig,"[6, 2, 5, 1, 4, 3, 7, 0]",74,0
orig,"[6, 2, 5, 1, 4, 3, 7, 0]",75,0
orig,"[6, 2, 5, 1, 4, 3, 7, 0]",76,0
orig,"[6, 2, 5, 1, 4, 3, 7, 0]",77,0
orig,"[6, 2, 5, 1, 4, 3, 7, 0]",78,0
orig,"[6, 2, 5, 1, 4, 3, 7, 0]",79,1
orig,"[6, 2, 5, 1, 4, 3, 7, 0]",80,1
orig,"[6, 2, 5, 1, 4, 3, 7, 0]",81,0
orig,"[6, 2, 5, 1, 4, 3, 7, 0]",82,0
orig,"[6, 2, 5, 1, 4, 3, 7, 0]",83,0
orig,"[6, 2, 5, 1, 4, 3, 7, 0]",84,1
orig,"[6, 2, 5, 1, 4, 3, 7, 0]",85,0
orig,"[6, 2, 5, 1, 4, 3, 7, 0]",86,0
orig,"[6, 2, 5, 1, 4, 3, 7, 0]",87,1
orig,"[6, 2, 5, 1, 4, 3, 7, 0]",88,1
orig,"[6, 2, 5, 1, 4, 3, 7, 0]",89,0
orig,"[6, 2, 5, 1, 4, 3, 7, 0]",90,0
orig,"[6, 2, 5, 1, 4, 3, 7, 0]",91,0
orig,"[6, 2, 5, 1, 4, 3, 7, 0]",92,0
orig,"[6, 2, 5, 1, 4, 3, 7, 0]",93,0
orig,"[6, 2, 5, 1, 4, 3, 7, 0]",94,1
orig,"[6, 2, 5, 1, 4, 3, 7, 0]",95,1
orig,"[6, 2, 5, 1, 4, 3, 7, 0]",96,0
orig,"[6, 2, 5, 1, 4, 3, 7, 0]",97,0
orig,"[6, 2, 5, 1, 4, 3, 7, 0]",98,0
orig,"[6, 2, 5, 1, 4, 3, 7, 0]",99,1
orig,"[2, 4, 0, 5, 1, 7, 6, 3]",60,1
orig,"[2, 4, 0, 5, 1, 7, 6, 3]",61,0
orig,"[2, 4, 0, 5, 1, 7, 6, 3]",62,0
orig,"[2, 4, 0, 5, 1, 7, 6, 3]",63,0
orig,"[2, 4, 0, 5, 1, 7, 6, 3]",64,0
orig,"[2, 4, 0, 5, 1, 7, 6, 3]",65,0
orig,"[2, 4, 0, 5, 1, 7, 6, 3]",66,1
orig,"[2, 4, 0, 5, 1, 7, 6, 3]",67,1
orig,"[2, 4, 0, 5, 1, 7, 6, 3]",68,0
orig,"[2, 4, 0, 5, 1, 7, 6, 3]",69,0
orig,"[2, 4, 0, 5, 1, 7, 6, 3]",70,1
orig,"[2, 4, 0, 5, 1, 7, 6, 3]",71,1
orig,"[2, 4, 0, 5, 1, 7, 6, 3]",72,1
orig,"[2, 4, 0, 5, 1, 7, 6, 3]",73,0
orig,"[2, 4, 0, 5, 1, 7, 6, 3]",74,0
orig,"[2, 4, 0, 5, 1, 7, 6, 3]",75,0
orig,"[2, 4, 0, 5, 1, 7, 6, 3]",76,1
orig,"[2, 4, 0, 5, 1, 7, 6, 3]",77,0
orig,"[2, 4, 0, 5, 1, 7, 6, 3]",78,0
orig,"[2, 4, 0, 5, 1, 7, 6, 3]",79,0
orig,"[2, 4, 0, 5, 1, 7, 6, 3]",80,0
orig,"[2, 4, 0, 5, 1, 7, 6, 3]",81,0
orig,"[2, 4, 0, 5, 1, 7, 6, 3]",82,0
orig,"[2, 4, 0, 5, 1, 7, 6, 3]",83,0
orig,"[2, 4, 0, 5, 1, 7, 6, 3]",84,1
orig,"[2, 4, 0, 5, 1, 7, 6, 3]",85,0
orig,"[2, 4, 0, 5, 1, 7, 6, 3]",86,0
orig,"[2, 4, 0, 5, 1, 7, 6, 3]",87,1
orig,"[2, 4, 0, 5, 1, 7, 6, 3]",88,1
orig,"[2, 4, 0, 5, 1, 7, 6, 3]",89,0
orig,"[2, 4, 0, 5, 1, 7, 6, 3]",90,0
orig,"[2, 4, 0, 5, 1, 7, 6, 3]",91,0
orig,"[2, 4, 0, 5, 1, 7, 6, 3]",92,0
orig,"[2, 4, 0, 5, 1, 7, 6, 3]",93,0
orig,"[2, 4, 0, 5, 1, 7, 6, 3]",94,1
orig,"[2, 4, 0, 5, 1, 7, 6, 3]",95,1
orig,"[2, 4, 0, 5, 1, 7, 6, 3]",96,1
orig,"[2, 4, 0, 5, 1, 7, 6, 3]",97,1
orig,"[2, 4, 0, 5, 1, 7, 6, 3]",98,0
orig,"[2, 4, 0, 5, 1, 7, 6, 3]",99,1
orig,"[2, 6, 1, 5, 3, 4, 0, 7]",60,1
orig,"[2, 6, 1, 5, 3, 4, 0, 7]",61,0
orig,"[2, 6, 1, 5, 3, 4, 0, 7]",62,0
orig,"[2, 6, 1, 5, 3, 4, 0, 7]",63,0
orig,"[2, 6, 1, 5, 3, 4, 0, 7]",64,0
orig,"[2, 6, 1, 5, 3, 4, 0, 7]",65,0
orig,"[2, 6, 1, 5, 3, 4, 0, 7]",66,0
orig,"[2, 6, 1, 5, 3, 4, 0, 7]",67,1
orig,"[2, 6, 1, 5, 3, 4, 0, 7]",68,0
orig,"[2, 6, 1, 5, 3, 4, 0, 7]",69,0
orig,"[2, 6, 1, 5, 3, 4, 0, 7]",70,0
orig,"[2, 6, 1, 5, 3, 4, 0, 7]",71,1
orig,"[2, 6, 1, 5, 3, 4, 0, 7]",72,0
orig,"[2, 6, 1, 5, 3, 4, 0, 7]",73,0
orig,"[2, 6, 1, 5, 3, 4, 0, 7]",74,0
orig,"[2, 6, 1, 5, 3, 4, 0, 7]",75,1
orig,"[2, 6, 1, 5, 3, 4, 0, 7]",76,0
orig,"[2, 6, 1, 5, 3, 4, 0, 7]",77,0
orig,"[2, 6, 1, 5, 3, 4, 0, 7]",78,0
orig,"[2, 6, 1, 5, 3, 4, 0, 7]",79,0
orig,"[2, 6, 1, 5, 3, 4, 0, 7]",80,1
orig,"[2, 6, 1, 5, 3, 4, 0, 7]",81,1
orig,"[2, 6, 1, 5, 3, 4, 0, 7]",82,0
orig,"[2, 6, 1, 5, 3, 4, 0, 7]",83,0
orig,"[2, 6, 1, 5, 3, 4, 0, 7]",84,1
orig,"[2, 6, 1, 5, 3, 4, 0, 7]",85,0
orig,"[2, 6, 1, 5, 3, 4, 0, 7]",86,0
orig,"[2, 6, 1, 5, 3, 4, 0, 7]",87,1
orig,"[2, 6, 1, 5, 3, 4, 0, 7]",88,1
orig,"[2, 6, 1, 5, 3, 4, 0, 7]",89,0
orig,"[2, 6, 1, 5, 3, 4, 0, 7]",90,0
orig,"[2, 6, 1, 5, 3, 4, 0, 7]",91,0
orig,"[2, 6, 1, 5, 3, 4, 0, 7]",92,0
orig,"[2, 6, 1, 5, 3, 4, 0, 7]",93,0
orig,"[2, 6, 1, 5, 3, 4, 0, 7]",94,1
orig,"[2, 6, 1, 5, 3, 4, 0, 7]",95,1
orig,"[2, 6, 1, 5, 3, 4, 0, 7]",96,1
orig,"[2, 6, 1, 5, 3, 4, 0, 7]",97,0
orig,"[2, 6, 1, 5, 3, 4, 0, 7]",98,1
orig,"[2, 6, 1, 5, 3, 4, 0, 7]",99,0
orig,"[4, 5, 7, 3, 1, 0, 2, 6]",60,0
orig,"[4, 5, 7, 3, 1, 0, 2, 6]",61,1
orig,"[4, 5, 7, 3, 1, 0, 2, 6]",62,0
orig,"[4, 5, 7, 3, 1, 0, 2, 6]",63,0
orig,"[4, 5, 7, 3, 1, 0, 2, 6]",64,0
orig,"[4, 5, 7, 3, 1, 0, 2, 6]",65,0
orig,"[4, 5, 7, 3, 1, 0, 2, 6]",66,0
orig,"[4, 5, 7, 3, 1, 0, 2, 6]",67,0
orig,"[4, 5, 7, 3, 1, 0, 2, 6]",68,1
orig,"[4, 5, 7, 3, 1, 0, 2, 6]",69,1
orig,"[4, 5, 7, 3, 1, 0, 2, 6]",70,0
orig,"[4, 5, 7, 3, 1, 0, 2, 6]",71,1
orig,"[4, 5, 7, 3, 1, 0, 2, 6]",72,0
orig,"[4, 5, 7, 3, 1, 0, 2, 6]",73,0
orig,"[4, 5, 7, 3, 1, 0, 2, 6]",74,0
orig,"[4, 5, 7, 3, 1, 0, 2, 6]",75,0
orig,"[4, 5, 7, 3, 1, 0, 2, 6]",76,0
orig,"[4, 5, 7, 3, 1, 0, 2, 6]",77,0
orig,"[4, 5, 7, 3, 1, 0, 2, 6]",78,0
orig,"[4, 5, 7, 3, 1, 0, 2, 6]",79,0
orig,"[4, 5, 7, 3, 1, 0, 2, 6]",80,0
orig,"[4, 5, 7, 3, 1, 0, 2, 6]",81,1
orig,"[4, 5, 7, 3, 1, 0, 2, 6]",82,1
orig,"[4, 5, 7, 3, 1, 0, 2, 6]",83,0
orig,"[4, 5, 7, 3, 1, 0, 2, 6]",84,0
orig,"[4, 5, 7, 3, 1, 0, 2, 6]",85,0
orig,"[4, 5, 7, 3, 1, 0, 2, 6]",86,0
orig,"[4, 5, 7, 3, 1, 0, 2, 6]",87,1
orig,"[4, 5, 7, 3, 1, 0, 2, 6]",88,1
orig,"[4, 5, 7, 3, 1, 0, 2, 6]",89,0
orig,"[4, 5, 7, 3, 1, 0, 2, 6]",90,0
orig,"[4, 5, 7, 3, 1, 0, 2, 6]",91,0
orig,"[4, 5, 7, 3, 1, 0, 2, 6]",92,0
orig,"[4, 5, 7, 3, 1, 0, 2, 6]",93,1
orig,"[4, 5, 7, 3, 1, 0, 2, 6]",94,1
orig,"[4, 5, 7, 3, 1, 0, 2, 6]",95,1
orig,"[4, 5, 7, 3, 1, 0, 2, 6]",96,0
orig,"[4, 5, 7, 3, 1, 0, 2, 6]",97,0
orig,"[4, 5, 7, 3, 1, 0, 2, 6]",98,0
orig,"[4, 5, 7, 3, 1, 0, 2, 6]",99,0
orig,"[0, 6, 7, 5, 1, 4, 3, 2]",60,0
orig,"[0, 6, 7, 5, 1, 4, 3, 2]",61,1
orig,"[0, 6, 7, 5, 1, 4, 3, 2]",62,0
orig,"[0, 6, 7, 5, 1, 4, 3, 2]",63,0
orig,"[0, 6, 7, 5, 1, 4, 3, 2]",64,0
orig,"[0, 6, 7, 5, 1, 4, 3, 2]",65,0
orig,"[0, 6, 7, 5, 1, 4, 3, 2]",66,0
orig,"[0, 6, 7, 5, 1, 4, 3, 2]",67,0
orig,"[0, 6, 7, 5, 1, 4, 3, 2]",68,0
orig,"[0, 6, 7, 5, 1, 4, 3, 2]",69,0
orig,"[0, 6, 7, 5, 1, 4, 3, 2]",70,0
orig,"[0, 6, 7, 5, 1, 4, 3, 2]",71,1
orig,"[0, 6, 7, 5, 1, 4, 3, 2]",72,1
orig,"[0, 6, 7, 5, 1, 4, 3, 2]",73,1
orig,"[0, 6, 7, 5, 1, 4, 3, 2]",74,0
orig,"[0, 6, 7, 5, 1, 4, 3, 2]",75,0
orig,"[0, 6, 7, 5, 1, 4, 3, 2]",76,0
orig,"[0, 6, 7, 5, 1, 4, 3, 2]",77,0
orig,"[0, 6, 7, 5, 1, 4, 3, 2]",78,0
orig,"[0, 6, 7, 5, 1, 4, 3, 2]",79,0
orig,"[0, 6, 7, 5, 1, 4, 3, 2]",80,0
orig,"[0, 6, 7, 5, 1, 4, 3, 2]",81,1
orig,"[0, 6, 7, 5, 1, 4, 3, 2]",82,0
orig,"[0, 6, 7, 5, 1, 4, 3, 2]",83,0
orig,"[0, 6, 7, 5, 1, 4, 3, 2]",84,0
orig,"[0, 6, 7, 5, 1, 4, 3, 2]",85,1
orig,"[0, 6, 7, 5, 1, 4, 3, 2]",86,0
orig,"[0, 6, 7, 5, 1, 4, 3, 2]",87,1
orig,"[0, 6, 7, 5, 1, 4, 3, 2]",88,0
orig,"[0, 6, 7, 5, 1, 4, 3, 2]",89,0
orig,"[0, 6, 7, 5, 1, 4, 3, 2]",90,0
orig,"[0, 6, 7, 5, 1, 4, 3, 2]",91,0
orig,"[0, 6, 7, 5, 1, 4, 3, 2]",92,0
orig,"[0, 6, 7, 5, 1, 4, 3, 2]",93,0
orig,"[0, 6, 7, 5, 1, 4, 3, 2]",94,1
orig,"[0, 6, 7, 5, 1, 4, 3, 2]",95,1
orig,"[0, 6, 7, 5, 1, 4, 3, 2]",96,0
orig,"[0, 6, 7, 5, 1, 4, 3, 2]",97,1
orig,"[0, 6, 7, 5, 1, 4, 3, 2]",98,0
orig,"[0, 6, 7, 5, 1, 4, 3, 2]",99,0
orig,"[5, 1, 3, 4, 6, 7, 0, 2]",60,0
orig,"[5, 1, 3, 4, 6, 7, 0, 2]",61,1
orig,"[5, 1, 3, 4, 6, 7, 0, 2]",62,0
orig,"[5, 1, 3, 4, 6, 7, 0, 2]",63,0
orig,"[5, 1, 3, 4, 6, 7, 0, 2]",64,1
orig,"[5, 1, 3, 4, 6, 7, 0, 2]",65,0
orig,"[5, 1, 3, 4, 6, 7, 0, 2]",66,0
orig,"[5, 1, 3, 4, 6, 7, 0, 2]",67,0
orig,"[5, 1, 3, 4, 6, 7, 0, 2]",68,1
orig,"[5, 1, 3, 4, 6, 7, 0, 2]",69,0
orig,"[5, 1, 3, 4, 6, 7, 0, 2]",70,1
orig,"[5, 1, 3, 4, 6, 7, 0, 2]",71,1
orig,"[5, 1, 3, 4, 6, 7, 0, 2]",72,1
orig,"[5, 1, 3, 4, 6, 7, 0, 2]",73,0
orig,"[5, 1, 3, 4, 6, 7, 0, 2]",74,0
orig,"[5, 1, 3, 4, 6, 7, 0, 2]",75,0
orig,"[5, 1, 3, 4, 6, 7, 0, 2]",76,0
orig,"[5, 1, 3, 4, 6, 7, 0, 2]",77,0
orig,"[5, 1, 3, 4, 6, 7, 0, 2]",78,0
orig,"[5, 1, 3, 4, 6, 7, 0, 2]",79,0
orig,"[5, 1, 3, 4, 6, 7, 0, 2]",80,0
orig,"[5, 1, 3, 4, 6, 7, 0, 2]",81,1
orig,"[5, 1, 3, 4, 6, 7, 0, 2]",82,1
orig,"[5, 1, 3, 4, 6, 7, 0, 2]",83,0
orig,"[5, 1, 3, 4, 6, 7, 0, 2]",84,1
orig,"[5, 1, 3, 4, 6, 7, 0, 2]",85,1
orig,"[5, 1, 3, 4, 6, 7, 0, 2]",86,0
orig,"[5, 1, 3, 4, 6, 7, 0, 2]",87,1
orig,"[5, 1, 3, 4, 6, 7, 0, 2]",88,0
orig,"[5, 1, 3, 4, 6, 7, 0, 2]",89,0
orig,"[5, 1, 3, 4, 6, 7, 0, 2]",90,0
orig,"[5, 1, 3, 4, 6, 7, 0, 2]",91,0
orig,"[5, 1, 3, 4, 6, 7, 0, 2]",92,0
orig,"[5, 1, 3, 4, 6, 7, 0, 2]",93,1
orig,"[5, 1, 3, 4, 6, 7, 0, 2]",94,1
orig,"[5, 1, 3, 4, 6, 7, 0, 2]",95,1
orig,"[5, 1, 3, 4, 6, 7, 0, 2]",96,0
orig,"[5, 1, 3, 4, 6, 7, 0, 2]",97,0
orig,"[5, 1, 3, 4, 6, 7, 0, 2]",98,1
orig,"[5, 1, 3, 4, 6, 7, 0, 2]",99,0
orig,"[1, 6, 4, 3, 0, 7, 2, 5]",60,0
orig,"[1, 6, 4, 3, 0, 7, 2, 5]",61,0
orig,"[1, 6, 4, 3, 0, 7, 2, 5]",62,0
orig,"[1, 6, 4, 3, 0, 7, 2, 5]",63,1
orig,"[1, 6, 4, 3, 0, 7, 2, 5]",64,1
orig,"[1, 6, 4, 3, 0, 7, 2, 5]",65,0
orig,"[1, 6, 4, 3, 0, 7, 2, 5]",66,0
orig,"[1, 6, 4, 3, 0, 7, 2, 5]",67,0
orig,"[1, 6, 4, 3, 0, 7, 2, 5]",68,1
orig,"[1, 6, 4, 3, 0, 7, 2, 5]",69,0
orig,"[1, 6, 4, 3, 0, 7, 2, 5]",70,0
orig,"[1, 6, 4, 3, 0, 7, 2, 5]",71,0
orig,"[1, 6, 4, 3, 0, 7, 2, 5]",72,0
orig,"[1, 6, 4, 3, 0, 7, 2, 5]",73,0
orig,"[1, 6, 4, 3, 0, 7, 2, 5]",74,0
orig,"[1, 6, 4, 3, 0, 7, 2, 5]",75,1
orig,"[1, 6, 4, 3, 0, 7, 2, 5]",76,0
orig,"[1, 6, 4, 3, 0, 7, 2, 5]",77,0
orig,"[1, 6, 4, 3, 0, 7, 2, 5]",78,0
orig,"[1, 6, 4, 3, 0, 7, 2, 5]",79,0
orig,"[1, 6, 4, 3, 0, 7, 2, 5]",80,0
orig,"[1, 6, 4, 3, 0, 7, 2, 5]",81,0
orig,"[1, 6, 4, 3, 0, 7, 2, 5]",82,1
orig,"[1, 6, 4, 3, 0, 7, 2, 5]",83,0
orig,"[1, 6, 4, 3, 0, 7, 2, 5]",84,1
orig,"[1, 6, 4, 3, 0, 7, 2, 5]",85,1
orig,"[1, 6, 4, 3, 0, 7, 2, 5]",86,0
orig,"[1, 6, 4, 3, 0, 7, 2, 5]",87,1
orig,"[1, 6, 4, 3, 0, 7, 2, 5]",88,1
orig,"[1, 6, 4, 3, 0, 7, 2, 5]",89,0
orig,"[1, 6, 4, 3, 0, 7, 2, 5]",90,0
orig,"[1, 6, 4, 3, 0, 7, 2, 5]",91,0
orig,"[1, 6, 4, 3, 0, 7, 2, 5]",92,0
orig,"[1, 6, 4, 3, 0, 7, 2, 5]",93,0
orig,"[1, 6, 4, 3, 0, 7, 2, 5]",94,1
orig,"[1, 6, 4, 3, 0, 7, 2, 5]",95,1
orig,"[1, 6, 4, 3, 0, 7, 2, 5]",96,0
orig,"[1, 6, 4, 3, 0, 7, 2, 5]",97,0
orig,"[1, 6, 4, 3, 0, 7, 2, 5]",98,1
orig,"[1, 6, 4, 3, 0, 7, 2, 5]",99,1
orig,"[4, 6, 5, 1, 3, 7, 0, 2]",60,0
orig,"[4, 6, 5, 1, 3, 7, 0, 2]",61,0
orig,"[4, 6, 5, 1, 3, 7, 0, 2]",62,0
orig,"[4, 6, 5, 1, 3, 7, 0, 2]",63,0
orig,"[4, 6, 5, 1, 3, 7, 0, 2]",64,1
orig,"[4, 6, 5, 1, 3, 7, 0, 2]",65,0
orig,"[4, 6, 5, 1, 3, 7, 0, 2]",66,0
orig,"[4, 6, 5, 1, 3, 7, 0, 2]",67,0
orig,"[4, 6, 5, 1, 3, 7, 0, 2]",68,0
orig,"[4, 6, 5, 1, 3, 7, 0, 2]",69,0
orig,"[4, 6, 5, 1, 3, 7, 0, 2]",70,0
orig,"[4, 6, 5, 1, 3, 7, 0, 2]",71,1
orig,"[4, 6, 5, 1, 3, 7, 0, 2]",72,1
orig,"[4, 6, 5, 1, 3, 7, 0, 2]",73,0
orig,"[4, 6, 5, 1, 3, 7, 0, 2]",74,0
orig,"[4, 6, 5, 1, 3, 7, 0, 2]",75,1
orig,"[4, 6, 5, 1, 3, 7, 0, 2]",76,0
orig,"[4, 6, 5, 1, 3, 7, 0, 2]",77,0
orig,"[4, 6, 5, 1, 3, 7, 0, 2]",78,0
orig,"[4, 6, 5, 1, 3, 7, 0, 2]",79,0
orig,"[4, 6, 5, 1, 3, 7, 0, 2]",80,1
orig,"[4, 6, 5, 1, 3, 7, 0, 2]",81,1
orig,"[4, 6, 5, 1, 3, 7, 0, 2]",82,0
orig,"[4, 6, 5, 1, 3, 7, 0, 2]",83,0
orig,"[4, 6, 5, 1, 3, 7, 0, 2]",84,1
orig,"[4, 6, 5, 1, 3, 7, 0, 2]",85,0
orig,"[4, 6, 5, 1, 3, 7, 0, 2]",86,0
orig,"[4, 6, 5, 1, 3, 7, 0, 2]",87,1
orig,"[4, 6, 5, 1, 3, 7, 0, 2]",88,1
orig,"[4, 6, 5, 1, 3, 7, 0, 2]",89,0
orig,"[4, 6, 5, 1, 3, 7, 0, 2]",90,0
orig,"[4, 6, 5, 1, 3, 7, 0, 2]",91,0
orig,"[4, 6, 5, 1, 3, 7, 0, 2]",92,0
orig,"[4, 6, 5, 1, 3, 7, 0, 2]",93,0
orig,"[4, 6, 5, 1, 3, 7, 0, 2]",94,1
orig,"[4, 6, 5, 1, 3, 7, 0, 2]",95,1
orig,"[4, 6, 5, 1, 3, 7, 0, 2]",96,0
orig,"[4, 6, 5, 1, 3, 7, 0, 2]",97,0
orig,"[4, 6, 5, 1, 3, 7, 0, 2]",98,1
orig,"[4, 6, 5, 1, 3, 7, 0, 2]",99,1
orig,"[3, 0, 1, 2, 7, 4, 5, 6]",60,1
orig,"[3, 0, 1, 2, 7, 4, 5, 6]",61,0
orig,"[3, 0, 1, 2, 7, 4, 5, 6]",62,0
orig,"[3, 0, 1, 2, 7, 4, 5, 6]",63,0
orig,"[3, 0, 1, 2, 7, 4, 5, 6]",64,1
orig,"[3, 0, 1, 2, 7, 4, 5, 6]",65,1
orig,"[3, 0, 1, 2, 7, 4, 5, 6]",66,0
orig,"[3, 0, 1, 2, 7, 4, 5, 6]",67,0
orig,"[3, 0, 1, 2, 7, 4, 5, 6]",68,0
orig,"[3, 0, 1, 2, 7, 4, 5, 6]",69,0
orig,"[3, 0, 1, 2, 7, 4, 5, 6]",70,1
orig,"[3, 0, 1, 2, 7, 4, 5, 6]",71,1
orig,"[3, 0, 1, 2, 7, 4, 5, 6]",72,1
orig,"[3, 0, 1, 2, 7, 4, 5, 6]",73,0
orig,"[3, 0, 1, 2, 7, 4, 5, 6]",74,0
orig,"[3, 0, 1, 2, 7, 4, 5, 6]",75,0
orig,"[3, 0, 1, 2, 7, 4, 5, 6]",76,0
orig,"[3, 0, 1, 2, 7, 4, 5, 6]",77,0
orig,"[3, 0, 1, 2, 7, 4, 5, 6]",78,0
orig,"[3, 0, 1, 2, 7, 4, 5, 6]",79,0
orig,"[3, 0, 1, 2, 7, 4, 5, 6]",80,1
orig,"[3, 0, 1, 2, 7, 4, 5, 6]",81,0
orig,"[3, 0, 1, 2, 7, 4, 5, 6]",82,1
orig,"[3, 0, 1, 2, 7, 4, 5, 6]",83,0
orig,"[3, 0, 1, 2, 7, 4, 5, 6]",84,1
orig,"[3, 0, 1, 2, 7, 4, 5, 6]",85,0
orig,"[3, 0, 1, 2, 7, 4, 5, 6]",86,0
orig,"[3, 0, 1, 2, 7, 4, 5, 6]",87,1
orig,"[3, 0, 1, 2, 7, 4, 5, 6]",88,1
orig,"[3, 0, 1, 2, 7, 4, 5, 6]",89,0
orig,"[3, 0, 1, 2, 7, 4, 5, 6]",90,0
orig,"[3, 0, 1, 2, 7, 4, 5, 6]",91,0
orig,"[3, 0, 1, 2, 7, 4, 5, 6]",92,0
orig,"[3, 0, 1, 2, 7, 4, 5, 6]",93,0
orig,"[3, 0, 1, 2, 7, 4, 5, 6]",94,1
orig,"[3, 0, 1, 2, 7, 4, 5, 6]",95,1
orig,"[3, 0, 1, 2, 7, 4, 5, 6]",96,1
orig,"[3, 0, 1, 2, 7, 4, 5, 6]",97,0
orig,"[3, 0, 1, 2, 7, 4, 5, 6]",98,1
orig,"[3, 0, 1, 2, 7, 4, 5, 6]",99,1
orig,"[5, 7, 4, 0, 2, 3, 6, 1]",60,0
orig,"[5, 7, 4, 0, 2, 3, 6, 1]",61,1
orig,"[5, 7, 4, 0, 2, 3, 6, 1]",62,0
orig,"[5, 7, 4, 0, 2, 3, 6, 1]",63,1
orig,"[5, 7, 4, 0, 2, 3, 6, 1]",64,1
orig,"[5, 7, 4, 0, 2, 3, 6, 1]",65,0
orig,"[5, 7, 4, 0, 2, 3, 6, 1]",66,0
orig,"[5, 7, 4, 0, 2, 3, 6, 1]",67,0
orig,"[5, 7, 4, 0, 2, 3, 6, 1]",68,0
orig,"[5, 7, 4, 0, 2, 3, 6, 1]",69,0
orig,"[5, 7, 4, 0, 2, 3, 6, 1]",70,0
orig,"[5, 7, 4, 0, 2, 3, 6, 1]",71,1
orig,"[5, 7, 4, 0, 2, 3, 6, 1]",72,0
orig,"[5, 7, 4, 0, 2, 3, 6, 1]",73,0
orig,"[5, 7, 4, 0, 2, 3, 6, 1]",74,0
orig,"[5, 7, 4, 0, 2, 3, 6, 1]",75,0
orig,"[5, 7, 4, 0, 2, 3, 6, 1]",76,0
orig,"[5, 7, 4, 0, 2, 3, 6, 1]",77,0
orig,"[5, 7, 4, 0, 2, 3, 6, 1]",78,0
orig,"[5, 7, 4, 0, 2, 3, 6, 1]",79,0
orig,"[5, 7, 4, 0, 2, 3, 6, 1]",80,0
orig,"[5, 7, 4, 0, 2, 3, 6, 1]",81,1
orig,"[5, 7, 4, 0, 2, 3, 6, 1]",82,1
orig,"[5, 7, 4, 0, 2, 3, 6, 1]",83,0
orig,"[5, 7, 4, 0, 2, 3, 6, 1]",84,1
orig,"[5, 7, 4, 0, 2, 3, 6, 1]",85,1
orig,"[5, 7, 4, 0, 2, 3, 6, 1]",86,0
orig,"[5, 7, 4, 0, 2, 3, 6, 1]",87,1
orig,"[5, 7, 4, 0, 2, 3, 6, 1]",88,1
orig,"[5, 7, 4, 0, 2, 3, 6, 1]",89,0
orig,"[5, 7, 4, 0, 2, 3, 6, 1]",90,0
orig,"[5, 7, 4, 0, 2, 3, 6, 1]",91,0
orig,"[5, 7, 4, 0, 2, 3, 6, 1]",92,0
orig,"[5, 7, 4, 0, 2, 3, 6, 1]",93,0
orig,"[5, 7, 4, 0, 2, 3, 6, 1]",94,1
orig,"[5, 7, 4, 0, 2, 3, 6, 1]",95,1
orig,"[5, 7, 4, 0, 2, 3, 6, 1]",96,1
orig,"[5, 7, 4, 0, 2, 3, 6, 1]",97,1
orig,"[5, 7, 4, 0, 2, 3, 6, 1]",98,1
orig,"[5, 7, 4, 0, 2, 3, 6, 1]",99,1
orig,"[0, 6, 5, 7, 1, 2, 3, 4]",60,0
orig,"[0, 6, 5, 7, 1, 2, 3, 4]",61,1
orig,"[0, 6, 5, 7, 1, 2, 3, 4]",62,0
orig,"[0, 6, 5, 7, 1, 2, 3, 4]",63,1
orig,"[0, 6, 5, 7, 1, 2, 3, 4]",64,1
orig,"[0, 6, 5, 7, 1, 2, 3, 4]",65,0
orig,"[0, 6, 5, 7, 1, 2, 3, 4]",66,0
orig,"[0, 6, 5, 7, 1, 2, 3, 4]",67,1
orig,"[0, 6, 5, 7, 1, 2, 3, 4]",68,1
orig,"[0, 6, 5, 7, 1, 2, 3, 4]",69,0
orig,"[0, 6, 5, 7, 1, 2, 3, 4]",70,0
orig,"[0, 6, 5, 7, 1, 2, 3, 4]",71,1
orig,"[0, 6, 5, 7, 1, 2, 3, 4]",72,0
orig,"[0, 6, 5, 7, 1, 2, 3, 4]",73,0
orig,"[0, 6, 5, 7, 1, 2, 3, 4]",74,0
orig,"[0, 6, 5, 7, 1, 2, 3, 4]",75,0
orig,"[0, 6, 5, 7, 1, 2, 3, 4]",76,0
orig,"[0, 6, 5, 7, 1, 2, 3, 4]",77,0
orig,"[0, 6, 5, 7, 1, 2, 3, 4]",78,0
orig,"[0, 6, 5, 7, 1, 2, 3, 4]",79,0
orig,"[0, 6, 5, 7, 1, 2, 3, 4]",80,1
orig,"[0, 6, 5, 7, 1, 2, 3, 4]",81,1
orig,"[0, 6, 5, 7, 1, 2, 3, 4]",82,1
orig,"[0, 6, 5, 7, 1, 2, 3, 4]",83,0
orig,"[0, 6, 5, 7, 1, 2, 3, 4]",84,1
orig,"[0, 6, 5, 7, 1, 2, 3, 4]",85,0
orig,"[0, 6, 5, 7, 1, 2, 3, 4]",86,0
orig,"[0, 6, 5, 7, 1, 2, 3, 4]",87,1
orig,"[0, 6, 5, 7, 1, 2, 3, 4]",88,1
orig,"[0, 6, 5, 7, 1, 2, 3, 4]",89,0
orig,"[0, 6, 5, 7, 1, 2, 3, 4]",90,0
orig,"[0, 6, 5, 7, 1, 2, 3, 4]",91,0
orig,"[0, 6, 5, 7, 1, 2, 3, 4]",92,0
orig,"[0, 6, 5, 7, 1, 2, 3, 4]",93,0
orig,"[0, 6, 5, 7, 1, 2, 3, 4]",94,0
orig,"[0, 6, 5, 7, 1, 2, 3, 4]",95,1
orig,"[0, 6, 5, 7, 1, 2, 3, 4]",96,0
orig,"[0, 6, 5, 7, 1, 2, 3, 4]",97,0
orig,"[0, 6, 5, 7, 1, 2, 3, 4]",98,1
orig,"[0, 6, 5, 7, 1, 2, 3, 4]",99,1
orig,"[2, 1, 4, 3, 5, 0, 7, 6]",60,0
orig,"[2, 1, 4, 3, 5, 0, 7, 6]",61,1
orig,"[2, 1, 4, 3, 5, 0, 7, 6]",62,0
orig,"[2, 1, 4, 3, 5, 0, 7, 6]",63,1
orig,"[2, 1, 4, 3, 5, 0, 7, 6]",64,0
orig,"[2, 1, 4, 3, 5, 0, 7, 6]",65,0
orig,"[2, 1, 4, 3, 5, 0, 7, 6]",66,1
orig,"[2, 1, 4, 3, 5, 0, 7, 6]",67,0
orig,"[2, 1, 4, 3, 5, 0, 7, 6]",68,1
orig,"[2, 1, 4, 3, 5, 0, 7, 6]",69,0
orig,"[2, 1, 4, 3, 5, 0, 7, 6]",70,1
orig,"[2, 1, 4, 3, 5, 0, 7, 6]",71,1
orig,"[2, 1, 4, 3, 5, 0, 7, 6]",72,0
orig,"[2, 1, 4, 3, 5, 0, 7, 6]",73,0
orig,"[2, 1, 4, 3, 5, 0, 7, 6]",74,0
orig,"[2, 1, 4, 3, 5, 0, 7, 6]",75,0
orig,"[2, 1, 4, 3, 5, 0, 7, 6]",76,0
orig,"[2, 1, 4, 3, 5, 0, 7, 6]",77,0
orig,"[2, 1, 4, 3, 5, 0, 7, 6]",78,0
orig,"[2, 1, 4, 3, 5, 0, 7, 6]",79,1
orig,"[2, 1, 4, 3, 5, 0, 7, 6]",80,0
orig,"[2, 1, 4, 3, 5, 0, 7, 6]",81,0
orig,"[2, 1, 4, 3, 5, 0, 7, 6]",82,0
orig,"[2, 1, 4, 3, 5, 0, 7, 6]",83,0
orig,"[2, 1, 4, 3, 5, 0, 7, 6]",84,0
orig,"[2, 1, 4, 3, 5, 0, 7, 6]",85,0
orig,"[2, 1, 4, 3, 5, 0, 7, 6]",86,0
orig,"[2, 1, 4, 3, 5, 0, 7, 6]",87,1
orig,"[2, 1, 4, 3, 5, 0, 7, 6]",88,1
orig,"[2, 1, 4, 3, 5, 0, 7, 6]",89,0
orig,"[2, 1, 4, 3, 5, 0, 7, 6]",90,0
orig,"[2, 1, 4, 3, 5, 0, 7, 6]",91,0
orig,"[2, 1, 4, 3, 5, 0, 7, 6]",92,0
orig,"[2, 1, 4, 3, 5, 0, 7, 6]",93,1
orig,"[2, 1, 4, 3, 5, 0, 7, 6]",94,1
orig,"[2, 1, 4, 3, 5, 0, 7, 6]",95,1
orig,"[2, 1, 4, 3, 5, 0, 7, 6]",96,1
orig,"[2, 1, 4, 3, 5, 0, 7, 6]",97,0
orig,"[2, 1, 4, 3, 5, 0, 7, 6]",98,1
orig,"[2, 1, 4, 3, 5, 0, 7, 6]",99,0
orig,"[6, 1, 0, 4, 5, 7, 3, 2]",60,0
orig,"[6, 1, 0, 4, 5, 7, 3, 2]",61,1
orig,"[6, 1, 0, 4, 5, 7, 3, 2]",62,0
orig,"[6, 1, 0, 4, 5, 7, 3, 2]",63,1
orig,"[6, 1, 0, 4, 5, 7, 3, 2]",64,1
orig,"[6, 1, 0, 4, 5, 7, 3, 2]",65,1
orig,"[6, 1, 0, 4, 5, 7, 3, 2]",66,1
orig,"[6, 1, 0, 4, 5, 7, 3, 2]",67,1
orig,"[6, 1, 0, 4, 5, 7, 3, 2]",68,0
orig,"[6, 1, 0, 4, 5, 7, 3, 2]",69,0
orig,"[6, 1, 0, 4, 5, 7, 3, 2]",70,1
orig,"[6, 1, 0, 4, 5, 7, 3, 2]",71,1
orig,"[6, 1, 0, 4, 5, 7, 3, 2]",72,1
orig,"[6, 1, 0, 4, 5, 7, 3, 2]",73,0
orig,"[6, 1, 0, 4, 5, 7, 3, 2]",74,0
orig,"[6, 1, 0, 4, 5, 7, 3, 2]",75,0
orig,"[6, 1, 0, 4, 5, 7, 3, 2]",76,1
orig,"[6, 1, 0, 4, 5, 7, 3, 2]",77,0
orig,"[6, 1, 0, 4, 5, 7, 3, 2]",78,0
orig,"[6, 1, 0, 4, 5, 7, 3, 2]",79,0
orig,"[6, 1, 0, 4, 5, 7, 3, 2]",80,0
orig,"[6, 1, 0, 4, 5, 7, 3, 2]",81,1
orig,"[6, 1, 0, 4, 5, 7, 3, 2]",82,1
orig,"[6, 1, 0, 4, 5, 7, 3, 2]",83,0
orig,"[6, 1, 0, 4, 5, 7, 3, 2]",84,0
orig,"[6, 1, 0, 4, 5, 7, 3, 2]",85,0
orig,"[6, 1, 0, 4, 5, 7, 3, 2]",86,0
orig,"[6, 1, 0, 4, 5, 7, 3, 2]",87,1
orig,"[6, 1, 0, 4, 5, 7, 3, 2]",88,0
orig,"[6, 1, 0, 4, 5, 7, 3, 2]",89,0
orig,"[6, 1, 0, 4, 5, 7, 3, 2]",90,0
orig,"[6, 1, 0, 4, 5, 7, 3, 2]",91,0
orig,"[6, 1, 0, 4, 5, 7, 3, 2]",92,0
orig,"[6, 1, 0, 4, 5, 7, 3, 2]",93,1
orig,"[6, 1, 0, 4, 5, 7, 3, 2]",94,1
orig,"[6, 1, 0, 4, 5, 7, 3, 2]",95,1
orig,"[6, 1, 0, 4, 5, 7, 3, 2]",96,1
orig,"[6, 1, 0, 4, 5, 7, 3, 2]",97,0
orig,"[6, 1, 0, 4, 5, 7, 3, 2]",98,1
orig,"[6, 1, 0, 4, 5, 7, 3, 2]",99,1
orig,"[6, 7, 0, 3, 5, 4, 2, 1]",60,0
orig,"[6, 7, 0, 3, 5, 4, 2, 1]",61,1
orig,"[6, 7, 0, 3, 5, 4, 2, 1]",62,0
orig,"[6, 7, 0, 3, 5, 4, 2, 1]",63,1
orig,"[6, 7, 0, 3, 5, 4, 2, 1]",64,0
orig,"[6, 7, 0, 3, 5, 4, 2, 1]",65,0
orig,"[6, 7, 0, 3, 5, 4, 2, 1]",66,0
orig,"[6, 7, 0, 3, 5, 4, 2, 1]",67,0
orig,"[6, 7, 0, 3, 5, 4, 2, 1]",68,1
orig,"[6, 7, 0, 3, 5, 4, 2, 1]",69,0
orig,"[6, 7, 0, 3, 5, 4, 2, 1]",70,0
orig,"[6, 7, 0, 3, 5, 4, 2, 1]",71,0
orig,"[6, 7, 0, 3, 5, 4, 2, 1]",72,1
orig,"[6, 7, 0, 3, 5, 4, 2, 1]",73,0
orig,"[6, 7, 0, 3, 5, 4, 2, 1]",74,0
orig,"[6, 7, 0, 3, 5, 4, 2, 1]",75,0
orig,"[6, 7, 0, 3, 5, 4, 2, 1]",76,0
orig,"[6, 7, 0, 3, 5, 4, 2, 1]",77,0
orig,"[6, 7, 0, 3, 5, 4, 2, 1]",78,0
orig,"[6, 7, 0, 3, 5, 4, 2, 1]",79,1
orig,"[6, 7, 0, 3, 5, 4, 2, 1]",80,0
orig,"[6, 7, 0, 3, 5, 4, 2, 1]",81,0
orig,"[6, 7, 0, 3, 5, 4, 2, 1]",82,0
orig,"[6, 7, 0, 3, 5, 4, 2, 1]",83,0
orig,"[6, 7, 0, 3, 5, 4, 2, 1]",84,1
orig,"[6, 7, 0, 3, 5, 4, 2, 1]",85,0
orig,"[6, 7, 0, 3, 5, 4, 2, 1]",86,0
orig,"[6, 7, 0, 3, 5, 4, 2, 1]",87,1
orig,"[6, 7, 0, 3, 5, 4, 2, 1]",88,1
orig,"[6, 7, 0, 3, 5, 4, 2, 1]",89,0
orig,"[6, 7, 0, 3, 5, 4, 2, 1]",90,0
orig,"[6, 7, 0, 3, 5, 4, 2, 1]",91,0
orig,"[6, 7, 0, 3, 5, 4, 2, 1]",92,0
orig,"[6, 7, 0, 3, 5, 4, 2, 1]",93,1
orig,"[6, 7, 0, 3, 5, 4, 2, 1]",94,1
orig,"[6, 7, 0, 3, 5, 4, 2, 1]",95,0
orig,"[6, 7, 0, 3, 5, 4, 2, 1]",96,0
orig,"[6, 7, 0, 3, 5, 4, 2, 1]",97,0
orig,"[6, 7, 0, 3, 5, 4, 2, 1]",98,1
orig,"[6, 7, 0, 3, 5, 4, 2, 1]",99,0
orig,"[0, 2, 1, 5, 6, 3, 4, 7]",60,0
orig,"[0, 2, 1, 5, 6, 3, 4, 7]",61,1
orig,"[0, 2, 1, 5, 6, 3, 4, 7]",62,0
orig,"[0, 2, 1, 5, 6, 3, 4, 7]",63,1
orig,"[0, 2, 1, 5, 6, 3, 4, 7]",64,1
orig,"[0, 2, 1, 5, 6, 3, 4, 7]",65,0
orig,"[0, 2, 1, 5, 6, 3, 4, 7]",66,1
orig,"[0, 2, 1, 5, 6, 3, 4, 7]",67,0
orig,"[0, 2, 1, 5, 6, 3, 4, 7]",68,1
orig,"[0, 2, 1, 5, 6, 3, 4, 7]",69,0
orig,"[0, 2, 1, 5, 6, 3, 4, 7]",70,0
orig,"[0, 2, 1, 5, 6, 3, 4, 7]",71,1
orig,"[0, 2, 1, 5, 6, 3, 4, 7]",72,0
orig,"[0, 2, 1, 5, 6, 3, 4, 7]",73,0
orig,"[0, 2, 1, 5, 6, 3, 4, 7]",74,0
orig,"[0, 2, 1, 5, 6, 3, 4, 7]",75,1
orig,"[0, 2, 1, 5, 6, 3, 4, 7]",76,1
orig,"[0, 2, 1, 5, 6, 3, 4, 7]",77,0
orig,"[0, 2, 1, 5, 6, 3, 4, 7]",78,0
orig,"[0, 2, 1, 5, 6, 3, 4, 7]",79,0
orig,"[0, 2, 1, 5, 6, 3, 4, 7]",80,0
orig,"[0, 2, 1, 5, 6, 3, 4, 7]",81,1
orig,"[0, 2, 1, 5, 6, 3, 4, 7]",82,0
orig,"[0, 2, 1, 5, 6, 3, 4, 7]",83,0
orig,"[0, 2, 1, 5, 6, 3, 4, 7]",84,1
orig,"[0, 2, 1, 5, 6, 3, 4, 7]",85,0
orig,"[0, 2, 1, 5, 6, 3, 4, 7]",86,0
orig,"[0, 2, 1, 5, 6, 3, 4, 7]",87,1
orig,"[0, 2, 1, 5, 6, 3, 4, 7]",88,1
orig,"[0, 2, 1, 5, 6, 3, 4, 7]",89,0
orig,"[0, 2, 1, 5, 6, 3, 4, 7]",90,0
orig,"[0, 2, 1, 5, 6, 3, 4, 7]",91,0
orig,"[0, 2, 1, 5, 6, 3, 4, 7]",92,0
orig,"[0, 2, 1, 5, 6, 3, 4, 7]",93,1
orig,"[0, 2, 1, 5, 6, 3, 4, 7]",94,1
orig,"[0, 2, 1, 5, 6, 3, 4, 7]",95,1
orig,"[0, 2, 1, 5, 6, 3, 4, 7]",96,0
orig,"[0, 2, 1, 5, 6, 3, 4, 7]",97,1
orig,"[0, 2, 1, 5, 6, 3, 4, 7]",98,1
orig,"[0, 2, 1, 5, 6, 3, 4, 7]",99,1
orig,"[5, 1, 3, 4, 7, 6, 0, 2]",60,0
orig,"[5, 1, 3, 4, 7, 6, 0, 2]",61,1
orig,"[5, 1, 3, 4, 7, 6, 0, 2]",62,0
orig,"[5, 1, 3, 4, 7, 6, 0, 2]",63,0
orig,"[5, 1, 3, 4, 7, 6, 0, 2]",64,1
orig,"[5, 1, 3, 4, 7, 6, 0, 2]",65,0
orig,"[5, 1, 3, 4, 7, 6, 0, 2]",66,1
orig,"[5, 1, 3, 4, 7, 6, 0, 2]",67,0
orig,"[5, 1, 3, 4, 7, 6, 0, 2]",68,0
orig,"[5, 1, 3, 4, 7, 6, 0, 2]",69,0
orig,"[5, 1, 3, 4, 7, 6, 0, 2]",70,1
orig,"[5, 1, 3, 4, 7, 6, 0, 2]",71,1
orig,"[5, 1, 3, 4, 7, 6, 0, 2]",72,0
orig,"[5, 1, 3, 4, 7, 6, 0, 2]",73,0
orig,"[5, 1, 3, 4, 7, 6, 0, 2]",74,0
orig,"[5, 1, 3, 4, 7, 6, 0, 2]",75,1
orig,"[5, 1, 3, 4, 7, 6, 0, 2]",76,0
orig,"[5, 1, 3, 4, 7, 6, 0, 2]",77,0
orig,"[5, 1, 3, 4, 7, 6, 0, 2]",78,0
orig,"[5, 1, 3, 4, 7, 6, 0, 2]",79,0
orig,"[5, 1, 3, 4, 7, 6, 0, 2]",80,0
orig,"[5, 1, 3, 4, 7, 6, 0, 2]",81,1
orig,"[5, 1, 3, 4, 7, 6, 0, 2]",82,0
orig,"[5, 1, 3, 4, 7, 6, 0, 2]",83,0
orig,"[5, 1, 3, 4, 7, 6, 0, 2]",84,1
orig,"[5, 1, 3, 4, 7, 6, 0, 2]",85,0
orig,"[5, 1, 3, 4, 7, 6, 0, 2]",86,0
orig,"[5, 1, 3, 4, 7, 6, 0, 2]",87,1
orig,"[5, 1, 3, 4, 7, 6, 0, 2]",88,1
orig,"[5, 1, 3, 4, 7, 6, 0, 2]",89,0
orig,"[5, 1, 3, 4, 7, 6, 0, 2]",90,0
orig,"[5, 1, 3, 4, 7, 6, 0, 2]",91,0
orig,"[5, 1, 3, 4, 7, 6, 0, 2]",92,0
orig,"[5, 1, 3, 4, 7, 6, 0, 2]",93,1
orig,"[5, 1, 3, 4, 7, 6, 0, 2]",94,1
orig,"[5, 1, 3, 4, 7, 6, 0, 2]",95,1
orig,"[5, 1, 3, 4, 7, 6, 0, 2]",96,0
orig,"[5, 1, 3, 4, 7, 6, 0, 2]",97,1
orig,"[5, 1, 3, 4, 7, 6, 0, 2]",98,1
orig,"[5, 1, 3, 4, 7, 6, 0, 2]",99,1
orig,"[5, 3, 6, 0, 2, 7, 1, 4]",60,0
orig,"[5, 3, 6, 0, 2, 7, 1, 4]",61,1
orig,"[5, 3, 6, 0, 2, 7, 1, 4]",62,0
orig,"[5, 3, 6, 0, 2, 7, 1, 4]",63,1
orig,"[5, 3, 6, 0, 2, 7, 1, 4]",64,0
orig,"[5, 3, 6, 0, 2, 7, 1, 4]",65,0
orig,"[5, 3, 6, 0, 2, 7, 1, 4]",66,0
orig,"[5, 3, 6, 0, 2, 7, 1, 4]",67,1
orig,"[5, 3, 6, 0, 2, 7, 1, 4]",68,0
orig,"[5, 3, 6, 0, 2, 7, 1, 4]",69,0
orig,"[5, 3, 6, 0, 2, 7, 1, 4]",70,1
orig,"[5, 3, 6, 0, 2, 7, 1, 4]",71,1
orig,"[5, 3, 6, 0, 2, 7, 1, 4]",72,0
orig,"[5, 3, 6, 0, 2, 7, 1, 4]",73,0
orig,"[5, 3, 6, 0, 2, 7, 1, 4]",74,0
orig,"[5, 3, 6, 0, 2, 7, 1, 4]",75,0
orig,"[5, 3, 6, 0, 2, 7, 1, 4]",76,0
orig,"[5, 3, 6, 0, 2, 7, 1, 4]",77,1
orig,"[5, 3, 6, 0, 2, 7, 1, 4]",78,1
orig,"[5, 3, 6, 0, 2, 7, 1, 4]",79,0
orig,"[5, 3, 6, 0, 2, 7, 1, 4]",80,0
orig,"[5, 3, 6, 0, 2, 7, 1, 4]",81,1
orig,"[5, 3, 6, 0, 2, 7, 1, 4]",82,1
orig,"[5, 3, 6, 0, 2, 7, 1, 4]",83,0
orig,"[5, 3, 6, 0, 2, 7, 1, 4]",84,1
orig,"[5, 3, 6, 0, 2, 7, 1, 4]",85,0
orig,"[5, 3, 6, 0, 2, 7, 1, 4]",86,0
orig,"[5, 3, 6, 0, 2, 7, 1, 4]",87,1
orig,"[5, 3, 6, 0, 2, 7, 1, 4]",88,1
orig,"[5, 3, 6, 0, 2, 7, 1, 4]",89,0
orig,"[5, 3, 6, 0, 2, 7, 1, 4]",90,0
orig,"[5, 3, 6, 0, 2, 7, 1, 4]",91,0
orig,"[5, 3, 6, 0, 2, 7, 1, 4]",92,0
orig,"[5, 3, 6, 0, 2, 7, 1, 4]",93,0
orig,"[5, 3, 6, 0, 2, 7, 1, 4]",94,0
orig,"[5, 3, 6, 0, 2, 7, 1, 4]",95,1
orig,"[5, 3, 6, 0, 2, 7, 1, 4]",96,1
orig,"[5, 3, 6, 0, 2, 7, 1, 4]",97,0
orig,"[5, 3, 6, 0, 2, 7, 1, 4]",98,1
orig,"[5, 3, 6, 0, 2, 7, 1, 4]",99,0
orig,"[2, 5, 1, 4, 7, 6, 0, 3]",60,0
orig,"[2, 5, 1, 4, 7, 6, 0, 3]",61,0
orig,"[2, 5, 1, 4, 7, 6, 0, 3]",62,0
orig,"[2, 5, 1, 4, 7, 6, 0, 3]",63,1
orig,"[2, 5, 1, 4, 7, 6, 0, 3]",64,1
orig,"[2, 5, 1, 4, 7, 6, 0, 3]",65,0
orig,"[2, 5, 1, 4, 7, 6, 0, 3]",66,0
orig,"[2, 5, 1, 4, 7, 6, 0, 3]",67,1
orig,"[2, 5, 1, 4, 7, 6, 0, 3]",68,1
orig,"[2, 5, 1, 4, 7, 6, 0, 3]",69,0
orig,"[2, 5, 1, 4, 7, 6, 0, 3]",70,1
orig,"[2, 5, 1, 4, 7, 6, 0, 3]",71,1
orig,"[2, 5, 1, 4, 7, 6, 0, 3]",72,1
orig,"[2, 5, 1, 4, 7, 6, 0, 3]",73,0
orig,"[2, 5, 1, 4, 7, 6, 0, 3]",74,0
orig,"[2, 5, 1, 4, 7, 6, 0, 3]",75,0
orig,"[2, 5, 1, 4, 7, 6, 0, 3]",76,0
orig,"[2, 5, 1, 4, 7, 6, 0, 3]",77,0
orig,"[2, 5, 1, 4, 7, 6, 0, 3]",78,0
orig,"[2, 5, 1, 4, 7, 6, 0, 3]",79,0
orig,"[2, 5, 1, 4, 7, 6, 0, 3]",80,1
orig,"[2, 5, 1, 4, 7, 6, 0, 3]",81,0
orig,"[2, 5, 1, 4, 7, 6, 0, 3]",82,0
orig,"[2, 5, 1, 4, 7, 6, 0, 3]",83,0
orig,"[2, 5, 1, 4, 7, 6, 0, 3]",84,0
orig,"[2, 5, 1, 4, 7, 6, 0, 3]",85,0
orig,"[2, 5, 1, 4, 7, 6, 0, 3]",86,0
orig,"[2, 5, 1, 4, 7, 6, 0, 3]",87,0
orig,"[2, 5, 1, 4, 7, 6, 0, 3]",88,1
orig,"[2, 5, 1, 4, 7, 6, 0, 3]",89,0
orig,"[2, 5, 1, 4, 7, 6, 0, 3]",90,0
orig,"[2, 5, 1, 4, 7, 6, 0, 3]",91,0
orig,"[2, 5, 1, 4, 7, 6, 0, 3]",92,0
orig,"[2, 5, 1, 4, 7, 6, 0, 3]",93,1
orig,"[2, 5, 1, 4, 7, 6, 0, 3]",94,1
orig,"[2, 5, 1, 4, 7, 6, 0, 3]",95,1
orig,"[2, 5, 1, 4, 7, 6, 0, 3]",96,0
orig,"[2, 5, 1, 4, 7, 6, 0, 3]",97,0
orig,"[2, 5, 1, 4, 7, 6, 0, 3]",98,1
orig,"[2, 5, 1, 4, 7, 6, 0, 3]",99,0
orig,"[6, 2, 3, 0, 1, 5, 7, 4]",60,0
orig,"[6, 2, 3, 0, 1, 5, 7, 4]",61,1
orig,"[6, 2, 3, 0, 1, 5, 7, 4]",62,0
orig,"[6, 2, 3, 0, 1, 5, 7, 4]",63,1
orig,"[6, 2, 3, 0, 1, 5, 7, 4]",64,1
orig,"[6, 2, 3, 0, 1, 5, 7, 4]",65,0
orig,"[6, 2, 3, 0, 1, 5, 7, 4]",66,1
orig,"[6, 2, 3, 0, 1, 5, 7, 4]",67,1
orig,"[6, 2, 3, 0, 1, 5, 7, 4]",68,0
orig,"[6, 2, 3, 0, 1, 5, 7, 4]",69,0
orig,"[6, 2, 3, 0, 1, 5, 7, 4]",70,1
orig,"[6, 2, 3, 0, 1, 5, 7, 4]",71,1
orig,"[6, 2, 3, 0, 1, 5, 7, 4]",72,0
orig,"[6, 2, 3, 0, 1, 5, 7, 4]",73,0
orig,"[6, 2, 3, 0, 1, 5, 7, 4]",74,0
orig,"[6, 2, 3, 0, 1, 5, 7, 4]",75,0
orig,"[6, 2, 3, 0, 1, 5, 7, 4]",76,0
orig,"[6, 2, 3, 0, 1, 5, 7, 4]",77,0
orig,"[6, 2, 3, 0, 1, 5, 7, 4]",78,0
orig,"[6, 2, 3, 0, 1, 5, 7, 4]",79,0
orig,"[6, 2, 3, 0, 1, 5, 7, 4]",80,1
orig,"[6, 2, 3, 0, 1, 5, 7, 4]",81,0
orig,"[6, 2, 3, 0, 1, 5, 7, 4]",82,1
orig,"[6, 2, 3, 0, 1, 5, 7, 4]",83,0
orig,"[6, 2, 3, 0, 1, 5, 7, 4]",84,1
orig,"[6, 2, 3, 0, 1, 5, 7, 4]",85,0
orig,"[6, 2, 3, 0, 1, 5, 7, 4]",86,0
orig,"[6, 2, 3, 0, 1, 5, 7, 4]",87,1
orig,"[6, 2, 3, 0, 1, 5, 7, 4]",88,1
orig,"[6, 2, 3, 0, 1, 5, 7, 4]",89,0
orig,"[6, 2, 3, 0, 1, 5, 7, 4]",90,0
orig,"[6, 2, 3, 0, 1, 5, 7, 4]",91,0
orig,"[6, 2, 3, 0, 1, 5, 7, 4]",92,1
orig,"[6, 2, 3, 0, 1, 5, 7, 4]",93,0
orig,"[6, 2, 3, 0, 1, 5, 7, 4]",94,1
orig,"[6, 2, 3, 0, 1, 5, 7, 4]",95,1
orig,"[6, 2, 3, 0, 1, 5, 7, 4]",96,0
orig,"[6, 2, 3, 0, 1, 5, 7, 4]",97,0
orig,"[6, 2, 3, 0, 1, 5, 7, 4]",98,1
orig,"[6, 2, 3, 0, 1, 5, 7, 4]",99,1
orig,"[1, 0, 4, 7, 6, 5, 2, 3]",60,0
orig,"[1, 0, 4, 7, 6, 5, 2, 3]",61,1
orig,"[1, 0, 4, 7, 6, 5, 2, 3]",62,0
orig,"[1, 0, 4, 7, 6, 5, 2, 3]",63,1
orig,"[1, 0, 4, 7, 6, 5, 2, 3]",64,1
orig,"[1, 0, 4, 7, 6, 5, 2, 3]",65,0
orig,"[1, 0, 4, 7, 6, 5, 2, 3]",66,0
orig,"[1, 0, 4, 7, 6, 5, 2, 3]",67,0
orig,"[1, 0, 4, 7, 6, 5, 2, 3]",68,1
orig,"[1, 0, 4, 7, 6, 5, 2, 3]",69,1
orig,"[1, 0, 4, 7, 6, 5, 2, 3]",70,1
orig,"[1, 0, 4, 7, 6, 5, 2, 3]",71,1
orig,"[1, 0, 4, 7, 6, 5, 2, 3]",72,0
orig,"[1, 0, 4, 7, 6, 5, 2, 3]",73,0
orig,"[1, 0, 4, 7, 6, 5, 2, 3]",74,0
orig,"[1, 0, 4, 7, 6, 5, 2, 3]",75,0
orig,"[1, 0, 4, 7, 6, 5, 2, 3]",76,0
orig,"[1, 0, 4, 7, 6, 5, 2, 3]",77,0
orig,"[1, 0, 4, 7, 6, 5, 2, 3]",78,0
orig,"[1, 0, 4, 7, 6, 5, 2, 3]",79,0
orig,"[1, 0, 4, 7, 6, 5, 2, 3]",80,0
orig,"[1, 0, 4, 7, 6, 5, 2, 3]",81,0
orig,"[1, 0, 4, 7, 6, 5, 2, 3]",82,1
orig,"[1, 0, 4, 7, 6, 5, 2, 3]",83,0
orig,"[1, 0, 4, 7, 6, 5, 2, 3]",84,0
orig,"[1, 0, 4, 7, 6, 5, 2, 3]",85,0
orig,"[1, 0, 4, 7, 6, 5, 2, 3]",86,0
orig,"[1, 0, 4, 7, 6, 5, 2, 3]",87,1
orig,"[1, 0, 4, 7, 6, 5, 2, 3]",88,1
orig,"[1, 0, 4, 7, 6, 5, 2, 3]",89,0
orig,"[1, 0, 4, 7, 6, 5, 2, 3]",90,0
orig,"[1, 0, 4, 7, 6, 5, 2, 3]",91,0
orig,"[1, 0, 4, 7, 6, 5, 2, 3]",92,0
orig,"[1, 0, 4, 7, 6, 5, 2, 3]",93,1
orig,"[1, 0, 4, 7, 6, 5, 2, 3]",94,1
orig,"[1, 0, 4, 7, 6, 5, 2, 3]",95,1
orig,"[1, 0, 4, 7, 6, 5, 2, 3]",96,1
orig,"[1, 0, 4, 7, 6, 5, 2, 3]",97,1
orig,"[1, 0, 4, 7, 6, 5, 2, 3]",98,0
orig,"[1, 0, 4, 7, 6, 5, 2, 3]",99,1
orig,"[6, 5, 2, 4, 0, 3, 1, 7]",60,0
orig,"[6, 5, 2, 4, 0, 3, 1, 7]",61,1
orig,"[6, 5, 2, 4, 0, 3, 1, 7]",62,0
orig,"[6, 5, 2, 4, 0, 3, 1, 7]",63,1
orig,"[6, 5, 2, 4, 0, 3, 1, 7]",64,0
orig,"[6, 5, 2, 4, 0, 3, 1, 7]",65,0
orig,"[6, 5, 2, 4, 0, 3, 1, 7]",66,0
orig,"[6, 5, 2, 4, 0, 3, 1, 7]",67,0
orig,"[6, 5, 2, 4, 0, 3, 1, 7]",68,0
orig,"[6, 5, 2, 4, 0, 3, 1, 7]",69,0
orig,"[6, 5, 2, 4, 0, 3, 1, 7]",70,1
orig,"[6, 5, 2, 4, 0, 3, 1, 7]",71,1
orig,"[6, 5, 2, 4, 0, 3, 1, 7]",72,0
orig,"[6, 5, 2, 4, 0, 3, 1, 7]",73,1
orig,"[6, 5, 2, 4, 0, 3, 1, 7]",74,0
orig,"[6, 5, 2, 4, 0, 3, 1, 7]",75,1
orig,"[6, 5, 2, 4, 0, 3, 1, 7]",76,0
orig,"[6, 5, 2, 4, 0, 3, 1, 7]",77,0
orig,"[6, 5, 2, 4, 0, 3, 1, 7]",78,0
orig,"[6, 5, 2, 4, 0, 3, 1, 7]",79,0
orig,"[6, 5, 2, 4, 0, 3, 1, 7]",80,0
orig,"[6, 5, 2, 4, 0, 3, 1, 7]",81,1
orig,"[6, 5, 2, 4, 0, 3, 1, 7]",82,1
orig,"[6, 5, 2, 4, 0, 3, 1, 7]",83,0
orig,"[6, 5, 2, 4, 0, 3, 1, 7]",84,1
orig,"[6, 5, 2, 4, 0, 3, 1, 7]",85,0
orig,"[6, 5, 2, 4, 0, 3, 1, 7]",86,0
orig,"[6, 5, 2, 4, 0, 3, 1, 7]",87,1
orig,"[6, 5, 2, 4, 0, 3, 1, 7]",88,1
orig,"[6, 5, 2, 4, 0, 3, 1, 7]",89,0
orig,"[6, 5, 2, 4, 0, 3, 1, 7]",90,0
orig,"[6, 5, 2, 4, 0, 3, 1, 7]",91,0
orig,"[6, 5, 2, 4, 0, 3, 1, 7]",92,0
orig,"[6, 5, 2, 4, 0, 3, 1, 7]",93,1
orig,"[6, 5, 2, 4, 0, 3, 1, 7]",94,0
orig,"[6, 5, 2, 4, 0, 3, 1, 7]",95,1
orig,"[6, 5, 2, 4, 0, 3, 1, 7]",96,1
orig,"[6, 5, 2, 4, 0, 3, 1, 7]",97,1
orig,"[6, 5, 2, 4, 0, 3, 1, 7]",98,1
orig,"[6, 5, 2, 4, 0, 3, 1, 7]",99,1
orig,"[5, 3, 6, 1, 7, 4, 0, 2]",60,0
orig,"[5, 3, 6, 1, 7, 4, 0, 2]",61,1
orig,"[5, 3, 6, 1, 7, 4, 0, 2]",62,0
orig,"[5, 3, 6, 1, 7, 4, 0, 2]",63,1
orig,"[5, 3, 6, 1, 7, 4, 0, 2]",64,1
orig,"[5, 3, 6, 1, 7, 4, 0, 2]",65,0
orig,"[5, 3, 6, 1, 7, 4, 0, 2]",66,1
orig,"[5, 3, 6, 1, 7, 4, 0, 2]",67,1
orig,"[5, 3, 6, 1, 7, 4, 0, 2]",68,1
orig,"[5, 3, 6, 1, 7, 4, 0, 2]",69,0
orig,"[5, 3, 6, 1, 7, 4, 0, 2]",70,0
orig,"[5, 3, 6, 1, 7, 4, 0, 2]",71,1
orig,"[5, 3, 6, 1, 7, 4, 0, 2]",72,0
orig,"[5, 3, 6, 1, 7, 4, 0, 2]",73,0
orig,"[5, 3, 6, 1, 7, 4, 0, 2]",74,0
orig,"[5, 3, 6, 1, 7, 4, 0, 2]",75,0
orig,"[5, 3, 6, 1, 7, 4, 0, 2]",76,0
orig,"[5, 3, 6, 1, 7, 4, 0, 2]",77,0
orig,"[6, 5, 2, 4, 0, 3, 1, 7]",72,0
orig,"[6, 5, 2, 4, 0, 3, 1, 7]",73,0
orig,"[6, 5, 2, 4, 0, 3, 1, 7]",74,0
orig,"[6, 5, 2, 4, 0, 3, 1, 7]",75,1
orig,"[6, 5, 2, 4, 0, 3, 1, 7]",76,0
orig,"[6, 5, 2, 4, 0, 3, 1, 7]",77,0
orig,"[6, 5, 2, 4, 0, 3, 1, 7]",78,0
orig,"[6, 5, 2, 4, 0, 3, 1, 7]",79,0
orig,"[6, 5, 2, 4, 0, 3, 1, 7]",80,0
orig,"[6, 5, 2, 4, 0, 3, 1, 7]",81,1
orig,"[6, 5, 2, 4, 0, 3, 1, 7]",82,1
orig,"[6, 5, 2, 4, 0, 3, 1, 7]",83,0
orig,"[6, 5, 2, 4, 0, 3, 1, 7]",84,1
orig,"[6, 5, 2, 4, 0, 3, 1, 7]",85,0
orig,"[6, 5, 2, 4, 0, 3, 1, 7]",86,0
orig,"[6, 5, 2, 4, 0, 3, 1, 7]",87,1
orig,"[6, 5, 2, 4, 0, 3, 1, 7]",88,1
orig,"[6, 5, 2, 4, 0, 3, 1, 7]",89,0
orig,"[6, 5, 2, 4, 0, 3, 1, 7]",90,0
orig,"[6, 5, 2, 4, 0, 3, 1, 7]",91,0
orig,"[6, 5, 2, 4, 0, 3, 1, 7]",92,0
orig,"[6, 5, 2, 4, 0, 3, 1, 7]",93,1
orig,"[6, 5, 2, 4, 0, 3, 1, 7]",94,1
orig,"[6, 5, 2, 4, 0, 3, 1, 7]",95,1
orig,"[6, 5, 2, 4, 0, 3, 1, 7]",96,1
orig,"[6, 5, 2, 4, 0, 3, 1, 7]",97,0
orig,"[6, 5, 2, 4, 0, 3, 1, 7]",98,1
orig,"[6, 5, 2, 4, 0, 3, 1, 7]",99,1
orig,"[5, 3, 6, 1, 7, 4, 0, 2]",78,0
orig,"[5, 3, 6, 1, 7, 4, 0, 2]",79,1
orig,"[5, 3, 6, 1, 7, 4, 0, 2]",80,0
orig,"[5, 3, 6, 1, 7, 4, 0, 2]",81,0
orig,"[5, 3, 6, 1, 7, 4, 0, 2]",82,1
orig,"[5, 3, 6, 1, 7, 4, 0, 2]",83,0
orig,"[5, 3, 6, 1, 7, 4, 0, 2]",84,0
orig,"[5, 3, 6, 1, 7, 4, 0, 2]",85,0
orig,"[5, 3, 6, 1, 7, 4, 0, 2]",86,0
orig,"[5, 3, 6, 1, 7, 4, 0, 2]",87,1
orig,"[5, 3, 6, 1, 7, 4, 0, 2]",88,1
orig,"[5, 3, 6, 1, 7, 4, 0, 2]",89,0
orig,"[5, 3, 6, 1, 7, 4, 0, 2]",90,0
orig,"[5, 3, 6, 1, 7, 4, 0, 2]",91,0
orig,"[5, 3, 6, 1, 7, 4, 0, 2]",92,0
orig,"[5, 3, 6, 1, 7, 4, 0, 2]",93,1
orig,"[5, 3, 6, 1, 7, 4, 0, 2]",94,0
orig,"[5, 3, 6, 1, 7, 4, 0, 2]",95,1
orig,"[5, 3, 6, 1, 7, 4, 0, 2]",96,1
orig,"[5, 3, 6, 1, 7, 4, 0, 2]",97,0
orig,"[5, 3, 6, 1, 7, 4, 0, 2]",98,1
orig,"[5, 3, 6, 1, 7, 4, 0, 2]",99,1
orig,"[5, 3, 6, 1, 7, 4, 0, 2]",60,0
orig,"[5, 3, 6, 1, 7, 4, 0, 2]",61,0
orig,"[5, 3, 6, 1, 7, 4, 0, 2]",62,0
orig,"[5, 3, 6, 1, 7, 4, 0, 2]",63,1
orig,"[5, 3, 6, 1, 7, 4, 0, 2]",64,1
orig,"[5, 3, 6, 1, 7, 4, 0, 2]",65,0
orig,"[5, 3, 6, 1, 7, 4, 0, 2]",66,1
orig,"[5, 3, 6, 1, 7, 4, 0, 2]",67,1
orig,"[5, 3, 6, 1, 7, 4, 0, 2]",68,1
orig,"[5, 3, 6, 1, 7, 4, 0, 2]",69,0
orig,"[5, 3, 6, 1, 7, 4, 0, 2]",70,0
orig,"[5, 3, 6, 1, 7, 4, 0, 2]",71,1
orig,"[0, 3, 1, 2, 4, 6, 7, 5]",60,0
orig,"[0, 3, 1, 2, 4, 6, 7, 5]",61,1
orig,"[0, 3, 1, 2, 4, 6, 7, 5]",62,0
orig,"[0, 3, 1, 2, 4, 6, 7, 5]",63,0
orig,"[0, 3, 1, 2, 4, 6, 7, 5]",64,1
orig,"[0, 3, 1, 2, 4, 6, 7, 5]",65,0
orig,"[0, 3, 1, 2, 4, 6, 7, 5]",66,0
orig,"[0, 3, 1, 2, 4, 6, 7, 5]",67,0
orig,"[0, 3, 1, 2, 4, 6, 7, 5]",68,1
orig,"[0, 3, 1, 2, 4, 6, 7, 5]",69,0
orig,"[0, 3, 1, 2, 4, 6, 7, 5]",70,1
orig,"[0, 3, 1, 2, 4, 6, 7, 5]",71,0
orig,"[5, 3, 6, 1, 7, 4, 0, 2]",72,0
orig,"[5, 3, 6, 1, 7, 4, 0, 2]",73,0
orig,"[5, 3, 6, 1, 7, 4, 0, 2]",74,0
orig,"[5, 3, 6, 1, 7, 4, 0, 2]",75,0
orig,"[5, 3, 6, 1, 7, 4, 0, 2]",76,1
orig,"[5, 3, 6, 1, 7, 4, 0, 2]",77,0
orig,"[5, 3, 6, 1, 7, 4, 0, 2]",78,1
orig,"[5, 3, 6, 1, 7, 4, 0, 2]",79,0
orig,"[5, 3, 6, 1, 7, 4, 0, 2]",80,0
orig,"[5, 3, 6, 1, 7, 4, 0, 2]",81,0
orig,"[5, 3, 6, 1, 7, 4, 0, 2]",82,0
orig,"[5, 3, 6, 1, 7, 4, 0, 2]",83,0
orig,"[5, 3, 6, 1, 7, 4, 0, 2]",84,1
orig,"[5, 3, 6, 1, 7, 4, 0, 2]",85,1
orig,"[5, 3, 6, 1, 7, 4, 0, 2]",86,0
orig,"[5, 3, 6, 1, 7, 4, 0, 2]",87,1
orig,"[5, 3, 6, 1, 7, 4, 0, 2]",88,1
orig,"[5, 3, 6, 1, 7, 4, 0, 2]",89,0
orig,"[5, 3, 6, 1, 7, 4, 0, 2]",90,0
orig,"[5, 3, 6, 1, 7, 4, 0, 2]",91,0
orig,"[5, 3, 6, 1, 7, 4, 0, 2]",92,0
orig,"[5, 3, 6, 1, 7, 4, 0, 2]",93,1
orig,"[5, 3, 6, 1, 7, 4, 0, 2]",94,0
orig,"[5, 3, 6, 1, 7, 4, 0, 2]",95,1
orig,"[5, 3, 6, 1, 7, 4, 0, 2]",96,1
orig,"[5, 3, 6, 1, 7, 4, 0, 2]",97,0
orig,"[5, 3, 6, 1, 7, 4, 0, 2]",98,0
orig,"[5, 3, 6, 1, 7, 4, 0, 2]",99,1
orig,"[0, 3, 1, 2, 4, 6, 7, 5]",72,0
orig,"[0, 3, 1, 2, 4, 6, 7, 5]",73,0
orig,"[0, 3, 1, 2, 4, 6, 7, 5]",74,0
orig,"[0, 3, 1, 2, 4, 6, 7, 5]",75,1
orig,"[0, 3, 1, 2, 4, 6, 7, 5]",76,0
orig,"[0, 3, 1, 2, 4, 6, 7, 5]",77,0
orig,"[0, 3, 1, 2, 4, 6, 7, 5]",78,0
orig,"[0, 3, 1, 2, 4, 6, 7, 5]",79,0
orig,"[0, 3, 1, 2, 4, 6, 7, 5]",80,1
orig,"[0, 3, 1, 2, 4, 6, 7, 5]",81,1
orig,"[0, 3, 1, 2, 4, 6, 7, 5]",82,1
orig,"[0, 3, 1, 2, 4, 6, 7, 5]",83,0
orig,"[0, 3, 1, 2, 4, 6, 7, 5]",84,1
orig,"[0, 3, 1, 2, 4, 6, 7, 5]",85,0
orig,"[0, 3, 1, 2, 4, 6, 7, 5]",86,0
orig,"[0, 3, 1, 2, 4, 6, 7, 5]",87,1
orig,"[0, 3, 1, 2, 4, 6, 7, 5]",88,1
orig,"[0, 3, 1, 2, 4, 6, 7, 5]",89,0
orig,"[0, 3, 1, 2, 4, 6, 7, 5]",90,0
orig,"[0, 3, 1, 2, 4, 6, 7, 5]",91,0
orig,"[0, 3, 1, 2, 4, 6, 7, 5]",92,0
orig,"[0, 3, 1, 2, 4, 6, 7, 5]",93,0
orig,"[0, 3, 1, 2, 4, 6, 7, 5]",94,1
orig,"[0, 3, 1, 2, 4, 6, 7, 5]",95,1
orig,"[0, 3, 1, 2, 4, 6, 7, 5]",96,1
orig,"[0, 3, 1, 2, 4, 6, 7, 5]",97,0
orig,"[0, 3, 1, 2, 4, 6, 7, 5]",98,1
orig,"[0, 3, 1, 2, 4, 6, 7, 5]",99,1
orig,"[0, 3, 1, 2, 4, 6, 7, 5]",60,0
orig,"[0, 3, 1, 2, 4, 6, 7, 5]",61,1
orig,"[0, 3, 1, 2, 4, 6, 7, 5]",62,0
orig,"[0, 3, 1, 2, 4, 6, 7, 5]",63,0
orig,"[0, 3, 1, 2, 4, 6, 7, 5]",64,1
orig,"[0, 3, 1, 2, 4, 6, 7, 5]",65,0
orig,"[0, 3, 1, 2, 4, 6, 7, 5]",66,0
orig,"[0, 3, 1, 2, 4, 6, 7, 5]",67,1
orig,"[0, 3, 1, 2, 4, 6, 7, 5]",68,1
orig,"[0, 3, 1, 2, 4, 6, 7, 5]",69,0
orig,"[0, 3, 1, 2, 4, 6, 7, 5]",70,1
orig,"[0, 3, 1, 2, 4, 6, 7, 5]",71,1
orig,"[2, 5, 3, 4, 6, 7, 0, 1]",60,0
orig,"[2, 5, 3, 4, 6, 7, 0, 1]",61,1
orig,"[2, 5, 3, 4, 6, 7, 0, 1]",62,0
orig,"[2, 5, 3, 4, 6, 7, 0, 1]",63,0
orig,"[2, 5, 3, 4, 6, 7, 0, 1]",64,1
orig,"[2, 5, 3, 4, 6, 7, 0, 1]",65,0
orig,"[2, 5, 3, 4, 6, 7, 0, 1]",66,0
orig,"[2, 5, 3, 4, 6, 7, 0, 1]",67,0
orig,"[2, 5, 3, 4, 6, 7, 0, 1]",68,0
orig,"[2, 5, 3, 4, 6, 7, 0, 1]",69,0
orig,"[2, 5, 3, 4, 6, 7, 0, 1]",70,0
orig,"[2, 5, 3, 4, 6, 7, 0, 1]",71,1
orig,"[0, 3, 1, 2, 4, 6, 7, 5]",72,0
orig,"[0, 3, 1, 2, 4, 6, 7, 5]",73,0
orig,"[0, 3, 1, 2, 4, 6, 7, 5]",74,0
orig,"[0, 3, 1, 2, 4, 6, 7, 5]",75,0
orig,"[0, 3, 1, 2, 4, 6, 7, 5]",76,0
orig,"[0, 3, 1, 2, 4, 6, 7, 5]",77,0
orig,"[0, 3, 1, 2, 4, 6, 7, 5]",78,0
orig,"[0, 3, 1, 2, 4, 6, 7, 5]",79,0
orig,"[0, 3, 1, 2, 4, 6, 7, 5]",80,1
orig,"[0, 3, 1, 2, 4, 6, 7, 5]",81,0
orig,"[0, 3, 1, 2, 4, 6, 7, 5]",82,0
orig,"[0, 3, 1, 2, 4, 6, 7, 5]",83,0
orig,"[0, 3, 1, 2, 4, 6, 7, 5]",84,1
orig,"[0, 3, 1, 2, 4, 6, 7, 5]",85,0
orig,"[0, 3, 1, 2, 4, 6, 7, 5]",86,0
orig,"[0, 3, 1, 2, 4, 6, 7, 5]",87,1
orig,"[0, 3, 1, 2, 4, 6, 7, 5]",88,1
orig,"[0, 3, 1, 2, 4, 6, 7, 5]",89,0
orig,"[0, 3, 1, 2, 4, 6, 7, 5]",90,0
orig,"[0, 3, 1, 2, 4, 6, 7, 5]",91,0
orig,"[0, 3, 1, 2, 4, 6, 7, 5]",92,0
orig,"[0, 3, 1, 2, 4, 6, 7, 5]",93,1
orig,"[0, 3, 1, 2, 4, 6, 7, 5]",94,1
orig,"[0, 3, 1, 2, 4, 6, 7, 5]",95,1
orig,"[0, 3, 1, 2, 4, 6, 7, 5]",96,1
orig,"[0, 3, 1, 2, 4, 6, 7, 5]",97,0
orig,"[0, 3, 1, 2, 4, 6, 7, 5]",98,1
orig,"[0, 3, 1, 2, 4, 6, 7, 5]",99,1
orig,"[2, 5, 3, 4, 6, 7, 0, 1]",72,0
orig,"[2, 5, 3, 4, 6, 7, 0, 1]",73,0
orig,"[2, 5, 3, 4, 6, 7, 0, 1]",74,0
orig,"[2, 5, 3, 4, 6, 7, 0, 1]",75,1
orig,"[2, 5, 3, 4, 6, 7, 0, 1]",76,0
orig,"[2, 5, 3, 4, 6, 7, 0, 1]",77,0
orig,"[2, 5, 3, 4, 6, 7, 0, 1]",78,0
orig,"[2, 5, 3, 4, 6, 7, 0, 1]",79,0
orig,"[2, 5, 3, 4, 6, 7, 0, 1]",80,0
orig,"[2, 5, 3, 4, 6, 7, 0, 1]",81,0
orig,"[2, 5, 3, 4, 6, 7, 0, 1]",82,1
orig,"[2, 5, 3, 4, 6, 7, 0, 1]",83,0
orig,"[2, 5, 3, 4, 6, 7, 0, 1]",84,1
orig,"[2, 5, 3, 4, 6, 7, 0, 1]",85,0
orig,"[2, 5, 3, 4, 6, 7, 0, 1]",86,0
orig,"[2, 5, 3, 4, 6, 7, 0, 1]",87,1
orig,"[2, 5, 3, 4, 6, 7, 0, 1]",88,1
orig,"[2, 5, 3, 4, 6, 7, 0, 1]",89,0
orig,"[2, 5, 3, 4, 6, 7, 0, 1]",90,0
orig,"[2, 5, 3, 4, 6, 7, 0, 1]",60,0
orig,"[2, 5, 3, 4, 6, 7, 0, 1]",61,1
orig,"[2, 5, 3, 4, 6, 7, 0, 1]",62,0
orig,"[2, 5, 3, 4, 6, 7, 0, 1]",63,0
orig,"[2, 5, 3, 4, 6, 7, 0, 1]",64,1
orig,"[2, 5, 3, 4, 6, 7, 0, 1]",65,0
orig,"[2, 5, 3, 4, 6, 7, 0, 1]",66,0
orig,"[2, 5, 3, 4, 6, 7, 0, 1]",67,0
orig,"[2, 5, 3, 4, 6, 7, 0, 1]",68,1
orig,"[2, 5, 3, 4, 6, 7, 0, 1]",69,0
orig,"[2, 5, 3, 4, 6, 7, 0, 1]",70,0
orig,"[2, 5, 3, 4, 6, 7, 0, 1]",71,1
orig,"[2, 5, 3, 4, 6, 7, 0, 1]",72,0
orig,"[2, 5, 3, 4, 6, 7, 0, 1]",91,0
orig,"[2, 5, 3, 4, 6, 7, 0, 1]",92,0
orig,"[2, 5, 3, 4, 6, 7, 0, 1]",93,0
orig,"[2, 5, 3, 4, 6, 7, 0, 1]",94,1
orig,"[2, 5, 3, 4, 6, 7, 0, 1]",95,1
orig,"[2, 5, 3, 4, 6, 7, 0, 1]",96,0
orig,"[2, 5, 3, 4, 6, 7, 0, 1]",97,0
orig,"[2, 5, 3, 4, 6, 7, 0, 1]",98,1
orig,"[2, 5, 3, 4, 6, 7, 0, 1]",99,1
orig,"[2, 5, 3, 4, 6, 7, 0, 1]",73,0
orig,"[2, 5, 3, 4, 6, 7, 0, 1]",74,0
orig,"[2, 5, 3, 4, 6, 7, 0, 1]",75,0
orig,"[2, 5, 3, 4, 6, 7, 0, 1]",76,0
orig,"[2, 5, 3, 4, 6, 7, 0, 1]",77,0
orig,"[2, 5, 3, 4, 6, 7, 0, 1]",78,1
orig,"[2, 5, 3, 4, 6, 7, 0, 1]",79,0
orig,"[2, 5, 3, 4, 6, 7, 0, 1]",80,0
orig,"[2, 5, 3, 4, 6, 7, 0, 1]",81,1
orig,"[2, 5, 3, 4, 6, 7, 0, 1]",82,1
orig,"[2, 5, 3, 4, 6, 7, 0, 1]",83,0
orig,"[2, 5, 3, 4, 6, 7, 0, 1]",84,1
orig,"[2, 5, 3, 4, 6, 7, 0, 1]",85,0
orig,"[2, 5, 3, 4, 6, 7, 0, 1]",86,0
orig,"[2, 5, 3, 4, 6, 7, 0, 1]",87,1
orig,"[2, 5, 3, 4, 6, 7, 0, 1]",88,1
orig,"[2, 5, 3, 4, 6, 7, 0, 1]",89,0
orig,"[2, 5, 3, 4, 6, 7, 0, 1]",90,0
orig,"[2, 5, 3, 4, 6, 7, 0, 1]",91,0
orig,"[2, 5, 3, 4, 6, 7, 0, 1]",92,0
orig,"[2, 5, 3, 4, 6, 7, 0, 1]",93,0
orig,"[2, 5, 3, 4, 6, 7, 0, 1]",94,1
orig,"[2, 5, 3, 4, 6, 7, 0, 1]",95,1
orig,"[2, 5, 3, 4, 6, 7, 0, 1]",96,0
orig,"[2, 5, 3, 4, 6, 7, 0, 1]",97,0
orig,"[2, 5, 3, 4, 6, 7, 0, 1]",98,1
orig,"[2, 5, 3, 4, 6, 7, 0, 1]",99,1
orig,"[0, 2, 3, 5, 1, 6, 4, 7]",60,0
orig,"[0, 2, 3, 5, 1, 6, 4, 7]",61,1
orig,"[0, 2, 3, 5, 1, 6, 4, 7]",60,0
orig,"[0, 2, 3, 5, 1, 6, 4, 7]",61,1
orig,"[0, 2, 3, 5, 1, 6, 4, 7]",62,0
orig,"[0, 2, 3, 5, 1, 6, 4, 7]",63,0
orig,"[0, 2, 3, 5, 1, 6, 4, 7]",64,1
orig,"[0, 2, 3, 5, 1, 6, 4, 7]",65,0
orig,"[0, 2, 3, 5, 1, 6, 4, 7]",66,0
orig,"[0, 2, 3, 5, 1, 6, 4, 7]",67,0
orig,"[0, 2, 3, 5, 1, 6, 4, 7]",68,1
orig,"[0, 2, 3, 5, 1, 6, 4, 7]",69,0
orig,"[0, 2, 3, 5, 1, 6, 4, 7]",70,0
orig,"[0, 2, 3, 5, 1, 6, 4, 7]",71,1
orig,"[0, 2, 3, 5, 1, 6, 4, 7]",72,1
orig,"[0, 2, 3, 5, 1, 6, 4, 7]",73,0
orig,"[0, 2, 3, 5, 1, 6, 4, 7]",74,0
orig,"[0, 2, 3, 5, 1, 6, 4, 7]",75,0
orig,"[0, 2, 3, 5, 1, 6, 4, 7]",76,0
orig,"[0, 2, 3, 5, 1, 6, 4, 7]",77,0
orig,"[0, 2, 3, 5, 1, 6, 4, 7]",78,0
orig,"[0, 2, 3, 5, 1, 6, 4, 7]",79,0
orig,"[0, 2, 3, 5, 1, 6, 4, 7]",80,1
orig,"[0, 2, 3, 5, 1, 6, 4, 7]",81,0
orig,"[0, 2, 3, 5, 1, 6, 4, 7]",82,1
orig,"[0, 2, 3, 5, 1, 6, 4, 7]",83,0
orig,"[0, 2, 3, 5, 1, 6, 4, 7]",84,1
orig,"[0, 2, 3, 5, 1, 6, 4, 7]",85,0
orig,"[0, 2, 3, 5, 1, 6, 4, 7]",86,0
orig,"[0, 2, 3, 5, 1, 6, 4, 7]",87,1
orig,"[0, 2, 3, 5, 1, 6, 4, 7]",88,1
orig,"[0, 2, 3, 5, 1, 6, 4, 7]",89,0
orig,"[0, 2, 3, 5, 1, 6, 4, 7]",90,0
orig,"[0, 2, 3, 5, 1, 6, 4, 7]",62,0
orig,"[0, 2, 3, 5, 1, 6, 4, 7]",63,0
orig,"[0, 2, 3, 5, 1, 6, 4, 7]",64,1
orig,"[0, 2, 3, 5, 1, 6, 4, 7]",65,0
orig,"[0, 2, 3, 5, 1, 6, 4, 7]",66,0
orig,"[0, 2, 3, 5, 1, 6, 4, 7]",67,0
orig,"[0, 2, 3, 5, 1, 6, 4, 7]",68,1
orig,"[0, 2, 3, 5, 1, 6, 4, 7]",69,0
orig,"[0, 2, 3, 5, 1, 6, 4, 7]",70,0
orig,"[0, 2, 3, 5, 1, 6, 4, 7]",71,1
orig,"[0, 2, 3, 5, 1, 6, 4, 7]",72,1
orig,"[0, 2, 3, 5, 1, 6, 4, 7]",73,0
orig,"[0, 2, 3, 5, 1, 6, 4, 7]",74,0
orig,"[0, 2, 3, 5, 1, 6, 4, 7]",75,0
orig,"[0, 2, 3, 5, 1, 6, 4, 7]",76,0
orig,"[0, 2, 3, 5, 1, 6, 4, 7]",77,0
orig,"[0, 2, 3, 5, 1, 6, 4, 7]",78,0
orig,"[0, 2, 3, 5, 1, 6, 4, 7]",79,0
orig,"[0, 2, 3, 5, 1, 6, 4, 7]",80,1
orig,"[0, 2, 3, 5, 1, 6, 4, 7]",81,0
orig,"[0, 2, 3, 5, 1, 6, 4, 7]",82,1
orig,"[0, 2, 3, 5, 1, 6, 4, 7]",83,0
orig,"[0, 2, 3, 5, 1, 6, 4, 7]",84,1
orig,"[0, 2, 3, 5, 1, 6, 4, 7]",91,0
orig,"[0, 2, 3, 5, 1, 6, 4, 7]",92,1
orig,"[0, 2, 3, 5, 1, 6, 4, 7]",93,0
orig,"[0, 2, 3, 5, 1, 6, 4, 7]",94,1
orig,"[0, 2, 3, 5, 1, 6, 4, 7]",95,1
orig,"[0, 2, 3, 5, 1, 6, 4, 7]",96,0
orig,"[0, 2, 3, 5, 1, 6, 4, 7]",97,0
orig,"[0, 2, 3, 5, 1, 6, 4, 7]",98,0
orig,"[0, 2, 3, 5, 1, 6, 4, 7]",99,1
orig,"[0, 2, 3, 5, 1, 6, 4, 7]",85,0
orig,"[0, 2, 3, 5, 1, 6, 4, 7]",86,0
orig,"[0, 2, 3, 5, 1, 6, 4, 7]",87,1
orig,"[0, 2, 3, 5, 1, 6, 4, 7]",88,1
orig,"[0, 2, 3, 5, 1, 6, 4, 7]",89,0
orig,"[0, 2, 3, 5, 1, 6, 4, 7]",90,0
orig,"[0, 2, 3, 5, 1, 6, 4, 7]",91,0
orig,"[0, 2, 3, 5, 1, 6, 4, 7]",92,1
orig,"[0, 2, 3, 5, 1, 6, 4, 7]",93,0
orig,"[0, 2, 3, 5, 1, 6, 4, 7]",94,1
orig,"[0, 2, 3, 5, 1, 6, 4, 7]",95,1
orig,"[0, 2, 3, 5, 1, 6, 4, 7]",96,0
orig,"[0, 2, 3, 5, 1, 6, 4, 7]",97,1
orig,"[0, 2, 3, 5, 1, 6, 4, 7]",98,0
orig,"[0, 2, 3, 5, 1, 6, 4, 7]",99,1
orig,"[5, 4, 0, 7, 6, 3, 2, 1]",60,0
orig,"[5, 4, 0, 7, 6, 3, 2, 1]",61,1
orig,"[5, 4, 0, 7, 6, 3, 2, 1]",62,0
orig,"[5, 4, 0, 7, 6, 3, 2, 1]",63,1
orig,"[5, 4, 0, 7, 6, 3, 2, 1]",64,1
orig,"[5, 4, 0, 7, 6, 3, 2, 1]",65,0
orig,"[5, 4, 0, 7, 6, 3, 2, 1]",66,1
orig,"[5, 4, 0, 7, 6, 3, 2, 1]",67,0
orig,"[5, 4, 0, 7, 6, 3, 2, 1]",68,0
orig,"[5, 4, 0, 7, 6, 3, 2, 1]",69,0
orig,"[5, 4, 0, 7, 6, 3, 2, 1]",70,1
orig,"[5, 4, 0, 7, 6, 3, 2, 1]",71,1
orig,"[5, 4, 0, 7, 6, 3, 2, 1]",72,0
orig,"[5, 4, 0, 7, 6, 3, 2, 1]",73,0
orig,"[5, 4, 0, 7, 6, 3, 2, 1]",74,0
orig,"[5, 4, 0, 7, 6, 3, 2, 1]",75,0
orig,"[5, 4, 0, 7, 6, 3, 2, 1]",76,0
orig,"[5, 4, 0, 7, 6, 3, 2, 1]",77,0
orig,"[5, 4, 0, 7, 6, 3, 2, 1]",78,1
orig,"[5, 4, 0, 7, 6, 3, 2, 1]",79,1
orig,"[5, 4, 0, 7, 6, 3, 2, 1]",80,1
orig,"[5, 4, 0, 7, 6, 3, 2, 1]",81,0
orig,"[5, 4, 0, 7, 6, 3, 2, 1]",82,0
orig,"[5, 4, 0, 7, 6, 3, 2, 1]",83,0
orig,"[5, 4, 0, 7, 6, 3, 2, 1]",84,1
orig,"[5, 4, 0, 7, 6, 3, 2, 1]",85,1
orig,"[5, 4, 0, 7, 6, 3, 2, 1]",86,0
orig,"[5, 4, 0, 7, 6, 3, 2, 1]",87,1
orig,"[5, 4, 0, 7, 6, 3, 2, 1]",88,1
orig,"[5, 4, 0, 7, 6, 3, 2, 1]",89,0
orig,"[5, 4, 0, 7, 6, 3, 2, 1]",90,0
orig,"[5, 4, 0, 7, 6, 3, 2, 1]",91,0
orig,"[5, 4, 0, 7, 6, 3, 2, 1]",92,0
orig,"[5, 4, 0, 7, 6, 3, 2, 1]",93,1
orig,"[5, 4, 0, 7, 6, 3, 2, 1]",94,1
orig,"[5, 4, 0, 7, 6, 3, 2, 1]",95,1
orig,"[5, 4, 0, 7, 6, 3, 2, 1]",96,0
orig,"[5, 4, 0, 7, 6, 3, 2, 1]",97,0
orig,"[5, 4, 0, 7, 6, 3, 2, 1]",98,1
orig,"[5, 4, 0, 7, 6, 3, 2, 1]",99,0
orig,"[1, 6, 0, 7, 2, 5, 4, 3]",60,0
orig,"[1, 6, 0, 7, 2, 5, 4, 3]",61,1
orig,"[1, 6, 0, 7, 2, 5, 4, 3]",62,0
orig,"[1, 6, 0, 7, 2, 5, 4, 3]",63,1
orig,"[1, 6, 0, 7, 2, 5, 4, 3]",64,1
orig,"[1, 6, 0, 7, 2, 5, 4, 3]",65,0
orig,"[1, 6, 0, 7, 2, 5, 4, 3]",66,0
orig,"[1, 6, 0, 7, 2, 5, 4, 3]",67,0
orig,"[1, 6, 0, 7, 2, 5, 4, 3]",68,0
orig,"[1, 6, 0, 7, 2, 5, 4, 3]",69,1
orig,"[1, 6, 0, 7, 2, 5, 4, 3]",70,1
orig,"[1, 6, 0, 7, 2, 5, 4, 3]",71,1
orig,"[1, 6, 0, 7, 2, 5, 4, 3]",72,0
orig,"[1, 6, 0, 7, 2, 5, 4, 3]",73,0
orig,"[1, 6, 0, 7, 2, 5, 4, 3]",74,0
orig,"[1, 6, 0, 7, 2, 5, 4, 3]",75,1
orig,"[1, 6, 0, 7, 2, 5, 4, 3]",76,0
orig,"[1, 6, 0, 7, 2, 5, 4, 3]",77,0
orig,"[1, 6, 0, 7, 2, 5, 4, 3]",78,0
orig,"[1, 6, 0, 7, 2, 5, 4, 3]",79,0
orig,"[1, 6, 0, 7, 2, 5, 4, 3]",80,0
orig,"[1, 6, 0, 7, 2, 5, 4, 3]",81,0
orig,"[1, 6, 0, 7, 2, 5, 4, 3]",82,1
orig,"[1, 6, 0, 7, 2, 5, 4, 3]",83,1
orig,"[1, 6, 0, 7, 2, 5, 4, 3]",84,0
orig,"[1, 6, 0, 7, 2, 5, 4, 3]",85,1
orig,"[1, 6, 0, 7, 2, 5, 4, 3]",86,0
orig,"[1, 6, 0, 7, 2, 5, 4, 3]",87,1
orig,"[1, 6, 0, 7, 2, 5, 4, 3]",88,1
orig,"[1, 6, 0, 7, 2, 5, 4, 3]",89,0
orig,"[1, 6, 0, 7, 2, 5, 4, 3]",90,0
orig,"[1, 6, 0, 7, 2, 5, 4, 3]",91,0
orig,"[1, 6, 0, 7, 2, 5, 4, 3]",92,0
orig,"[1, 6, 0, 7, 2, 5, 4, 3]",93,1
orig,"[1, 6, 0, 7, 2, 5, 4, 3]",94,1
orig,"[1, 6, 0, 7, 2, 5, 4, 3]",95,1
orig,"[1, 6, 0, 7, 2, 5, 4, 3]",96,0
orig,"[1, 6, 0, 7, 2, 5, 4, 3]",97,1
orig,"[1, 6, 0, 7, 2, 5, 4, 3]",98,0
orig,"[1, 6, 0, 7, 2, 5, 4, 3]",99,0
orig,"[6, 5, 7, 1, 3, 0, 2, 4]",60,0
orig,"[6, 5, 7, 1, 3, 0, 2, 4]",61,1
orig,"[6, 5, 7, 1, 3, 0, 2, 4]",62,1
orig,"[6, 5, 7, 1, 3, 0, 2, 4]",63,1
orig,"[6, 5, 7, 1, 3, 0, 2, 4]",64,1
orig,"[6, 5, 7, 1, 3, 0, 2, 4]",65,0
orig,"[6, 5, 7, 1, 3, 0, 2, 4]",66,0
orig,"[6, 5, 7, 1, 3, 0, 2, 4]",67,0
orig,"[6, 5, 7, 1, 3, 0, 2, 4]",68,1
orig,"[6, 5, 7, 1, 3, 0, 2, 4]",69,0
orig,"[6, 5, 7, 1, 3, 0, 2, 4]",70,0
orig,"[6, 5, 7, 1, 3, 0, 2, 4]",71,1
orig,"[6, 5, 7, 1, 3, 0, 2, 4]",72,0
orig,"[6, 5, 7, 1, 3, 0, 2, 4]",73,0
orig,"[6, 5, 7, 1, 3, 0, 2, 4]",74,0
orig,"[6, 5, 7, 1, 3, 0, 2, 4]",75,0
orig,"[6, 5, 7, 1, 3, 0, 2, 4]",76,0
orig,"[6, 5, 7, 1, 3, 0, 2, 4]",77,0
orig,"[6, 5, 7, 1, 3, 0, 2, 4]",78,0
orig,"[6, 5, 7, 1, 3, 0, 2, 4]",79,1
orig,"[6, 5, 7, 1, 3, 0, 2, 4]",80,1
orig,"[6, 5, 7, 1, 3, 0, 2, 4]",81,1
orig,"[6, 5, 7, 1, 3, 0, 2, 4]",82,1
orig,"[6, 5, 7, 1, 3, 0, 2, 4]",83,0
orig,"[6, 5, 7, 1, 3, 0, 2, 4]",84,0
orig,"[6, 5, 7, 1, 3, 0, 2, 4]",85,0
orig,"[6, 5, 7, 1, 3, 0, 2, 4]",86,0
orig,"[6, 5, 7, 1, 3, 0, 2, 4]",87,1
orig,"[6, 5, 7, 1, 3, 0, 2, 4]",88,1
orig,"[6, 5, 7, 1, 3, 0, 2, 4]",89,0
orig,"[6, 5, 7, 1, 3, 0, 2, 4]",90,0
orig,"[6, 5, 7, 1, 3, 0, 2, 4]",91,0
orig,"[6, 5, 7, 1, 3, 0, 2, 4]",92,0
orig,"[6, 5, 7, 1, 3, 0, 2, 4]",93,0
orig,"[6, 5, 7, 1, 3, 0, 2, 4]",94,1
orig,"[6, 5, 7, 1, 3, 0, 2, 4]",95,1
orig,"[6, 5, 7, 1, 3, 0, 2, 4]",96,1
orig,"[6, 5, 7, 1, 3, 0, 2, 4]",97,1
orig,"[6, 5, 7, 1, 3, 0, 2, 4]",98,1
orig,"[6, 5, 7, 1, 3, 0, 2, 4]",99,0
orig,"[2, 0, 7, 1, 5, 4, 6, 3]",60,0
orig,"[2, 0, 7, 1, 5, 4, 6, 3]",61,0
orig,"[2, 0, 7, 1, 5, 4, 6, 3]",62,0
orig,"[2, 0, 7, 1, 5, 4, 6, 3]",63,0
orig,"[2, 0, 7, 1, 5, 4, 6, 3]",64,0
orig,"[2, 0, 7, 1, 5, 4, 6, 3]",65,0
orig,"[2, 0, 7, 1, 5, 4, 6, 3]",66,1
orig,"[2, 0, 7, 1, 5, 4, 6, 3]",67,0
orig,"[2, 0, 7, 1, 5, 4, 6, 3]",68,1
orig,"[2, 0, 7, 1, 5, 4, 6, 3]",69,0
orig,"[2, 0, 7, 1, 5, 4, 6, 3]",70,0
orig,"[2, 0, 7, 1, 5, 4, 6, 3]",71,1
orig,"[2, 0, 7, 1, 5, 4, 6, 3]",72,1
orig,"[2, 0, 7, 1, 5, 4, 6, 3]",73,1
orig,"[2, 0, 7, 1, 5, 4, 6, 3]",74,0
orig,"[2, 0, 7, 1, 5, 4, 6, 3]",75,0
orig,"[2, 0, 7, 1, 5, 4, 6, 3]",76,0
orig,"[2, 0, 7, 1, 5, 4, 6, 3]",77,0
orig,"[2, 0, 7, 1, 5, 4, 6, 3]",78,0
orig,"[2, 0, 7, 1, 5, 4, 6, 3]",79,0
orig,"[2, 0, 7, 1, 5, 4, 6, 3]",80,0
orig,"[2, 0, 7, 1, 5, 4, 6, 3]",81,0
orig,"[2, 0, 7, 1, 5, 4, 6, 3]",82,0
orig,"[2, 0, 7, 1, 5, 4, 6, 3]",83,0
orig,"[2, 0, 7, 1, 5, 4, 6, 3]",84,1
orig,"[2, 0, 7, 1, 5, 4, 6, 3]",85,1
orig,"[2, 0, 7, 1, 5, 4, 6, 3]",86,0
orig,"[2, 0, 7, 1, 5, 4, 6, 3]",87,0
orig,"[2, 0, 7, 1, 5, 4, 6, 3]",88,1
orig,"[2, 0, 7, 1, 5, 4, 6, 3]",89,0
orig,"[2, 0, 7, 1, 5, 4, 6, 3]",90,0
orig,"[2, 0, 7, 1, 5, 4, 6, 3]",91,0
orig,"[2, 0, 7, 1, 5, 4, 6, 3]",92,0
orig,"[2, 0, 7, 1, 5, 4, 6, 3]",93,0
orig,"[2, 0, 7, 1, 5, 4, 6, 3]",94,0
orig,"[2, 0, 7, 1, 5, 4, 6, 3]",95,1
orig,"[2, 0, 7, 1, 5, 4, 6, 3]",96,0
orig,"[2, 0, 7, 1, 5, 4, 6, 3]",97,1
orig,"[2, 0, 7, 1, 5, 4, 6, 3]",98,0
orig,"[2, 0, 7, 1, 5, 4, 6, 3]",99,0
orig,"[4, 0, 3, 2, 1, 6, 7, 5]",60,0
orig,"[4, 0, 3, 2, 1, 6, 7, 5]",61,1
orig,"[4, 0, 3, 2, 1, 6, 7, 5]",62,0
orig,"[4, 0, 3, 2, 1, 6, 7, 5]",63,1
orig,"[4, 0, 3, 2, 1, 6, 7, 5]",64,1
orig,"[4, 0, 3, 2, 1, 6, 7, 5]",65,0
orig,"[4, 0, 3, 2, 1, 6, 7, 5]",66,0
orig,"[4, 0, 3, 2, 1, 6, 7, 5]",67,0
orig,"[4, 0, 3, 2, 1, 6, 7, 5]",68,1
orig,"[4, 0, 3, 2, 1, 6, 7, 5]",69,0
orig,"[4, 0, 3, 2, 1, 6, 7, 5]",70,1
orig,"[4, 0, 3, 2, 1, 6, 7, 5]",71,1
orig,"[4, 0, 3, 2, 1, 6, 7, 5]",72,1
orig,"[4, 0, 3, 2, 1, 6, 7, 5]",73,0
orig,"[4, 0, 3, 2, 1, 6, 7, 5]",74,0
orig,"[4, 0, 3, 2, 1, 6, 7, 5]",75,0
orig,"[4, 0, 3, 2, 1, 6, 7, 5]",76,0
orig,"[4, 0, 3, 2, 1, 6, 7, 5]",77,0
orig,"[4, 0, 3, 2, 1, 6, 7, 5]",78,0
orig,"[4, 0, 3, 2, 1, 6, 7, 5]",79,1
orig,"[4, 0, 3, 2, 1, 6, 7, 5]",80,0
orig,"[4, 0, 3, 2, 1, 6, 7, 5]",81,0
orig,"[4, 0, 3, 2, 1, 6, 7, 5]",82,0
orig,"[4, 0, 3, 2, 1, 6, 7, 5]",83,0
orig,"[4, 0, 3, 2, 1, 6, 7, 5]",84,1
orig,"[4, 0, 3, 2, 1, 6, 7, 5]",85,0
orig,"[4, 0, 3, 2, 1, 6, 7, 5]",86,0
orig,"[4, 0, 3, 2, 1, 6, 7, 5]",87,1
orig,"[4, 0, 3, 2, 1, 6, 7, 5]",88,1
orig,"[4, 0, 3, 2, 1, 6, 7, 5]",89,0
orig,"[4, 0, 3, 2, 1, 6, 7, 5]",90,0
orig,"[4, 0, 3, 2, 1, 6, 7, 5]",91,0
orig,"[4, 0, 3, 2, 1, 6, 7, 5]",92,0
orig,"[4, 0, 3, 2, 1, 6, 7, 5]",93,1
orig,"[4, 0, 3, 2, 1, 6, 7, 5]",94,0
orig,"[4, 0, 3, 2, 1, 6, 7, 5]",95,1
orig,"[4, 0, 3, 2, 1, 6, 7, 5]",96,1
orig,"[4, 0, 3, 2, 1, 6, 7, 5]",97,1
orig,"[4, 0, 3, 2, 1, 6, 7, 5]",98,1
orig,"[4, 0, 3, 2, 1, 6, 7, 5]",99,1
orig,"[0, 1, 7, 3, 6, 2, 5, 4]",60,0
orig,"[0, 1, 7, 3, 6, 2, 5, 4]",61,1
orig,"[0, 1, 7, 3, 6, 2, 5, 4]",62,0
orig,"[0, 1, 7, 3, 6, 2, 5, 4]",63,1
orig,"[0, 1, 7, 3, 6, 2, 5, 4]",64,1
orig,"[0, 1, 7, 3, 6, 2, 5, 4]",65,0
orig,"[0, 1, 7, 3, 6, 2, 5, 4]",66,0
orig,"[0, 1, 7, 3, 6, 2, 5, 4]",67,1
orig,"[0, 1, 7, 3, 6, 2, 5, 4]",68,1
orig,"[0, 1, 7, 3, 6, 2, 5, 4]",69,0
orig,"[0, 1, 7, 3, 6, 2, 5, 4]",70,1
orig,"[0, 1, 7, 3, 6, 2, 5, 4]",71,1
orig,"[0, 1, 7, 3, 6, 2, 5, 4]",72,0
orig,"[0, 1, 7, 3, 6, 2, 5, 4]",73,0
orig,"[0, 1, 7, 3, 6, 2, 5, 4]",74,0
orig,"[0, 1, 7, 3, 6, 2, 5, 4]",75,1
orig,"[0, 1, 7, 3, 6, 2, 5, 4]",76,1
orig,"[0, 1, 7, 3, 6, 2, 5, 4]",77,0
orig,"[0, 1, 7, 3, 6, 2, 5, 4]",78,0
orig,"[0, 1, 7, 3, 6, 2, 5, 4]",79,1
orig,"[0, 1, 7, 3, 6, 2, 5, 4]",80,0
orig,"[0, 1, 7, 3, 6, 2, 5, 4]",81,0
orig,"[0, 1, 7, 3, 6, 2, 5, 4]",82,0
orig,"[0, 1, 7, 3, 6, 2, 5, 4]",83,0
orig,"[0, 1, 7, 3, 6, 2, 5, 4]",84,0
orig,"[0, 1, 7, 3, 6, 2, 5, 4]",85,1
orig,"[0, 1, 7, 3, 6, 2, 5, 4]",86,0
orig,"[0, 1, 7, 3, 6, 2, 5, 4]",87,1
orig,"[0, 1, 7, 3, 6, 2, 5, 4]",88,1
orig,"[0, 1, 7, 3, 6, 2, 5, 4]",89,0
orig,"[0, 1, 7, 3, 6, 2, 5, 4]",90,0
orig,"[0, 1, 7, 3, 6, 2, 5, 4]",91,0
orig,"[0, 1, 7, 3, 6, 2, 5, 4]",92,1
orig,"[0, 1, 7, 3, 6, 2, 5, 4]",93,1
orig,"[0, 1, 7, 3, 6, 2, 5, 4]",94,1
orig,"[0, 1, 7, 3, 6, 2, 5, 4]",95,0
orig,"[0, 1, 7, 3, 6, 2, 5, 4]",96,0
orig,"[0, 1, 7, 3, 6, 2, 5, 4]",97,1
orig,"[0, 1, 7, 3, 6, 2, 5, 4]",98,1
orig,"[0, 1, 7, 3, 6, 2, 5, 4]",99,0
orig,"[2, 3, 5, 6, 1, 7, 0, 4]",60,0
orig,"[2, 3, 5, 6, 1, 7, 0, 4]",61,0
orig,"[2, 3, 5, 6, 1, 7, 0, 4]",62,1
orig,"[2, 3, 5, 6, 1, 7, 0, 4]",63,1
orig,"[2, 3, 5, 6, 1, 7, 0, 4]",64,1
orig,"[2, 3, 5, 6, 1, 7, 0, 4]",65,0
orig,"[2, 3, 5, 6, 1, 7, 0, 4]",66,1
orig,"[2, 3, 5, 6, 1, 7, 0, 4]",67,1
orig,"[2, 3, 5, 6, 1, 7, 0, 4]",68,0
orig,"[2, 3, 5, 6, 1, 7, 0, 4]",69,0
orig,"[2, 3, 5, 6, 1, 7, 0, 4]",70,0
orig,"[2, 3, 5, 6, 1, 7, 0, 4]",71,0
orig,"[2, 3, 5, 6, 1, 7, 0, 4]",72,1
orig,"[2, 3, 5, 6, 1, 7, 0, 4]",73,1
orig,"[2, 3, 5, 6, 1, 7, 0, 4]",74,0
orig,"[2, 3, 5, 6, 1, 7, 0, 4]",75,1
orig,"[2, 3, 5, 6, 1, 7, 0, 4]",76,0
orig,"[2, 3, 5, 6, 1, 7, 0, 4]",77,0
orig,"[2, 3, 5, 6, 1, 7, 0, 4]",78,1
orig,"[2, 3, 5, 6, 1, 7, 0, 4]",79,1
orig,"[2, 3, 5, 6, 1, 7, 0, 4]",80,0
orig,"[2, 3, 5, 6, 1, 7, 0, 4]",81,1
orig,"[2, 3, 5, 6, 1, 7, 0, 4]",82,0
orig,"[2, 3, 5, 6, 1, 7, 0, 4]",83,0
orig,"[2, 3, 5, 6, 1, 7, 0, 4]",84,1
orig,"[2, 3, 5, 6, 1, 7, 0, 4]",85,0
orig,"[2, 3, 5, 6, 1, 7, 0, 4]",86,0
orig,"[2, 3, 5, 6, 1, 7, 0, 4]",87,1
orig,"[2, 3, 5, 6, 1, 7, 0, 4]",88,1
orig,"[2, 3, 5, 6, 1, 7, 0, 4]",89,0
orig,"[2, 3, 5, 6, 1, 7, 0, 4]",90,0
orig,"[2, 3, 5, 6, 1, 7, 0, 4]",91,0
orig,"[2, 3, 5, 6, 1, 7, 0, 4]",92,0
orig,"[2, 3, 5, 6, 1, 7, 0, 4]",93,1
orig,"[2, 3, 5, 6, 1, 7, 0, 4]",94,1
orig,"[2, 3, 5, 6, 1, 7, 0, 4]",95,1
orig,"[2, 3, 5, 6, 1, 7, 0, 4]",96,0
orig,"[2, 3, 5, 6, 1, 7, 0, 4]",97,0
orig,"[2, 3, 5, 6, 1, 7, 0, 4]",98,1
orig,"[2, 3, 5, 6, 1, 7, 0, 4]",99,0
orig,"[6, 4, 0, 2, 1, 5, 7, 3]",60,0
orig,"[6, 4, 0, 2, 1, 5, 7, 3]",61,1
orig,"[6, 4, 0, 2, 1, 5, 7, 3]",62,0
orig,"[6, 4, 0, 2, 1, 5, 7, 3]",63,0
orig,"[6, 4, 0, 2, 1, 5, 7, 3]",64,0
orig,"[6, 4, 0, 2, 1, 5, 7, 3]",65,0
orig,"[6, 4, 0, 2, 1, 5, 7, 3]",66,0
orig,"[6, 4, 0, 2, 1, 5, 7, 3]",67,0
orig,"[6, 4, 0, 2, 1, 5, 7, 3]",68,1
orig,"[6, 4, 0, 2, 1, 5, 7, 3]",69,0
orig,"[6, 4, 0, 2, 1, 5, 7, 3]",70,1
orig,"[6, 4, 0, 2, 1, 5, 7, 3]",71,1
orig,"[6, 4, 0, 2, 1, 5, 7, 3]",72,0
orig,"[6, 4, 0, 2, 1, 5, 7, 3]",73,0
orig,"[6, 4, 0, 2, 1, 5, 7, 3]",74,0
orig,"[6, 4, 0, 2, 1, 5, 7, 3]",75,0
orig,"[6, 4, 0, 2, 1, 5, 7, 3]",76,0
orig,"[6, 4, 0, 2, 1, 5, 7, 3]",77,0
orig,"[6, 4, 0, 2, 1, 5, 7, 3]",78,1
orig,"[6, 4, 0, 2, 1, 5, 7, 3]",79,0
orig,"[6, 4, 0, 2, 1, 5, 7, 3]",80,0
orig,"[6, 4, 0, 2, 1, 5, 7, 3]",81,0
orig,"[6, 4, 0, 2, 1, 5, 7, 3]",82,0
orig,"[6, 4, 0, 2, 1, 5, 7, 3]",83,0
orig,"[6, 4, 0, 2, 1, 5, 7, 3]",84,0
orig,"[6, 4, 0, 2, 1, 5, 7, 3]",85,0
orig,"[6, 4, 0, 2, 1, 5, 7, 3]",86,0
orig,"[6, 4, 0, 2, 1, 5, 7, 3]",87,1
orig,"[6, 4, 0, 2, 1, 5, 7, 3]",88,1
orig,"[6, 4, 0, 2, 1, 5, 7, 3]",89,0
orig,"[6, 4, 0, 2, 1, 5, 7, 3]",90,0
orig,"[6, 4, 0, 2, 1, 5, 7, 3]",91,0
orig,"[6, 4, 0, 2, 1, 5, 7, 3]",92,0
orig,"[6, 4, 0, 2, 1, 5, 7, 3]",93,1
orig,"[6, 4, 0, 2, 1, 5, 7, 3]",94,1
orig,"[6, 4, 0, 2, 1, 5, 7, 3]",95,1
orig,"[6, 4, 0, 2, 1, 5, 7, 3]",96,1
orig,"[6, 4, 0, 2, 1, 5, 7, 3]",97,1
orig,"[6, 4, 0, 2, 1, 5, 7, 3]",98,1
orig,"[6, 4, 0, 2, 1, 5, 7, 3]",99,0
orig,"[4, 0, 1, 3, 7, 6, 2, 5]",60,0
orig,"[4, 0, 1, 3, 7, 6, 2, 5]",61,1
orig,"[4, 0, 1, 3, 7, 6, 2, 5]",62,0
orig,"[4, 0, 1, 3, 7, 6, 2, 5]",63,0
orig,"[4, 0, 1, 3, 7, 6, 2, 5]",64,1
orig,"[4, 0, 1, 3, 7, 6, 2, 5]",65,0
orig,"[4, 0, 1, 3, 7, 6, 2, 5]",66,0
orig,"[4, 0, 1, 3, 7, 6, 2, 5]",67,1
orig,"[4, 0, 1, 3, 7, 6, 2, 5]",68,0
orig,"[4, 0, 1, 3, 7, 6, 2, 5]",69,0
orig,"[4, 0, 1, 3, 7, 6, 2, 5]",70,1
orig,"[4, 0, 1, 3, 7, 6, 2, 5]",71,1
orig,"[4, 0, 1, 3, 7, 6, 2, 5]",72,0
orig,"[4, 0, 1, 3, 7, 6, 2, 5]",73,0
orig,"[4, 0, 1, 3, 7, 6, 2, 5]",74,0
orig,"[4, 0, 1, 3, 7, 6, 2, 5]",75,0
orig,"[4, 0, 1, 3, 7, 6, 2, 5]",76,0
orig,"[4, 0, 1, 3, 7, 6, 2, 5]",77,0
orig,"[4, 0, 1, 3, 7, 6, 2, 5]",78,0
orig,"[4, 0, 1, 3, 7, 6, 2, 5]",79,1
orig,"[4, 0, 1, 3, 7, 6, 2, 5]",80,1
orig,"[4, 0, 1, 3, 7, 6, 2, 5]",81,1
orig,"[4, 0, 1, 3, 7, 6, 2, 5]",82,1
orig,"[4, 0, 1, 3, 7, 6, 2, 5]",83,0
orig,"[4, 0, 1, 3, 7, 6, 2, 5]",84,1
orig,"[4, 0, 1, 3, 7, 6, 2, 5]",85,0
orig,"[4, 0, 1, 3, 7, 6, 2, 5]",86,0
orig,"[4, 0, 1, 3, 7, 6, 2, 5]",87,1
orig,"[4, 0, 1, 3, 7, 6, 2, 5]",88,1
orig,"[4, 0, 1, 3, 7, 6, 2, 5]",89,0
orig,"[4, 0, 1, 3, 7, 6, 2, 5]",90,0
orig,"[4, 0, 1, 3, 7, 6, 2, 5]",91,0
orig,"[4, 0, 1, 3, 7, 6, 2, 5]",92,1
orig,"[4, 0, 1, 3, 7, 6, 2, 5]",93,1
orig,"[4, 0, 1, 3, 7, 6, 2, 5]",94,1
orig,"[4, 0, 1, 3, 7, 6, 2, 5]",95,1
orig,"[4, 0, 1, 3, 7, 6, 2, 5]",96,0
orig,"[4, 0, 1, 3, 7, 6, 2, 5]",97,1
orig,"[4, 0, 1, 3, 7, 6, 2, 5]",98,1
orig,"[4, 0, 1, 3, 7, 6, 2, 5]",99,0
orig,"[4, 1, 0, 7, 2, 5, 3, 6]",60,0
orig,"[4, 1, 0, 7, 2, 5, 3, 6]",61,1
orig,"[4, 1, 0, 7, 2, 5, 3, 6]",62,0
orig,"[4, 1, 0, 7, 2, 5, 3, 6]",63,1
orig,"[4, 1, 0, 7, 2, 5, 3, 6]",64,1
orig,"[4, 1, 0, 7, 2, 5, 3, 6]",65,0
orig,"[4, 1, 0, 7, 2, 5, 3, 6]",66,1
orig,"[4, 1, 0, 7, 2, 5, 3, 6]",67,0
orig,"[4, 1, 0, 7, 2, 5, 3, 6]",68,1
orig,"[4, 1, 0, 7, 2, 5, 3, 6]",69,0
orig,"[4, 1, 0, 7, 2, 5, 3, 6]",70,1
orig,"[4, 1, 0, 7, 2, 5, 3, 6]",71,1
orig,"[4, 1, 0, 7, 2, 5, 3, 6]",72,1
orig,"[4, 1, 0, 7, 2, 5, 3, 6]",73,1
orig,"[4, 1, 0, 7, 2, 5, 3, 6]",74,0
orig,"[4, 1, 0, 7, 2, 5, 3, 6]",75,0
orig,"[4, 1, 0, 7, 2, 5, 3, 6]",76,0
orig,"[4, 1, 0, 7, 2, 5, 3, 6]",77,0
orig,"[4, 1, 0, 7, 2, 5, 3, 6]",78,0
orig,"[4, 1, 0, 7, 2, 5, 3, 6]",79,0
orig,"[4, 1, 0, 7, 2, 5, 3, 6]",80,0
orig,"[4, 1, 0, 7, 2, 5, 3, 6]",81,1
orig,"[4, 1, 0, 7, 2, 5, 3, 6]",82,1
orig,"[4, 1, 0, 7, 2, 5, 3, 6]",83,0
orig,"[4, 1, 0, 7, 2, 5, 3, 6]",84,1
orig,"[4, 1, 0, 7, 2, 5, 3, 6]",85,0
orig,"[4, 1, 0, 7, 2, 5, 3, 6]",86,0
orig,"[4, 1, 0, 7, 2, 5, 3, 6]",87,1
orig,"[4, 1, 0, 7, 2, 5, 3, 6]",88,1
orig,"[4, 1, 0, 7, 2, 5, 3, 6]",89,0
orig,"[4, 1, 0, 7, 2, 5, 3, 6]",90,0
orig,"[4, 1, 0, 7, 2, 5, 3, 6]",91,0
orig,"[4, 1, 0, 7, 2, 5, 3, 6]",92,0
orig,"[4, 1, 0, 7, 2, 5, 3, 6]",93,1
orig,"[4, 1, 0, 7, 2, 5, 3, 6]",94,1
orig,"[4, 1, 0, 7, 2, 5, 3, 6]",95,1
orig,"[4, 1, 0, 7, 2, 5, 3, 6]",96,0
orig,"[4, 1, 0, 7, 2, 5, 3, 6]",97,0
orig,"[4, 1, 0, 7, 2, 5, 3, 6]",98,1
orig,"[4, 1, 0, 7, 2, 5, 3, 6]",99,0
orig,"[1, 2, 0, 4, 3, 5, 7, 6]",60,0
orig,"[1, 2, 0, 4, 3, 5, 7, 6]",61,1
orig,"[1, 2, 0, 4, 3, 5, 7, 6]",62,0
orig,"[1, 2, 0, 4, 3, 5, 7, 6]",63,0
orig,"[1, 2, 0, 4, 3, 5, 7, 6]",64,0
orig,"[1, 2, 0, 4, 3, 5, 7, 6]",65,0
orig,"[1, 2, 0, 4, 3, 5, 7, 6]",66,0
orig,"[1, 2, 0, 4, 3, 5, 7, 6]",67,0
orig,"[1, 2, 0, 4, 3, 5, 7, 6]",68,1
orig,"[1, 2, 0, 4, 3, 5, 7, 6]",69,0
orig,"[1, 2, 0, 4, 3, 5, 7, 6]",70,1
orig,"[1, 2, 0, 4, 3, 5, 7, 6]",71,1
orig,"[1, 2, 0, 4, 3, 5, 7, 6]",72,0
orig,"[1, 2, 0, 4, 3, 5, 7, 6]",73,0
orig,"[1, 2, 0, 4, 3, 5, 7, 6]",74,0
orig,"[1, 2, 0, 4, 3, 5, 7, 6]",75,1
orig,"[1, 2, 0, 4, 3, 5, 7, 6]",76,0
orig,"[1, 2, 0, 4, 3, 5, 7, 6]",77,0
orig,"[1, 2, 0, 4, 3, 5, 7, 6]",78,0
orig,"[1, 2, 0, 4, 3, 5, 7, 6]",79,0
orig,"[1, 2, 0, 4, 3, 5, 7, 6]",80,1
orig,"[1, 2, 0, 4, 3, 5, 7, 6]",81,1
orig,"[1, 2, 0, 4, 3, 5, 7, 6]",82,0
orig,"[1, 2, 0, 4, 3, 5, 7, 6]",83,0
orig,"[1, 2, 0, 4, 3, 5, 7, 6]",84,0
orig,"[1, 2, 0, 4, 3, 5, 7, 6]",85,0
orig,"[1, 2, 0, 4, 3, 5, 7, 6]",86,0
orig,"[1, 2, 0, 4, 3, 5, 7, 6]",87,1
orig,"[1, 2, 0, 4, 3, 5, 7, 6]",88,1
orig,"[1, 2, 0, 4, 3, 5, 7, 6]",89,0
orig,"[1, 2, 0, 4, 3, 5, 7, 6]",90,0
orig,"[1, 2, 0, 4, 3, 5, 7, 6]",91,0
orig,"[1, 2, 0, 4, 3, 5, 7, 6]",92,0
orig,"[1, 2, 0, 4, 3, 5, 7, 6]",93,1
orig,"[1, 2, 0, 4, 3, 5, 7, 6]",94,1
orig,"[1, 2, 0, 4, 3, 5, 7, 6]",95,1
orig,"[1, 2, 0, 4, 3, 5, 7, 6]",96,0
orig,"[1, 2, 0, 4, 3, 5, 7, 6]",97,0
orig,"[1, 2, 0, 4, 3, 5, 7, 6]",98,1
orig,"[1, 2, 0, 4, 3, 5, 7, 6]",99,0
orig,"[6, 5, 3, 4, 1, 0, 2, 7]",60,0
orig,"[6, 5, 3, 4, 1, 0, 2, 7]",61,1
orig,"[6, 5, 3, 4, 1, 0, 2, 7]",62,0
orig,"[6, 5, 3, 4, 1, 0, 2, 7]",63,1
orig,"[6, 5, 3, 4, 1, 0, 2, 7]",64,1
orig,"[6, 5, 3, 4, 1, 0, 2, 7]",65,0
orig,"[6, 5, 3, 4, 1, 0, 2, 7]",66,1
orig,"[6, 5, 3, 4, 1, 0, 2, 7]",67,0
orig,"[6, 5, 3, 4, 1, 0, 2, 7]",68,0
orig,"[6, 5, 3, 4, 1, 0, 2, 7]",69,0
orig,"[6, 5, 3, 4, 1, 0, 2, 7]",70,0
orig,"[6, 5, 3, 4, 1, 0, 2, 7]",71,0
orig,"[6, 5, 3, 4, 1, 0, 2, 7]",72,0
orig,"[6, 5, 3, 4, 1, 0, 2, 7]",73,0
orig,"[6, 5, 3, 4, 1, 0, 2, 7]",74,0
orig,"[6, 5, 3, 4, 1, 0, 2, 7]",75,1
orig,"[6, 5, 3, 4, 1, 0, 2, 7]",76,0
orig,"[6, 5, 3, 4, 1, 0, 2, 7]",77,0
orig,"[6, 5, 3, 4, 1, 0, 2, 7]",78,0
orig,"[6, 5, 3, 4, 1, 0, 2, 7]",79,1
orig,"[6, 5, 3, 4, 1, 0, 2, 7]",80,1
orig,"[6, 5, 3, 4, 1, 0, 2, 7]",81,1
orig,"[6, 5, 3, 4, 1, 0, 2, 7]",82,1
orig,"[6, 5, 3, 4, 1, 0, 2, 7]",83,0
orig,"[6, 5, 3, 4, 1, 0, 2, 7]",84,0
orig,"[6, 5, 3, 4, 1, 0, 2, 7]",85,0
orig,"[6, 5, 3, 4, 1, 0, 2, 7]",86,0
orig,"[6, 5, 3, 4, 1, 0, 2, 7]",87,1
orig,"[6, 5, 3, 4, 1, 0, 2, 7]",88,1
orig,"[6, 5, 3, 4, 1, 0, 2, 7]",89,0
orig,"[6, 5, 3, 4, 1, 0, 2, 7]",90,0
orig,"[6, 5, 3, 4, 1, 0, 2, 7]",91,0
orig,"[6, 5, 3, 4, 1, 0, 2, 7]",92,1
orig,"[6, 5, 3, 4, 1, 0, 2, 7]",93,0
orig,"[6, 5, 3, 4, 1, 0, 2, 7]",94,1
orig,"[6, 5, 3, 4, 1, 0, 2, 7]",95,1
orig,"[6, 5, 3, 4, 1, 0, 2, 7]",96,0
orig,"[6, 5, 3, 4, 1, 0, 2, 7]",97,1
orig,"[6, 5, 3, 4, 1, 0, 2, 7]",98,1
orig,"[6, 5, 3, 4, 1, 0, 2, 7]",99,0
orig,"[2, 7, 6, 4, 3, 1, 5, 0]",60,0
orig,"[2, 7, 6, 4, 3, 1, 5, 0]",61,1
orig,"[2, 7, 6, 4, 3, 1, 5, 0]",62,0
orig,"[2, 7, 6, 4, 3, 1, 5, 0]",63,1
orig,"[2, 7, 6, 4, 3, 1, 5, 0]",64,1
orig,"[2, 7, 6, 4, 3, 1, 5, 0]",65,0
orig,"[2, 7, 6, 4, 3, 1, 5, 0]",66,1
orig,"[2, 7, 6, 4, 3, 1, 5, 0]",67,1
orig,"[2, 7, 6, 4, 3, 1, 5, 0]",68,1
orig,"[2, 7, 6, 4, 3, 1, 5, 0]",69,0
orig,"[2, 7, 6, 4, 3, 1, 5, 0]",70,1
orig,"[2, 7, 6, 4, 3, 1, 5, 0]",71,1
orig,"[2, 7, 6, 4, 3, 1, 5, 0]",72,1
orig,"[2, 7, 6, 4, 3, 1, 5, 0]",73,0
orig,"[2, 7, 6, 4, 3, 1, 5, 0]",74,0
orig,"[2, 7, 6, 4, 3, 1, 5, 0]",75,1
orig,"[2, 7, 6, 4, 3, 1, 5, 0]",76,0
orig,"[2, 7, 6, 4, 3, 1, 5, 0]",77,0
orig,"[2, 7, 6, 4, 3, 1, 5, 0]",78,0
orig,"[2, 7, 6, 4, 3, 1, 5, 0]",79,1
orig,"[2, 7, 6, 4, 3, 1, 5, 0]",80,1
orig,"[2, 7, 6, 4, 3, 1, 5, 0]",81,1
orig,"[2, 7, 6, 4, 3, 1, 5, 0]",82,0
orig,"[2, 7, 6, 4, 3, 1, 5, 0]",83,0
orig,"[2, 7, 6, 4, 3, 1, 5, 0]",84,1
orig,"[2, 7, 6, 4, 3, 1, 5, 0]",85,0
orig,"[2, 7, 6, 4, 3, 1, 5, 0]",86,0
orig,"[2, 7, 6, 4, 3, 1, 5, 0]",87,1
orig,"[2, 7, 6, 4, 3, 1, 5, 0]",88,1
orig,"[2, 7, 6, 4, 3, 1, 5, 0]",89,0
orig,"[2, 7, 6, 4, 3, 1, 5, 0]",90,0
orig,"[2, 7, 6, 4, 3, 1, 5, 0]",91,0
orig,"[2, 7, 6, 4, 3, 1, 5, 0]",92,0
orig,"[2, 7, 6, 4, 3, 1, 5, 0]",93,0
orig,"[2, 7, 6, 4, 3, 1, 5, 0]",94,1
orig,"[2, 7, 6, 4, 3, 1, 5, 0]",95,1
orig,"[2, 7, 6, 4, 3, 1, 5, 0]",96,0
orig,"[2, 7, 6, 4, 3, 1, 5, 0]",97,0
orig,"[2, 7, 6, 4, 3, 1, 5, 0]",98,1
orig,"[2, 7, 6, 4, 3, 1, 5, 0]",99,0
orig,"[4, 1, 7, 2, 0, 6, 5, 3]",60,0
orig,"[4, 1, 7, 2, 0, 6, 5, 3]",61,0
orig,"[4, 1, 7, 2, 0, 6, 5, 3]",62,0
orig,"[4, 1, 7, 2, 0, 6, 5, 3]",63,0
orig,"[4, 1, 7, 2, 0, 6, 5, 3]",64,1
orig,"[4, 1, 7, 2, 0, 6, 5, 3]",65,0
orig,"[4, 1, 7, 2, 0, 6, 5, 3]",66,0
orig,"[4, 1, 7, 2, 0, 6, 5, 3]",67,0
orig,"[4, 1, 7, 2, 0, 6, 5, 3]",68,0
orig,"[4, 1, 7, 2, 0, 6, 5, 3]",69,0
orig,"[4, 1, 7, 2, 0, 6, 5, 3]",70,0
orig,"[4, 1, 7, 2, 0, 6, 5, 3]",71,1
orig,"[4, 1, 7, 2, 0, 6, 5, 3]",72,1
orig,"[4, 1, 7, 2, 0, 6, 5, 3]",73,0
orig,"[4, 1, 7, 2, 0, 6, 5, 3]",74,0
orig,"[4, 1, 7, 2, 0, 6, 5, 3]",75,1
orig,"[4, 1, 7, 2, 0, 6, 5, 3]",76,1
orig,"[4, 1, 7, 2, 0, 6, 5, 3]",77,0
orig,"[4, 1, 7, 2, 0, 6, 5, 3]",78,0
orig,"[4, 1, 7, 2, 0, 6, 5, 3]",79,1
orig,"[4, 1, 7, 2, 0, 6, 5, 3]",80,0
orig,"[4, 1, 7, 2, 0, 6, 5, 3]",81,0
orig,"[4, 1, 7, 2, 0, 6, 5, 3]",82,1
orig,"[4, 1, 7, 2, 0, 6, 5, 3]",83,0
orig,"[4, 1, 7, 2, 0, 6, 5, 3]",84,1
orig,"[4, 1, 7, 2, 0, 6, 5, 3]",85,0
orig,"[4, 1, 7, 2, 0, 6, 5, 3]",86,0
orig,"[4, 1, 7, 2, 0, 6, 5, 3]",87,1
orig,"[4, 1, 7, 2, 0, 6, 5, 3]",88,0
orig,"[4, 1, 7, 2, 0, 6, 5, 3]",89,0
orig,"[4, 1, 7, 2, 0, 6, 5, 3]",90,0
orig,"[4, 1, 7, 2, 0, 6, 5, 3]",91,0
orig,"[4, 1, 7, 2, 0, 6, 5, 3]",92,0
orig,"[4, 1, 7, 2, 0, 6, 5, 3]",93,1
orig,"[4, 1, 7, 2, 0, 6, 5, 3]",94,0
orig,"[4, 1, 7, 2, 0, 6, 5, 3]",95,1
orig,"[4, 1, 7, 2, 0, 6, 5, 3]",96,0
orig,"[4, 1, 7, 2, 0, 6, 5, 3]",97,1
orig,"[4, 1, 7, 2, 0, 6, 5, 3]",98,1
orig,"[4, 1, 7, 2, 0, 6, 5, 3]",99,1
orig,"[5, 2, 1, 0, 6, 3, 7, 4]",60,0
orig,"[5, 2, 1, 0, 6, 3, 7, 4]",61,0
orig,"[5, 2, 1, 0, 6, 3, 7, 4]",62,0
orig,"[5, 2, 1, 0, 6, 3, 7, 4]",63,0
orig,"[5, 2, 1, 0, 6, 3, 7, 4]",64,1
orig,"[5, 2, 1, 0, 6, 3, 7, 4]",65,0
orig,"[5, 2, 1, 0, 6, 3, 7, 4]",66,0
orig,"[5, 2, 1, 0, 6, 3, 7, 4]",67,1
orig,"[5, 2, 1, 0, 6, 3, 7, 4]",68,1
orig,"[5, 2, 1, 0, 6, 3, 7, 4]",69,0
orig,"[5, 2, 1, 0, 6, 3, 7, 4]",70,1
orig,"[5, 2, 1, 0, 6, 3, 7, 4]",71,0
orig,"[5, 2, 1, 0, 6, 3, 7, 4]",72,0
orig,"[5, 2, 1, 0, 6, 3, 7, 4]",73,0
orig,"[5, 2, 1, 0, 6, 3, 7, 4]",74,0
orig,"[5, 2, 1, 0, 6, 3, 7, 4]",75,0
orig,"[5, 2, 1, 0, 6, 3, 7, 4]",76,0
orig,"[5, 2, 1, 0, 6, 3, 7, 4]",77,0
orig,"[5, 2, 1, 0, 6, 3, 7, 4]",78,0
orig,"[5, 2, 1, 0, 6, 3, 7, 4]",79,0
orig,"[5, 2, 1, 0, 6, 3, 7, 4]",80,1
orig,"[5, 2, 1, 0, 6, 3, 7, 4]",81,1
orig,"[5, 2, 1, 0, 6, 3, 7, 4]",82,0
orig,"[5, 2, 1, 0, 6, 3, 7, 4]",83,0
orig,"[5, 2, 1, 0, 6, 3, 7, 4]",84,0
orig,"[5, 2, 1, 0, 6, 3, 7, 4]",85,0
orig,"[5, 2, 1, 0, 6, 3, 7, 4]",86,0
orig,"[5, 2, 1, 0, 6, 3, 7, 4]",87,1
orig,"[5, 2, 1, 0, 6, 3, 7, 4]",88,1
orig,"[5, 2, 1, 0, 6, 3, 7, 4]",89,0
orig,"[5, 2, 1, 0, 6, 3, 7, 4]",90,0
orig,"[5, 2, 1, 0, 6, 3, 7, 4]",91,0
orig,"[5, 2, 1, 0, 6, 3, 7, 4]",92,0
orig,"[5, 2, 1, 0, 6, 3, 7, 4]",93,1
orig,"[5, 2, 1, 0, 6, 3, 7, 4]",94,1
orig,"[5, 2, 1, 0, 6, 3, 7, 4]",95,1
orig,"[5, 2, 1, 0, 6, 3, 7, 4]",96,0
orig,"[5, 2, 1, 0, 6, 3, 7, 4]",97,1
orig,"[5, 2, 1, 0, 6, 3, 7, 4]",98,1
orig,"[5, 2, 1, 0, 6, 3, 7, 4]",99,1
orig,"[3, 5, 7, 2, 0, 6, 4, 1]",60,0
orig,"[3, 5, 7, 2, 0, 6, 4, 1]",61,0
orig,"[3, 5, 7, 2, 0, 6, 4, 1]",62,0
orig,"[3, 5, 7, 2, 0, 6, 4, 1]",63,1
orig,"[3, 5, 7, 2, 0, 6, 4, 1]",64,1
orig,"[3, 5, 7, 2, 0, 6, 4, 1]",65,0
orig,"[3, 5, 7, 2, 0, 6, 4, 1]",66,1
orig,"[3, 5, 7, 2, 0, 6, 4, 1]",67,1
orig,"[3, 5, 7, 2, 0, 6, 4, 1]",68,0
orig,"[3, 5, 7, 2, 0, 6, 4, 1]",69,0
orig,"[3, 5, 7, 2, 0, 6, 4, 1]",70,1
orig,"[3, 5, 7, 2, 0, 6, 4, 1]",71,1
orig,"[3, 5, 7, 2, 0, 6, 4, 1]",72,1
orig,"[3, 5, 7, 2, 0, 6, 4, 1]",73,0
orig,"[3, 5, 7, 2, 0, 6, 4, 1]",74,0
orig,"[3, 5, 7, 2, 0, 6, 4, 1]",75,0
orig,"[3, 5, 7, 2, 0, 6, 4, 1]",76,0
orig,"[3, 5, 7, 2, 0, 6, 4, 1]",77,0
orig,"[3, 5, 7, 2, 0, 6, 4, 1]",78,0
orig,"[3, 5, 7, 2, 0, 6, 4, 1]",79,1
orig,"[3, 5, 7, 2, 0, 6, 4, 1]",80,0
orig,"[3, 5, 7, 2, 0, 6, 4, 1]",81,1
orig,"[3, 5, 7, 2, 0, 6, 4, 1]",82,1
orig,"[3, 5, 7, 2, 0, 6, 4, 1]",83,0
orig,"[3, 5, 7, 2, 0, 6, 4, 1]",84,0
orig,"[3, 5, 7, 2, 0, 6, 4, 1]",85,0
orig,"[3, 5, 7, 2, 0, 6, 4, 1]",86,0
orig,"[3, 5, 7, 2, 0, 6, 4, 1]",87,1
orig,"[3, 5, 7, 2, 0, 6, 4, 1]",88,1
orig,"[3, 5, 7, 2, 0, 6, 4, 1]",89,0
orig,"[3, 5, 7, 2, 0, 6, 4, 1]",90,0
orig,"[3, 5, 7, 2, 0, 6, 4, 1]",91,0
orig,"[3, 5, 7, 2, 0, 6, 4, 1]",92,0
orig,"[3, 5, 7, 2, 0, 6, 4, 1]",93,1
orig,"[3, 5, 7, 2, 0, 6, 4, 1]",94,0
orig,"[3, 5, 7, 2, 0, 6, 4, 1]",95,1
orig,"[3, 5, 7, 2, 0, 6, 4, 1]",96,1
orig,"[3, 5, 7, 2, 0, 6, 4, 1]",97,0
orig,"[3, 5, 7, 2, 0, 6, 4, 1]",98,1
orig,"[3, 5, 7, 2, 0, 6, 4, 1]",99,1
orig,"[7, 6, 1, 0, 5, 3, 4, 2]",60,0
orig,"[7, 6, 1, 0, 5, 3, 4, 2]",61,1
orig,"[7, 6, 1, 0, 5, 3, 4, 2]",62,0
orig,"[7, 6, 1, 0, 5, 3, 4, 2]",63,1
orig,"[7, 6, 1, 0, 5, 3, 4, 2]",64,1
orig,"[7, 6, 1, 0, 5, 3, 4, 2]",65,0
orig,"[7, 6, 1, 0, 5, 3, 4, 2]",66,1
orig,"[7, 6, 1, 0, 5, 3, 4, 2]",67,0
orig,"[7, 6, 1, 0, 5, 3, 4, 2]",68,0
orig,"[7, 6, 1, 0, 5, 3, 4, 2]",69,0
orig,"[7, 6, 1, 0, 5, 3, 4, 2]",70,0
orig,"[7, 6, 1, 0, 5, 3, 4, 2]",71,0
orig,"[7, 6, 1, 0, 5, 3, 4, 2]",72,1
orig,"[7, 6, 1, 0, 5, 3, 4, 2]",73,1
orig,"[7, 6, 1, 0, 5, 3, 4, 2]",74,0
orig,"[7, 6, 1, 0, 5, 3, 4, 2]",75,0
orig,"[7, 6, 1, 0, 5, 3, 4, 2]",76,0
orig,"[7, 6, 1, 0, 5, 3, 4, 2]",77,0
orig,"[7, 6, 1, 0, 5, 3, 4, 2]",78,0
orig,"[7, 6, 1, 0, 5, 3, 4, 2]",79,0
orig,"[7, 6, 1, 0, 5, 3, 4, 2]",80,1
orig,"[7, 6, 1, 0, 5, 3, 4, 2]",81,0
orig,"[7, 6, 1, 0, 5, 3, 4, 2]",82,1
orig,"[7, 6, 1, 0, 5, 3, 4, 2]",83,0
orig,"[7, 6, 1, 0, 5, 3, 4, 2]",84,1
orig,"[7, 6, 1, 0, 5, 3, 4, 2]",85,0
orig,"[7, 6, 1, 0, 5, 3, 4, 2]",86,0
orig,"[7, 6, 1, 0, 5, 3, 4, 2]",87,1
orig,"[7, 6, 1, 0, 5, 3, 4, 2]",88,1
orig,"[7, 6, 1, 0, 5, 3, 4, 2]",89,0
orig,"[7, 6, 1, 0, 5, 3, 4, 2]",90,0
orig,"[7, 6, 1, 0, 5, 3, 4, 2]",91,0
orig,"[7, 6, 1, 0, 5, 3, 4, 2]",92,0
orig,"[7, 6, 1, 0, 5, 3, 4, 2]",93,0
orig,"[7, 6, 1, 0, 5, 3, 4, 2]",94,1
orig,"[7, 6, 1, 0, 5, 3, 4, 2]",95,1
orig,"[7, 6, 1, 0, 5, 3, 4, 2]",96,0
orig,"[7, 6, 1, 0, 5, 3, 4, 2]",97,0
orig,"[7, 6, 1, 0, 5, 3, 4, 2]",98,1
orig,"[7, 6, 1, 0, 5, 3, 4, 2]",99,0
orig,"[7, 2, 1, 5, 3, 0, 6, 4]",60,0
orig,"[7, 2, 1, 5, 3, 0, 6, 4]",61,1
orig,"[7, 2, 1, 5, 3, 0, 6, 4]",62,0
orig,"[7, 2, 1, 5, 3, 0, 6, 4]",63,1
orig,"[7, 2, 1, 5, 3, 0, 6, 4]",64,0
orig,"[7, 2, 1, 5, 3, 0, 6, 4]",65,0
orig,"[7, 2, 1, 5, 3, 0, 6, 4]",66,0
orig,"[7, 2, 1, 5, 3, 0, 6, 4]",67,1
orig,"[7, 2, 1, 5, 3, 0, 6, 4]",68,1
orig,"[7, 2, 1, 5, 3, 0, 6, 4]",69,1
orig,"[7, 2, 1, 5, 3, 0, 6, 4]",70,0
orig,"[7, 2, 1, 5, 3, 0, 6, 4]",71,0
orig,"[7, 2, 1, 5, 3, 0, 6, 4]",72,1
orig,"[7, 2, 1, 5, 3, 0, 6, 4]",73,0
orig,"[7, 2, 1, 5, 3, 0, 6, 4]",74,0
orig,"[7, 2, 1, 5, 3, 0, 6, 4]",75,0
orig,"[7, 2, 1, 5, 3, 0, 6, 4]",76,0
orig,"[7, 2, 1, 5, 3, 0, 6, 4]",77,0
orig,"[7, 2, 1, 5, 3, 0, 6, 4]",78,0
orig,"[7, 2, 1, 5, 3, 0, 6, 4]",79,1
orig,"[7, 2, 1, 5, 3, 0, 6, 4]",80,1
orig,"[7, 2, 1, 5, 3, 0, 6, 4]",81,0
orig,"[7, 2, 1, 5, 3, 0, 6, 4]",82,0
orig,"[7, 2, 1, 5, 3, 0, 6, 4]",83,0
orig,"[7, 2, 1, 5, 3, 0, 6, 4]",84,1
orig,"[7, 2, 1, 5, 3, 0, 6, 4]",85,0
orig,"[7, 2, 1, 5, 3, 0, 6, 4]",86,0
orig,"[7, 2, 1, 5, 3, 0, 6, 4]",87,0
orig,"[7, 2, 1, 5, 3, 0, 6, 4]",88,1
orig,"[7, 2, 1, 5, 3, 0, 6, 4]",89,0
orig,"[7, 2, 1, 5, 3, 0, 6, 4]",90,0
orig,"[7, 2, 1, 5, 3, 0, 6, 4]",91,0
orig,"[7, 2, 1, 5, 3, 0, 6, 4]",92,0
orig,"[7, 2, 1, 5, 3, 0, 6, 4]",93,0
orig,"[7, 2, 1, 5, 3, 0, 6, 4]",94,1
orig,"[7, 2, 1, 5, 3, 0, 6, 4]",95,1
orig,"[7, 2, 1, 5, 3, 0, 6, 4]",96,0
orig,"[7, 2, 1, 5, 3, 0, 6, 4]",97,1
orig,"[7, 2, 1, 5, 3, 0, 6, 4]",98,0
orig,"[7, 2, 1, 5, 3, 0, 6, 4]",99,1
orig,"[2, 4, 7, 3, 1, 6, 0, 5]",60,0
orig,"[2, 4, 7, 3, 1, 6, 0, 5]",61,1
orig,"[2, 4, 7, 3, 1, 6, 0, 5]",62,0
orig,"[2, 4, 7, 3, 1, 6, 0, 5]",63,1
orig,"[2, 4, 7, 3, 1, 6, 0, 5]",64,0
orig,"[2, 4, 7, 3, 1, 6, 0, 5]",65,0
orig,"[2, 4, 7, 3, 1, 6, 0, 5]",66,1
orig,"[2, 4, 7, 3, 1, 6, 0, 5]",67,0
orig,"[2, 4, 7, 3, 1, 6, 0, 5]",68,0
orig,"[2, 4, 7, 3, 1, 6, 0, 5]",69,0
orig,"[2, 4, 7, 3, 1, 6, 0, 5]",70,1
orig,"[2, 4, 7, 3, 1, 6, 0, 5]",71,1
orig,"[2, 4, 7, 3, 1, 6, 0, 5]",72,1
orig,"[2, 4, 7, 3, 1, 6, 0, 5]",73,1
orig,"[2, 4, 7, 3, 1, 6, 0, 5]",74,0
orig,"[2, 4, 7, 3, 1, 6, 0, 5]",75,0
orig,"[2, 4, 7, 3, 1, 6, 0, 5]",76,0
orig,"[2, 4, 7, 3, 1, 6, 0, 5]",77,0
orig,"[2, 4, 7, 3, 1, 6, 0, 5]",78,0
orig,"[2, 4, 7, 3, 1, 6, 0, 5]",79,0
orig,"[2, 4, 7, 3, 1, 6, 0, 5]",80,0
orig,"[2, 4, 7, 3, 1, 6, 0, 5]",81,0
orig,"[2, 4, 7, 3, 1, 6, 0, 5]",82,0
orig,"[2, 4, 7, 3, 1, 6, 0, 5]",83,0
orig,"[2, 4, 7, 3, 1, 6, 0, 5]",84,1
orig,"[2, 4, 7, 3, 1, 6, 0, 5]",85,0
orig,"[2, 4, 7, 3, 1, 6, 0, 5]",86,0
orig,"[2, 4, 7, 3, 1, 6, 0, 5]",87,1
orig,"[2, 4, 7, 3, 1, 6, 0, 5]",88,1
orig,"[2, 4, 7, 3, 1, 6, 0, 5]",89,0
orig,"[2, 4, 7, 3, 1, 6, 0, 5]",90,0
orig,"[2, 4, 7, 3, 1, 6, 0, 5]",91,0
orig,"[2, 4, 7, 3, 1, 6, 0, 5]",92,0
orig,"[2, 4, 7, 3, 1, 6, 0, 5]",93,0
orig,"[2, 4, 7, 3, 1, 6, 0, 5]",94,1
orig,"[2, 4, 7, 3, 1, 6, 0, 5]",95,1
orig,"[2, 4, 7, 3, 1, 6, 0, 5]",96,1
orig,"[2, 4, 7, 3, 1, 6, 0, 5]",97,1
orig,"[2, 4, 7, 3, 1, 6, 0, 5]",98,1
orig,"[2, 4, 7, 3, 1, 6, 0, 5]",99,1
orig,"[6, 5, 0, 2, 4, 7, 3, 1]",60,0
orig,"[6, 5, 0, 2, 4, 7, 3, 1]",61,0
orig,"[6, 5, 0, 2, 4, 7, 3, 1]",62,0
orig,"[6, 5, 0, 2, 4, 7, 3, 1]",63,1
orig,"[6, 5, 0, 2, 4, 7, 3, 1]",64,1
orig,"[6, 5, 0, 2, 4, 7, 3, 1]",65,0
orig,"[6, 5, 0, 2, 4, 7, 3, 1]",66,1
orig,"[6, 5, 0, 2, 4, 7, 3, 1]",67,0
orig,"[6, 5, 0, 2, 4, 7, 3, 1]",68,1
orig,"[6, 5, 0, 2, 4, 7, 3, 1]",69,0
orig,"[6, 5, 0, 2, 4, 7, 3, 1]",70,1
orig,"[6, 5, 0, 2, 4, 7, 3, 1]",71,1
orig,"[6, 5, 0, 2, 4, 7, 3, 1]",72,1
orig,"[6, 5, 0, 2, 4, 7, 3, 1]",73,0
orig,"[6, 5, 0, 2, 4, 7, 3, 1]",74,0
orig,"[6, 5, 0, 2, 4, 7, 3, 1]",75,1
orig,"[6, 5, 0, 2, 4, 7, 3, 1]",76,0
orig,"[6, 5, 0, 2, 4, 7, 3, 1]",77,0
orig,"[6, 5, 0, 2, 4, 7, 3, 1]",78,0
orig,"[6, 5, 0, 2, 4, 7, 3, 1]",79,0
orig,"[6, 5, 0, 2, 4, 7, 3, 1]",80,0
orig,"[6, 5, 0, 2, 4, 7, 3, 1]",81,1
orig,"[6, 5, 0, 2, 4, 7, 3, 1]",82,1
orig,"[6, 5, 0, 2, 4, 7, 3, 1]",83,0
orig,"[6, 5, 0, 2, 4, 7, 3, 1]",84,1
orig,"[6, 5, 0, 2, 4, 7, 3, 1]",85,0
orig,"[6, 5, 0, 2, 4, 7, 3, 1]",86,0
orig,"[6, 5, 0, 2, 4, 7, 3, 1]",87,1
orig,"[6, 5, 0, 2, 4, 7, 3, 1]",88,1
orig,"[6, 5, 0, 2, 4, 7, 3, 1]",89,1
orig,"[6, 5, 0, 2, 4, 7, 3, 1]",90,0
orig,"[6, 5, 0, 2, 4, 7, 3, 1]",91,0
orig,"[6, 5, 0, 2, 4, 7, 3, 1]",92,0
orig,"[6, 5, 0, 2, 4, 7, 3, 1]",93,0
orig,"[6, 5, 0, 2, 4, 7, 3, 1]",94,0
orig,"[6, 5, 0, 2, 4, 7, 3, 1]",95,1
orig,"[6, 5, 0, 2, 4, 7, 3, 1]",96,0
orig,"[6, 5, 0, 2, 4, 7, 3, 1]",97,0
orig,"[6, 5, 0, 2, 4, 7, 3, 1]",98,1
orig,"[6, 5, 0, 2, 4, 7, 3, 1]",99,1
orig,"[7, 2, 0, 1, 4, 6, 5, 3]",60,0
orig,"[7, 2, 0, 1, 4, 6, 5, 3]",61,1
orig,"[7, 2, 0, 1, 4, 6, 5, 3]",62,0
orig,"[7, 2, 0, 1, 4, 6, 5, 3]",63,1
orig,"[7, 2, 0, 1, 4, 6, 5, 3]",64,0
orig,"[7, 2, 0, 1, 4, 6, 5, 3]",65,0
orig,"[7, 2, 0, 1, 4, 6, 5, 3]",66,0
orig,"[7, 2, 0, 1, 4, 6, 5, 3]",67,0
orig,"[7, 2, 0, 1, 4, 6, 5, 3]",68,0
orig,"[7, 2, 0, 1, 4, 6, 5, 3]",69,0
orig,"[7, 2, 0, 1, 4, 6, 5, 3]",70,1
orig,"[7, 2, 0, 1, 4, 6, 5, 3]",71,0
orig,"[7, 2, 0, 1, 4, 6, 5, 3]",72,1
orig,"[7, 2, 0, 1, 4, 6, 5, 3]",73,0
orig,"[7, 2, 0, 1, 4, 6, 5, 3]",74,0
orig,"[7, 2, 0, 1, 4, 6, 5, 3]",75,0
orig,"[7, 2, 0, 1, 4, 6, 5, 3]",76,0
orig,"[7, 2, 0, 1, 4, 6, 5, 3]",77,0
orig,"[7, 2, 0, 1, 4, 6, 5, 3]",78,0
orig,"[7, 2, 0, 1, 4, 6, 5, 3]",79,0
orig,"[7, 2, 0, 1, 4, 6, 5, 3]",80,1
orig,"[7, 2, 0, 1, 4, 6, 5, 3]",81,0
orig,"[7, 2, 0, 1, 4, 6, 5, 3]",82,0
orig,"[7, 2, 0, 1, 4, 6, 5, 3]",83,0
orig,"[7, 2, 0, 1, 4, 6, 5, 3]",84,0
orig,"[7, 2, 0, 1, 4, 6, 5, 3]",85,0
orig,"[7, 2, 0, 1, 4, 6, 5, 3]",86,0
orig,"[7, 2, 0, 1, 4, 6, 5, 3]",87,0
orig,"[7, 2, 0, 1, 4, 6, 5, 3]",88,1
orig,"[7, 2, 0, 1, 4, 6, 5, 3]",89,0
orig,"[7, 2, 0, 1, 4, 6, 5, 3]",90,0
orig,"[7, 2, 0, 1, 4, 6, 5, 3]",91,0
orig,"[7, 2, 0, 1, 4, 6, 5, 3]",92,0
orig,"[7, 2, 0, 1, 4, 6, 5, 3]",93,0
orig,"[7, 2, 0, 1, 4, 6, 5, 3]",94,0
orig,"[7, 2, 0, 1, 4, 6, 5, 3]",95,1
orig,"[7, 2, 0, 1, 4, 6, 5, 3]",96,0
orig,"[7, 2, 0, 1, 4, 6, 5, 3]",97,0
orig,"[7, 2, 0, 1, 4, 6, 5, 3]",98,1
orig,"[7, 2, 0, 1, 4, 6, 5, 3]",99,1
orig,"[5, 6, 7, 2, 0, 3, 4, 1]",60,0
orig,"[5, 6, 7, 2, 0, 3, 4, 1]",61,1
orig,"[5, 6, 7, 2, 0, 3, 4, 1]",62,0
orig,"[5, 6, 7, 2, 0, 3, 4, 1]",63,1
orig,"[5, 6, 7, 2, 0, 3, 4, 1]",64,1
orig,"[5, 6, 7, 2, 0, 3, 4, 1]",65,0
orig,"[5, 6, 7, 2, 0, 3, 4, 1]",66,0
orig,"[5, 6, 7, 2, 0, 3, 4, 1]",67,0
orig,"[5, 6, 7, 2, 0, 3, 4, 1]",68,1
orig,"[5, 6, 7, 2, 0, 3, 4, 1]",69,0
orig,"[5, 6, 7, 2, 0, 3, 4, 1]",70,0
orig,"[5, 6, 7, 2, 0, 3, 4, 1]",71,1
orig,"[5, 6, 7, 2, 0, 3, 4, 1]",72,0
orig,"[5, 6, 7, 2, 0, 3, 4, 1]",73,0
orig,"[5, 6, 7, 2, 0, 3, 4, 1]",74,0
orig,"[5, 6, 7, 2, 0, 3, 4, 1]",75,1
orig,"[5, 6, 7, 2, 0, 3, 4, 1]",76,0
orig,"[5, 6, 7, 2, 0, 3, 4, 1]",77,0
orig,"[5, 6, 7, 2, 0, 3, 4, 1]",78,0
orig,"[5, 6, 7, 2, 0, 3, 4, 1]",79,0
orig,"[5, 6, 7, 2, 0, 3, 4, 1]",80,1
orig,"[5, 6, 7, 2, 0, 3, 4, 1]",81,1
orig,"[5, 6, 7, 2, 0, 3, 4, 1]",82,1
orig,"[5, 6, 7, 2, 0, 3, 4, 1]",83,0
orig,"[5, 6, 7, 2, 0, 3, 4, 1]",84,0
orig,"[5, 6, 7, 2, 0, 3, 4, 1]",85,0
orig,"[5, 6, 7, 2, 0, 3, 4, 1]",86,0
orig,"[5, 6, 7, 2, 0, 3, 4, 1]",87,1
orig,"[5, 6, 7, 2, 0, 3, 4, 1]",88,1
orig,"[5, 6, 7, 2, 0, 3, 4, 1]",89,0
orig,"[5, 6, 7, 2, 0, 3, 4, 1]",90,0
orig,"[5, 6, 7, 2, 0, 3, 4, 1]",91,0
orig,"[5, 6, 7, 2, 0, 3, 4, 1]",92,0
orig,"[5, 6, 7, 2, 0, 3, 4, 1]",93,0
orig,"[5, 6, 7, 2, 0, 3, 4, 1]",94,1
orig,"[5, 6, 7, 2, 0, 3, 4, 1]",95,1
orig,"[5, 6, 7, 2, 0, 3, 4, 1]",96,1
orig,"[5, 6, 7, 2, 0, 3, 4, 1]",97,0
orig,"[5, 6, 7, 2, 0, 3, 4, 1]",98,1
orig,"[5, 6, 7, 2, 0, 3, 4, 1]",99,0
orig,"[4, 2, 7, 0, 3, 5, 1, 6]",60,0
orig,"[4, 2, 7, 0, 3, 5, 1, 6]",61,0
orig,"[4, 2, 7, 0, 3, 5, 1, 6]",62,0
orig,"[4, 2, 7, 0, 3, 5, 1, 6]",63,0
orig,"[4, 2, 7, 0, 3, 5, 1, 6]",64,1
orig,"[4, 2, 7, 0, 3, 5, 1, 6]",65,0
orig,"[4, 2, 7, 0, 3, 5, 1, 6]",66,0
orig,"[4, 2, 7, 0, 3, 5, 1, 6]",67,0
orig,"[4, 2, 7, 0, 3, 5, 1, 6]",68,0
orig,"[4, 2, 7, 0, 3, 5, 1, 6]",69,0
orig,"[4, 2, 7, 0, 3, 5, 1, 6]",70,0
orig,"[4, 2, 7, 0, 3, 5, 1, 6]",71,1
orig,"[4, 2, 7, 0, 3, 5, 1, 6]",72,1
orig,"[4, 2, 7, 0, 3, 5, 1, 6]",73,0
orig,"[4, 2, 7, 0, 3, 5, 1, 6]",74,0
orig,"[4, 2, 7, 0, 3, 5, 1, 6]",75,0
orig,"[4, 2, 7, 0, 3, 5, 1, 6]",76,0
orig,"[4, 2, 7, 0, 3, 5, 1, 6]",77,0
orig,"[4, 2, 7, 0, 3, 5, 1, 6]",78,1
orig,"[4, 2, 7, 0, 3, 5, 1, 6]",79,0
orig,"[4, 2, 7, 0, 3, 5, 1, 6]",80,0
orig,"[4, 2, 7, 0, 3, 5, 1, 6]",81,0
orig,"[4, 2, 7, 0, 3, 5, 1, 6]",82,0
orig,"[4, 2, 7, 0, 3, 5, 1, 6]",83,0
orig,"[4, 2, 7, 0, 3, 5, 1, 6]",84,1
orig,"[4, 2, 7, 0, 3, 5, 1, 6]",85,0
orig,"[4, 2, 7, 0, 3, 5, 1, 6]",86,1
orig,"[4, 2, 7, 0, 3, 5, 1, 6]",87,0
orig,"[4, 2, 7, 0, 3, 5, 1, 6]",88,0
orig,"[4, 2, 7, 0, 3, 5, 1, 6]",89,0
orig,"[4, 2, 7, 0, 3, 5, 1, 6]",90,0
orig,"[4, 2, 7, 0, 3, 5, 1, 6]",91,0
orig,"[4, 2, 7, 0, 3, 5, 1, 6]",92,0
orig,"[4, 2, 7, 0, 3, 5, 1, 6]",93,0
orig,"[4, 2, 7, 0, 3, 5, 1, 6]",94,0
orig,"[4, 2, 7, 0, 3, 5, 1, 6]",95,1
orig,"[4, 2, 7, 0, 3, 5, 1, 6]",96,0
orig,"[4, 2, 7, 0, 3, 5, 1, 6]",97,1
orig,"[4, 2, 7, 0, 3, 5, 1, 6]",98,1
orig,"[4, 2, 7, 0, 3, 5, 1, 6]",99,0
orig,"[3, 6, 7, 1, 0, 5, 2, 4]",60,0
orig,"[3, 6, 7, 1, 0, 5, 2, 4]",61,0
orig,"[3, 6, 7, 1, 0, 5, 2, 4]",62,0
orig,"[3, 6, 7, 1, 0, 5, 2, 4]",63,0
orig,"[3, 6, 7, 1, 0, 5, 2, 4]",64,1
orig,"[3, 6, 7, 1, 0, 5, 2, 4]",65,0
orig,"[3, 6, 7, 1, 0, 5, 2, 4]",66,0
orig,"[3, 6, 7, 1, 0, 5, 2, 4]",67,0
orig,"[3, 6, 7, 1, 0, 5, 2, 4]",68,0
orig,"[3, 6, 7, 1, 0, 5, 2, 4]",69,0
orig,"[3, 6, 7, 1, 0, 5, 2, 4]",70,0
orig,"[3, 6, 7, 1, 0, 5, 2, 4]",71,1
orig,"[3, 6, 7, 1, 0, 5, 2, 4]",72,1
orig,"[3, 6, 7, 1, 0, 5, 2, 4]",73,0
orig,"[3, 6, 7, 1, 0, 5, 2, 4]",74,0
orig,"[3, 6, 7, 1, 0, 5, 2, 4]",75,0
orig,"[3, 6, 7, 1, 0, 5, 2, 4]",76,0
orig,"[3, 6, 7, 1, 0, 5, 2, 4]",77,0
orig,"[3, 6, 7, 1, 0, 5, 2, 4]",78,0
orig,"[3, 6, 7, 1, 0, 5, 2, 4]",79,0
orig,"[3, 6, 7, 1, 0, 5, 2, 4]",80,1
orig,"[3, 6, 7, 1, 0, 5, 2, 4]",81,1
orig,"[3, 6, 7, 1, 0, 5, 2, 4]",82,0
orig,"[3, 6, 7, 1, 0, 5, 2, 4]",83,0
orig,"[3, 6, 7, 1, 0, 5, 2, 4]",84,1
orig,"[3, 6, 7, 1, 0, 5, 2, 4]",85,0
orig,"[3, 6, 7, 1, 0, 5, 2, 4]",86,0
orig,"[3, 6, 7, 1, 0, 5, 2, 4]",87,1
orig,"[3, 6, 7, 1, 0, 5, 2, 4]",88,1
orig,"[3, 6, 7, 1, 0, 5, 2, 4]",89,0
orig,"[3, 6, 7, 1, 0, 5, 2, 4]",90,0
orig,"[3, 6, 7, 1, 0, 5, 2, 4]",91,0
orig,"[3, 6, 7, 1, 0, 5, 2, 4]",92,0
orig,"[3, 6, 7, 1, 0, 5, 2, 4]",93,0
orig,"[3, 6, 7, 1, 0, 5, 2, 4]",94,1
orig,"[3, 6, 7, 1, 0, 5, 2, 4]",95,1
orig,"[3, 6, 7, 1, 0, 5, 2, 4]",96,0
orig,"[3, 6, 7, 1, 0, 5, 2, 4]",97,0
orig,"[3, 6, 7, 1, 0, 5, 2, 4]",98,0
orig,"[3, 6, 7, 1, 0, 5, 2, 4]",99,1
opt,"[4, 1, 5, 2, 3, 6, 7, 0]",60,0
opt,"[4, 1, 5, 2, 3, 6, 7, 0]",61,1
opt,"[4, 1, 5, 2, 3, 6, 7, 0]",62,0
opt,"[4, 1, 5, 2, 3, 6, 7, 0]",63,1
opt,"[4, 1, 5, 2, 3, 6, 7, 0]",64,1
opt,"[4, 1, 5, 2, 3, 6, 7, 0]",65,0
opt,"[4, 1, 5, 2, 3, 6, 7, 0]",66,0
opt,"[4, 1, 5, 2, 3, 6, 7, 0]",67,1
opt,"[4, 1, 5, 2, 3, 6, 7, 0]",68,0
opt,"[4, 1, 5, 2, 3, 6, 7, 0]",69,0
opt,"[4, 1, 5, 2, 3, 6, 7, 0]",70,1
opt,"[4, 1, 5, 2, 3, 6, 7, 0]",71,1
opt,"[4, 1, 5, 2, 3, 6, 7, 0]",72,0
opt,"[4, 1, 5, 2, 3, 6, 7, 0]",73,0
opt,"[4, 1, 5, 2, 3, 6, 7, 0]",74,0
opt,"[4, 1, 5, 2, 3, 6, 7, 0]",75,1
opt,"[4, 1, 5, 2, 3, 6, 7, 0]",76,0
opt,"[4, 1, 5, 2, 3, 6, 7, 0]",77,0
opt,"[4, 1, 5, 2, 3, 6, 7, 0]",78,0
opt,"[4, 1, 5, 2, 3, 6, 7, 0]",79,1
opt,"[4, 1, 5, 2, 3, 6, 7, 0]",80,0
opt,"[4, 1, 5, 2, 3, 6, 7, 0]",81,0
opt,"[4, 1, 5, 2, 3, 6, 7, 0]",82,0
opt,"[4, 1, 5, 2, 3, 6, 7, 0]",83,1
opt,"[4, 1, 5, 2, 3, 6, 7, 0]",84,1
opt,"[4, 1, 5, 2, 3, 6, 7, 0]",85,0
opt,"[4, 1, 5, 2, 3, 6, 7, 0]",86,0
opt,"[4, 1, 5, 2, 3, 6, 7, 0]",87,1
opt,"[4, 1, 5, 2, 3, 6, 7, 0]",88,1
opt,"[4, 1, 5, 2, 3, 6, 7, 0]",89,0
opt,"[4, 1, 5, 2, 3, 6, 7, 0]",90,0
opt,"[4, 1, 5, 2, 3, 6, 7, 0]",91,0
opt,"[4, 1, 5, 2, 3, 6, 7, 0]",92,1
opt,"[4, 1, 5, 2, 3, 6, 7, 0]",93,0
opt,"[4, 1, 5, 2, 3, 6, 7, 0]",94,1
opt,"[4, 1, 5, 2, 3, 6, 7, 0]",95,1
opt,"[4, 1, 5, 2, 3, 6, 7, 0]",96,0
opt,"[4, 1, 5, 2, 3, 6, 7, 0]",97,0
opt,"[4, 1, 5, 2, 3, 6, 7, 0]",98,1
opt,"[4, 1, 5, 2, 3, 6, 7, 0]",99,1
opt,"[6, 2, 5, 1, 4, 3, 7, 0]",60,0
opt,"[6, 2, 5, 1, 4, 3, 7, 0]",61,1
opt,"[6, 2, 5, 1, 4, 3, 7, 0]",62,0
opt,"[6, 2, 5, 1, 4, 3, 7, 0]",63,1
opt,"[6, 2, 5, 1, 4, 3, 7, 0]",64,1
opt,"[6, 2, 5, 1, 4, 3, 7, 0]",65,0
opt,"[6, 2, 5, 1, 4, 3, 7, 0]",66,0
opt,"[6, 2, 5, 1, 4, 3, 7, 0]",67,1
opt,"[6, 2, 5, 1, 4, 3, 7, 0]",68,1
opt,"[6, 2, 5, 1, 4, 3, 7, 0]",69,0
opt,"[6, 2, 5, 1, 4, 3, 7, 0]",70,0
opt,"[6, 2, 5, 1, 4, 3, 7, 0]",71,1
opt,"[6, 2, 5, 1, 4, 3, 7, 0]",72,0
opt,"[6, 2, 5, 1, 4, 3, 7, 0]",73,0
opt,"[6, 2, 5, 1, 4, 3, 7, 0]",74,0
opt,"[6, 2, 5, 1, 4, 3, 7, 0]",75,0
opt,"[6, 2, 5, 1, 4, 3, 7, 0]",76,0
opt,"[6, 2, 5, 1, 4, 3, 7, 0]",77,0
opt,"[6, 2, 5, 1, 4, 3, 7, 0]",78,0
opt,"[6, 2, 5, 1, 4, 3, 7, 0]",79,0
opt,"[6, 2, 5, 1, 4, 3, 7, 0]",80,1
opt,"[6, 2, 5, 1, 4, 3, 7, 0]",81,0
opt,"[6, 2, 5, 1, 4, 3, 7, 0]",82,0
opt,"[6, 2, 5, 1, 4, 3, 7, 0]",83,0
opt,"[6, 2, 5, 1, 4, 3, 7, 0]",84,1
opt,"[6, 2, 5, 1, 4, 3, 7, 0]",85,0
opt,"[6, 2, 5, 1, 4, 3, 7, 0]",86,0
opt,"[6, 2, 5, 1, 4, 3, 7, 0]",87,1
opt,"[6, 2, 5, 1, 4, 3, 7, 0]",88,1
opt,"[6, 2, 5, 1, 4, 3, 7, 0]",89,0
opt,"[6, 2, 5, 1, 4, 3, 7, 0]",90,0
opt,"[6, 2, 5, 1, 4, 3, 7, 0]",91,0
opt,"[6, 2, 5, 1, 4, 3, 7, 0]",92,0
opt,"[6, 2, 5, 1, 4, 3, 7, 0]",93,0
opt,"[6, 2, 5, 1, 4, 3, 7, 0]",94,1
opt,"[6, 2, 5, 1, 4, 3, 7, 0]",95,1
opt,"[6, 2, 5, 1, 4, 3, 7, 0]",96,1
opt,"[6, 2, 5, 1, 4, 3, 7, 0]",97,1
opt,"[6, 2, 5, 1, 4, 3, 7, 0]",98,1
opt,"[6, 2, 5, 1, 4, 3, 7, 0]",99,1
opt,"[2, 4, 0, 5, 1, 7, 6, 3]",60,0
opt,"[2, 4, 0, 5, 1, 7, 6, 3]",61,1
opt,"[2, 4, 0, 5, 1, 7, 6, 3]",62,0
opt,"[2, 4, 0, 5, 1, 7, 6, 3]",63,1
opt,"[2, 4, 0, 5, 1, 7, 6, 3]",64,1
opt,"[2, 4, 0, 5, 1, 7, 6, 3]",65,0
opt,"[2, 4, 0, 5, 1, 7, 6, 3]",66,1
opt,"[2, 4, 0, 5, 1, 7, 6, 3]",67,1
opt,"[2, 4, 0, 5, 1, 7, 6, 3]",68,1
opt,"[2, 4, 0, 5, 1, 7, 6, 3]",69,0
opt,"[2, 4, 0, 5, 1, 7, 6, 3]",70,1
opt,"[2, 4, 0, 5, 1, 7, 6, 3]",71,1
opt,"[2, 4, 0, 5, 1, 7, 6, 3]",72,0
opt,"[2, 4, 0, 5, 1, 7, 6, 3]",73,0
opt,"[2, 4, 0, 5, 1, 7, 6, 3]",74,0
opt,"[2, 4, 0, 5, 1, 7, 6, 3]",75,0
opt,"[2, 4, 0, 5, 1, 7, 6, 3]",76,0
opt,"[2, 4, 0, 5, 1, 7, 6, 3]",77,0
opt,"[2, 4, 0, 5, 1, 7, 6, 3]",78,0
opt,"[2, 4, 0, 5, 1, 7, 6, 3]",79,0
opt,"[2, 4, 0, 5, 1, 7, 6, 3]",80,1
opt,"[2, 4, 0, 5, 1, 7, 6, 3]",81,1
opt,"[2, 4, 0, 5, 1, 7, 6, 3]",82,1
opt,"[2, 4, 0, 5, 1, 7, 6, 3]",83,0
opt,"[2, 4, 0, 5, 1, 7, 6, 3]",84,1
opt,"[2, 4, 0, 5, 1, 7, 6, 3]",85,0
opt,"[2, 4, 0, 5, 1, 7, 6, 3]",86,0
opt,"[2, 4, 0, 5, 1, 7, 6, 3]",87,1
opt,"[2, 4, 0, 5, 1, 7, 6, 3]",88,1
opt,"[2, 4, 0, 5, 1, 7, 6, 3]",89,0
opt,"[2, 4, 0, 5, 1, 7, 6, 3]",90,0
opt,"[2, 4, 0, 5, 1, 7, 6, 3]",91,0
opt,"[2, 4, 0, 5, 1, 7, 6, 3]",92,0
opt,"[2, 4, 0, 5, 1, 7, 6, 3]",93,0
opt,"[2, 4, 0, 5, 1, 7, 6, 3]",94,1
opt,"[2, 4, 0, 5, 1, 7, 6, 3]",95,1
opt,"[2, 4, 0, 5, 1, 7, 6, 3]",96,0
opt,"[2, 4, 0, 5, 1, 7, 6, 3]",97,1
opt,"[2, 4, 0, 5, 1, 7, 6, 3]",98,0
opt,"[2, 4, 0, 5, 1, 7, 6, 3]",99,0
opt,"[2, 6, 1, 5, 3, 4, 0, 7]",60,0
opt,"[2, 6, 1, 5, 3, 4, 0, 7]",61,1
opt,"[2, 6, 1, 5, 3, 4, 0, 7]",62,0
opt,"[2, 6, 1, 5, 3, 4, 0, 7]",63,0
opt,"[2, 6, 1, 5, 3, 4, 0, 7]",64,1
opt,"[2, 6, 1, 5, 3, 4, 0, 7]",65,0
opt,"[2, 6, 1, 5, 3, 4, 0, 7]",66,1
opt,"[2, 6, 1, 5, 3, 4, 0, 7]",67,1
opt,"[2, 6, 1, 5, 3, 4, 0, 7]",68,0
opt,"[2, 6, 1, 5, 3, 4, 0, 7]",69,0
opt,"[2, 6, 1, 5, 3, 4, 0, 7]",70,1
opt,"[2, 6, 1, 5, 3, 4, 0, 7]",71,1
opt,"[2, 6, 1, 5, 3, 4, 0, 7]",72,0
opt,"[2, 6, 1, 5, 3, 4, 0, 7]",73,0
opt,"[2, 6, 1, 5, 3, 4, 0, 7]",74,0
opt,"[2, 6, 1, 5, 3, 4, 0, 7]",75,1
opt,"[2, 6, 1, 5, 3, 4, 0, 7]",76,0
opt,"[2, 6, 1, 5, 3, 4, 0, 7]",77,0
opt,"[2, 6, 1, 5, 3, 4, 0, 7]",78,0
opt,"[2, 6, 1, 5, 3, 4, 0, 7]",79,0
opt,"[2, 6, 1, 5, 3, 4, 0, 7]",80,0
opt,"[2, 6, 1, 5, 3, 4, 0, 7]",81,1
opt,"[2, 6, 1, 5, 3, 4, 0, 7]",82,1
opt,"[2, 6, 1, 5, 3, 4, 0, 7]",83,1
opt,"[2, 6, 1, 5, 3, 4, 0, 7]",84,1
opt,"[2, 6, 1, 5, 3, 4, 0, 7]",85,1
opt,"[2, 6, 1, 5, 3, 4, 0, 7]",86,0
opt,"[2, 6, 1, 5, 3, 4, 0, 7]",87,1
opt,"[2, 6, 1, 5, 3, 4, 0, 7]",88,1
opt,"[2, 6, 1, 5, 3, 4, 0, 7]",89,0
opt,"[2, 6, 1, 5, 3, 4, 0, 7]",90,0
opt,"[2, 6, 1, 5, 3, 4, 0, 7]",91,0
opt,"[2, 6, 1, 5, 3, 4, 0, 7]",92,0
opt,"[2, 6, 1, 5, 3, 4, 0, 7]",93,0
opt,"[2, 6, 1, 5, 3, 4, 0, 7]",94,1
opt,"[2, 6, 1, 5, 3, 4, 0, 7]",95,1
opt,"[2, 6, 1, 5, 3, 4, 0, 7]",96,0
opt,"[2, 6, 1, 5, 3, 4, 0, 7]",97,0
opt,"[2, 6, 1, 5, 3, 4, 0, 7]",98,1
opt,"[2, 6, 1, 5, 3, 4, 0, 7]",99,0
opt,"[4, 5, 7, 3, 1, 0, 2, 6]",60,0
opt,"[4, 5, 7, 3, 1, 0, 2, 6]",61,0
opt,"[4, 5, 7, 3, 1, 0, 2, 6]",62,0
opt,"[4, 5, 7, 3, 1, 0, 2, 6]",63,0
opt,"[4, 5, 7, 3, 1, 0, 2, 6]",64,0
opt,"[4, 5, 7, 3, 1, 0, 2, 6]",65,0
opt,"[4, 5, 7, 3, 1, 0, 2, 6]",66,0
opt,"[4, 5, 7, 3, 1, 0, 2, 6]",67,0
opt,"[4, 5, 7, 3, 1, 0, 2, 6]",68,1
opt,"[4, 5, 7, 3, 1, 0, 2, 6]",69,1
opt,"[4, 5, 7, 3, 1, 0, 2, 6]",70,1
opt,"[4, 5, 7, 3, 1, 0, 2, 6]",71,1
opt,"[4, 5, 7, 3, 1, 0, 2, 6]",72,0
opt,"[4, 5, 7, 3, 1, 0, 2, 6]",73,1
opt,"[4, 5, 7, 3, 1, 0, 2, 6]",74,0
opt,"[4, 5, 7, 3, 1, 0, 2, 6]",75,1
opt,"[4, 5, 7, 3, 1, 0, 2, 6]",76,0
opt,"[4, 5, 7, 3, 1, 0, 2, 6]",77,0
opt,"[4, 5, 7, 3, 1, 0, 2, 6]",78,0
opt,"[4, 5, 7, 3, 1, 0, 2, 6]",79,1
opt,"[4, 5, 7, 3, 1, 0, 2, 6]",80,1
opt,"[4, 5, 7, 3, 1, 0, 2, 6]",81,1
opt,"[4, 5, 7, 3, 1, 0, 2, 6]",82,1
opt,"[4, 5, 7, 3, 1, 0, 2, 6]",83,0
opt,"[4, 5, 7, 3, 1, 0, 2, 6]",84,0
opt,"[4, 5, 7, 3, 1, 0, 2, 6]",85,0
opt,"[4, 5, 7, 3, 1, 0, 2, 6]",86,0
opt,"[4, 5, 7, 3, 1, 0, 2, 6]",87,1
opt,"[4, 5, 7, 3, 1, 0, 2, 6]",88,1
opt,"[4, 5, 7, 3, 1, 0, 2, 6]",89,0
opt,"[4, 5, 7, 3, 1, 0, 2, 6]",90,0
opt,"[4, 5, 7, 3, 1, 0, 2, 6]",91,0
opt,"[4, 5, 7, 3, 1, 0, 2, 6]",92,0
opt,"[4, 5, 7, 3, 1, 0, 2, 6]",93,1
opt,"[4, 5, 7, 3, 1, 0, 2, 6]",94,1
opt,"[4, 5, 7, 3, 1, 0, 2, 6]",95,1
opt,"[4, 5, 7, 3, 1, 0, 2, 6]",96,0
opt,"[4, 5, 7, 3, 1, 0, 2, 6]",97,0
opt,"[4, 5, 7, 3, 1, 0, 2, 6]",98,1
opt,"[4, 5, 7, 3, 1, 0, 2, 6]",99,1
opt,"[0, 6, 7, 5, 1, 4, 3, 2]",60,0
opt,"[0, 6, 7, 5, 1, 4, 3, 2]",61,0
opt,"[0, 6, 7, 5, 1, 4, 3, 2]",62,0
opt,"[0, 6, 7, 5, 1, 4, 3, 2]",63,0
opt,"[0, 6, 7, 5, 1, 4, 3, 2]",64,1
opt,"[0, 6, 7, 5, 1, 4, 3, 2]",65,0
opt,"[0, 6, 7, 5, 1, 4, 3, 2]",66,1
opt,"[0, 6, 7, 5, 1, 4, 3, 2]",67,1
opt,"[0, 6, 7, 5, 1, 4, 3, 2]",68,0
opt,"[0, 6, 7, 5, 1, 4, 3, 2]",69,0
opt,"[0, 6, 7, 5, 1, 4, 3, 2]",70,1
opt,"[0, 6, 7, 5, 1, 4, 3, 2]",71,1
opt,"[0, 6, 7, 5, 1, 4, 3, 2]",72,0
opt,"[0, 6, 7, 5, 1, 4, 3, 2]",73,0
opt,"[0, 6, 7, 5, 1, 4, 3, 2]",74,0
opt,"[0, 6, 7, 5, 1, 4, 3, 2]",75,1
opt,"[0, 6, 7, 5, 1, 4, 3, 2]",76,0
opt,"[0, 6, 7, 5, 1, 4, 3, 2]",77,0
opt,"[0, 6, 7, 5, 1, 4, 3, 2]",78,0
opt,"[0, 6, 7, 5, 1, 4, 3, 2]",79,1
opt,"[0, 6, 7, 5, 1, 4, 3, 2]",80,1
opt,"[0, 6, 7, 5, 1, 4, 3, 2]",81,0
opt,"[0, 6, 7, 5, 1, 4, 3, 2]",82,0
opt,"[0, 6, 7, 5, 1, 4, 3, 2]",83,0
opt,"[0, 6, 7, 5, 1, 4, 3, 2]",84,1
opt,"[0, 6, 7, 5, 1, 4, 3, 2]",85,0
opt,"[0, 6, 7, 5, 1, 4, 3, 2]",86,0
opt,"[0, 6, 7, 5, 1, 4, 3, 2]",87,1
opt,"[0, 6, 7, 5, 1, 4, 3, 2]",88,1
opt,"[0, 6, 7, 5, 1, 4, 3, 2]",89,0
opt,"[0, 6, 7, 5, 1, 4, 3, 2]",90,0
opt,"[0, 6, 7, 5, 1, 4, 3, 2]",91,0
opt,"[0, 6, 7, 5, 1, 4, 3, 2]",92,0
opt,"[0, 6, 7, 5, 1, 4, 3, 2]",93,0
opt,"[0, 6, 7, 5, 1, 4, 3, 2]",94,1
opt,"[0, 6, 7, 5, 1, 4, 3, 2]",95,1
opt,"[0, 6, 7, 5, 1, 4, 3, 2]",96,0
opt,"[0, 6, 7, 5, 1, 4, 3, 2]",97,1
opt,"[0, 6, 7, 5, 1, 4, 3, 2]",98,1
opt,"[0, 6, 7, 5, 1, 4, 3, 2]",99,1
opt,"[5, 1, 3, 4, 6, 7, 0, 2]",60,0
opt,"[5, 1, 3, 4, 6, 7, 0, 2]",61,1
opt,"[5, 1, 3, 4, 6, 7, 0, 2]",62,0
opt,"[5, 1, 3, 4, 6, 7, 0, 2]",63,0
opt,"[5, 1, 3, 4, 6, 7, 0, 2]",64,0
opt,"[5, 1, 3, 4, 6, 7, 0, 2]",65,0
opt,"[5, 1, 3, 4, 6, 7, 0, 2]",66,1
opt,"[5, 1, 3, 4, 6, 7, 0, 2]",67,1
opt,"[5, 1, 3, 4, 6, 7, 0, 2]",68,1
opt,"[5, 1, 3, 4, 6, 7, 0, 2]",69,0
opt,"[5, 1, 3, 4, 6, 7, 0, 2]",70,0
opt,"[5, 1, 3, 4, 6, 7, 0, 2]",71,1
opt,"[5, 1, 3, 4, 6, 7, 0, 2]",72,0
opt,"[5, 1, 3, 4, 6, 7, 0, 2]",73,0
opt,"[5, 1, 3, 4, 6, 7, 0, 2]",74,0
opt,"[5, 1, 3, 4, 6, 7, 0, 2]",75,0
opt,"[5, 1, 3, 4, 6, 7, 0, 2]",76,0
opt,"[5, 1, 3, 4, 6, 7, 0, 2]",77,0
opt,"[5, 1, 3, 4, 6, 7, 0, 2]",78,0
opt,"[5, 1, 3, 4, 6, 7, 0, 2]",79,1
opt,"[5, 1, 3, 4, 6, 7, 0, 2]",80,0
opt,"[5, 1, 3, 4, 6, 7, 0, 2]",81,0
opt,"[5, 1, 3, 4, 6, 7, 0, 2]",82,0
opt,"[5, 1, 3, 4, 6, 7, 0, 2]",83,0
opt,"[5, 1, 3, 4, 6, 7, 0, 2]",84,1
opt,"[5, 1, 3, 4, 6, 7, 0, 2]",85,0
opt,"[5, 1, 3, 4, 6, 7, 0, 2]",86,0
opt,"[5, 1, 3, 4, 6, 7, 0, 2]",87,1
opt,"[5, 1, 3, 4, 6, 7, 0, 2]",88,1
opt,"[5, 1, 3, 4, 6, 7, 0, 2]",89,0
opt,"[5, 1, 3, 4, 6, 7, 0, 2]",90,0
opt,"[5, 1, 3, 4, 6, 7, 0, 2]",91,0
opt,"[5, 1, 3, 4, 6, 7, 0, 2]",92,0
opt,"[5, 1, 3, 4, 6, 7, 0, 2]",93,0
opt,"[5, 1, 3, 4, 6, 7, 0, 2]",94,1
opt,"[5, 1, 3, 4, 6, 7, 0, 2]",95,1
opt,"[5, 1, 3, 4, 6, 7, 0, 2]",96,0
opt,"[5, 1, 3, 4, 6, 7, 0, 2]",97,0
opt,"[5, 1, 3, 4, 6, 7, 0, 2]",98,1
opt,"[5, 1, 3, 4, 6, 7, 0, 2]",99,1
opt,"[1, 6, 4, 3, 0, 7, 2, 5]",60,0
opt,"[1, 6, 4, 3, 0, 7, 2, 5]",61,1
opt,"[1, 6, 4, 3, 0, 7, 2, 5]",62,0
opt,"[1, 6, 4, 3, 0, 7, 2, 5]",63,1
opt,"[1, 6, 4, 3, 0, 7, 2, 5]",64,1
opt,"[1, 6, 4, 3, 0, 7, 2, 5]",65,0
opt,"[1, 6, 4, 3, 0, 7, 2, 5]",66,1
opt,"[1, 6, 4, 3, 0, 7, 2, 5]",67,0
opt,"[1, 6, 4, 3, 0, 7, 2, 5]",68,1
opt,"[1, 6, 4, 3, 0, 7, 2, 5]",69,0
opt,"[1, 6, 4, 3, 0, 7, 2, 5]",70,1
opt,"[1, 6, 4, 3, 0, 7, 2, 5]",71,1
opt,"[1, 6, 4, 3, 0, 7, 2, 5]",72,0
opt,"[1, 6, 4, 3, 0, 7, 2, 5]",73,0
opt,"[1, 6, 4, 3, 0, 7, 2, 5]",74,0
opt,"[1, 6, 4, 3, 0, 7, 2, 5]",75,0
opt,"[1, 6, 4, 3, 0, 7, 2, 5]",76,0
opt,"[1, 6, 4, 3, 0, 7, 2, 5]",77,0
opt,"[1, 6, 4, 3, 0, 7, 2, 5]",78,0
opt,"[1, 6, 4, 3, 0, 7, 2, 5]",79,0
opt,"[1, 6, 4, 3, 0, 7, 2, 5]",80,1
opt,"[1, 6, 4, 3, 0, 7, 2, 5]",81,0
opt,"[1, 6, 4, 3, 0, 7, 2, 5]",82,1
opt,"[1, 6, 4, 3, 0, 7, 2, 5]",83,0
opt,"[1, 6, 4, 3, 0, 7, 2, 5]",84,0
opt,"[1, 6, 4, 3, 0, 7, 2, 5]",85,0
opt,"[1, 6, 4, 3, 0, 7, 2, 5]",86,0
opt,"[1, 6, 4, 3, 0, 7, 2, 5]",87,1
opt,"[1, 6, 4, 3, 0, 7, 2, 5]",88,1
opt,"[1, 6, 4, 3, 0, 7, 2, 5]",89,0
opt,"[1, 6, 4, 3, 0, 7, 2, 5]",90,0
opt,"[1, 6, 4, 3, 0, 7, 2, 5]",91,0
opt,"[1, 6, 4, 3, 0, 7, 2, 5]",92,0
opt,"[1, 6, 4, 3, 0, 7, 2, 5]",93,0
opt,"[1, 6, 4, 3, 0, 7, 2, 5]",94,1
opt,"[1, 6, 4, 3, 0, 7, 2, 5]",95,1
opt,"[1, 6, 4, 3, 0, 7, 2, 5]",96,1
opt,"[1, 6, 4, 3, 0, 7, 2, 5]",97,0
opt,"[1, 6, 4, 3, 0, 7, 2, 5]",98,1
opt,"[1, 6, 4, 3, 0, 7, 2, 5]",99,1
opt,"[4, 6, 5, 1, 3, 7, 0, 2]",60,0
opt,"[4, 6, 5, 1, 3, 7, 0, 2]",61,1
opt,"[4, 6, 5, 1, 3, 7, 0, 2]",62,0
opt,"[4, 6, 5, 1, 3, 7, 0, 2]",63,0
opt,"[4, 6, 5, 1, 3, 7, 0, 2]",64,0
opt,"[4, 6, 5, 1, 3, 7, 0, 2]",65,0
opt,"[4, 6, 5, 1, 3, 7, 0, 2]",66,0
opt,"[4, 6, 5, 1, 3, 7, 0, 2]",67,1
opt,"[4, 6, 5, 1, 3, 7, 0, 2]",68,1
opt,"[4, 6, 5, 1, 3, 7, 0, 2]",69,0
opt,"[4, 6, 5, 1, 3, 7, 0, 2]",70,1
opt,"[4, 6, 5, 1, 3, 7, 0, 2]",71,1
opt,"[4, 6, 5, 1, 3, 7, 0, 2]",72,0
opt,"[4, 6, 5, 1, 3, 7, 0, 2]",73,0
opt,"[4, 6, 5, 1, 3, 7, 0, 2]",74,0
opt,"[4, 6, 5, 1, 3, 7, 0, 2]",75,1
opt,"[4, 6, 5, 1, 3, 7, 0, 2]",76,0
opt,"[4, 6, 5, 1, 3, 7, 0, 2]",77,0
opt,"[4, 6, 5, 1, 3, 7, 0, 2]",78,0
opt,"[4, 6, 5, 1, 3, 7, 0, 2]",79,0
opt,"[4, 6, 5, 1, 3, 7, 0, 2]",80,1
opt,"[4, 6, 5, 1, 3, 7, 0, 2]",81,0
opt,"[4, 6, 5, 1, 3, 7, 0, 2]",82,0
opt,"[4, 6, 5, 1, 3, 7, 0, 2]",83,0
opt,"[4, 6, 5, 1, 3, 7, 0, 2]",84,0
opt,"[4, 6, 5, 1, 3, 7, 0, 2]",85,0
opt,"[4, 6, 5, 1, 3, 7, 0, 2]",86,0
opt,"[4, 6, 5, 1, 3, 7, 0, 2]",87,1
opt,"[4, 6, 5, 1, 3, 7, 0, 2]",88,1
opt,"[4, 6, 5, 1, 3, 7, 0, 2]",89,0
opt,"[4, 6, 5, 1, 3, 7, 0, 2]",90,0
opt,"[4, 6, 5, 1, 3, 7, 0, 2]",91,0
opt,"[4, 6, 5, 1, 3, 7, 0, 2]",92,0
opt,"[4, 6, 5, 1, 3, 7, 0, 2]",93,0
opt,"[4, 6, 5, 1, 3, 7, 0, 2]",94,1
opt,"[4, 6, 5, 1, 3, 7, 0, 2]",95,1
opt,"[4, 6, 5, 1, 3, 7, 0, 2]",96,0
opt,"[4, 6, 5, 1, 3, 7, 0, 2]",97,1
opt,"[4, 6, 5, 1, 3, 7, 0, 2]",98,1
opt,"[4, 6, 5, 1, 3, 7, 0, 2]",99,1
opt,"[3, 0, 1, 2, 7, 4, 5, 6]",60,0
opt,"[3, 0, 1, 2, 7, 4, 5, 6]",61,1
opt,"[3, 0, 1, 2, 7, 4, 5, 6]",62,0
opt,"[3, 0, 1, 2, 7, 4, 5, 6]",63,0
opt,"[3, 0, 1, 2, 7, 4, 5, 6]",64,1
opt,"[3, 0, 1, 2, 7, 4, 5, 6]",65,0
opt,"[3, 0, 1, 2, 7, 4, 5, 6]",66,1
opt,"[3, 0, 1, 2, 7, 4, 5, 6]",67,1
opt,"[3, 0, 1, 2, 7, 4, 5, 6]",68,1
opt,"[3, 0, 1, 2, 7, 4, 5, 6]",69,0
opt,"[3, 0, 1, 2, 7, 4, 5, 6]",70,1
opt,"[3, 0, 1, 2, 7, 4, 5, 6]",71,1
opt,"[3, 0, 1, 2, 7, 4, 5, 6]",72,0
opt,"[3, 0, 1, 2, 7, 4, 5, 6]",73,0
opt,"[3, 0, 1, 2, 7, 4, 5, 6]",74,0
opt,"[3, 0, 1, 2, 7, 4, 5, 6]",75,0
opt,"[3, 0, 1, 2, 7, 4, 5, 6]",76,0
opt,"[3, 0, 1, 2, 7, 4, 5, 6]",77,0
opt,"[3, 0, 1, 2, 7, 4, 5, 6]",78,0
opt,"[3, 0, 1, 2, 7, 4, 5, 6]",79,0
opt,"[3, 0, 1, 2, 7, 4, 5, 6]",80,0
opt,"[3, 0, 1, 2, 7, 4, 5, 6]",81,1
opt,"[3, 0, 1, 2, 7, 4, 5, 6]",82,1
opt,"[3, 0, 1, 2, 7, 4, 5, 6]",83,0
opt,"[3, 0, 1, 2, 7, 4, 5, 6]",84,1
opt,"[3, 0, 1, 2, 7, 4, 5, 6]",85,0
opt,"[3, 0, 1, 2, 7, 4, 5, 6]",86,0
opt,"[3, 0, 1, 2, 7, 4, 5, 6]",87,1
opt,"[3, 0, 1, 2, 7, 4, 5, 6]",88,1
opt,"[3, 0, 1, 2, 7, 4, 5, 6]",89,0
opt,"[3, 0, 1, 2, 7, 4, 5, 6]",90,0
opt,"[3, 0, 1, 2, 7, 4, 5, 6]",91,0
opt,"[3, 0, 1, 2, 7, 4, 5, 6]",92,0
opt,"[3, 0, 1, 2, 7, 4, 5, 6]",93,1
opt,"[3, 0, 1, 2, 7, 4, 5, 6]",94,1
opt,"[3, 0, 1, 2, 7, 4, 5, 6]",95,1
opt,"[3, 0, 1, 2, 7, 4, 5, 6]",96,1
opt,"[3, 0, 1, 2, 7, 4, 5, 6]",97,0
opt,"[3, 0, 1, 2, 7, 4, 5, 6]",98,1
opt,"[3, 0, 1, 2, 7, 4, 5, 6]",99,0
opt,"[5, 7, 4, 0, 2, 3, 6, 1]",60,0
opt,"[5, 7, 4, 0, 2, 3, 6, 1]",61,0
opt,"[5, 7, 4, 0, 2, 3, 6, 1]",62,1
opt,"[5, 7, 4, 0, 2, 3, 6, 1]",63,0
opt,"[5, 7, 4, 0, 2, 3, 6, 1]",64,0
opt,"[5, 7, 4, 0, 2, 3, 6, 1]",65,0
opt,"[5, 7, 4, 0, 2, 3, 6, 1]",66,0
opt,"[5, 7, 4, 0, 2, 3, 6, 1]",67,0
opt,"[5, 7, 4, 0, 2, 3, 6, 1]",68,0
opt,"[5, 7, 4, 0, 2, 3, 6, 1]",69,0
opt,"[5, 7, 4, 0, 2, 3, 6, 1]",70,1
opt,"[5, 7, 4, 0, 2, 3, 6, 1]",71,1
opt,"[5, 7, 4, 0, 2, 3, 6, 1]",72,0
opt,"[5, 7, 4, 0, 2, 3, 6, 1]",73,0
opt,"[5, 7, 4, 0, 2, 3, 6, 1]",74,0
opt,"[5, 7, 4, 0, 2, 3, 6, 1]",75,0
opt,"[5, 7, 4, 0, 2, 3, 6, 1]",76,0
opt,"[5, 7, 4, 0, 2, 3, 6, 1]",77,1
opt,"[5, 7, 4, 0, 2, 3, 6, 1]",78,0
opt,"[5, 7, 4, 0, 2, 3, 6, 1]",79,1
opt,"[5, 7, 4, 0, 2, 3, 6, 1]",80,1
opt,"[5, 7, 4, 0, 2, 3, 6, 1]",81,0
opt,"[5, 7, 4, 0, 2, 3, 6, 1]",82,1
opt,"[5, 7, 4, 0, 2, 3, 6, 1]",83,0
opt,"[5, 7, 4, 0, 2, 3, 6, 1]",84,1
opt,"[5, 7, 4, 0, 2, 3, 6, 1]",85,1
opt,"[5, 7, 4, 0, 2, 3, 6, 1]",86,0
opt,"[5, 7, 4, 0, 2, 3, 6, 1]",87,1
opt,"[5, 7, 4, 0, 2, 3, 6, 1]",88,1
opt,"[5, 7, 4, 0, 2, 3, 6, 1]",89,0
opt,"[5, 7, 4, 0, 2, 3, 6, 1]",90,0
opt,"[5, 7, 4, 0, 2, 3, 6, 1]",91,0
opt,"[5, 7, 4, 0, 2, 3, 6, 1]",92,0
opt,"[5, 7, 4, 0, 2, 3, 6, 1]",93,0
opt,"[5, 7, 4, 0, 2, 3, 6, 1]",94,0
opt,"[5, 7, 4, 0, 2, 3, 6, 1]",95,1
opt,"[5, 7, 4, 0, 2, 3, 6, 1]",96,0
opt,"[5, 7, 4, 0, 2, 3, 6, 1]",97,1
opt,"[5, 7, 4, 0, 2, 3, 6, 1]",98,1
opt,"[5, 7, 4, 0, 2, 3, 6, 1]",99,1
opt,"[0, 6, 5, 7, 1, 2, 3, 4]",60,0
opt,"[0, 6, 5, 7, 1, 2, 3, 4]",61,1
opt,"[0, 6, 5, 7, 1, 2, 3, 4]",62,1
opt,"[0, 6, 5, 7, 1, 2, 3, 4]",63,0
opt,"[0, 6, 5, 7, 1, 2, 3, 4]",64,1
opt,"[0, 6, 5, 7, 1, 2, 3, 4]",65,0
opt,"[0, 6, 5, 7, 1, 2, 3, 4]",66,0
opt,"[0, 6, 5, 7, 1, 2, 3, 4]",67,0
opt,"[0, 6, 5, 7, 1, 2, 3, 4]",68,0
opt,"[0, 6, 5, 7, 1, 2, 3, 4]",69,0
opt,"[0, 6, 5, 7, 1, 2, 3, 4]",70,1
opt,"[0, 6, 5, 7, 1, 2, 3, 4]",71,1
opt,"[0, 6, 5, 7, 1, 2, 3, 4]",72,0
opt,"[0, 6, 5, 7, 1, 2, 3, 4]",73,0
opt,"[0, 6, 5, 7, 1, 2, 3, 4]",74,0
opt,"[0, 6, 5, 7, 1, 2, 3, 4]",75,1
opt,"[0, 6, 5, 7, 1, 2, 3, 4]",76,0
opt,"[0, 6, 5, 7, 1, 2, 3, 4]",77,0
opt,"[0, 6, 5, 7, 1, 2, 3, 4]",78,0
opt,"[0, 6, 5, 7, 1, 2, 3, 4]",79,1
opt,"[0, 6, 5, 7, 1, 2, 3, 4]",80,0
opt,"[0, 6, 5, 7, 1, 2, 3, 4]",81,0
opt,"[0, 6, 5, 7, 1, 2, 3, 4]",82,1
opt,"[0, 6, 5, 7, 1, 2, 3, 4]",83,0
opt,"[0, 6, 5, 7, 1, 2, 3, 4]",84,1
opt,"[0, 6, 5, 7, 1, 2, 3, 4]",85,0
opt,"[0, 6, 5, 7, 1, 2, 3, 4]",86,0
opt,"[0, 6, 5, 7, 1, 2, 3, 4]",87,1
opt,"[0, 6, 5, 7, 1, 2, 3, 4]",88,1
opt,"[0, 6, 5, 7, 1, 2, 3, 4]",89,0
opt,"[0, 6, 5, 7, 1, 2, 3, 4]",90,0
opt,"[0, 6, 5, 7, 1, 2, 3, 4]",91,0
opt,"[0, 6, 5, 7, 1, 2, 3, 4]",92,0
opt,"[0, 6, 5, 7, 1, 2, 3, 4]",93,0
opt,"[0, 6, 5, 7, 1, 2, 3, 4]",94,0
opt,"[0, 6, 5, 7, 1, 2, 3, 4]",95,1
opt,"[0, 6, 5, 7, 1, 2, 3, 4]",96,1
opt,"[0, 6, 5, 7, 1, 2, 3, 4]",97,0
opt,"[0, 6, 5, 7, 1, 2, 3, 4]",98,1
opt,"[0, 6, 5, 7, 1, 2, 3, 4]",99,1
opt,"[2, 1, 4, 3, 5, 0, 7, 6]",60,0
opt,"[2, 1, 4, 3, 5, 0, 7, 6]",61,0
opt,"[2, 1, 4, 3, 5, 0, 7, 6]",62,0
opt,"[2, 1, 4, 3, 5, 0, 7, 6]",63,0
opt,"[2, 1, 4, 3, 5, 0, 7, 6]",64,1
opt,"[2, 1, 4, 3, 5, 0, 7, 6]",65,0
opt,"[2, 1, 4, 3, 5, 0, 7, 6]",66,1
opt,"[2, 1, 4, 3, 5, 0, 7, 6]",67,0
opt,"[2, 1, 4, 3, 5, 0, 7, 6]",68,1
opt,"[2, 1, 4, 3, 5, 0, 7, 6]",69,0
opt,"[2, 1, 4, 3, 5, 0, 7, 6]",70,0
opt,"[2, 1, 4, 3, 5, 0, 7, 6]",71,1
opt,"[2, 1, 4, 3, 5, 0, 7, 6]",72,0
opt,"[2, 1, 4, 3, 5, 0, 7, 6]",73,0
opt,"[2, 1, 4, 3, 5, 0, 7, 6]",74,0
opt,"[2, 1, 4, 3, 5, 0, 7, 6]",75,0
opt,"[2, 1, 4, 3, 5, 0, 7, 6]",76,1
opt,"[2, 1, 4, 3, 5, 0, 7, 6]",77,0
opt,"[2, 1, 4, 3, 5, 0, 7, 6]",78,0
opt,"[2, 1, 4, 3, 5, 0, 7, 6]",79,0
opt,"[2, 1, 4, 3, 5, 0, 7, 6]",80,1
opt,"[2, 1, 4, 3, 5, 0, 7, 6]",81,0
opt,"[2, 1, 4, 3, 5, 0, 7, 6]",82,1
opt,"[2, 1, 4, 3, 5, 0, 7, 6]",83,0
opt,"[2, 1, 4, 3, 5, 0, 7, 6]",84,1
opt,"[2, 1, 4, 3, 5, 0, 7, 6]",85,0
opt,"[2, 1, 4, 3, 5, 0, 7, 6]",86,0
opt,"[2, 1, 4, 3, 5, 0, 7, 6]",87,1
opt,"[2, 1, 4, 3, 5, 0, 7, 6]",88,1
opt,"[2, 1, 4, 3, 5, 0, 7, 6]",89,0
opt,"[2, 1, 4, 3, 5, 0, 7, 6]",90,0
opt,"[2, 1, 4, 3, 5, 0, 7, 6]",91,0
opt,"[2, 1, 4, 3, 5, 0, 7, 6]",92,0
opt,"[2, 1, 4, 3, 5, 0, 7, 6]",93,0
opt,"[2, 1, 4, 3, 5, 0, 7, 6]",94,1
opt,"[2, 1, 4, 3, 5, 0, 7, 6]",95,1
opt,"[2, 1, 4, 3, 5, 0, 7, 6]",96,0
opt,"[2, 1, 4, 3, 5, 0, 7, 6]",97,0
opt,"[2, 1, 4, 3, 5, 0, 7, 6]",98,1
opt,"[2, 1, 4, 3, 5, 0, 7, 6]",99,1
opt,"[6, 1, 0, 4, 5, 7, 3, 2]",60,0
opt,"[6, 1, 0, 4, 5, 7, 3, 2]",61,1
opt,"[6, 1, 0, 4, 5, 7, 3, 2]",62,0
opt,"[6, 1, 0, 4, 5, 7, 3, 2]",63,1
opt,"[6, 1, 0, 4, 5, 7, 3, 2]",64,1
opt,"[6, 1, 0, 4, 5, 7, 3, 2]",65,1
opt,"[6, 1, 0, 4, 5, 7, 3, 2]",66,1
opt,"[6, 1, 0, 4, 5, 7, 3, 2]",67,1
opt,"[6, 1, 0, 4, 5, 7, 3, 2]",68,1
opt,"[6, 1, 0, 4, 5, 7, 3, 2]",69,0
opt,"[6, 1, 0, 4, 5, 7, 3, 2]",70,1
opt,"[6, 1, 0, 4, 5, 7, 3, 2]",71,1
opt,"[6, 1, 0, 4, 5, 7, 3, 2]",72,1
opt,"[6, 1, 0, 4, 5, 7, 3, 2]",73,0
opt,"[6, 1, 0, 4, 5, 7, 3, 2]",74,0
opt,"[6, 1, 0, 4, 5, 7, 3, 2]",75,1
opt,"[6, 1, 0, 4, 5, 7, 3, 2]",76,0
opt,"[6, 1, 0, 4, 5, 7, 3, 2]",77,0
opt,"[6, 1, 0, 4, 5, 7, 3, 2]",78,0
opt,"[6, 1, 0, 4, 5, 7, 3, 2]",79,1
opt,"[6, 1, 0, 4, 5, 7, 3, 2]",80,1
opt,"[6, 1, 0, 4, 5, 7, 3, 2]",81,0
opt,"[6, 1, 0, 4, 5, 7, 3, 2]",82,1
opt,"[6, 1, 0, 4, 5, 7, 3, 2]",83,0
opt,"[6, 1, 0, 4, 5, 7, 3, 2]",84,1
opt,"[6, 1, 0, 4, 5, 7, 3, 2]",85,0
opt,"[6, 1, 0, 4, 5, 7, 3, 2]",86,0
opt,"[6, 1, 0, 4, 5, 7, 3, 2]",87,1
opt,"[6, 1, 0, 4, 5, 7, 3, 2]",88,1
opt,"[6, 1, 0, 4, 5, 7, 3, 2]",89,0
opt,"[6, 1, 0, 4, 5, 7, 3, 2]",90,0
opt,"[6, 1, 0, 4, 5, 7, 3, 2]",91,0
opt,"[6, 1, 0, 4, 5, 7, 3, 2]",92,0
opt,"[6, 1, 0, 4, 5, 7, 3, 2]",93,1
opt,"[6, 1, 0, 4, 5, 7, 3, 2]",94,1
opt,"[6, 1, 0, 4, 5, 7, 3, 2]",95,1
opt,"[6, 1, 0, 4, 5, 7, 3, 2]",96,1
opt,"[6, 1, 0, 4, 5, 7, 3, 2]",97,1
opt,"[6, 1, 0, 4, 5, 7, 3, 2]",98,1
opt,"[6, 1, 0, 4, 5, 7, 3, 2]",99,1
opt,"[6, 7, 0, 3, 5, 4, 2, 1]",60,0
opt,"[6, 7, 0, 3, 5, 4, 2, 1]",61,1
opt,"[6, 7, 0, 3, 5, 4, 2, 1]",62,0
opt,"[6, 7, 0, 3, 5, 4, 2, 1]",63,1
opt,"[6, 7, 0, 3, 5, 4, 2, 1]",64,1
opt,"[6, 7, 0, 3, 5, 4, 2, 1]",65,1
opt,"[6, 7, 0, 3, 5, 4, 2, 1]",66,0
opt,"[6, 7, 0, 3, 5, 4, 2, 1]",67,0
opt,"[6, 7, 0, 3, 5, 4, 2, 1]",68,0
opt,"[6, 7, 0, 3, 5, 4, 2, 1]",69,0
opt,"[6, 7, 0, 3, 5, 4, 2, 1]",70,1
opt,"[6, 7, 0, 3, 5, 4, 2, 1]",71,0
opt,"[6, 7, 0, 3, 5, 4, 2, 1]",72,0
opt,"[6, 7, 0, 3, 5, 4, 2, 1]",73,0
opt,"[6, 7, 0, 3, 5, 4, 2, 1]",74,0
opt,"[6, 7, 0, 3, 5, 4, 2, 1]",75,0
opt,"[6, 7, 0, 3, 5, 4, 2, 1]",76,0
opt,"[6, 7, 0, 3, 5, 4, 2, 1]",77,0
opt,"[6, 7, 0, 3, 5, 4, 2, 1]",78,0
opt,"[6, 7, 0, 3, 5, 4, 2, 1]",79,0
opt,"[6, 7, 0, 3, 5, 4, 2, 1]",80,0
opt,"[6, 7, 0, 3, 5, 4, 2, 1]",81,1
opt,"[6, 7, 0, 3, 5, 4, 2, 1]",82,0
opt,"[6, 7, 0, 3, 5, 4, 2, 1]",83,0
opt,"[6, 7, 0, 3, 5, 4, 2, 1]",84,1
opt,"[6, 7, 0, 3, 5, 4, 2, 1]",85,0
opt,"[6, 7, 0, 3, 5, 4, 2, 1]",86,0
opt,"[6, 7, 0, 3, 5, 4, 2, 1]",87,0
opt,"[6, 7, 0, 3, 5, 4, 2, 1]",88,1
opt,"[6, 7, 0, 3, 5, 4, 2, 1]",89,0
opt,"[6, 7, 0, 3, 5, 4, 2, 1]",90,0
opt,"[6, 7, 0, 3, 5, 4, 2, 1]",91,0
opt,"[6, 7, 0, 3, 5, 4, 2, 1]",92,0
opt,"[6, 7, 0, 3, 5, 4, 2, 1]",93,1
opt,"[6, 7, 0, 3, 5, 4, 2, 1]",94,1
opt,"[6, 7, 0, 3, 5, 4, 2, 1]",95,1
opt,"[6, 7, 0, 3, 5, 4, 2, 1]",96,0
opt,"[6, 7, 0, 3, 5, 4, 2, 1]",97,1
opt,"[6, 7, 0, 3, 5, 4, 2, 1]",98,1
opt,"[6, 7, 0, 3, 5, 4, 2, 1]",99,1
opt,"[0, 2, 1, 5, 6, 3, 4, 7]",60,0
opt,"[0, 2, 1, 5, 6, 3, 4, 7]",61,1
opt,"[0, 2, 1, 5, 6, 3, 4, 7]",62,0
opt,"[0, 2, 1, 5, 6, 3, 4, 7]",63,0
opt,"[0, 2, 1, 5, 6, 3, 4, 7]",64,1
opt,"[0, 2, 1, 5, 6, 3, 4, 7]",65,0
opt,"[0, 2, 1, 5, 6, 3, 4, 7]",66,1
opt,"[0, 2, 1, 5, 6, 3, 4, 7]",67,1
opt,"[0, 2, 1, 5, 6, 3, 4, 7]",68,0
opt,"[0, 2, 1, 5, 6, 3, 4, 7]",69,0
opt,"[0, 2, 1, 5, 6, 3, 4, 7]",70,1
opt,"[0, 2, 1, 5, 6, 3, 4, 7]",71,1
opt,"[0, 2, 1, 5, 6, 3, 4, 7]",72,0
opt,"[0, 2, 1, 5, 6, 3, 4, 7]",73,0
opt,"[0, 2, 1, 5, 6, 3, 4, 7]",74,0
opt,"[0, 2, 1, 5, 6, 3, 4, 7]",75,1
opt,"[0, 2, 1, 5, 6, 3, 4, 7]",76,1
opt,"[0, 2, 1, 5, 6, 3, 4, 7]",77,0
opt,"[0, 2, 1, 5, 6, 3, 4, 7]",78,0
opt,"[0, 2, 1, 5, 6, 3, 4, 7]",79,0
opt,"[0, 2, 1, 5, 6, 3, 4, 7]",80,1
opt,"[0, 2, 1, 5, 6, 3, 4, 7]",81,1
opt,"[0, 2, 1, 5, 6, 3, 4, 7]",82,0
opt,"[0, 2, 1, 5, 6, 3, 4, 7]",83,0
opt,"[0, 2, 1, 5, 6, 3, 4, 7]",84,1
opt,"[0, 2, 1, 5, 6, 3, 4, 7]",85,0
opt,"[0, 2, 1, 5, 6, 3, 4, 7]",86,0
opt,"[0, 2, 1, 5, 6, 3, 4, 7]",87,1
opt,"[0, 2, 1, 5, 6, 3, 4, 7]",88,1
opt,"[0, 2, 1, 5, 6, 3, 4, 7]",89,0
opt,"[0, 2, 1, 5, 6, 3, 4, 7]",90,0
opt,"[0, 2, 1, 5, 6, 3, 4, 7]",91,0
opt,"[0, 2, 1, 5, 6, 3, 4, 7]",92,0
opt,"[0, 2, 1, 5, 6, 3, 4, 7]",93,1
opt,"[0, 2, 1, 5, 6, 3, 4, 7]",94,0
opt,"[0, 2, 1, 5, 6, 3, 4, 7]",95,1
opt,"[0, 2, 1, 5, 6, 3, 4, 7]",96,0
opt,"[0, 2, 1, 5, 6, 3, 4, 7]",97,1
opt,"[0, 2, 1, 5, 6, 3, 4, 7]",98,1
opt,"[0, 2, 1, 5, 6, 3, 4, 7]",99,1
opt,"[5, 1, 3, 4, 7, 6, 0, 2]",60,0
opt,"[5, 1, 3, 4, 7, 6, 0, 2]",61,0
opt,"[5, 1, 3, 4, 7, 6, 0, 2]",62,0
opt,"[5, 1, 3, 4, 7, 6, 0, 2]",63,1
opt,"[5, 1, 3, 4, 7, 6, 0, 2]",64,0
opt,"[5, 1, 3, 4, 7, 6, 0, 2]",65,0
opt,"[5, 1, 3, 4, 7, 6, 0, 2]",66,1
opt,"[5, 1, 3, 4, 7, 6, 0, 2]",67,0
opt,"[5, 1, 3, 4, 7, 6, 0, 2]",68,1
opt,"[5, 1, 3, 4, 7, 6, 0, 2]",69,1
opt,"[5, 1, 3, 4, 7, 6, 0, 2]",70,1
opt,"[5, 1, 3, 4, 7, 6, 0, 2]",71,1
opt,"[5, 1, 3, 4, 7, 6, 0, 2]",72,0
opt,"[5, 1, 3, 4, 7, 6, 0, 2]",73,0
opt,"[5, 1, 3, 4, 7, 6, 0, 2]",74,0
opt,"[5, 1, 3, 4, 7, 6, 0, 2]",75,1
opt,"[5, 1, 3, 4, 7, 6, 0, 2]",76,0
opt,"[5, 1, 3, 4, 7, 6, 0, 2]",77,0
opt,"[5, 1, 3, 4, 7, 6, 0, 2]",78,0
opt,"[5, 1, 3, 4, 7, 6, 0, 2]",79,1
opt,"[5, 1, 3, 4, 7, 6, 0, 2]",80,0
opt,"[5, 1, 3, 4, 7, 6, 0, 2]",81,0
opt,"[5, 1, 3, 4, 7, 6, 0, 2]",82,1
opt,"[5, 1, 3, 4, 7, 6, 0, 2]",83,0
opt,"[5, 1, 3, 4, 7, 6, 0, 2]",84,1
opt,"[5, 1, 3, 4, 7, 6, 0, 2]",85,1
opt,"[5, 1, 3, 4, 7, 6, 0, 2]",86,0
opt,"[5, 1, 3, 4, 7, 6, 0, 2]",87,1
opt,"[5, 1, 3, 4, 7, 6, 0, 2]",88,1
opt,"[5, 1, 3, 4, 7, 6, 0, 2]",89,0
opt,"[5, 1, 3, 4, 7, 6, 0, 2]",90,0
opt,"[5, 1, 3, 4, 7, 6, 0, 2]",91,0
opt,"[5, 1, 3, 4, 7, 6, 0, 2]",92,0
opt,"[5, 1, 3, 4, 7, 6, 0, 2]",93,0
opt,"[5, 1, 3, 4, 7, 6, 0, 2]",94,1
opt,"[5, 1, 3, 4, 7, 6, 0, 2]",95,1
opt,"[5, 1, 3, 4, 7, 6, 0, 2]",96,0
opt,"[5, 1, 3, 4, 7, 6, 0, 2]",97,0
opt,"[5, 1, 3, 4, 7, 6, 0, 2]",98,1
opt,"[5, 1, 3, 4, 7, 6, 0, 2]",99,1
opt,"[5, 3, 6, 0, 2, 7, 1, 4]",60,1
opt,"[5, 3, 6, 0, 2, 7, 1, 4]",61,1
opt,"[5, 3, 6, 0, 2, 7, 1, 4]",62,1
opt,"[5, 3, 6, 0, 2, 7, 1, 4]",63,1
opt,"[5, 3, 6, 0, 2, 7, 1, 4]",64,0
opt,"[5, 3, 6, 0, 2, 7, 1, 4]",65,0
opt,"[5, 3, 6, 0, 2, 7, 1, 4]",66,0
opt,"[5, 3, 6, 0, 2, 7, 1, 4]",67,1
opt,"[5, 3, 6, 0, 2, 7, 1, 4]",68,0
opt,"[5, 3, 6, 0, 2, 7, 1, 4]",69,0
opt,"[5, 3, 6, 0, 2, 7, 1, 4]",70,1
opt,"[5, 3, 6, 0, 2, 7, 1, 4]",71,0
opt,"[5, 3, 6, 0, 2, 7, 1, 4]",72,1
opt,"[5, 3, 6, 0, 2, 7, 1, 4]",73,0
opt,"[5, 3, 6, 0, 2, 7, 1, 4]",74,0
opt,"[5, 3, 6, 0, 2, 7, 1, 4]",75,0
opt,"[5, 3, 6, 0, 2, 7, 1, 4]",76,1
opt,"[5, 3, 6, 0, 2, 7, 1, 4]",77,0
opt,"[5, 3, 6, 0, 2, 7, 1, 4]",78,0
opt,"[5, 3, 6, 0, 2, 7, 1, 4]",79,1
opt,"[5, 3, 6, 0, 2, 7, 1, 4]",80,1
opt,"[5, 3, 6, 0, 2, 7, 1, 4]",81,0
opt,"[5, 3, 6, 0, 2, 7, 1, 4]",82,0
opt,"[5, 3, 6, 0, 2, 7, 1, 4]",83,0
opt,"[5, 3, 6, 0, 2, 7, 1, 4]",84,1
opt,"[5, 3, 6, 0, 2, 7, 1, 4]",85,0
opt,"[5, 3, 6, 0, 2, 7, 1, 4]",86,0
opt,"[5, 3, 6, 0, 2, 7, 1, 4]",87,1
opt,"[5, 3, 6, 0, 2, 7, 1, 4]",88,1
opt,"[5, 3, 6, 0, 2, 7, 1, 4]",89,1
opt,"[5, 3, 6, 0, 2, 7, 1, 4]",90,0
opt,"[5, 3, 6, 0, 2, 7, 1, 4]",91,0
opt,"[5, 3, 6, 0, 2, 7, 1, 4]",92,0
opt,"[5, 3, 6, 0, 2, 7, 1, 4]",93,1
opt,"[5, 3, 6, 0, 2, 7, 1, 4]",94,1
opt,"[5, 3, 6, 0, 2, 7, 1, 4]",95,1
opt,"[5, 3, 6, 0, 2, 7, 1, 4]",96,1
opt,"[5, 3, 6, 0, 2, 7, 1, 4]",97,0
opt,"[5, 3, 6, 0, 2, 7, 1, 4]",98,1
opt,"[5, 3, 6, 0, 2, 7, 1, 4]",99,1
opt,"[2, 5, 1, 4, 7, 6, 0, 3]",60,0
opt,"[2, 5, 1, 4, 7, 6, 0, 3]",61,1
opt,"[2, 5, 1, 4, 7, 6, 0, 3]",62,0
opt,"[2, 5, 1, 4, 7, 6, 0, 3]",63,1
opt,"[2, 5, 1, 4, 7, 6, 0, 3]",64,1
opt,"[2, 5, 1, 4, 7, 6, 0, 3]",65,0
opt,"[2, 5, 1, 4, 7, 6, 0, 3]",66,0
opt,"[2, 5, 1, 4, 7, 6, 0, 3]",67,0
opt,"[2, 5, 1, 4, 7, 6, 0, 3]",68,1
opt,"[2, 5, 1, 4, 7, 6, 0, 3]",69,0
opt,"[2, 5, 1, 4, 7, 6, 0, 3]",70,1
opt,"[2, 5, 1, 4, 7, 6, 0, 3]",71,1
opt,"[2, 5, 1, 4, 7, 6, 0, 3]",72,0
opt,"[2, 5, 1, 4, 7, 6, 0, 3]",73,0
opt,"[2, 5, 1, 4, 7, 6, 0, 3]",74,1
opt,"[2, 5, 1, 4, 7, 6, 0, 3]",75,1
opt,"[2, 5, 1, 4, 7, 6, 0, 3]",76,0
opt,"[2, 5, 1, 4, 7, 6, 0, 3]",77,0
opt,"[2, 5, 1, 4, 7, 6, 0, 3]",78,0
opt,"[2, 5, 1, 4, 7, 6, 0, 3]",79,1
opt,"[2, 5, 1, 4, 7, 6, 0, 3]",80,0
opt,"[2, 5, 1, 4, 7, 6, 0, 3]",81,0
opt,"[2, 5, 1, 4, 7, 6, 0, 3]",82,0
opt,"[2, 5, 1, 4, 7, 6, 0, 3]",83,0
opt,"[2, 5, 1, 4, 7, 6, 0, 3]",84,1
opt,"[2, 5, 1, 4, 7, 6, 0, 3]",85,1
opt,"[2, 5, 1, 4, 7, 6, 0, 3]",86,0
opt,"[2, 5, 1, 4, 7, 6, 0, 3]",87,1
opt,"[2, 5, 1, 4, 7, 6, 0, 3]",88,1
opt,"[2, 5, 1, 4, 7, 6, 0, 3]",89,0
opt,"[2, 5, 1, 4, 7, 6, 0, 3]",90,0
opt,"[2, 5, 1, 4, 7, 6, 0, 3]",91,0
opt,"[2, 5, 1, 4, 7, 6, 0, 3]",92,0
opt,"[2, 5, 1, 4, 7, 6, 0, 3]",93,1
opt,"[2, 5, 1, 4, 7, 6, 0, 3]",94,0
opt,"[2, 5, 1, 4, 7, 6, 0, 3]",95,1
opt,"[2, 5, 1, 4, 7, 6, 0, 3]",96,0
opt,"[2, 5, 1, 4, 7, 6, 0, 3]",97,0
opt,"[2, 5, 1, 4, 7, 6, 0, 3]",98,1
opt,"[2, 5, 1, 4, 7, 6, 0, 3]",99,1
opt,"[6, 2, 3, 0, 1, 5, 7, 4]",60,0
opt,"[6, 2, 3, 0, 1, 5, 7, 4]",61,1
opt,"[6, 2, 3, 0, 1, 5, 7, 4]",62,0
opt,"[6, 2, 3, 0, 1, 5, 7, 4]",63,0
opt,"[6, 2, 3, 0, 1, 5, 7, 4]",64,1
opt,"[6, 2, 3, 0, 1, 5, 7, 4]",65,0
opt,"[6, 2, 3, 0, 1, 5, 7, 4]",66,0
opt,"[6, 2, 3, 0, 1, 5, 7, 4]",67,1
opt,"[6, 2, 3, 0, 1, 5, 7, 4]",68,1
opt,"[6, 2, 3, 0, 1, 5, 7, 4]",69,0
opt,"[6, 2, 3, 0, 1, 5, 7, 4]",70,1
opt,"[6, 2, 3, 0, 1, 5, 7, 4]",71,1
opt,"[6, 2, 3, 0, 1, 5, 7, 4]",72,0
opt,"[6, 2, 3, 0, 1, 5, 7, 4]",73,0
opt,"[6, 2, 3, 0, 1, 5, 7, 4]",74,0
opt,"[6, 2, 3, 0, 1, 5, 7, 4]",75,0
opt,"[6, 2, 3, 0, 1, 5, 7, 4]",76,0
opt,"[6, 2, 3, 0, 1, 5, 7, 4]",77,0
opt,"[6, 2, 3, 0, 1, 5, 7, 4]",78,0
opt,"[6, 2, 3, 0, 1, 5, 7, 4]",79,1
opt,"[6, 2, 3, 0, 1, 5, 7, 4]",80,1
opt,"[6, 2, 3, 0, 1, 5, 7, 4]",81,1
opt,"[6, 2, 3, 0, 1, 5, 7, 4]",82,0
opt,"[6, 2, 3, 0, 1, 5, 7, 4]",83,0
opt,"[6, 2, 3, 0, 1, 5, 7, 4]",84,1
opt,"[6, 2, 3, 0, 1, 5, 7, 4]",85,1
opt,"[6, 2, 3, 0, 1, 5, 7, 4]",86,0
opt,"[6, 2, 3, 0, 1, 5, 7, 4]",87,1
opt,"[6, 2, 3, 0, 1, 5, 7, 4]",88,1
opt,"[6, 2, 3, 0, 1, 5, 7, 4]",89,0
opt,"[6, 2, 3, 0, 1, 5, 7, 4]",90,0
opt,"[6, 2, 3, 0, 1, 5, 7, 4]",91,0
opt,"[6, 2, 3, 0, 1, 5, 7, 4]",92,0
opt,"[6, 2, 3, 0, 1, 5, 7, 4]",93,1
opt,"[6, 2, 3, 0, 1, 5, 7, 4]",94,1
opt,"[6, 2, 3, 0, 1, 5, 7, 4]",95,1
opt,"[6, 2, 3, 0, 1, 5, 7, 4]",96,1
opt,"[6, 2, 3, 0, 1, 5, 7, 4]",97,0
opt,"[6, 2, 3, 0, 1, 5, 7, 4]",98,1
opt,"[6, 2, 3, 0, 1, 5, 7, 4]",99,0
opt,"[1, 0, 4, 7, 6, 5, 2, 3]",60,0
opt,"[1, 0, 4, 7, 6, 5, 2, 3]",61,1
opt,"[1, 0, 4, 7, 6, 5, 2, 3]",62,1
opt,"[1, 0, 4, 7, 6, 5, 2, 3]",63,1
opt,"[1, 0, 4, 7, 6, 5, 2, 3]",64,1
opt,"[1, 0, 4, 7, 6, 5, 2, 3]",65,0
opt,"[1, 0, 4, 7, 6, 5, 2, 3]",66,0
opt,"[1, 0, 4, 7, 6, 5, 2, 3]",67,1
opt,"[1, 0, 4, 7, 6, 5, 2, 3]",68,1
opt,"[1, 0, 4, 7, 6, 5, 2, 3]",69,0
opt,"[1, 0, 4, 7, 6, 5, 2, 3]",70,1
opt,"[1, 0, 4, 7, 6, 5, 2, 3]",71,1
opt,"[1, 0, 4, 7, 6, 5, 2, 3]",72,0
opt,"[1, 0, 4, 7, 6, 5, 2, 3]",73,0
opt,"[1, 0, 4, 7, 6, 5, 2, 3]",74,0
opt,"[1, 0, 4, 7, 6, 5, 2, 3]",75,0
opt,"[1, 0, 4, 7, 6, 5, 2, 3]",76,0
opt,"[1, 0, 4, 7, 6, 5, 2, 3]",77,0
opt,"[1, 0, 4, 7, 6, 5, 2, 3]",78,0
opt,"[1, 0, 4, 7, 6, 5, 2, 3]",79,1
opt,"[1, 0, 4, 7, 6, 5, 2, 3]",80,0
opt,"[1, 0, 4, 7, 6, 5, 2, 3]",81,1
opt,"[1, 0, 4, 7, 6, 5, 2, 3]",82,1
opt,"[1, 0, 4, 7, 6, 5, 2, 3]",83,0
opt,"[1, 0, 4, 7, 6, 5, 2, 3]",84,1
opt,"[1, 0, 4, 7, 6, 5, 2, 3]",85,0
opt,"[1, 0, 4, 7, 6, 5, 2, 3]",86,0
opt,"[1, 0, 4, 7, 6, 5, 2, 3]",87,1
opt,"[1, 0, 4, 7, 6, 5, 2, 3]",88,1
opt,"[1, 0, 4, 7, 6, 5, 2, 3]",89,0
opt,"[1, 0, 4, 7, 6, 5, 2, 3]",90,0
opt,"[1, 0, 4, 7, 6, 5, 2, 3]",91,0
opt,"[1, 0, 4, 7, 6, 5, 2, 3]",92,0
opt,"[1, 0, 4, 7, 6, 5, 2, 3]",93,1
opt,"[1, 0, 4, 7, 6, 5, 2, 3]",94,1
opt,"[1, 0, 4, 7, 6, 5, 2, 3]",95,1
opt,"[1, 0, 4, 7, 6, 5, 2, 3]",96,0
opt,"[1, 0, 4, 7, 6, 5, 2, 3]",97,1
opt,"[1, 0, 4, 7, 6, 5, 2, 3]",98,1
opt,"[1, 0, 4, 7, 6, 5, 2, 3]",99,0
opt,"[6, 5, 2, 4, 0, 3, 1, 7]",60,0
opt,"[6, 5, 2, 4, 0, 3, 1, 7]",61,1
opt,"[6, 5, 2, 4, 0, 3, 1, 7]",62,0
opt,"[6, 5, 2, 4, 0, 3, 1, 7]",63,0
opt,"[6, 5, 2, 4, 0, 3, 1, 7]",64,1
opt,"[6, 5, 2, 4, 0, 3, 1, 7]",65,0
opt,"[6, 5, 2, 4, 0, 3, 1, 7]",66,0
opt,"[6, 5, 2, 4, 0, 3, 1, 7]",67,0
opt,"[6, 5, 2, 4, 0, 3, 1, 7]",68,1
opt,"[6, 5, 2, 4, 0, 3, 1, 7]",69,0
opt,"[6, 5, 2, 4, 0, 3, 1, 7]",70,1
opt,"[6, 5, 2, 4, 0, 3, 1, 7]",71,1
opt,"[6, 5, 2, 4, 0, 3, 1, 7]",72,1
opt,"[6, 5, 2, 4, 0, 3, 1, 7]",73,0
opt,"[6, 5, 2, 4, 0, 3, 1, 7]",74,0
opt,"[6, 5, 2, 4, 0, 3, 1, 7]",75,0
opt,"[6, 5, 2, 4, 0, 3, 1, 7]",76,0
opt,"[6, 5, 2, 4, 0, 3, 1, 7]",77,0
opt,"[6, 5, 2, 4, 0, 3, 1, 7]",78,0
opt,"[6, 5, 2, 4, 0, 3, 1, 7]",79,0
opt,"[6, 5, 2, 4, 0, 3, 1, 7]",80,0
opt,"[6, 5, 2, 4, 0, 3, 1, 7]",81,0
opt,"[6, 5, 2, 4, 0, 3, 1, 7]",82,0
opt,"[6, 5, 2, 4, 0, 3, 1, 7]",83,0
opt,"[6, 5, 2, 4, 0, 3, 1, 7]",84,0
opt,"[6, 5, 2, 4, 0, 3, 1, 7]",85,1
opt,"[6, 5, 2, 4, 0, 3, 1, 7]",86,0
opt,"[6, 5, 2, 4, 0, 3, 1, 7]",87,1
opt,"[6, 5, 2, 4, 0, 3, 1, 7]",88,1
opt,"[6, 5, 2, 4, 0, 3, 1, 7]",89,0
opt,"[6, 5, 2, 4, 0, 3, 1, 7]",90,0
opt,"[6, 5, 2, 4, 0, 3, 1, 7]",91,0
opt,"[6, 5, 2, 4, 0, 3, 1, 7]",92,0
opt,"[6, 5, 2, 4, 0, 3, 1, 7]",93,1
opt,"[6, 5, 2, 4, 0, 3, 1, 7]",94,1
opt,"[6, 5, 2, 4, 0, 3, 1, 7]",95,1
opt,"[6, 5, 2, 4, 0, 3, 1, 7]",96,1
opt,"[6, 5, 2, 4, 0, 3, 1, 7]",97,0
opt,"[6, 5, 2, 4, 0, 3, 1, 7]",98,0
opt,"[6, 5, 2, 4, 0, 3, 1, 7]",99,1
opt,"[5, 3, 6, 1, 7, 4, 0, 2]",60,1
opt,"[5, 3, 6, 1, 7, 4, 0, 2]",61,1
opt,"[5, 3, 6, 1, 7, 4, 0, 2]",62,0
opt,"[5, 3, 6, 1, 7, 4, 0, 2]",63,1
opt,"[5, 3, 6, 1, 7, 4, 0, 2]",64,1
opt,"[5, 3, 6, 1, 7, 4, 0, 2]",65,0
opt,"[5, 3, 6, 1, 7, 4, 0, 2]",66,0
opt,"[5, 3, 6, 1, 7, 4, 0, 2]",67,0
opt,"[5, 3, 6, 1, 7, 4, 0, 2]",68,1
opt,"[5, 3, 6, 1, 7, 4, 0, 2]",69,0
opt,"[5, 3, 6, 1, 7, 4, 0, 2]",70,0
opt,"[5, 3, 6, 1, 7, 4, 0, 2]",71,1
opt,"[5, 3, 6, 1, 7, 4, 0, 2]",72,0
opt,"[5, 3, 6, 1, 7, 4, 0, 2]",73,0
opt,"[5, 3, 6, 1, 7, 4, 0, 2]",74,0
opt,"[5, 3, 6, 1, 7, 4, 0, 2]",75,0
opt,"[5, 3, 6, 1, 7, 4, 0, 2]",76,0
opt,"[5, 3, 6, 1, 7, 4, 0, 2]",77,1
opt,"[5, 3, 6, 1, 7, 4, 0, 2]",78,0
opt,"[5, 3, 6, 1, 7, 4, 0, 2]",79,0
opt,"[5, 3, 6, 1, 7, 4, 0, 2]",80,0
opt,"[5, 3, 6, 1, 7, 4, 0, 2]",81,0
opt,"[5, 3, 6, 1, 7, 4, 0, 2]",82,1
opt,"[5, 3, 6, 1, 7, 4, 0, 2]",83,0
opt,"[5, 3, 6, 1, 7, 4, 0, 2]",84,0
opt,"[5, 3, 6, 1, 7, 4, 0, 2]",85,0
opt,"[5, 3, 6, 1, 7, 4, 0, 2]",86,0
opt,"[5, 3, 6, 1, 7, 4, 0, 2]",87,1
opt,"[5, 3, 6, 1, 7, 4, 0, 2]",88,1
opt,"[5, 3, 6, 1, 7, 4, 0, 2]",89,0
opt,"[5, 3, 6, 1, 7, 4, 0, 2]",90,0
opt,"[5, 3, 6, 1, 7, 4, 0, 2]",91,0
opt,"[5, 3, 6, 1, 7, 4, 0, 2]",92,0
opt,"[5, 3, 6, 1, 7, 4, 0, 2]",93,0
opt,"[5, 3, 6, 1, 7, 4, 0, 2]",94,1
opt,"[5, 3, 6, 1, 7, 4, 0, 2]",95,1
opt,"[5, 3, 6, 1, 7, 4, 0, 2]",96,0
opt,"[5, 3, 6, 1, 7, 4, 0, 2]",97,1
opt,"[5, 3, 6, 1, 7, 4, 0, 2]",98,1
opt,"[5, 3, 6, 1, 7, 4, 0, 2]",99,0
opt,"[0, 3, 1, 2, 4, 6, 7, 5]",60,1
opt,"[0, 3, 1, 2, 4, 6, 7, 5]",61,1
opt,"[0, 3, 1, 2, 4, 6, 7, 5]",62,0
opt,"[0, 3, 1, 2, 4, 6, 7, 5]",63,0
opt,"[0, 3, 1, 2, 4, 6, 7, 5]",64,1
opt,"[0, 3, 1, 2, 4, 6, 7, 5]",65,0
opt,"[0, 3, 1, 2, 4, 6, 7, 5]",66,0
opt,"[0, 3, 1, 2, 4, 6, 7, 5]",67,0
opt,"[0, 3, 1, 2, 4, 6, 7, 5]",68,0
opt,"[0, 3, 1, 2, 4, 6, 7, 5]",69,0
opt,"[0, 3, 1, 2, 4, 6, 7, 5]",70,1
opt,"[0, 3, 1, 2, 4, 6, 7, 5]",71,1
opt,"[0, 3, 1, 2, 4, 6, 7, 5]",72,0
opt,"[0, 3, 1, 2, 4, 6, 7, 5]",73,1
opt,"[0, 3, 1, 2, 4, 6, 7, 5]",74,0
opt,"[0, 3, 1, 2, 4, 6, 7, 5]",75,1
opt,"[0, 3, 1, 2, 4, 6, 7, 5]",76,0
opt,"[0, 3, 1, 2, 4, 6, 7, 5]",77,0
opt,"[0, 3, 1, 2, 4, 6, 7, 5]",78,0
opt,"[0, 3, 1, 2, 4, 6, 7, 5]",79,0
opt,"[0, 3, 1, 2, 4, 6, 7, 5]",80,0
opt,"[0, 3, 1, 2, 4, 6, 7, 5]",81,1
opt,"[0, 3, 1, 2, 4, 6, 7, 5]",82,0
opt,"[0, 3, 1, 2, 4, 6, 7, 5]",83,0
opt,"[0, 3, 1, 2, 4, 6, 7, 5]",84,1
opt,"[0, 3, 1, 2, 4, 6, 7, 5]",85,1
opt,"[0, 3, 1, 2, 4, 6, 7, 5]",86,0
opt,"[0, 3, 1, 2, 4, 6, 7, 5]",87,1
opt,"[0, 3, 1, 2, 4, 6, 7, 5]",88,1
opt,"[0, 3, 1, 2, 4, 6, 7, 5]",89,0
opt,"[0, 3, 1, 2, 4, 6, 7, 5]",90,0
opt,"[0, 3, 1, 2, 4, 6, 7, 5]",91,0
opt,"[0, 3, 1, 2, 4, 6, 7, 5]",92,0
opt,"[0, 3, 1, 2, 4, 6, 7, 5]",93,1
opt,"[0, 3, 1, 2, 4, 6, 7, 5]",94,1
opt,"[0, 3, 1, 2, 4, 6, 7, 5]",95,1
opt,"[0, 3, 1, 2, 4, 6, 7, 5]",96,1
opt,"[0, 3, 1, 2, 4, 6, 7, 5]",97,1
opt,"[0, 3, 1, 2, 4, 6, 7, 5]",98,1
opt,"[0, 3, 1, 2, 4, 6, 7, 5]",99,1
opt,"[2, 5, 3, 4, 6, 7, 0, 1]",60,0
opt,"[2, 5, 3, 4, 6, 7, 0, 1]",61,1
opt,"[2, 5, 3, 4, 6, 7, 0, 1]",62,0
opt,"[2, 5, 3, 4, 6, 7, 0, 1]",63,0
opt,"[2, 5, 3, 4, 6, 7, 0, 1]",64,1
opt,"[2, 5, 3, 4, 6, 7, 0, 1]",65,0
opt,"[2, 5, 3, 4, 6, 7, 0, 1]",66,0
opt,"[2, 5, 3, 4, 6, 7, 0, 1]",67,0
opt,"[2, 5, 3, 4, 6, 7, 0, 1]",68,1
opt,"[2, 5, 3, 4, 6, 7, 0, 1]",69,0
opt,"[2, 5, 3, 4, 6, 7, 0, 1]",70,0
opt,"[2, 5, 3, 4, 6, 7, 0, 1]",71,1
opt,"[2, 5, 3, 4, 6, 7, 0, 1]",72,0
opt,"[2, 5, 3, 4, 6, 7, 0, 1]",73,0
opt,"[2, 5, 3, 4, 6, 7, 0, 1]",74,0
opt,"[2, 5, 3, 4, 6, 7, 0, 1]",75,0
opt,"[2, 5, 3, 4, 6, 7, 0, 1]",76,0
opt,"[2, 5, 3, 4, 6, 7, 0, 1]",77,0
opt,"[2, 5, 3, 4, 6, 7, 0, 1]",78,0
opt,"[2, 5, 3, 4, 6, 7, 0, 1]",79,1
opt,"[2, 5, 3, 4, 6, 7, 0, 1]",80,1
opt,"[2, 5, 3, 4, 6, 7, 0, 1]",81,0
opt,"[2, 5, 3, 4, 6, 7, 0, 1]",82,1
opt,"[2, 5, 3, 4, 6, 7, 0, 1]",83,0
opt,"[2, 5, 3, 4, 6, 7, 0, 1]",84,1
opt,"[2, 5, 3, 4, 6, 7, 0, 1]",85,0
opt,"[2, 5, 3, 4, 6, 7, 0, 1]",86,0
opt,"[2, 5, 3, 4, 6, 7, 0, 1]",87,1
opt,"[2, 5, 3, 4, 6, 7, 0, 1]",88,1
opt,"[2, 5, 3, 4, 6, 7, 0, 1]",89,0
opt,"[2, 5, 3, 4, 6, 7, 0, 1]",90,0
opt,"[2, 5, 3, 4, 6, 7, 0, 1]",91,0
opt,"[2, 5, 3, 4, 6, 7, 0, 1]",92,0
opt,"[2, 5, 3, 4, 6, 7, 0, 1]",93,1
opt,"[2, 5, 3, 4, 6, 7, 0, 1]",94,1
opt,"[2, 5, 3, 4, 6, 7, 0, 1]",95,1
opt,"[2, 5, 3, 4, 6, 7, 0, 1]",96,0
opt,"[2, 5, 3, 4, 6, 7, 0, 1]",97,0
opt,"[2, 5, 3, 4, 6, 7, 0, 1]",98,1
opt,"[2, 5, 3, 4, 6, 7, 0, 1]",99,1
opt,"[0, 2, 3, 5, 1, 6, 4, 7]",60,0
opt,"[0, 2, 3, 5, 1, 6, 4, 7]",61,1
opt,"[0, 2, 3, 5, 1, 6, 4, 7]",62,0
opt,"[0, 2, 3, 5, 1, 6, 4, 7]",63,0
opt,"[0, 2, 3, 5, 1, 6, 4, 7]",64,1
opt,"[0, 2, 3, 5, 1, 6, 4, 7]",65,0
opt,"[0, 2, 3, 5, 1, 6, 4, 7]",66,1
opt,"[0, 2, 3, 5, 1, 6, 4, 7]",67,0
opt,"[0, 2, 3, 5, 1, 6, 4, 7]",68,1
opt,"[0, 2, 3, 5, 1, 6, 4, 7]",69,0
opt,"[0, 2, 3, 5, 1, 6, 4, 7]",70,1
opt,"[0, 2, 3, 5, 1, 6, 4, 7]",71,1
opt,"[0, 2, 3, 5, 1, 6, 4, 7]",72,1
opt,"[0, 2, 3, 5, 1, 6, 4, 7]",73,0
opt,"[0, 2, 3, 5, 1, 6, 4, 7]",74,0
opt,"[0, 2, 3, 5, 1, 6, 4, 7]",75,0
opt,"[0, 2, 3, 5, 1, 6, 4, 7]",76,0
opt,"[0, 2, 3, 5, 1, 6, 4, 7]",77,0
opt,"[0, 2, 3, 5, 1, 6, 4, 7]",78,0
opt,"[0, 2, 3, 5, 1, 6, 4, 7]",79,1
opt,"[0, 2, 3, 5, 1, 6, 4, 7]",80,1
opt,"[0, 2, 3, 5, 1, 6, 4, 7]",81,0
opt,"[0, 2, 3, 5, 1, 6, 4, 7]",82,0
opt,"[0, 2, 3, 5, 1, 6, 4, 7]",83,0
opt,"[0, 2, 3, 5, 1, 6, 4, 7]",84,1
opt,"[0, 2, 3, 5, 1, 6, 4, 7]",85,0
opt,"[0, 2, 3, 5, 1, 6, 4, 7]",86,0
opt,"[0, 2, 3, 5, 1, 6, 4, 7]",87,1
opt,"[0, 2, 3, 5, 1, 6, 4, 7]",88,1
opt,"[0, 2, 3, 5, 1, 6, 4, 7]",89,0
opt,"[0, 2, 3, 5, 1, 6, 4, 7]",90,0
opt,"[0, 2, 3, 5, 1, 6, 4, 7]",91,0
opt,"[0, 2, 3, 5, 1, 6, 4, 7]",92,1
opt,"[0, 2, 3, 5, 1, 6, 4, 7]",93,0
opt,"[0, 2, 3, 5, 1, 6, 4, 7]",94,1
opt,"[0, 2, 3, 5, 1, 6, 4, 7]",95,1
opt,"[0, 2, 3, 5, 1, 6, 4, 7]",96,0
opt,"[0, 2, 3, 5, 1, 6, 4, 7]",97,1
opt,"[0, 2, 3, 5, 1, 6, 4, 7]",98,0
opt,"[0, 2, 3, 5, 1, 6, 4, 7]",99,0
opt,"[5, 4, 0, 7, 6, 3, 2, 1]",60,0
opt,"[5, 4, 0, 7, 6, 3, 2, 1]",61,1
opt,"[5, 4, 0, 7, 6, 3, 2, 1]",62,0
opt,"[5, 4, 0, 7, 6, 3, 2, 1]",63,0
opt,"[5, 4, 0, 7, 6, 3, 2, 1]",64,1
opt,"[5, 4, 0, 7, 6, 3, 2, 1]",65,0
opt,"[5, 4, 0, 7, 6, 3, 2, 1]",66,0
opt,"[5, 4, 0, 7, 6, 3, 2, 1]",67,0
opt,"[5, 4, 0, 7, 6, 3, 2, 1]",68,1
opt,"[5, 4, 0, 7, 6, 3, 2, 1]",69,0
opt,"[5, 4, 0, 7, 6, 3, 2, 1]",70,1
opt,"[5, 4, 0, 7, 6, 3, 2, 1]",71,1
opt,"[5, 4, 0, 7, 6, 3, 2, 1]",72,0
opt,"[5, 4, 0, 7, 6, 3, 2, 1]",73,0
opt,"[5, 4, 0, 7, 6, 3, 2, 1]",74,0
opt,"[5, 4, 0, 7, 6, 3, 2, 1]",75,0
opt,"[5, 4, 0, 7, 6, 3, 2, 1]",76,0
opt,"[5, 4, 0, 7, 6, 3, 2, 1]",77,0
opt,"[5, 4, 0, 7, 6, 3, 2, 1]",78,0
opt,"[5, 4, 0, 7, 6, 3, 2, 1]",79,1
opt,"[5, 4, 0, 7, 6, 3, 2, 1]",80,0
opt,"[5, 4, 0, 7, 6, 3, 2, 1]",81,0
opt,"[5, 4, 0, 7, 6, 3, 2, 1]",82,1
opt,"[5, 4, 0, 7, 6, 3, 2, 1]",83,0
opt,"[5, 4, 0, 7, 6, 3, 2, 1]",84,1
opt,"[5, 4, 0, 7, 6, 3, 2, 1]",85,0
opt,"[5, 4, 0, 7, 6, 3, 2, 1]",86,0
opt,"[5, 4, 0, 7, 6, 3, 2, 1]",87,1
opt,"[5, 4, 0, 7, 6, 3, 2, 1]",88,1
opt,"[5, 4, 0, 7, 6, 3, 2, 1]",89,0
opt,"[5, 4, 0, 7, 6, 3, 2, 1]",90,0
opt,"[5, 4, 0, 7, 6, 3, 2, 1]",91,0
opt,"[5, 4, 0, 7, 6, 3, 2, 1]",92,0
opt,"[5, 4, 0, 7, 6, 3, 2, 1]",93,1
opt,"[5, 4, 0, 7, 6, 3, 2, 1]",94,1
opt,"[5, 4, 0, 7, 6, 3, 2, 1]",95,1
opt,"[5, 4, 0, 7, 6, 3, 2, 1]",96,0
opt,"[5, 4, 0, 7, 6, 3, 2, 1]",97,0
opt,"[5, 4, 0, 7, 6, 3, 2, 1]",98,1
opt,"[5, 4, 0, 7, 6, 3, 2, 1]",99,1
opt,"[1, 6, 0, 7, 2, 5, 4, 3]",60,0
opt,"[1, 6, 0, 7, 2, 5, 4, 3]",61,1
opt,"[1, 6, 0, 7, 2, 5, 4, 3]",62,0
opt,"[1, 6, 0, 7, 2, 5, 4, 3]",63,0
opt,"[1, 6, 0, 7, 2, 5, 4, 3]",64,1
opt,"[1, 6, 0, 7, 2, 5, 4, 3]",65,0
opt,"[1, 6, 0, 7, 2, 5, 4, 3]",66,1
opt,"[1, 6, 0, 7, 2, 5, 4, 3]",67,0
opt,"[1, 6, 0, 7, 2, 5, 4, 3]",68,0
opt,"[1, 6, 0, 7, 2, 5, 4, 3]",69,0
opt,"[1, 6, 0, 7, 2, 5, 4, 3]",70,1
opt,"[1, 6, 0, 7, 2, 5, 4, 3]",71,0
opt,"[1, 6, 0, 7, 2, 5, 4, 3]",72,0
opt,"[1, 6, 0, 7, 2, 5, 4, 3]",73,0
opt,"[1, 6, 0, 7, 2, 5, 4, 3]",74,0
opt,"[1, 6, 0, 7, 2, 5, 4, 3]",75,0
opt,"[1, 6, 0, 7, 2, 5, 4, 3]",76,0
opt,"[1, 6, 0, 7, 2, 5, 4, 3]",77,0
opt,"[1, 6, 0, 7, 2, 5, 4, 3]",78,0
opt,"[1, 6, 0, 7, 2, 5, 4, 3]",79,1
opt,"[1, 6, 0, 7, 2, 5, 4, 3]",80,1
opt,"[1, 6, 0, 7, 2, 5, 4, 3]",81,1
opt,"[1, 6, 0, 7, 2, 5, 4, 3]",82,0
opt,"[1, 6, 0, 7, 2, 5, 4, 3]",83,0
opt,"[1, 6, 0, 7, 2, 5, 4, 3]",84,1
opt,"[1, 6, 0, 7, 2, 5, 4, 3]",85,0
opt,"[1, 6, 0, 7, 2, 5, 4, 3]",86,0
opt,"[1, 6, 0, 7, 2, 5, 4, 3]",87,1
opt,"[1, 6, 0, 7, 2, 5, 4, 3]",88,1
opt,"[1, 6, 0, 7, 2, 5, 4, 3]",89,0
opt,"[1, 6, 0, 7, 2, 5, 4, 3]",90,0
opt,"[1, 6, 0, 7, 2, 5, 4, 3]",91,0
opt,"[1, 6, 0, 7, 2, 5, 4, 3]",92,0
opt,"[1, 6, 0, 7, 2, 5, 4, 3]",93,1
opt,"[1, 6, 0, 7, 2, 5, 4, 3]",94,1
opt,"[1, 6, 0, 7, 2, 5, 4, 3]",95,1
opt,"[1, 6, 0, 7, 2, 5, 4, 3]",96,1
opt,"[1, 6, 0, 7, 2, 5, 4, 3]",97,0
opt,"[1, 6, 0, 7, 2, 5, 4, 3]",98,1
opt,"[1, 6, 0, 7, 2, 5, 4, 3]",99,1
opt,"[6, 5, 7, 1, 3, 0, 2, 4]",60,0
opt,"[6, 5, 7, 1, 3, 0, 2, 4]",61,1
opt,"[6, 5, 7, 1, 3, 0, 2, 4]",62,0
opt,"[6, 5, 7, 1, 3, 0, 2, 4]",63,1
opt,"[6, 5, 7, 1, 3, 0, 2, 4]",64,1
opt,"[6, 5, 7, 1, 3, 0, 2, 4]",65,0
opt,"[6, 5, 7, 1, 3, 0, 2, 4]",66,0
opt,"[6, 5, 7, 1, 3, 0, 2, 4]",67,0
opt,"[6, 5, 7, 1, 3, 0, 2, 4]",68,0
opt,"[6, 5, 7, 1, 3, 0, 2, 4]",69,0
opt,"[6, 5, 7, 1, 3, 0, 2, 4]",70,1
opt,"[6, 5, 7, 1, 3, 0, 2, 4]",71,1
opt,"[6, 5, 7, 1, 3, 0, 2, 4]",72,0
opt,"[6, 5, 7, 1, 3, 0, 2, 4]",73,0
opt,"[6, 5, 7, 1, 3, 0, 2, 4]",74,0
opt,"[6, 5, 7, 1, 3, 0, 2, 4]",75,0
opt,"[6, 5, 7, 1, 3, 0, 2, 4]",76,0
opt,"[6, 5, 7, 1, 3, 0, 2, 4]",77,0
opt,"[6, 5, 7, 1, 3, 0, 2, 4]",78,0
opt,"[6, 5, 7, 1, 3, 0, 2, 4]",79,0
opt,"[6, 5, 7, 1, 3, 0, 2, 4]",80,1
opt,"[6, 5, 7, 1, 3, 0, 2, 4]",81,0
opt,"[6, 5, 7, 1, 3, 0, 2, 4]",82,1
opt,"[6, 5, 7, 1, 3, 0, 2, 4]",83,0
opt,"[6, 5, 7, 1, 3, 0, 2, 4]",84,1
opt,"[6, 5, 7, 1, 3, 0, 2, 4]",85,0
opt,"[6, 5, 7, 1, 3, 0, 2, 4]",86,0
opt,"[6, 5, 7, 1, 3, 0, 2, 4]",87,1
opt,"[6, 5, 7, 1, 3, 0, 2, 4]",88,1
opt,"[6, 5, 7, 1, 3, 0, 2, 4]",89,0
opt,"[6, 5, 7, 1, 3, 0, 2, 4]",90,0
opt,"[6, 5, 7, 1, 3, 0, 2, 4]",91,0
opt,"[6, 5, 7, 1, 3, 0, 2, 4]",92,0
opt,"[6, 5, 7, 1, 3, 0, 2, 4]",93,0
opt,"[6, 5, 7, 1, 3, 0, 2, 4]",94,1
opt,"[6, 5, 7, 1, 3, 0, 2, 4]",95,1
opt,"[6, 5, 7, 1, 3, 0, 2, 4]",96,1
opt,"[6, 5, 7, 1, 3, 0, 2, 4]",97,0
opt,"[6, 5, 7, 1, 3, 0, 2, 4]",98,1
opt,"[6, 5, 7, 1, 3, 0, 2, 4]",99,1
opt,"[2, 0, 7, 1, 5, 4, 6, 3]",60,0
opt,"[2, 0, 7, 1, 5, 4, 6, 3]",61,1
opt,"[2, 0, 7, 1, 5, 4, 6, 3]",62,0
opt,"[2, 0, 7, 1, 5, 4, 6, 3]",63,0
opt,"[2, 0, 7, 1, 5, 4, 6, 3]",64,0
opt,"[2, 0, 7, 1, 5, 4, 6, 3]",65,0
opt,"[2, 0, 7, 1, 5, 4, 6, 3]",66,0
opt,"[2, 0, 7, 1, 5, 4, 6, 3]",67,1
opt,"[2, 0, 7, 1, 5, 4, 6, 3]",68,0
opt,"[2, 0, 7, 1, 5, 4, 6, 3]",69,0
opt,"[2, 0, 7, 1, 5, 4, 6, 3]",70,0
opt,"[2, 0, 7, 1, 5, 4, 6, 3]",71,1
opt,"[2, 0, 7, 1, 5, 4, 6, 3]",72,1
opt,"[2, 0, 7, 1, 5, 4, 6, 3]",73,0
opt,"[2, 0, 7, 1, 5, 4, 6, 3]",74,0
opt,"[2, 0, 7, 1, 5, 4, 6, 3]",75,0
opt,"[2, 0, 7, 1, 5, 4, 6, 3]",76,0
opt,"[2, 0, 7, 1, 5, 4, 6, 3]",77,0
opt,"[2, 0, 7, 1, 5, 4, 6, 3]",78,0
opt,"[2, 0, 7, 1, 5, 4, 6, 3]",79,1
opt,"[2, 0, 7, 1, 5, 4, 6, 3]",80,0
opt,"[2, 0, 7, 1, 5, 4, 6, 3]",81,1
opt,"[2, 0, 7, 1, 5, 4, 6, 3]",82,0
opt,"[2, 0, 7, 1, 5, 4, 6, 3]",83,0
opt,"[2, 0, 7, 1, 5, 4, 6, 3]",84,0
opt,"[2, 0, 7, 1, 5, 4, 6, 3]",85,0
opt,"[2, 0, 7, 1, 5, 4, 6, 3]",86,0
opt,"[2, 0, 7, 1, 5, 4, 6, 3]",87,1
opt,"[2, 0, 7, 1, 5, 4, 6, 3]",88,0
opt,"[2, 0, 7, 1, 5, 4, 6, 3]",89,0
opt,"[2, 0, 7, 1, 5, 4, 6, 3]",90,0
opt,"[2, 0, 7, 1, 5, 4, 6, 3]",91,0
opt,"[2, 0, 7, 1, 5, 4, 6, 3]",92,0
opt,"[2, 0, 7, 1, 5, 4, 6, 3]",93,1
opt,"[2, 0, 7, 1, 5, 4, 6, 3]",94,1
opt,"[2, 0, 7, 1, 5, 4, 6, 3]",95,1
opt,"[2, 0, 7, 1, 5, 4, 6, 3]",96,0
opt,"[2, 0, 7, 1, 5, 4, 6, 3]",97,1
opt,"[2, 0, 7, 1, 5, 4, 6, 3]",98,1
opt,"[2, 0, 7, 1, 5, 4, 6, 3]",99,1
opt,"[4, 0, 3, 2, 1, 6, 7, 5]",60,0
opt,"[4, 0, 3, 2, 1, 6, 7, 5]",61,0
opt,"[4, 0, 3, 2, 1, 6, 7, 5]",62,0
opt,"[4, 0, 3, 2, 1, 6, 7, 5]",63,0
opt,"[4, 0, 3, 2, 1, 6, 7, 5]",64,1
opt,"[4, 0, 3, 2, 1, 6, 7, 5]",65,0
opt,"[4, 0, 3, 2, 1, 6, 7, 5]",66,0
opt,"[4, 0, 3, 2, 1, 6, 7, 5]",67,1
opt,"[4, 0, 3, 2, 1, 6, 7, 5]",68,1
opt,"[4, 0, 3, 2, 1, 6, 7, 5]",69,0
opt,"[4, 0, 3, 2, 1, 6, 7, 5]",70,0
opt,"[4, 0, 3, 2, 1, 6, 7, 5]",71,1
opt,"[4, 0, 3, 2, 1, 6, 7, 5]",72,0
opt,"[4, 0, 3, 2, 1, 6, 7, 5]",73,0
opt,"[4, 0, 3, 2, 1, 6, 7, 5]",74,0
opt,"[4, 0, 3, 2, 1, 6, 7, 5]",75,1
opt,"[4, 0, 3, 2, 1, 6, 7, 5]",76,0
opt,"[4, 0, 3, 2, 1, 6, 7, 5]",77,0
opt,"[4, 0, 3, 2, 1, 6, 7, 5]",78,0
opt,"[4, 0, 3, 2, 1, 6, 7, 5]",79,0
opt,"[4, 0, 3, 2, 1, 6, 7, 5]",80,0
opt,"[4, 0, 3, 2, 1, 6, 7, 5]",81,1
opt,"[4, 0, 3, 2, 1, 6, 7, 5]",82,0
opt,"[4, 0, 3, 2, 1, 6, 7, 5]",83,0
opt,"[4, 0, 3, 2, 1, 6, 7, 5]",84,1
opt,"[4, 0, 3, 2, 1, 6, 7, 5]",85,0
opt,"[4, 0, 3, 2, 1, 6, 7, 5]",86,0
opt,"[4, 0, 3, 2, 1, 6, 7, 5]",87,1
opt,"[4, 0, 3, 2, 1, 6, 7, 5]",88,1
opt,"[4, 0, 3, 2, 1, 6, 7, 5]",89,0
opt,"[4, 0, 3, 2, 1, 6, 7, 5]",90,0
opt,"[4, 0, 3, 2, 1, 6, 7, 5]",91,0
opt,"[4, 0, 3, 2, 1, 6, 7, 5]",92,1
opt,"[4, 0, 3, 2, 1, 6, 7, 5]",93,1
opt,"[4, 0, 3, 2, 1, 6, 7, 5]",94,0
opt,"[4, 0, 3, 2, 1, 6, 7, 5]",95,1
opt,"[4, 0, 3, 2, 1, 6, 7, 5]",96,0
opt,"[4, 0, 3, 2, 1, 6, 7, 5]",97,1
opt,"[4, 0, 3, 2, 1, 6, 7, 5]",98,1
opt,"[4, 0, 3, 2, 1, 6, 7, 5]",99,1
opt,"[0, 1, 7, 3, 6, 2, 5, 4]",60,0
opt,"[0, 1, 7, 3, 6, 2, 5, 4]",61,1
opt,"[0, 1, 7, 3, 6, 2, 5, 4]",62,1
opt,"[0, 1, 7, 3, 6, 2, 5, 4]",63,1
opt,"[0, 1, 7, 3, 6, 2, 5, 4]",64,1
opt,"[0, 1, 7, 3, 6, 2, 5, 4]",65,0
opt,"[0, 1, 7, 3, 6, 2, 5, 4]",66,0
opt,"[0, 1, 7, 3, 6, 2, 5, 4]",67,1
opt,"[0, 1, 7, 3, 6, 2, 5, 4]",68,1
opt,"[0, 1, 7, 3, 6, 2, 5, 4]",69,0
opt,"[0, 1, 7, 3, 6, 2, 5, 4]",70,1
opt,"[0, 1, 7, 3, 6, 2, 5, 4]",71,1
opt,"[0, 1, 7, 3, 6, 2, 5, 4]",72,0
opt,"[0, 1, 7, 3, 6, 2, 5, 4]",73,0
opt,"[0, 1, 7, 3, 6, 2, 5, 4]",74,0
opt,"[0, 1, 7, 3, 6, 2, 5, 4]",75,0
opt,"[0, 1, 7, 3, 6, 2, 5, 4]",76,0
opt,"[0, 1, 7, 3, 6, 2, 5, 4]",77,0
opt,"[0, 1, 7, 3, 6, 2, 5, 4]",78,0
opt,"[0, 1, 7, 3, 6, 2, 5, 4]",79,1
opt,"[0, 1, 7, 3, 6, 2, 5, 4]",80,0
opt,"[0, 1, 7, 3, 6, 2, 5, 4]",81,0
opt,"[0, 1, 7, 3, 6, 2, 5, 4]",82,1
opt,"[0, 1, 7, 3, 6, 2, 5, 4]",83,0
opt,"[0, 1, 7, 3, 6, 2, 5, 4]",84,1
opt,"[0, 1, 7, 3, 6, 2, 5, 4]",85,0
opt,"[0, 1, 7, 3, 6, 2, 5, 4]",86,0
opt,"[0, 1, 7, 3, 6, 2, 5, 4]",87,1
opt,"[0, 1, 7, 3, 6, 2, 5, 4]",88,1
opt,"[0, 1, 7, 3, 6, 2, 5, 4]",89,0
opt,"[0, 1, 7, 3, 6, 2, 5, 4]",90,0
opt,"[0, 1, 7, 3, 6, 2, 5, 4]",91,0
opt,"[0, 1, 7, 3, 6, 2, 5, 4]",92,0
opt,"[0, 1, 7, 3, 6, 2, 5, 4]",93,0
opt,"[0, 1, 7, 3, 6, 2, 5, 4]",94,1
opt,"[0, 1, 7, 3, 6, 2, 5, 4]",95,1
opt,"[0, 1, 7, 3, 6, 2, 5, 4]",96,1
opt,"[0, 1, 7, 3, 6, 2, 5, 4]",97,1
opt,"[0, 1, 7, 3, 6, 2, 5, 4]",98,1
opt,"[0, 1, 7, 3, 6, 2, 5, 4]",99,0
opt,"[2, 3, 5, 6, 1, 7, 0, 4]",60,0
opt,"[2, 3, 5, 6, 1, 7, 0, 4]",61,0
opt,"[2, 3, 5, 6, 1, 7, 0, 4]",62,1
opt,"[2, 3, 5, 6, 1, 7, 0, 4]",63,1
opt,"[2, 3, 5, 6, 1, 7, 0, 4]",64,1
opt,"[2, 3, 5, 6, 1, 7, 0, 4]",65,0
opt,"[2, 3, 5, 6, 1, 7, 0, 4]",66,0
opt,"[2, 3, 5, 6, 1, 7, 0, 4]",67,0
opt,"[2, 3, 5, 6, 1, 7, 0, 4]",68,0
opt,"[2, 3, 5, 6, 1, 7, 0, 4]",69,0
opt,"[2, 3, 5, 6, 1, 7, 0, 4]",70,0
opt,"[2, 3, 5, 6, 1, 7, 0, 4]",71,1
opt,"[2, 3, 5, 6, 1, 7, 0, 4]",72,0
opt,"[2, 3, 5, 6, 1, 7, 0, 4]",73,0
opt,"[2, 3, 5, 6, 1, 7, 0, 4]",74,0
opt,"[2, 3, 5, 6, 1, 7, 0, 4]",75,0
opt,"[2, 3, 5, 6, 1, 7, 0, 4]",76,0
opt,"[2, 3, 5, 6, 1, 7, 0, 4]",77,0
opt,"[2, 3, 5, 6, 1, 7, 0, 4]",78,0
opt,"[2, 3, 5, 6, 1, 7, 0, 4]",79,1
opt,"[2, 3, 5, 6, 1, 7, 0, 4]",80,1
opt,"[2, 3, 5, 6, 1, 7, 0, 4]",81,1
opt,"[2, 3, 5, 6, 1, 7, 0, 4]",82,0
opt,"[2, 3, 5, 6, 1, 7, 0, 4]",83,0
opt,"[2, 3, 5, 6, 1, 7, 0, 4]",84,1
opt,"[2, 3, 5, 6, 1, 7, 0, 4]",85,0
opt,"[2, 3, 5, 6, 1, 7, 0, 4]",86,0
opt,"[2, 3, 5, 6, 1, 7, 0, 4]",87,1
opt,"[2, 3, 5, 6, 1, 7, 0, 4]",88,1
opt,"[2, 3, 5, 6, 1, 7, 0, 4]",89,0
opt,"[2, 3, 5, 6, 1, 7, 0, 4]",90,0
opt,"[2, 3, 5, 6, 1, 7, 0, 4]",91,0
opt,"[2, 3, 5, 6, 1, 7, 0, 4]",92,0
opt,"[2, 3, 5, 6, 1, 7, 0, 4]",93,1
opt,"[2, 3, 5, 6, 1, 7, 0, 4]",94,0
opt,"[2, 3, 5, 6, 1, 7, 0, 4]",95,1
opt,"[2, 3, 5, 6, 1, 7, 0, 4]",96,1
opt,"[2, 3, 5, 6, 1, 7, 0, 4]",97,0
opt,"[2, 3, 5, 6, 1, 7, 0, 4]",98,1
opt,"[2, 3, 5, 6, 1, 7, 0, 4]",99,1
opt,"[6, 4, 0, 2, 1, 5, 7, 3]",60,0
opt,"[6, 4, 0, 2, 1, 5, 7, 3]",61,1
opt,"[6, 4, 0, 2, 1, 5, 7, 3]",62,1
opt,"[6, 4, 0, 2, 1, 5, 7, 3]",63,0
opt,"[6, 4, 0, 2, 1, 5, 7, 3]",64,1
opt,"[6, 4, 0, 2, 1, 5, 7, 3]",65,0
opt,"[6, 4, 0, 2, 1, 5, 7, 3]",66,0
opt,"[6, 4, 0, 2, 1, 5, 7, 3]",67,1
opt,"[6, 4, 0, 2, 1, 5, 7, 3]",68,1
opt,"[6, 4, 0, 2, 1, 5, 7, 3]",69,0
opt,"[6, 4, 0, 2, 1, 5, 7, 3]",70,0
opt,"[6, 4, 0, 2, 1, 5, 7, 3]",71,1
opt,"[6, 4, 0, 2, 1, 5, 7, 3]",72,0
opt,"[6, 4, 0, 2, 1, 5, 7, 3]",73,0
opt,"[6, 4, 0, 2, 1, 5, 7, 3]",74,0
opt,"[6, 4, 0, 2, 1, 5, 7, 3]",75,0
opt,"[6, 4, 0, 2, 1, 5, 7, 3]",76,0
opt,"[6, 4, 0, 2, 1, 5, 7, 3]",77,0
opt,"[6, 4, 0, 2, 1, 5, 7, 3]",78,0
opt,"[6, 4, 0, 2, 1, 5, 7, 3]",79,0
opt,"[6, 4, 0, 2, 1, 5, 7, 3]",80,0
opt,"[6, 4, 0, 2, 1, 5, 7, 3]",81,1
opt,"[6, 4, 0, 2, 1, 5, 7, 3]",82,1
opt,"[6, 4, 0, 2, 1, 5, 7, 3]",83,0
opt,"[6, 4, 0, 2, 1, 5, 7, 3]",84,1
opt,"[6, 4, 0, 2, 1, 5, 7, 3]",85,0
opt,"[6, 4, 0, 2, 1, 5, 7, 3]",86,0
opt,"[6, 4, 0, 2, 1, 5, 7, 3]",87,1
opt,"[6, 4, 0, 2, 1, 5, 7, 3]",88,1
opt,"[6, 4, 0, 2, 1, 5, 7, 3]",89,0
opt,"[6, 4, 0, 2, 1, 5, 7, 3]",90,0
opt,"[6, 4, 0, 2, 1, 5, 7, 3]",91,0
opt,"[6, 4, 0, 2, 1, 5, 7, 3]",92,1
opt,"[6, 4, 0, 2, 1, 5, 7, 3]",93,1
opt,"[6, 4, 0, 2, 1, 5, 7, 3]",94,1
opt,"[6, 4, 0, 2, 1, 5, 7, 3]",95,1
opt,"[6, 4, 0, 2, 1, 5, 7, 3]",96,0
opt,"[6, 4, 0, 2, 1, 5, 7, 3]",97,1
opt,"[6, 4, 0, 2, 1, 5, 7, 3]",98,1
opt,"[6, 4, 0, 2, 1, 5, 7, 3]",99,1
opt,"[4, 0, 1, 3, 7, 6, 2, 5]",60,0
opt,"[4, 0, 1, 3, 7, 6, 2, 5]",61,1
opt,"[4, 0, 1, 3, 7, 6, 2, 5]",62,0
opt,"[4, 0, 1, 3, 7, 6, 2, 5]",63,0
opt,"[4, 0, 1, 3, 7, 6, 2, 5]",64,1
opt,"[4, 0, 1, 3, 7, 6, 2, 5]",65,1
opt,"[4, 0, 1, 3, 7, 6, 2, 5]",66,0
opt,"[4, 0, 1, 3, 7, 6, 2, 5]",67,0
opt,"[4, 0, 1, 3, 7, 6, 2, 5]",68,1
opt,"[4, 0, 1, 3, 7, 6, 2, 5]",69,0
opt,"[4, 0, 1, 3, 7, 6, 2, 5]",70,1
opt,"[4, 0, 1, 3, 7, 6, 2, 5]",71,1
opt,"[4, 0, 1, 3, 7, 6, 2, 5]",72,0
opt,"[4, 0, 1, 3, 7, 6, 2, 5]",73,0
opt,"[4, 0, 1, 3, 7, 6, 2, 5]",74,1
opt,"[4, 0, 1, 3, 7, 6, 2, 5]",75,1
opt,"[4, 0, 1, 3, 7, 6, 2, 5]",76,0
opt,"[4, 0, 1, 3, 7, 6, 2, 5]",77,0
opt,"[4, 0, 1, 3, 7, 6, 2, 5]",78,0
opt,"[4, 0, 1, 3, 7, 6, 2, 5]",79,1
opt,"[4, 0, 1, 3, 7, 6, 2, 5]",80,0
opt,"[4, 0, 1, 3, 7, 6, 2, 5]",81,1
opt,"[4, 0, 1, 3, 7, 6, 2, 5]",82,0
opt,"[4, 0, 1, 3, 7, 6, 2, 5]",83,0
opt,"[4, 0, 1, 3, 7, 6, 2, 5]",84,1
opt,"[4, 0, 1, 3, 7, 6, 2, 5]",85,0
opt,"[4, 0, 1, 3, 7, 6, 2, 5]",86,0
opt,"[4, 0, 1, 3, 7, 6, 2, 5]",87,1
opt,"[4, 0, 1, 3, 7, 6, 2, 5]",88,1
opt,"[4, 0, 1, 3, 7, 6, 2, 5]",89,0
opt,"[4, 0, 1, 3, 7, 6, 2, 5]",90,0
opt,"[4, 0, 1, 3, 7, 6, 2, 5]",91,0
opt,"[4, 0, 1, 3, 7, 6, 2, 5]",92,0
opt,"[4, 0, 1, 3, 7, 6, 2, 5]",93,0
opt,"[4, 0, 1, 3, 7, 6, 2, 5]",94,1
opt,"[4, 0, 1, 3, 7, 6, 2, 5]",95,1
opt,"[4, 0, 1, 3, 7, 6, 2, 5]",96,0
opt,"[4, 0, 1, 3, 7, 6, 2, 5]",97,0
opt,"[4, 0, 1, 3, 7, 6, 2, 5]",98,1
opt,"[4, 0, 1, 3, 7, 6, 2, 5]",99,1
opt,"[4, 1, 0, 7, 2, 5, 3, 6]",60,0
opt,"[4, 1, 0, 7, 2, 5, 3, 6]",61,1
opt,"[4, 1, 0, 7, 2, 5, 3, 6]",62,0
opt,"[4, 1, 0, 7, 2, 5, 3, 6]",63,0
opt,"[4, 1, 0, 7, 2, 5, 3, 6]",64,1
opt,"[4, 1, 0, 7, 2, 5, 3, 6]",65,0
opt,"[4, 1, 0, 7, 2, 5, 3, 6]",66,0
opt,"[4, 1, 0, 7, 2, 5, 3, 6]",67,0
opt,"[4, 1, 0, 7, 2, 5, 3, 6]",68,1
opt,"[4, 1, 0, 7, 2, 5, 3, 6]",69,0
opt,"[4, 1, 0, 7, 2, 5, 3, 6]",70,0
opt,"[4, 1, 0, 7, 2, 5, 3, 6]",71,1
opt,"[4, 1, 0, 7, 2, 5, 3, 6]",72,0
opt,"[4, 1, 0, 7, 2, 5, 3, 6]",73,0
opt,"[4, 1, 0, 7, 2, 5, 3, 6]",74,0
opt,"[4, 1, 0, 7, 2, 5, 3, 6]",75,0
opt,"[4, 1, 0, 7, 2, 5, 3, 6]",76,0
opt,"[4, 1, 0, 7, 2, 5, 3, 6]",77,0
opt,"[4, 1, 0, 7, 2, 5, 3, 6]",78,0
opt,"[4, 1, 0, 7, 2, 5, 3, 6]",79,1
opt,"[4, 1, 0, 7, 2, 5, 3, 6]",80,1
opt,"[4, 1, 0, 7, 2, 5, 3, 6]",81,0
opt,"[4, 1, 0, 7, 2, 5, 3, 6]",82,1
opt,"[4, 1, 0, 7, 2, 5, 3, 6]",83,0
opt,"[4, 1, 0, 7, 2, 5, 3, 6]",84,1
opt,"[4, 1, 0, 7, 2, 5, 3, 6]",85,0
opt,"[4, 1, 0, 7, 2, 5, 3, 6]",86,0
opt,"[4, 1, 0, 7, 2, 5, 3, 6]",87,1
opt,"[4, 1, 0, 7, 2, 5, 3, 6]",88,1
opt,"[4, 1, 0, 7, 2, 5, 3, 6]",89,0
opt,"[4, 1, 0, 7, 2, 5, 3, 6]",90,0
opt,"[4, 1, 0, 7, 2, 5, 3, 6]",91,0
opt,"[4, 1, 0, 7, 2, 5, 3, 6]",92,0
opt,"[4, 1, 0, 7, 2, 5, 3, 6]",93,1
opt,"[4, 1, 0, 7, 2, 5, 3, 6]",94,1
opt,"[4, 1, 0, 7, 2, 5, 3, 6]",95,1
opt,"[4, 1, 0, 7, 2, 5, 3, 6]",96,0
opt,"[4, 1, 0, 7, 2, 5, 3, 6]",97,1
opt,"[4, 1, 0, 7, 2, 5, 3, 6]",98,1
opt,"[4, 1, 0, 7, 2, 5, 3, 6]",99,1
opt,"[1, 2, 0, 4, 3, 5, 7, 6]",60,0
opt,"[1, 2, 0, 4, 3, 5, 7, 6]",61,1
opt,"[1, 2, 0, 4, 3, 5, 7, 6]",62,0
opt,"[1, 2, 0, 4, 3, 5, 7, 6]",63,1
opt,"[1, 2, 0, 4, 3, 5, 7, 6]",64,1
opt,"[1, 2, 0, 4, 3, 5, 7, 6]",65,0
opt,"[1, 2, 0, 4, 3, 5, 7, 6]",66,0
opt,"[1, 2, 0, 4, 3, 5, 7, 6]",67,0
opt,"[1, 2, 0, 4, 3, 5, 7, 6]",68,0
opt,"[1, 2, 0, 4, 3, 5, 7, 6]",69,0
opt,"[1, 2, 0, 4, 3, 5, 7, 6]",70,0
opt,"[1, 2, 0, 4, 3, 5, 7, 6]",71,1
opt,"[1, 2, 0, 4, 3, 5, 7, 6]",72,0
opt,"[1, 2, 0, 4, 3, 5, 7, 6]",73,0
opt,"[1, 2, 0, 4, 3, 5, 7, 6]",74,0
opt,"[1, 2, 0, 4, 3, 5, 7, 6]",75,1
opt,"[1, 2, 0, 4, 3, 5, 7, 6]",76,0
opt,"[1, 2, 0, 4, 3, 5, 7, 6]",77,0
opt,"[1, 2, 0, 4, 3, 5, 7, 6]",78,0
opt,"[1, 2, 0, 4, 3, 5, 7, 6]",79,1
opt,"[1, 2, 0, 4, 3, 5, 7, 6]",80,1
opt,"[1, 2, 0, 4, 3, 5, 7, 6]",81,0
opt,"[1, 2, 0, 4, 3, 5, 7, 6]",82,1
opt,"[1, 2, 0, 4, 3, 5, 7, 6]",83,0
opt,"[1, 2, 0, 4, 3, 5, 7, 6]",84,1
opt,"[1, 2, 0, 4, 3, 5, 7, 6]",85,0
opt,"[1, 2, 0, 4, 3, 5, 7, 6]",86,0
opt,"[1, 2, 0, 4, 3, 5, 7, 6]",87,1
opt,"[1, 2, 0, 4, 3, 5, 7, 6]",88,1
opt,"[1, 2, 0, 4, 3, 5, 7, 6]",89,0
opt,"[1, 2, 0, 4, 3, 5, 7, 6]",90,0
opt,"[1, 2, 0, 4, 3, 5, 7, 6]",91,0
opt,"[1, 2, 0, 4, 3, 5, 7, 6]",92,0
opt,"[1, 2, 0, 4, 3, 5, 7, 6]",93,1
opt,"[1, 2, 0, 4, 3, 5, 7, 6]",94,1
opt,"[1, 2, 0, 4, 3, 5, 7, 6]",95,1
opt,"[1, 2, 0, 4, 3, 5, 7, 6]",96,1
opt,"[1, 2, 0, 4, 3, 5, 7, 6]",97,1
opt,"[1, 2, 0, 4, 3, 5, 7, 6]",98,1
opt,"[1, 2, 0, 4, 3, 5, 7, 6]",99,1
opt,"[6, 5, 3, 4, 1, 0, 2, 7]",60,0
opt,"[6, 5, 3, 4, 1, 0, 2, 7]",61,1
opt,"[6, 5, 3, 4, 1, 0, 2, 7]",62,1
opt,"[6, 5, 3, 4, 1, 0, 2, 7]",63,0
opt,"[6, 5, 3, 4, 1, 0, 2, 7]",64,0
opt,"[6, 5, 3, 4, 1, 0, 2, 7]",65,0
opt,"[6, 5, 3, 4, 1, 0, 2, 7]",66,0
opt,"[6, 5, 3, 4, 1, 0, 2, 7]",67,0
opt,"[6, 5, 3, 4, 1, 0, 2, 7]",68,0
opt,"[6, 5, 3, 4, 1, 0, 2, 7]",69,0
opt,"[6, 5, 3, 4, 1, 0, 2, 7]",70,0
opt,"[6, 5, 3, 4, 1, 0, 2, 7]",71,1
opt,"[6, 5, 3, 4, 1, 0, 2, 7]",72,0
opt,"[6, 5, 3, 4, 1, 0, 2, 7]",73,0
opt,"[6, 5, 3, 4, 1, 0, 2, 7]",74,0
opt,"[6, 5, 3, 4, 1, 0, 2, 7]",75,1
opt,"[6, 5, 3, 4, 1, 0, 2, 7]",76,0
opt,"[6, 5, 3, 4, 1, 0, 2, 7]",77,0
opt,"[6, 5, 3, 4, 1, 0, 2, 7]",78,0
opt,"[6, 5, 3, 4, 1, 0, 2, 7]",79,0
opt,"[6, 5, 3, 4, 1, 0, 2, 7]",80,1
opt,"[6, 5, 3, 4, 1, 0, 2, 7]",81,0
opt,"[6, 5, 3, 4, 1, 0, 2, 7]",82,0
opt,"[6, 5, 3, 4, 1, 0, 2, 7]",83,0
opt,"[6, 5, 3, 4, 1, 0, 2, 7]",84,1
opt,"[6, 5, 3, 4, 1, 0, 2, 7]",85,1
opt,"[6, 5, 3, 4, 1, 0, 2, 7]",86,0
opt,"[6, 5, 3, 4, 1, 0, 2, 7]",87,1
opt,"[6, 5, 3, 4, 1, 0, 2, 7]",88,1
opt,"[6, 5, 3, 4, 1, 0, 2, 7]",89,0
opt,"[6, 5, 3, 4, 1, 0, 2, 7]",90,0
opt,"[6, 5, 3, 4, 1, 0, 2, 7]",91,0
opt,"[6, 5, 3, 4, 1, 0, 2, 7]",92,0
opt,"[6, 5, 3, 4, 1, 0, 2, 7]",93,1
opt,"[6, 5, 3, 4, 1, 0, 2, 7]",94,1
opt,"[6, 5, 3, 4, 1, 0, 2, 7]",95,1
opt,"[6, 5, 3, 4, 1, 0, 2, 7]",96,0
opt,"[6, 5, 3, 4, 1, 0, 2, 7]",97,0
opt,"[6, 5, 3, 4, 1, 0, 2, 7]",98,0
opt,"[6, 5, 3, 4, 1, 0, 2, 7]",99,1
opt,"[2, 7, 6, 4, 3, 1, 5, 0]",60,0
opt,"[2, 7, 6, 4, 3, 1, 5, 0]",61,1
opt,"[2, 7, 6, 4, 3, 1, 5, 0]",62,0
opt,"[2, 7, 6, 4, 3, 1, 5, 0]",63,1
opt,"[2, 7, 6, 4, 3, 1, 5, 0]",64,1
opt,"[2, 7, 6, 4, 3, 1, 5, 0]",65,0
opt,"[2, 7, 6, 4, 3, 1, 5, 0]",66,0
opt,"[2, 7, 6, 4, 3, 1, 5, 0]",67,1
opt,"[2, 7, 6, 4, 3, 1, 5, 0]",68,0
opt,"[2, 7, 6, 4, 3, 1, 5, 0]",69,0
opt,"[2, 7, 6, 4, 3, 1, 5, 0]",70,1
opt,"[2, 7, 6, 4, 3, 1, 5, 0]",71,1
opt,"[2, 7, 6, 4, 3, 1, 5, 0]",72,1
opt,"[2, 7, 6, 4, 3, 1, 5, 0]",73,0
opt,"[2, 7, 6, 4, 3, 1, 5, 0]",74,0
opt,"[2, 7, 6, 4, 3, 1, 5, 0]",75,0
opt,"[2, 7, 6, 4, 3, 1, 5, 0]",76,0
opt,"[2, 7, 6, 4, 3, 1, 5, 0]",77,0
opt,"[2, 7, 6, 4, 3, 1, 5, 0]",78,0
opt,"[2, 7, 6, 4, 3, 1, 5, 0]",79,1
opt,"[2, 7, 6, 4, 3, 1, 5, 0]",80,1
opt,"[2, 7, 6, 4, 3, 1, 5, 0]",81,1
opt,"[2, 7, 6, 4, 3, 1, 5, 0]",82,1
opt,"[2, 7, 6, 4, 3, 1, 5, 0]",83,0
opt,"[2, 7, 6, 4, 3, 1, 5, 0]",84,1
opt,"[2, 7, 6, 4, 3, 1, 5, 0]",85,1
opt,"[2, 7, 6, 4, 3, 1, 5, 0]",86,0
opt,"[2, 7, 6, 4, 3, 1, 5, 0]",87,1
opt,"[2, 7, 6, 4, 3, 1, 5, 0]",88,0
opt,"[2, 7, 6, 4, 3, 1, 5, 0]",89,0
opt,"[2, 7, 6, 4, 3, 1, 5, 0]",90,1
opt,"[2, 7, 6, 4, 3, 1, 5, 0]",91,0
opt,"[2, 7, 6, 4, 3, 1, 5, 0]",92,0
opt,"[2, 7, 6, 4, 3, 1, 5, 0]",93,1
opt,"[2, 7, 6, 4, 3, 1, 5, 0]",94,1
opt,"[2, 7, 6, 4, 3, 1, 5, 0]",95,1
opt,"[2, 7, 6, 4, 3, 1, 5, 0]",96,1
opt,"[2, 7, 6, 4, 3, 1, 5, 0]",97,1
opt,"[2, 7, 6, 4, 3, 1, 5, 0]",98,0
opt,"[2, 7, 6, 4, 3, 1, 5, 0]",99,1
opt,"[4, 1, 7, 2, 0, 6, 5, 3]",60,0
opt,"[4, 1, 7, 2, 0, 6, 5, 3]",61,1
opt,"[4, 1, 7, 2, 0, 6, 5, 3]",62,0
opt,"[4, 1, 7, 2, 0, 6, 5, 3]",63,1
opt,"[4, 1, 7, 2, 0, 6, 5, 3]",64,1
opt,"[4, 1, 7, 2, 0, 6, 5, 3]",65,0
opt,"[4, 1, 7, 2, 0, 6, 5, 3]",66,0
opt,"[4, 1, 7, 2, 0, 6, 5, 3]",67,1
opt,"[4, 1, 7, 2, 0, 6, 5, 3]",68,0
opt,"[4, 1, 7, 2, 0, 6, 5, 3]",69,1
opt,"[4, 1, 7, 2, 0, 6, 5, 3]",70,0
opt,"[4, 1, 7, 2, 0, 6, 5, 3]",71,0
opt,"[4, 1, 7, 2, 0, 6, 5, 3]",72,1
opt,"[4, 1, 7, 2, 0, 6, 5, 3]",73,0
opt,"[4, 1, 7, 2, 0, 6, 5, 3]",74,0
opt,"[4, 1, 7, 2, 0, 6, 5, 3]",75,1
opt,"[4, 1, 7, 2, 0, 6, 5, 3]",76,1
opt,"[4, 1, 7, 2, 0, 6, 5, 3]",77,0
opt,"[4, 1, 7, 2, 0, 6, 5, 3]",78,0
opt,"[4, 1, 7, 2, 0, 6, 5, 3]",79,0
opt,"[4, 1, 7, 2, 0, 6, 5, 3]",80,1
opt,"[4, 1, 7, 2, 0, 6, 5, 3]",81,1
opt,"[4, 1, 7, 2, 0, 6, 5, 3]",82,0
opt,"[4, 1, 7, 2, 0, 6, 5, 3]",83,0
opt,"[4, 1, 7, 2, 0, 6, 5, 3]",84,1
opt,"[4, 1, 7, 2, 0, 6, 5, 3]",85,0
opt,"[4, 1, 7, 2, 0, 6, 5, 3]",86,0
opt,"[4, 1, 7, 2, 0, 6, 5, 3]",87,1
opt,"[4, 1, 7, 2, 0, 6, 5, 3]",88,1
opt,"[4, 1, 7, 2, 0, 6, 5, 3]",89,0
opt,"[4, 1, 7, 2, 0, 6, 5, 3]",90,0
opt,"[4, 1, 7, 2, 0, 6, 5, 3]",91,0
opt,"[4, 1, 7, 2, 0, 6, 5, 3]",92,0
opt,"[4, 1, 7, 2, 0, 6, 5, 3]",93,1
opt,"[4, 1, 7, 2, 0, 6, 5, 3]",94,0
opt,"[4, 1, 7, 2, 0, 6, 5, 3]",95,1
opt,"[4, 1, 7, 2, 0, 6, 5, 3]",96,0
opt,"[4, 1, 7, 2, 0, 6, 5, 3]",97,1
opt,"[4, 1, 7, 2, 0, 6, 5, 3]",98,1
opt,"[4, 1, 7, 2, 0, 6, 5, 3]",99,0
opt,"[5, 2, 1, 0, 6, 3, 7, 4]",60,0
opt,"[5, 2, 1, 0, 6, 3, 7, 4]",61,1
opt,"[5, 2, 1, 0, 6, 3, 7, 4]",62,1
opt,"[5, 2, 1, 0, 6, 3, 7, 4]",63,0
opt,"[5, 2, 1, 0, 6, 3, 7, 4]",64,0
opt,"[5, 2, 1, 0, 6, 3, 7, 4]",65,0
opt,"[5, 2, 1, 0, 6, 3, 7, 4]",66,0
opt,"[5, 2, 1, 0, 6, 3, 7, 4]",67,0
opt,"[5, 2, 1, 0, 6, 3, 7, 4]",68,1
opt,"[5, 2, 1, 0, 6, 3, 7, 4]",69,0
opt,"[5, 2, 1, 0, 6, 3, 7, 4]",70,1
opt,"[5, 2, 1, 0, 6, 3, 7, 4]",71,1
opt,"[5, 2, 1, 0, 6, 3, 7, 4]",72,0
opt,"[5, 2, 1, 0, 6, 3, 7, 4]",73,0
opt,"[5, 2, 1, 0, 6, 3, 7, 4]",74,0
opt,"[5, 2, 1, 0, 6, 3, 7, 4]",75,1
opt,"[5, 2, 1, 0, 6, 3, 7, 4]",76,0
opt,"[5, 2, 1, 0, 6, 3, 7, 4]",77,0
opt,"[5, 2, 1, 0, 6, 3, 7, 4]",78,0
opt,"[5, 2, 1, 0, 6, 3, 7, 4]",79,1
opt,"[5, 2, 1, 0, 6, 3, 7, 4]",80,0
opt,"[5, 2, 1, 0, 6, 3, 7, 4]",81,1
opt,"[5, 2, 1, 0, 6, 3, 7, 4]",82,0
opt,"[5, 2, 1, 0, 6, 3, 7, 4]",83,0
opt,"[5, 2, 1, 0, 6, 3, 7, 4]",84,1
opt,"[5, 2, 1, 0, 6, 3, 7, 4]",85,0
opt,"[5, 2, 1, 0, 6, 3, 7, 4]",86,0
opt,"[5, 2, 1, 0, 6, 3, 7, 4]",87,1
opt,"[5, 2, 1, 0, 6, 3, 7, 4]",88,1
opt,"[5, 2, 1, 0, 6, 3, 7, 4]",89,0
opt,"[5, 2, 1, 0, 6, 3, 7, 4]",90,1
opt,"[5, 2, 1, 0, 6, 3, 7, 4]",91,0
opt,"[5, 2, 1, 0, 6, 3, 7, 4]",92,0
opt,"[5, 2, 1, 0, 6, 3, 7, 4]",93,0
opt,"[5, 2, 1, 0, 6, 3, 7, 4]",94,1
opt,"[5, 2, 1, 0, 6, 3, 7, 4]",95,1
opt,"[5, 2, 1, 0, 6, 3, 7, 4]",96,0
opt,"[5, 2, 1, 0, 6, 3, 7, 4]",97,0
opt,"[5, 2, 1, 0, 6, 3, 7, 4]",98,1
opt,"[5, 2, 1, 0, 6, 3, 7, 4]",99,1
opt,"[3, 5, 7, 2, 0, 6, 4, 1]",60,0
opt,"[3, 5, 7, 2, 0, 6, 4, 1]",61,1
opt,"[3, 5, 7, 2, 0, 6, 4, 1]",62,0
opt,"[3, 5, 7, 2, 0, 6, 4, 1]",63,0
opt,"[3, 5, 7, 2, 0, 6, 4, 1]",64,1
opt,"[3, 5, 7, 2, 0, 6, 4, 1]",65,0
opt,"[3, 5, 7, 2, 0, 6, 4, 1]",66,0
opt,"[3, 5, 7, 2, 0, 6, 4, 1]",67,1
opt,"[3, 5, 7, 2, 0, 6, 4, 1]",68,1
opt,"[3, 5, 7, 2, 0, 6, 4, 1]",69,0
opt,"[3, 5, 7, 2, 0, 6, 4, 1]",70,0
opt,"[3, 5, 7, 2, 0, 6, 4, 1]",71,1
opt,"[3, 5, 7, 2, 0, 6, 4, 1]",72,0
opt,"[3, 5, 7, 2, 0, 6, 4, 1]",73,0
opt,"[3, 5, 7, 2, 0, 6, 4, 1]",74,0
opt,"[3, 5, 7, 2, 0, 6, 4, 1]",75,1
opt,"[3, 5, 7, 2, 0, 6, 4, 1]",76,0
opt,"[3, 5, 7, 2, 0, 6, 4, 1]",77,0
opt,"[3, 5, 7, 2, 0, 6, 4, 1]",78,0
opt,"[3, 5, 7, 2, 0, 6, 4, 1]",79,1
opt,"[3, 5, 7, 2, 0, 6, 4, 1]",80,0
opt,"[3, 5, 7, 2, 0, 6, 4, 1]",81,0
opt,"[3, 5, 7, 2, 0, 6, 4, 1]",82,1
opt,"[3, 5, 7, 2, 0, 6, 4, 1]",83,0
opt,"[3, 5, 7, 2, 0, 6, 4, 1]",84,1
opt,"[3, 5, 7, 2, 0, 6, 4, 1]",85,0
opt,"[3, 5, 7, 2, 0, 6, 4, 1]",86,0
opt,"[3, 5, 7, 2, 0, 6, 4, 1]",87,1
opt,"[3, 5, 7, 2, 0, 6, 4, 1]",88,1
opt,"[3, 5, 7, 2, 0, 6, 4, 1]",89,0
opt,"[3, 5, 7, 2, 0, 6, 4, 1]",90,0
opt,"[3, 5, 7, 2, 0, 6, 4, 1]",91,0
opt,"[3, 5, 7, 2, 0, 6, 4, 1]",92,1
opt,"[3, 5, 7, 2, 0, 6, 4, 1]",93,1
opt,"[3, 5, 7, 2, 0, 6, 4, 1]",94,0
opt,"[3, 5, 7, 2, 0, 6, 4, 1]",95,1
opt,"[3, 5, 7, 2, 0, 6, 4, 1]",96,1
opt,"[3, 5, 7, 2, 0, 6, 4, 1]",97,0
opt,"[3, 5, 7, 2, 0, 6, 4, 1]",98,1
opt,"[3, 5, 7, 2, 0, 6, 4, 1]",99,1
opt,"[7, 6, 1, 0, 5, 3, 4, 2]",60,0
opt,"[7, 6, 1, 0, 5, 3, 4, 2]",61,1
opt,"[7, 6, 1, 0, 5, 3, 4, 2]",62,0
opt,"[7, 6, 1, 0, 5, 3, 4, 2]",63,1
opt,"[7, 6, 1, 0, 5, 3, 4, 2]",64,0
opt,"[7, 6, 1, 0, 5, 3, 4, 2]",65,0
opt,"[7, 6, 1, 0, 5, 3, 4, 2]",66,0
opt,"[7, 6, 1, 0, 5, 3, 4, 2]",67,0
opt,"[7, 6, 1, 0, 5, 3, 4, 2]",68,1
opt,"[7, 6, 1, 0, 5, 3, 4, 2]",69,0
opt,"[7, 6, 1, 0, 5, 3, 4, 2]",70,0
opt,"[7, 6, 1, 0, 5, 3, 4, 2]",71,0
opt,"[7, 6, 1, 0, 5, 3, 4, 2]",72,1
opt,"[7, 6, 1, 0, 5, 3, 4, 2]",73,0
opt,"[7, 6, 1, 0, 5, 3, 4, 2]",74,0
opt,"[7, 6, 1, 0, 5, 3, 4, 2]",75,0
opt,"[7, 6, 1, 0, 5, 3, 4, 2]",76,0
opt,"[7, 6, 1, 0, 5, 3, 4, 2]",77,0
opt,"[7, 6, 1, 0, 5, 3, 4, 2]",78,0
opt,"[7, 6, 1, 0, 5, 3, 4, 2]",79,0
opt,"[7, 6, 1, 0, 5, 3, 4, 2]",80,1
opt,"[7, 6, 1, 0, 5, 3, 4, 2]",81,1
opt,"[7, 6, 1, 0, 5, 3, 4, 2]",82,1
opt,"[7, 6, 1, 0, 5, 3, 4, 2]",83,0
opt,"[7, 6, 1, 0, 5, 3, 4, 2]",84,0
opt,"[7, 6, 1, 0, 5, 3, 4, 2]",85,0
opt,"[7, 6, 1, 0, 5, 3, 4, 2]",86,0
opt,"[7, 6, 1, 0, 5, 3, 4, 2]",87,1
opt,"[7, 6, 1, 0, 5, 3, 4, 2]",88,1
opt,"[7, 6, 1, 0, 5, 3, 4, 2]",89,0
opt,"[7, 6, 1, 0, 5, 3, 4, 2]",90,0
opt,"[7, 6, 1, 0, 5, 3, 4, 2]",91,0
opt,"[7, 6, 1, 0, 5, 3, 4, 2]",92,0
opt,"[7, 6, 1, 0, 5, 3, 4, 2]",93,0
opt,"[7, 6, 1, 0, 5, 3, 4, 2]",94,1
opt,"[7, 6, 1, 0, 5, 3, 4, 2]",95,1
opt,"[7, 6, 1, 0, 5, 3, 4, 2]",96,1
opt,"[7, 6, 1, 0, 5, 3, 4, 2]",97,0
opt,"[7, 6, 1, 0, 5, 3, 4, 2]",98,1
opt,"[7, 6, 1, 0, 5, 3, 4, 2]",99,1
opt,"[7, 2, 1, 5, 3, 0, 6, 4]",60,0
opt,"[7, 2, 1, 5, 3, 0, 6, 4]",61,0
opt,"[7, 2, 1, 5, 3, 0, 6, 4]",62,0
opt,"[7, 2, 1, 5, 3, 0, 6, 4]",63,1
opt,"[7, 2, 1, 5, 3, 0, 6, 4]",64,0
opt,"[7, 2, 1, 5, 3, 0, 6, 4]",65,0
opt,"[7, 2, 1, 5, 3, 0, 6, 4]",66,1
opt,"[7, 2, 1, 5, 3, 0, 6, 4]",67,0
opt,"[7, 2, 1, 5, 3, 0, 6, 4]",68,0
opt,"[7, 2, 1, 5, 3, 0, 6, 4]",69,0
opt,"[7, 2, 1, 5, 3, 0, 6, 4]",70,0
opt,"[7, 2, 1, 5, 3, 0, 6, 4]",71,0
opt,"[7, 2, 1, 5, 3, 0, 6, 4]",72,1
opt,"[7, 2, 1, 5, 3, 0, 6, 4]",73,0
opt,"[7, 2, 1, 5, 3, 0, 6, 4]",74,0
opt,"[7, 2, 1, 5, 3, 0, 6, 4]",75,0
opt,"[7, 2, 1, 5, 3, 0, 6, 4]",76,0
opt,"[7, 2, 1, 5, 3, 0, 6, 4]",77,0
opt,"[7, 2, 1, 5, 3, 0, 6, 4]",78,0
opt,"[7, 2, 1, 5, 3, 0, 6, 4]",79,0
opt,"[7, 2, 1, 5, 3, 0, 6, 4]",80,1
opt,"[7, 2, 1, 5, 3, 0, 6, 4]",81,0
opt,"[7, 2, 1, 5, 3, 0, 6, 4]",82,1
opt,"[7, 2, 1, 5, 3, 0, 6, 4]",83,0
opt,"[7, 2, 1, 5, 3, 0, 6, 4]",84,1
opt,"[7, 2, 1, 5, 3, 0, 6, 4]",85,0
opt,"[7, 2, 1, 5, 3, 0, 6, 4]",86,0
opt,"[7, 2, 1, 5, 3, 0, 6, 4]",87,1
opt,"[7, 2, 1, 5, 3, 0, 6, 4]",88,1
opt,"[7, 2, 1, 5, 3, 0, 6, 4]",89,0
opt,"[7, 2, 1, 5, 3, 0, 6, 4]",90,0
opt,"[7, 2, 1, 5, 3, 0, 6, 4]",91,0
opt,"[7, 2, 1, 5, 3, 0, 6, 4]",92,0
opt,"[7, 2, 1, 5, 3, 0, 6, 4]",93,1
opt,"[7, 2, 1, 5, 3, 0, 6, 4]",94,1
opt,"[7, 2, 1, 5, 3, 0, 6, 4]",95,1
opt,"[7, 2, 1, 5, 3, 0, 6, 4]",96,0
opt,"[7, 2, 1, 5, 3, 0, 6, 4]",97,0
opt,"[7, 2, 1, 5, 3, 0, 6, 4]",98,1
opt,"[7, 2, 1, 5, 3, 0, 6, 4]",99,1
opt,"[2, 4, 7, 3, 1, 6, 0, 5]",60,0
opt,"[2, 4, 7, 3, 1, 6, 0, 5]",61,1
opt,"[2, 4, 7, 3, 1, 6, 0, 5]",62,0
opt,"[2, 4, 7, 3, 1, 6, 0, 5]",63,0
opt,"[2, 4, 7, 3, 1, 6, 0, 5]",64,1
opt,"[2, 4, 7, 3, 1, 6, 0, 5]",65,0
opt,"[2, 4, 7, 3, 1, 6, 0, 5]",66,0
opt,"[2, 4, 7, 3, 1, 6, 0, 5]",67,0
opt,"[2, 4, 7, 3, 1, 6, 0, 5]",68,1
opt,"[2, 4, 7, 3, 1, 6, 0, 5]",69,0
opt,"[2, 4, 7, 3, 1, 6, 0, 5]",70,1
opt,"[2, 4, 7, 3, 1, 6, 0, 5]",71,1
opt,"[2, 4, 7, 3, 1, 6, 0, 5]",72,1
opt,"[2, 4, 7, 3, 1, 6, 0, 5]",73,0
opt,"[2, 4, 7, 3, 1, 6, 0, 5]",74,0
opt,"[2, 4, 7, 3, 1, 6, 0, 5]",75,0
opt,"[2, 4, 7, 3, 1, 6, 0, 5]",76,1
opt,"[2, 4, 7, 3, 1, 6, 0, 5]",77,0
opt,"[2, 4, 7, 3, 1, 6, 0, 5]",78,0
opt,"[2, 4, 7, 3, 1, 6, 0, 5]",79,0
opt,"[2, 4, 7, 3, 1, 6, 0, 5]",80,0
opt,"[2, 4, 7, 3, 1, 6, 0, 5]",81,1
opt,"[2, 4, 7, 3, 1, 6, 0, 5]",82,0
opt,"[2, 4, 7, 3, 1, 6, 0, 5]",83,0
opt,"[2, 4, 7, 3, 1, 6, 0, 5]",84,0
opt,"[2, 4, 7, 3, 1, 6, 0, 5]",85,0
opt,"[2, 4, 7, 3, 1, 6, 0, 5]",86,0
opt,"[2, 4, 7, 3, 1, 6, 0, 5]",87,1
opt,"[2, 4, 7, 3, 1, 6, 0, 5]",88,0
opt,"[2, 4, 7, 3, 1, 6, 0, 5]",89,0
opt,"[2, 4, 7, 3, 1, 6, 0, 5]",90,0
opt,"[2, 4, 7, 3, 1, 6, 0, 5]",91,0
opt,"[2, 4, 7, 3, 1, 6, 0, 5]",92,0
opt,"[2, 4, 7, 3, 1, 6, 0, 5]",93,1
opt,"[2, 4, 7, 3, 1, 6, 0, 5]",94,0
opt,"[2, 4, 7, 3, 1, 6, 0, 5]",95,1
opt,"[2, 4, 7, 3, 1, 6, 0, 5]",96,1
opt,"[2, 4, 7, 3, 1, 6, 0, 5]",97,0
opt,"[2, 4, 7, 3, 1, 6, 0, 5]",98,1
opt,"[2, 4, 7, 3, 1, 6, 0, 5]",99,0
opt,"[6, 5, 0, 2, 4, 7, 3, 1]",60,0
opt,"[6, 5, 0, 2, 4, 7, 3, 1]",61,1
opt,"[6, 5, 0, 2, 4, 7, 3, 1]",62,0
opt,"[6, 5, 0, 2, 4, 7, 3, 1]",63,0
opt,"[6, 5, 0, 2, 4, 7, 3, 1]",64,1
opt,"[6, 5, 0, 2, 4, 7, 3, 1]",65,0
opt,"[6, 5, 0, 2, 4, 7, 3, 1]",66,0
opt,"[6, 5, 0, 2, 4, 7, 3, 1]",67,0
opt,"[6, 5, 0, 2, 4, 7, 3, 1]",68,0
opt,"[6, 5, 0, 2, 4, 7, 3, 1]",69,0
opt,"[6, 5, 0, 2, 4, 7, 3, 1]",70,0
opt,"[6, 5, 0, 2, 4, 7, 3, 1]",71,1
opt,"[6, 5, 0, 2, 4, 7, 3, 1]",72,0
opt,"[6, 5, 0, 2, 4, 7, 3, 1]",73,0
opt,"[6, 5, 0, 2, 4, 7, 3, 1]",74,0
opt,"[6, 5, 0, 2, 4, 7, 3, 1]",75,0
opt,"[6, 5, 0, 2, 4, 7, 3, 1]",76,0
opt,"[6, 5, 0, 2, 4, 7, 3, 1]",77,0
opt,"[6, 5, 0, 2, 4, 7, 3, 1]",78,0
opt,"[6, 5, 0, 2, 4, 7, 3, 1]",79,0
opt,"[6, 5, 0, 2, 4, 7, 3, 1]",80,1
opt,"[6, 5, 0, 2, 4, 7, 3, 1]",81,1
opt,"[6, 5, 0, 2, 4, 7, 3, 1]",82,1
opt,"[6, 5, 0, 2, 4, 7, 3, 1]",83,0
opt,"[6, 5, 0, 2, 4, 7, 3, 1]",84,1
opt,"[6, 5, 0, 2, 4, 7, 3, 1]",85,0
opt,"[6, 5, 0, 2, 4, 7, 3, 1]",86,0
opt,"[6, 5, 0, 2, 4, 7, 3, 1]",87,1
opt,"[6, 5, 0, 2, 4, 7, 3, 1]",88,0
opt,"[6, 5, 0, 2, 4, 7, 3, 1]",89,0
opt,"[6, 5, 0, 2, 4, 7, 3, 1]",90,0
opt,"[6, 5, 0, 2, 4, 7, 3, 1]",91,0
opt,"[6, 5, 0, 2, 4, 7, 3, 1]",92,1
opt,"[6, 5, 0, 2, 4, 7, 3, 1]",93,1
opt,"[6, 5, 0, 2, 4, 7, 3, 1]",94,0
opt,"[6, 5, 0, 2, 4, 7, 3, 1]",95,1
opt,"[6, 5, 0, 2, 4, 7, 3, 1]",96,1
opt,"[6, 5, 0, 2, 4, 7, 3, 1]",97,0
opt,"[6, 5, 0, 2, 4, 7, 3, 1]",98,1
opt,"[6, 5, 0, 2, 4, 7, 3, 1]",99,1
opt,"[7, 2, 0, 1, 4, 6, 5, 3]",60,0
opt,"[7, 2, 0, 1, 4, 6, 5, 3]",61,0
opt,"[7, 2, 0, 1, 4, 6, 5, 3]",62,0
opt,"[7, 2, 0, 1, 4, 6, 5, 3]",63,0
opt,"[7, 2, 0, 1, 4, 6, 5, 3]",64,1
opt,"[7, 2, 0, 1, 4, 6, 5, 3]",65,0
opt,"[7, 2, 0, 1, 4, 6, 5, 3]",66,0
opt,"[7, 2, 0, 1, 4, 6, 5, 3]",67,1
opt,"[7, 2, 0, 1, 4, 6, 5, 3]",68,0
opt,"[7, 2, 0, 1, 4, 6, 5, 3]",69,0
opt,"[7, 2, 0, 1, 4, 6, 5, 3]",70,0
opt,"[7, 2, 0, 1, 4, 6, 5, 3]",71,0
opt,"[7, 2, 0, 1, 4, 6, 5, 3]",72,1
opt,"[7, 2, 0, 1, 4, 6, 5, 3]",73,1
opt,"[7, 2, 0, 1, 4, 6, 5, 3]",74,0
opt,"[7, 2, 0, 1, 4, 6, 5, 3]",75,0
opt,"[7, 2, 0, 1, 4, 6, 5, 3]",76,0
opt,"[7, 2, 0, 1, 4, 6, 5, 3]",77,0
opt,"[7, 2, 0, 1, 4, 6, 5, 3]",78,0
opt,"[7, 2, 0, 1, 4, 6, 5, 3]",79,0
opt,"[7, 2, 0, 1, 4, 6, 5, 3]",80,0
opt,"[7, 2, 0, 1, 4, 6, 5, 3]",81,1
opt,"[7, 2, 0, 1, 4, 6, 5, 3]",82,0
opt,"[7, 2, 0, 1, 4, 6, 5, 3]",83,0
opt,"[7, 2, 0, 1, 4, 6, 5, 3]",84,1
opt,"[7, 2, 0, 1, 4, 6, 5, 3]",85,1
opt,"[7, 2, 0, 1, 4, 6, 5, 3]",86,0
opt,"[7, 2, 0, 1, 4, 6, 5, 3]",87,1
opt,"[7, 2, 0, 1, 4, 6, 5, 3]",88,0
opt,"[7, 2, 0, 1, 4, 6, 5, 3]",89,0
opt,"[7, 2, 0, 1, 4, 6, 5, 3]",90,0
opt,"[7, 2, 0, 1, 4, 6, 5, 3]",91,0
opt,"[7, 2, 0, 1, 4, 6, 5, 3]",92,0
opt,"[7, 2, 0, 1, 4, 6, 5, 3]",93,0
opt,"[7, 2, 0, 1, 4, 6, 5, 3]",94,1
opt,"[7, 2, 0, 1, 4, 6, 5, 3]",95,1
opt,"[7, 2, 0, 1, 4, 6, 5, 3]",96,0
opt,"[7, 2, 0, 1, 4, 6, 5, 3]",97,0
opt,"[7, 2, 0, 1, 4, 6, 5, 3]",98,1
opt,"[7, 2, 0, 1, 4, 6, 5, 3]",99,0
opt,"[5, 6, 7, 2, 0, 3, 4, 1]",60,0
opt,"[5, 6, 7, 2, 0, 3, 4, 1]",61,1
opt,"[5, 6, 7, 2, 0, 3, 4, 1]",62,1
opt,"[5, 6, 7, 2, 0, 3, 4, 1]",63,0
opt,"[5, 6, 7, 2, 0, 3, 4, 1]",64,1
opt,"[5, 6, 7, 2, 0, 3, 4, 1]",65,0
opt,"[5, 6, 7, 2, 0, 3, 4, 1]",66,0
opt,"[5, 6, 7, 2, 0, 3, 4, 1]",67,1
opt,"[5, 6, 7, 2, 0, 3, 4, 1]",68,1
opt,"[5, 6, 7, 2, 0, 3, 4, 1]",69,1
opt,"[5, 6, 7, 2, 0, 3, 4, 1]",70,1
opt,"[5, 6, 7, 2, 0, 3, 4, 1]",71,1
opt,"[5, 6, 7, 2, 0, 3, 4, 1]",72,1
opt,"[5, 6, 7, 2, 0, 3, 4, 1]",73,0
opt,"[5, 6, 7, 2, 0, 3, 4, 1]",74,0
opt,"[5, 6, 7, 2, 0, 3, 4, 1]",75,0
opt,"[5, 6, 7, 2, 0, 3, 4, 1]",76,0
opt,"[5, 6, 7, 2, 0, 3, 4, 1]",77,0
opt,"[5, 6, 7, 2, 0, 3, 4, 1]",78,0
opt,"[5, 6, 7, 2, 0, 3, 4, 1]",79,0
opt,"[5, 6, 7, 2, 0, 3, 4, 1]",80,1
opt,"[5, 6, 7, 2, 0, 3, 4, 1]",81,0
opt,"[5, 6, 7, 2, 0, 3, 4, 1]",82,1
opt,"[5, 6, 7, 2, 0, 3, 4, 1]",83,0
opt,"[5, 6, 7, 2, 0, 3, 4, 1]",84,1
opt,"[5, 6, 7, 2, 0, 3, 4, 1]",85,0
opt,"[5, 6, 7, 2, 0, 3, 4, 1]",86,0
opt,"[5, 6, 7, 2, 0, 3, 4, 1]",87,1
opt,"[5, 6, 7, 2, 0, 3, 4, 1]",88,1
opt,"[5, 6, 7, 2, 0, 3, 4, 1]",89,0
opt,"[5, 6, 7, 2, 0, 3, 4, 1]",90,0
opt,"[5, 6, 7, 2, 0, 3, 4, 1]",91,0
opt,"[5, 6, 7, 2, 0, 3, 4, 1]",92,0
opt,"[5, 6, 7, 2, 0, 3, 4, 1]",93,1
opt,"[5, 6, 7, 2, 0, 3, 4, 1]",94,1
opt,"[5, 6, 7, 2, 0, 3, 4, 1]",95,1
opt,"[5, 6, 7, 2, 0, 3, 4, 1]",96,0
opt,"[5, 6, 7, 2, 0, 3, 4, 1]",97,0
opt,"[5, 6, 7, 2, 0, 3, 4, 1]",98,1
opt,"[5, 6, 7, 2, 0, 3, 4, 1]",99,1
opt,"[4, 2, 7, 0, 3, 5, 1, 6]",60,0
opt,"[4, 2, 7, 0, 3, 5, 1, 6]",61,0
opt,"[4, 2, 7, 0, 3, 5, 1, 6]",62,1
opt,"[4, 2, 7, 0, 3, 5, 1, 6]",63,0
opt,"[4, 2, 7, 0, 3, 5, 1, 6]",64,1
opt,"[4, 2, 7, 0, 3, 5, 1, 6]",65,0
opt,"[4, 2, 7, 0, 3, 5, 1, 6]",66,0
opt,"[4, 2, 7, 0, 3, 5, 1, 6]",67,0
opt,"[4, 2, 7, 0, 3, 5, 1, 6]",68,0
opt,"[4, 2, 7, 0, 3, 5, 1, 6]",69,0
opt,"[4, 2, 7, 0, 3, 5, 1, 6]",70,1
opt,"[4, 2, 7, 0, 3, 5, 1, 6]",71,1
opt,"[4, 2, 7, 0, 3, 5, 1, 6]",72,0
opt,"[4, 2, 7, 0, 3, 5, 1, 6]",73,0
opt,"[4, 2, 7, 0, 3, 5, 1, 6]",74,0
opt,"[4, 2, 7, 0, 3, 5, 1, 6]",75,1
opt,"[4, 2, 7, 0, 3, 5, 1, 6]",76,0
opt,"[4, 2, 7, 0, 3, 5, 1, 6]",77,0
opt,"[4, 2, 7, 0, 3, 5, 1, 6]",78,0
opt,"[4, 2, 7, 0, 3, 5, 1, 6]",79,0
opt,"[4, 2, 7, 0, 3, 5, 1, 6]",80,1
opt,"[4, 2, 7, 0, 3, 5, 1, 6]",81,1
opt,"[4, 2, 7, 0, 3, 5, 1, 6]",82,1
opt,"[4, 2, 7, 0, 3, 5, 1, 6]",83,0
opt,"[4, 2, 7, 0, 3, 5, 1, 6]",84,1
opt,"[4, 2, 7, 0, 3, 5, 1, 6]",85,0
opt,"[4, 2, 7, 0, 3, 5, 1, 6]",86,0
opt,"[4, 2, 7, 0, 3, 5, 1, 6]",87,0
opt,"[4, 2, 7, 0, 3, 5, 1, 6]",88,1
opt,"[4, 2, 7, 0, 3, 5, 1, 6]",89,0
opt,"[4, 2, 7, 0, 3, 5, 1, 6]",90,0
opt,"[4, 2, 7, 0, 3, 5, 1, 6]",91,0
opt,"[4, 2, 7, 0, 3, 5, 1, 6]",92,0
opt,"[4, 2, 7, 0, 3, 5, 1, 6]",93,0
opt,"[4, 2, 7, 0, 3, 5, 1, 6]",94,0
opt,"[4, 2, 7, 0, 3, 5, 1, 6]",95,1
opt,"[4, 2, 7, 0, 3, 5, 1, 6]",96,1
opt,"[4, 2, 7, 0, 3, 5, 1, 6]",97,1
opt,"[4, 2, 7, 0, 3, 5, 1, 6]",98,1
opt,"[4, 2, 7, 0, 3, 5, 1, 6]",99,1
opt,"[3, 6, 7, 1, 0, 5, 2, 4]",60,0
opt,"[3, 6, 7, 1, 0, 5, 2, 4]",61,1
opt,"[3, 6, 7, 1, 0, 5, 2, 4]",62,1
opt,"[3, 6, 7, 1, 0, 5, 2, 4]",63,0
opt,"[3, 6, 7, 1, 0, 5, 2, 4]",64,1
opt,"[3, 6, 7, 1, 0, 5, 2, 4]",65,0
opt,"[3, 6, 7, 1, 0, 5, 2, 4]",66,1
opt,"[3, 6, 7, 1, 0, 5, 2, 4]",67,0
opt,"[3, 6, 7, 1, 0, 5, 2, 4]",68,0
opt,"[3, 6, 7, 1, 0, 5, 2, 4]",69,0
opt,"[3, 6, 7, 1, 0, 5, 2, 4]",70,1
opt,"[3, 6, 7, 1, 0, 5, 2, 4]",71,1
opt,"[3, 6, 7, 1, 0, 5, 2, 4]",72,0
opt,"[3, 6, 7, 1, 0, 5, 2, 4]",73,0
opt,"[3, 6, 7, 1, 0, 5, 2, 4]",74,0
opt,"[3, 6, 7, 1, 0, 5, 2, 4]",75,1
opt,"[3, 6, 7, 1, 0, 5, 2, 4]",76,0
opt,"[3, 6, 7, 1, 0, 5, 2, 4]",77,0
opt,"[3, 6, 7, 1, 0, 5, 2, 4]",78,0
opt,"[3, 6, 7, 1, 0, 5, 2, 4]",79,1
opt,"[3, 6, 7, 1, 0, 5, 2, 4]",80,0
opt,"[3, 6, 7, 1, 0, 5, 2, 4]",81,0
opt,"[3, 6, 7, 1, 0, 5, 2, 4]",82,1
opt,"[3, 6, 7, 1, 0, 5, 2, 4]",83,1
opt,"[3, 6, 7, 1, 0, 5, 2, 4]",84,1
opt,"[3, 6, 7, 1, 0, 5, 2, 4]",85,0
opt,"[3, 6, 7, 1, 0, 5, 2, 4]",86,0
opt,"[3, 6, 7, 1, 0, 5, 2, 4]",87,1
opt,"[3, 6, 7, 1, 0, 5, 2, 4]",88,1
opt,"[3, 6, 7, 1, 0, 5, 2, 4]",89,0
opt,"[3, 6, 7, 1, 0, 5, 2, 4]",90,0
opt,"[3, 6, 7, 1, 0, 5, 2, 4]",91,0
opt,"[3, 6, 7, 1, 0, 5, 2, 4]",92,0
opt,"[3, 6, 7, 1, 0, 5, 2, 4]",93,1
opt,"[3, 6, 7, 1, 0, 5, 2, 4]",94,1
opt,"[3, 6, 7, 1, 0, 5, 2, 4]",95,1
opt,"[3, 6, 7, 1, 0, 5, 2, 4]",96,1
opt,"[3, 6, 7, 1, 0, 5, 2, 4]",97,0
opt,"[3, 6, 7, 1, 0, 5, 2, 4]",98,1
opt,"[3, 6, 7, 1, 0, 5, 2, 4]",99,1
orig,"[1, 2, 0, 7, 6, 4, 3, 5]",60,0
orig,"[1, 2, 0, 7, 6, 4, 3, 5]",61,1
orig,"[1, 2, 0, 7, 6, 4, 3, 5]",62,1
orig,"[1, 2, 0, 7, 6, 4, 3, 5]",63,0
orig,"[1, 2, 0, 7, 6, 4, 3, 5]",64,1
orig,"[1, 2, 0, 7, 6, 4, 3, 5]",65,0
orig,"[1, 2, 0, 7, 6, 4, 3, 5]",66,1
orig,"[1, 2, 0, 7, 6, 4, 3, 5]",67,0
orig,"[1, 2, 0, 7, 6, 4, 3, 5]",68,1
orig,"[1, 2, 0, 7, 6, 4, 3, 5]",69,0
orig,"[1, 2, 0, 7, 6, 4, 3, 5]",70,1
orig,"[1, 2, 0, 7, 6, 4, 3, 5]",71,1
orig,"[1, 2, 0, 7, 6, 4, 3, 5]",72,1
orig,"[1, 2, 0, 7, 6, 4, 3, 5]",73,0
orig,"[1, 2, 0, 7, 6, 4, 3, 5]",74,0
orig,"[1, 2, 0, 7, 6, 4, 3, 5]",75,0
orig,"[1, 2, 0, 7, 6, 4, 3, 5]",76,1
orig,"[1, 2, 0, 7, 6, 4, 3, 5]",77,0
orig,"[1, 2, 0, 7, 6, 4, 3, 5]",78,0
orig,"[1, 2, 0, 7, 6, 4, 3, 5]",79,0
orig,"[1, 2, 0, 7, 6, 4, 3, 5]",80,1
orig,"[1, 2, 0, 7, 6, 4, 3, 5]",81,0
orig,"[1, 2, 0, 7, 6, 4, 3, 5]",82,0
orig,"[1, 2, 0, 7, 6, 4, 3, 5]",83,0
orig,"[1, 2, 0, 7, 6, 4, 3, 5]",84,1
orig,"[1, 2, 0, 7, 6, 4, 3, 5]",85,0
orig,"[1, 2, 0, 7, 6, 4, 3, 5]",86,0
orig,"[1, 2, 0, 7, 6, 4, 3, 5]",87,1
orig,"[1, 2, 0, 7, 6, 4, 3, 5]",88,1
orig,"[1, 2, 0, 7, 6, 4, 3, 5]",89,0
orig,"[3, 2, 7, 5, 6, 0, 4, 1]",60,0
orig,"[3, 2, 7, 5, 6, 0, 4, 1]",61,1
orig,"[3, 2, 7, 5, 6, 0, 4, 1]",62,0
orig,"[3, 2, 7, 5, 6, 0, 4, 1]",63,1
orig,"[3, 2, 7, 5, 6, 0, 4, 1]",64,1
orig,"[3, 2, 7, 5, 6, 0, 4, 1]",65,0
orig,"[3, 2, 7, 5, 6, 0, 4, 1]",66,1
orig,"[3, 2, 7, 5, 6, 0, 4, 1]",67,1
orig,"[3, 2, 7, 5, 6, 0, 4, 1]",68,0
orig,"[3, 2, 7, 5, 6, 0, 4, 1]",69,0
orig,"[3, 2, 7, 5, 6, 0, 4, 1]",70,0
orig,"[3, 2, 7, 5, 6, 0, 4, 1]",71,1
orig,"[3, 2, 7, 5, 6, 0, 4, 1]",72,0
orig,"[3, 2, 7, 5, 6, 0, 4, 1]",73,1
orig,"[3, 2, 7, 5, 6, 0, 4, 1]",74,0
orig,"[3, 2, 7, 5, 6, 0, 4, 1]",75,0
orig,"[3, 2, 7, 5, 6, 0, 4, 1]",76,0
orig,"[3, 2, 7, 5, 6, 0, 4, 1]",77,0
orig,"[3, 2, 7, 5, 6, 0, 4, 1]",78,0
orig,"[3, 2, 7, 5, 6, 0, 4, 1]",79,0
orig,"[3, 2, 7, 5, 6, 0, 4, 1]",80,0
orig,"[3, 2, 7, 5, 6, 0, 4, 1]",81,0
orig,"[3, 2, 7, 5, 6, 0, 4, 1]",82,0
orig,"[3, 2, 7, 5, 6, 0, 4, 1]",83,0
orig,"[3, 2, 7, 5, 6, 0, 4, 1]",84,0
orig,"[3, 2, 7, 5, 6, 0, 4, 1]",85,0
orig,"[3, 2, 7, 5, 6, 0, 4, 1]",86,0
orig,"[3, 2, 7, 5, 6, 0, 4, 1]",87,1
orig,"[3, 2, 7, 5, 6, 0, 4, 1]",88,1
orig,"[3, 2, 7, 5, 6, 0, 4, 1]",89,0
orig,"[2, 4, 5, 1, 0, 3, 6, 7]",60,0
orig,"[2, 4, 5, 1, 0, 3, 6, 7]",61,1
orig,"[2, 4, 5, 1, 0, 3, 6, 7]",62,0
orig,"[2, 4, 5, 1, 0, 3, 6, 7]",63,1
orig,"[2, 4, 5, 1, 0, 3, 6, 7]",64,1
orig,"[2, 4, 5, 1, 0, 3, 6, 7]",65,0
orig,"[2, 4, 5, 1, 0, 3, 6, 7]",66,1
orig,"[2, 4, 5, 1, 0, 3, 6, 7]",67,0
orig,"[2, 4, 5, 1, 0, 3, 6, 7]",68,1
orig,"[2, 4, 5, 1, 0, 3, 6, 7]",69,0
orig,"[2, 4, 5, 1, 0, 3, 6, 7]",70,0
orig,"[2, 4, 5, 1, 0, 3, 6, 7]",71,1
orig,"[2, 4, 5, 1, 0, 3, 6, 7]",72,0
orig,"[2, 4, 5, 1, 0, 3, 6, 7]",73,0
orig,"[2, 4, 5, 1, 0, 3, 6, 7]",74,0
orig,"[2, 4, 5, 1, 0, 3, 6, 7]",75,0
orig,"[2, 4, 5, 1, 0, 3, 6, 7]",76,0
orig,"[2, 4, 5, 1, 0, 3, 6, 7]",77,0
orig,"[2, 4, 5, 1, 0, 3, 6, 7]",78,0
orig,"[2, 4, 5, 1, 0, 3, 6, 7]",79,0
orig,"[2, 4, 5, 1, 0, 3, 6, 7]",80,0
orig,"[2, 4, 5, 1, 0, 3, 6, 7]",81,1
orig,"[2, 4, 5, 1, 0, 3, 6, 7]",82,0
orig,"[2, 4, 5, 1, 0, 3, 6, 7]",83,0
orig,"[2, 4, 5, 1, 0, 3, 6, 7]",84,0
orig,"[2, 4, 5, 1, 0, 3, 6, 7]",85,0
orig,"[2, 4, 5, 1, 0, 3, 6, 7]",86,0
orig,"[2, 4, 5, 1, 0, 3, 6, 7]",87,1
orig,"[2, 4, 5, 1, 0, 3, 6, 7]",88,1
orig,"[2, 4, 5, 1, 0, 3, 6, 7]",89,0
orig,"[1, 2, 0, 7, 6, 3, 4, 5]",60,0
orig,"[1, 2, 0, 7, 6, 3, 4, 5]",61,0
orig,"[1, 2, 0, 7, 6, 3, 4, 5]",62,0
orig,"[1, 2, 0, 7, 6, 3, 4, 5]",63,1
orig,"[1, 2, 0, 7, 6, 3, 4, 5]",64,1
orig,"[1, 2, 0, 7, 6, 3, 4, 5]",65,0
orig,"[1, 2, 0, 7, 6, 3, 4, 5]",66,0
orig,"[1, 2, 0, 7, 6, 3, 4, 5]",67,0
orig,"[1, 2, 0, 7, 6, 3, 4, 5]",68,0
orig,"[1, 2, 0, 7, 6, 3, 4, 5]",69,0
orig,"[1, 2, 0, 7, 6, 3, 4, 5]",70,1
orig,"[1, 2, 0, 7, 6, 3, 4, 5]",71,1
orig,"[1, 2, 0, 7, 6, 3, 4, 5]",72,0
orig,"[1, 2, 0, 7, 6, 3, 4, 5]",73,0
orig,"[1, 2, 0, 7, 6, 3, 4, 5]",74,0
orig,"[1, 2, 0, 7, 6, 3, 4, 5]",75,0
orig,"[1, 2, 0, 7, 6, 3, 4, 5]",76,0
orig,"[1, 2, 0, 7, 6, 3, 4, 5]",77,0
orig,"[1, 2, 0, 7, 6, 3, 4, 5]",78,0
orig,"[1, 2, 0, 7, 6, 3, 4, 5]",79,0
orig,"[1, 2, 0, 7, 6, 3, 4, 5]",80,1
orig,"[1, 2, 0, 7, 6, 3, 4, 5]",81,1
orig,"[1, 2, 0, 7, 6, 3, 4, 5]",82,1
orig,"[1, 2, 0, 7, 6, 3, 4, 5]",83,0
orig,"[1, 2, 0, 7, 6, 3, 4, 5]",84,0
orig,"[1, 2, 0, 7, 6, 3, 4, 5]",85,0
orig,"[1, 2, 0, 7, 6, 3, 4, 5]",86,0
orig,"[1, 2, 0, 7, 6, 3, 4, 5]",87,1
orig,"[1, 2, 0, 7, 6, 3, 4, 5]",88,1
orig,"[1, 2, 0, 7, 6, 3, 4, 5]",89,0
orig,"[1, 2, 4, 3, 7, 0, 6, 5]",60,0
orig,"[1, 2, 4, 3, 7, 0, 6, 5]",61,1
orig,"[1, 2, 4, 3, 7, 0, 6, 5]",62,0
orig,"[1, 2, 4, 3, 7, 0, 6, 5]",63,0
orig,"[1, 2, 4, 3, 7, 0, 6, 5]",64,1
orig,"[1, 2, 4, 3, 7, 0, 6, 5]",65,0
orig,"[1, 2, 4, 3, 7, 0, 6, 5]",66,0
orig,"[1, 2, 4, 3, 7, 0, 6, 5]",67,1
orig,"[1, 2, 4, 3, 7, 0, 6, 5]",68,0
orig,"[1, 2, 4, 3, 7, 0, 6, 5]",69,0
orig,"[1, 2, 4, 3, 7, 0, 6, 5]",70,1
orig,"[1, 2, 4, 3, 7, 0, 6, 5]",71,1
orig,"[1, 2, 4, 3, 7, 0, 6, 5]",72,0
orig,"[1, 2, 4, 3, 7, 0, 6, 5]",73,0
orig,"[1, 2, 4, 3, 7, 0, 6, 5]",74,0
orig,"[1, 2, 4, 3, 7, 0, 6, 5]",75,0
orig,"[1, 2, 4, 3, 7, 0, 6, 5]",76,1
orig,"[1, 2, 4, 3, 7, 0, 6, 5]",77,0
orig,"[1, 2, 4, 3, 7, 0, 6, 5]",78,0
orig,"[1, 2, 4, 3, 7, 0, 6, 5]",79,1
orig,"[1, 2, 4, 3, 7, 0, 6, 5]",80,1
orig,"[1, 2, 4, 3, 7, 0, 6, 5]",81,1
orig,"[1, 2, 4, 3, 7, 0, 6, 5]",82,0
orig,"[1, 2, 4, 3, 7, 0, 6, 5]",83,0
orig,"[1, 2, 4, 3, 7, 0, 6, 5]",84,0
orig,"[1, 2, 4, 3, 7, 0, 6, 5]",85,1
orig,"[1, 2, 4, 3, 7, 0, 6, 5]",86,0
orig,"[1, 2, 4, 3, 7, 0, 6, 5]",87,1
orig,"[1, 2, 4, 3, 7, 0, 6, 5]",88,1
orig,"[1, 2, 4, 3, 7, 0, 6, 5]",89,0
orig,"[1, 2, 7, 0, 6, 4, 3, 5]",60,0
orig,"[1, 2, 7, 0, 6, 4, 3, 5]",61,1
orig,"[1, 2, 7, 0, 6, 4, 3, 5]",62,0
orig,"[1, 2, 7, 0, 6, 4, 3, 5]",63,0
orig,"[1, 2, 7, 0, 6, 4, 3, 5]",64,1
orig,"[1, 2, 7, 0, 6, 4, 3, 5]",65,0
orig,"[1, 2, 7, 0, 6, 4, 3, 5]",66,0
orig,"[1, 2, 7, 0, 6, 4, 3, 5]",67,0
orig,"[1, 2, 7, 0, 6, 4, 3, 5]",68,1
orig,"[1, 2, 7, 0, 6, 4, 3, 5]",69,0
orig,"[1, 2, 7, 0, 6, 4, 3, 5]",70,0
orig,"[1, 2, 7, 0, 6, 4, 3, 5]",71,1
orig,"[1, 2, 7, 0, 6, 4, 3, 5]",72,0
orig,"[1, 2, 7, 0, 6, 4, 3, 5]",73,1
orig,"[1, 2, 7, 0, 6, 4, 3, 5]",74,0
orig,"[1, 2, 7, 0, 6, 4, 3, 5]",75,1
orig,"[1, 2, 7, 0, 6, 4, 3, 5]",76,0
orig,"[1, 2, 7, 0, 6, 4, 3, 5]",77,0
orig,"[1, 2, 7, 0, 6, 4, 3, 5]",78,0
orig,"[1, 2, 7, 0, 6, 4, 3, 5]",79,0
orig,"[1, 2, 7, 0, 6, 4, 3, 5]",80,0
orig,"[1, 2, 7, 0, 6, 4, 3, 5]",81,0
orig,"[1, 2, 7, 0, 6, 4, 3, 5]",82,0
orig,"[1, 2, 7, 0, 6, 4, 3, 5]",83,0
orig,"[1, 2, 7, 0, 6, 4, 3, 5]",84,1
orig,"[1, 2, 7, 0, 6, 4, 3, 5]",85,0
orig,"[1, 2, 7, 0, 6, 4, 3, 5]",86,0
orig,"[1, 2, 7, 0, 6, 4, 3, 5]",87,1
orig,"[1, 2, 7, 0, 6, 4, 3, 5]",88,1
orig,"[1, 2, 7, 0, 6, 4, 3, 5]",89,0
orig,"[2, 7, 5, 0, 3, 6, 4, 1]",60,0
orig,"[2, 7, 5, 0, 3, 6, 4, 1]",61,1
orig,"[2, 7, 5, 0, 3, 6, 4, 1]",62,0
orig,"[2, 7, 5, 0, 3, 6, 4, 1]",63,0
orig,"[2, 7, 5, 0, 3, 6, 4, 1]",64,0
orig,"[2, 7, 5, 0, 3, 6, 4, 1]",65,0
orig,"[2, 7, 5, 0, 3, 6, 4, 1]",66,1
orig,"[2, 7, 5, 0, 3, 6, 4, 1]",67,0
orig,"[2, 7, 5, 0, 3, 6, 4, 1]",68,0
orig,"[2, 7, 5, 0, 3, 6, 4, 1]",69,0
orig,"[2, 7, 5, 0, 3, 6, 4, 1]",70,0
orig,"[2, 7, 5, 0, 3, 6, 4, 1]",71,1
orig,"[2, 7, 5, 0, 3, 6, 4, 1]",72,1
orig,"[2, 7, 5, 0, 3, 6, 4, 1]",73,0
orig,"[2, 7, 5, 0, 3, 6, 4, 1]",74,0
orig,"[2, 7, 5, 0, 3, 6, 4, 1]",75,0
orig,"[2, 7, 5, 0, 3, 6, 4, 1]",76,0
orig,"[2, 7, 5, 0, 3, 6, 4, 1]",77,0
orig,"[2, 7, 5, 0, 3, 6, 4, 1]",78,1
orig,"[2, 7, 5, 0, 3, 6, 4, 1]",79,0
orig,"[2, 7, 5, 0, 3, 6, 4, 1]",80,0
orig,"[2, 7, 5, 0, 3, 6, 4, 1]",81,1
orig,"[2, 7, 5, 0, 3, 6, 4, 1]",82,0
orig,"[2, 7, 5, 0, 3, 6, 4, 1]",83,1
orig,"[2, 7, 5, 0, 3, 6, 4, 1]",84,0
orig,"[2, 7, 5, 0, 3, 6, 4, 1]",85,0
orig,"[2, 7, 5, 0, 3, 6, 4, 1]",86,0
orig,"[2, 7, 5, 0, 3, 6, 4, 1]",87,0
orig,"[2, 7, 5, 0, 3, 6, 4, 1]",88,1
orig,"[2, 7, 5, 0, 3, 6, 4, 1]",89,0
orig,"[1, 2, 7, 0, 4, 6, 3, 5]",60,0
orig,"[1, 2, 7, 0, 4, 6, 3, 5]",61,1
orig,"[1, 2, 7, 0, 4, 6, 3, 5]",62,0
orig,"[1, 2, 7, 0, 4, 6, 3, 5]",63,1
orig,"[1, 2, 7, 0, 4, 6, 3, 5]",64,1
orig,"[1, 2, 7, 0, 4, 6, 3, 5]",65,0
orig,"[1, 2, 7, 0, 4, 6, 3, 5]",66,0
orig,"[1, 2, 7, 0, 4, 6, 3, 5]",67,1
orig,"[1, 2, 7, 0, 4, 6, 3, 5]",68,0
orig,"[1, 2, 7, 0, 4, 6, 3, 5]",69,0
orig,"[1, 2, 7, 0, 4, 6, 3, 5]",70,1
orig,"[1, 2, 7, 0, 4, 6, 3, 5]",71,1
orig,"[1, 2, 7, 0, 4, 6, 3, 5]",72,1
orig,"[1, 2, 7, 0, 4, 6, 3, 5]",73,0
orig,"[1, 2, 7, 0, 4, 6, 3, 5]",74,0
orig,"[1, 2, 7, 0, 4, 6, 3, 5]",75,1
orig,"[1, 2, 7, 0, 4, 6, 3, 5]",76,0
orig,"[1, 2, 7, 0, 4, 6, 3, 5]",77,0
orig,"[1, 2, 7, 0, 4, 6, 3, 5]",78,0
orig,"[1, 2, 7, 0, 4, 6, 3, 5]",79,1
orig,"[1, 2, 7, 0, 4, 6, 3, 5]",80,0
orig,"[1, 2, 7, 0, 4, 6, 3, 5]",81,1
orig,"[1, 2, 7, 0, 4, 6, 3, 5]",82,1
orig,"[1, 2, 7, 0, 4, 6, 3, 5]",83,0
orig,"[1, 2, 7, 0, 4, 6, 3, 5]",84,1
orig,"[1, 2, 7, 0, 4, 6, 3, 5]",85,0
orig,"[1, 2, 7, 0, 4, 6, 3, 5]",86,0
orig,"[1, 2, 7, 0, 4, 6, 3, 5]",87,0
orig,"[1, 2, 7, 0, 4, 6, 3, 5]",88,1
orig,"[1, 2, 7, 0, 4, 6, 3, 5]",89,0
orig,"[1, 2, 3, 7, 4, 0, 6, 5]",60,0
orig,"[1, 2, 3, 7, 4, 0, 6, 5]",61,1
orig,"[1, 2, 3, 7, 4, 0, 6, 5]",62,0
orig,"[1, 2, 3, 7, 4, 0, 6, 5]",63,1
orig,"[1, 2, 3, 7, 4, 0, 6, 5]",64,1
orig,"[1, 2, 3, 7, 4, 0, 6, 5]",65,0
orig,"[1, 2, 3, 7, 4, 0, 6, 5]",66,0
orig,"[1, 2, 3, 7, 4, 0, 6, 5]",67,0
orig,"[1, 2, 3, 7, 4, 0, 6, 5]",68,1
orig,"[1, 2, 3, 7, 4, 0, 6, 5]",69,0
orig,"[1, 2, 3, 7, 4, 0, 6, 5]",70,1
orig,"[1, 2, 3, 7, 4, 0, 6, 5]",71,1
orig,"[1, 2, 3, 7, 4, 0, 6, 5]",72,1
orig,"[1, 2, 3, 7, 4, 0, 6, 5]",73,0
orig,"[1, 2, 3, 7, 4, 0, 6, 5]",74,0
orig,"[1, 2, 3, 7, 4, 0, 6, 5]",75,1
orig,"[1, 2, 3, 7, 4, 0, 6, 5]",76,0
orig,"[1, 2, 3, 7, 4, 0, 6, 5]",77,0
orig,"[1, 2, 3, 7, 4, 0, 6, 5]",78,0
orig,"[1, 2, 3, 7, 4, 0, 6, 5]",79,0
orig,"[1, 2, 3, 7, 4, 0, 6, 5]",80,1
orig,"[1, 2, 3, 7, 4, 0, 6, 5]",81,1
orig,"[1, 2, 3, 7, 4, 0, 6, 5]",82,1
orig,"[1, 2, 3, 7, 4, 0, 6, 5]",83,0
orig,"[1, 2, 3, 7, 4, 0, 6, 5]",84,1
orig,"[1, 2, 3, 7, 4, 0, 6, 5]",85,1
orig,"[1, 2, 3, 7, 4, 0, 6, 5]",86,0
orig,"[1, 2, 3, 7, 4, 0, 6, 5]",87,1
orig,"[1, 2, 3, 7, 4, 0, 6, 5]",88,1
orig,"[1, 2, 3, 7, 4, 0, 6, 5]",89,0
orig,"[1, 2, 3, 4, 7, 0, 6, 5]",60,0
orig,"[1, 2, 3, 4, 7, 0, 6, 5]",61,1
orig,"[1, 2, 3, 4, 7, 0, 6, 5]",62,0
orig,"[1, 2, 3, 4, 7, 0, 6, 5]",63,0
orig,"[1, 2, 3, 4, 7, 0, 6, 5]",64,0
orig,"[1, 2, 3, 4, 7, 0, 6, 5]",65,0
orig,"[1, 2, 3, 4, 7, 0, 6, 5]",66,1
orig,"[1, 2, 3, 4, 7, 0, 6, 5]",67,0
orig,"[1, 2, 3, 4, 7, 0, 6, 5]",68,1
orig,"[1, 2, 3, 4, 7, 0, 6, 5]",69,0
orig,"[1, 2, 3, 4, 7, 0, 6, 5]",70,1
orig,"[1, 2, 3, 4, 7, 0, 6, 5]",71,1
orig,"[1, 2, 3, 4, 7, 0, 6, 5]",72,0
orig,"[1, 2, 3, 4, 7, 0, 6, 5]",73,0
orig,"[1, 2, 3, 4, 7, 0, 6, 5]",74,0
orig,"[1, 2, 3, 4, 7, 0, 6, 5]",75,0
orig,"[1, 2, 3, 4, 7, 0, 6, 5]",76,0
orig,"[1, 2, 3, 4, 7, 0, 6, 5]",77,0
orig,"[1, 2, 3, 4, 7, 0, 6, 5]",78,0
orig,"[1, 2, 3, 4, 7, 0, 6, 5]",79,1
orig,"[1, 2, 3, 4, 7, 0, 6, 5]",80,1
orig,"[1, 2, 3, 4, 7, 0, 6, 5]",81,1
orig,"[1, 2, 3, 4, 7, 0, 6, 5]",82,1
orig,"[1, 2, 3, 4, 7, 0, 6, 5]",83,0
orig,"[1, 2, 3, 4, 7, 0, 6, 5]",84,0
orig,"[1, 2, 3, 4, 7, 0, 6, 5]",85,1
orig,"[1, 2, 3, 4, 7, 0, 6, 5]",86,0
orig,"[1, 2, 3, 4, 7, 0, 6, 5]",87,1
orig,"[1, 2, 3, 4, 7, 0, 6, 5]",88,0
orig,"[1, 2, 3, 4, 7, 0, 6, 5]",89,0
orig,"[7, 0, 3, 2, 1, 4, 6, 5]",60,0
orig,"[7, 0, 3, 2, 1, 4, 6, 5]",61,0
orig,"[7, 0, 3, 2, 1, 4, 6, 5]",62,0
orig,"[7, 0, 3, 2, 1, 4, 6, 5]",63,0
orig,"[1, 2, 6, 0, 7, 3, 4, 5]",60,0
orig,"[1, 2, 6, 0, 7, 3, 4, 5]",61,1
orig,"[1, 2, 6, 0, 7, 3, 4, 5]",62,0
orig,"[1, 2, 6, 0, 7, 3, 4, 5]",63,0
orig,"[1, 2, 6, 0, 7, 3, 4, 5]",64,1
orig,"[1, 2, 6, 0, 7, 3, 4, 5]",65,0
orig,"[1, 2, 6, 0, 7, 3, 4, 5]",66,1
orig,"[1, 2, 6, 0, 7, 3, 4, 5]",67,0
orig,"[1, 2, 6, 0, 7, 3, 4, 5]",68,0
orig,"[1, 2, 6, 0, 7, 3, 4, 5]",69,0
orig,"[1, 2, 6, 0, 7, 3, 4, 5]",70,1
orig,"[1, 2, 6, 0, 7, 3, 4, 5]",71,1
orig,"[1, 2, 6, 0, 7, 3, 4, 5]",72,0
orig,"[1, 2, 6, 0, 7, 3, 4, 5]",73,0
orig,"[1, 2, 6, 0, 7, 3, 4, 5]",74,0
orig,"[1, 2, 6, 0, 7, 3, 4, 5]",75,1
orig,"[1, 2, 6, 0, 7, 3, 4, 5]",76,1
orig,"[1, 2, 6, 0, 7, 3, 4, 5]",77,0
orig,"[1, 2, 6, 0, 7, 3, 4, 5]",78,1
orig,"[1, 2, 6, 0, 7, 3, 4, 5]",79,0
orig,"[1, 2, 6, 0, 7, 3, 4, 5]",80,0
orig,"[1, 2, 6, 0, 7, 3, 4, 5]",81,1
orig,"[1, 2, 6, 0, 7, 3, 4, 5]",82,0
orig,"[1, 2, 6, 0, 7, 3, 4, 5]",83,0
orig,"[1, 2, 6, 0, 7, 3, 4, 5]",84,1
orig,"[1, 2, 6, 0, 7, 3, 4, 5]",85,1
orig,"[1, 2, 6, 0, 7, 3, 4, 5]",86,0
orig,"[1, 2, 6, 0, 7, 3, 4, 5]",87,1
orig,"[1, 2, 6, 0, 7, 3, 4, 5]",88,1
orig,"[1, 2, 6, 0, 7, 3, 4, 5]",89,0
orig,"[2, 0, 5, 7, 3, 6, 4, 1]",60,0
orig,"[2, 0, 5, 7, 3, 6, 4, 1]",61,1
orig,"[2, 0, 5, 7, 3, 6, 4, 1]",62,0
orig,"[2, 0, 5, 7, 3, 6, 4, 1]",63,1
orig,"[2, 0, 5, 7, 3, 6, 4, 1]",64,1
orig,"[2, 0, 5, 7, 3, 6, 4, 1]",65,1
orig,"[2, 0, 5, 7, 3, 6, 4, 1]",66,0
orig,"[2, 0, 5, 7, 3, 6, 4, 1]",67,1
orig,"[2, 0, 5, 7, 3, 6, 4, 1]",68,1
orig,"[2, 0, 5, 7, 3, 6, 4, 1]",69,0
orig,"[2, 0, 5, 7, 3, 6, 4, 1]",70,1
orig,"[2, 0, 5, 7, 3, 6, 4, 1]",71,1
orig,"[2, 0, 5, 7, 3, 6, 4, 1]",72,1
orig,"[2, 0, 5, 7, 3, 6, 4, 1]",73,0
orig,"[2, 0, 5, 7, 3, 6, 4, 1]",74,1
orig,"[2, 0, 5, 7, 3, 6, 4, 1]",75,1
orig,"[2, 0, 5, 7, 3, 6, 4, 1]",76,0
orig,"[2, 0, 5, 7, 3, 6, 4, 1]",77,0
orig,"[2, 0, 5, 7, 3, 6, 4, 1]",78,0
orig,"[2, 0, 5, 7, 3, 6, 4, 1]",79,1
orig,"[2, 0, 5, 7, 3, 6, 4, 1]",80,0
orig,"[2, 0, 5, 7, 3, 6, 4, 1]",81,1
orig,"[2, 0, 5, 7, 3, 6, 4, 1]",82,0
orig,"[2, 0, 5, 7, 3, 6, 4, 1]",83,0
orig,"[2, 0, 5, 7, 3, 6, 4, 1]",84,1
orig,"[2, 0, 5, 7, 3, 6, 4, 1]",85,0
orig,"[2, 0, 5, 7, 3, 6, 4, 1]",86,0
orig,"[2, 0, 5, 7, 3, 6, 4, 1]",87,1
orig,"[2, 0, 5, 7, 3, 6, 4, 1]",88,1
orig,"[2, 0, 5, 7, 3, 6, 4, 1]",89,0
orig,"[2, 0, 5, 7, 6, 3, 4, 1]",60,0
orig,"[2, 0, 5, 7, 6, 3, 4, 1]",61,1
orig,"[2, 0, 5, 7, 6, 3, 4, 1]",62,0
orig,"[2, 0, 5, 7, 6, 3, 4, 1]",63,1
orig,"[2, 0, 5, 7, 6, 3, 4, 1]",64,1
orig,"[2, 0, 5, 7, 6, 3, 4, 1]",65,0
orig,"[2, 0, 5, 7, 6, 3, 4, 1]",66,1
orig,"[2, 0, 5, 7, 6, 3, 4, 1]",67,1
orig,"[2, 0, 5, 7, 6, 3, 4, 1]",68,1
orig,"[2, 0, 5, 7, 6, 3, 4, 1]",69,0
orig,"[2, 0, 5, 7, 6, 3, 4, 1]",70,0
orig,"[2, 0, 5, 7, 6, 3, 4, 1]",71,1
orig,"[2, 0, 5, 7, 6, 3, 4, 1]",72,1
orig,"[2, 0, 5, 7, 6, 3, 4, 1]",73,0
orig,"[2, 0, 5, 7, 6, 3, 4, 1]",74,0
orig,"[2, 0, 5, 7, 6, 3, 4, 1]",75,1
orig,"[2, 0, 5, 7, 6, 3, 4, 1]",76,0
orig,"[2, 0, 5, 7, 6, 3, 4, 1]",77,0
orig,"[2, 0, 5, 7, 6, 3, 4, 1]",78,0
orig,"[2, 0, 5, 7, 6, 3, 4, 1]",79,1
orig,"[2, 0, 5, 7, 6, 3, 4, 1]",80,1
orig,"[2, 0, 5, 7, 6, 3, 4, 1]",81,1
orig,"[2, 0, 5, 7, 6, 3, 4, 1]",82,0
orig,"[2, 0, 5, 7, 6, 3, 4, 1]",83,1
orig,"[2, 0, 5, 7, 6, 3, 4, 1]",84,0
orig,"[2, 0, 5, 7, 6, 3, 4, 1]",85,0
orig,"[2, 0, 5, 7, 6, 3, 4, 1]",86,0
orig,"[2, 0, 5, 7, 6, 3, 4, 1]",87,1
orig,"[2, 0, 5, 7, 6, 3, 4, 1]",88,1
orig,"[2, 0, 5, 7, 6, 3, 4, 1]",89,0
orig,"[1, 2, 0, 4, 7, 6, 3, 5]",60,0
orig,"[1, 2, 0, 4, 7, 6, 3, 5]",61,0
orig,"[1, 2, 0, 4, 7, 6, 3, 5]",62,0
orig,"[1, 2, 0, 4, 7, 6, 3, 5]",63,0
orig,"[1, 2, 0, 4, 7, 6, 3, 5]",64,1
orig,"[1, 2, 0, 4, 7, 6, 3, 5]",65,0
orig,"[1, 2, 0, 4, 7, 6, 3, 5]",66,0
orig,"[1, 2, 0, 4, 7, 6, 3, 5]",67,1
orig,"[1, 2, 0, 4, 7, 6, 3, 5]",68,1
orig,"[1, 2, 0, 4, 7, 6, 3, 5]",69,0
orig,"[1, 2, 0, 4, 7, 6, 3, 5]",70,1
orig,"[1, 2, 0, 4, 7, 6, 3, 5]",71,1
orig,"[1, 2, 0, 4, 7, 6, 3, 5]",72,0
orig,"[1, 2, 0, 4, 7, 6, 3, 5]",73,0
orig,"[1, 2, 0, 4, 7, 6, 3, 5]",74,0
orig,"[1, 2, 0, 4, 7, 6, 3, 5]",75,0
orig,"[1, 2, 0, 4, 7, 6, 3, 5]",76,0
orig,"[1, 2, 0, 4, 7, 6, 3, 5]",77,0
orig,"[1, 2, 0, 4, 7, 6, 3, 5]",78,0
orig,"[1, 2, 0, 4, 7, 6, 3, 5]",79,0
orig,"[1, 2, 0, 4, 7, 6, 3, 5]",80,0
orig,"[1, 2, 0, 4, 7, 6, 3, 5]",81,0
orig,"[1, 2, 0, 4, 7, 6, 3, 5]",82,1
orig,"[1, 2, 0, 4, 7, 6, 3, 5]",83,0
orig,"[1, 2, 0, 4, 7, 6, 3, 5]",84,1
orig,"[1, 2, 0, 4, 7, 6, 3, 5]",85,1
orig,"[1, 2, 0, 4, 7, 6, 3, 5]",86,0
orig,"[1, 2, 0, 4, 7, 6, 3, 5]",87,1
orig,"[1, 2, 0, 4, 7, 6, 3, 5]",88,1
orig,"[1, 2, 0, 4, 7, 6, 3, 5]",89,0
orig,"[1, 2, 7, 4, 0, 6, 3, 5]",60,0
orig,"[1, 2, 7, 4, 0, 6, 3, 5]",61,1
orig,"[1, 2, 7, 4, 0, 6, 3, 5]",62,0
orig,"[1, 2, 7, 4, 0, 6, 3, 5]",63,1
orig,"[1, 2, 7, 4, 0, 6, 3, 5]",64,1
orig,"[1, 2, 7, 4, 0, 6, 3, 5]",65,0
orig,"[1, 2, 7, 4, 0, 6, 3, 5]",66,1
orig,"[1, 2, 7, 4, 0, 6, 3, 5]",67,1
orig,"[1, 2, 7, 4, 0, 6, 3, 5]",68,0
orig,"[1, 2, 7, 4, 0, 6, 3, 5]",69,0
orig,"[1, 2, 7, 4, 0, 6, 3, 5]",70,1
orig,"[1, 2, 7, 4, 0, 6, 3, 5]",71,1
orig,"[1, 2, 7, 4, 0, 6, 3, 5]",72,0
orig,"[1, 2, 7, 4, 0, 6, 3, 5]",73,1
orig,"[1, 2, 7, 4, 0, 6, 3, 5]",74,0
orig,"[1, 2, 7, 4, 0, 6, 3, 5]",75,1
orig,"[1, 2, 7, 4, 0, 6, 3, 5]",76,0
orig,"[1, 2, 7, 4, 0, 6, 3, 5]",77,0
orig,"[1, 2, 7, 4, 0, 6, 3, 5]",78,0
orig,"[1, 2, 7, 4, 0, 6, 3, 5]",79,1
orig,"[1, 2, 7, 4, 0, 6, 3, 5]",80,1
orig,"[1, 2, 7, 4, 0, 6, 3, 5]",81,0
orig,"[1, 2, 7, 4, 0, 6, 3, 5]",82,0
orig,"[1, 2, 7, 4, 0, 6, 3, 5]",83,0
orig,"[1, 2, 7, 4, 0, 6, 3, 5]",84,1
orig,"[1, 2, 7, 4, 0, 6, 3, 5]",85,0
orig,"[1, 2, 7, 4, 0, 6, 3, 5]",86,0
orig,"[1, 2, 7, 4, 0, 6, 3, 5]",87,1
orig,"[1, 2, 7, 4, 0, 6, 3, 5]",88,1
orig,"[1, 2, 7, 4, 0, 6, 3, 5]",89,0
orig,"[7, 6, 4, 2, 1, 0, 3, 5]",60,0
orig,"[7, 6, 4, 2, 1, 0, 3, 5]",61,0
orig,"[7, 6, 4, 2, 1, 0, 3, 5]",62,0
orig,"[7, 6, 4, 2, 1, 0, 3, 5]",63,1
orig,"[7, 6, 4, 2, 1, 0, 3, 5]",64,0
orig,"[7, 6, 4, 2, 1, 0, 3, 5]",65,0
orig,"[7, 6, 4, 2, 1, 0, 3, 5]",66,1
orig,"[7, 6, 4, 2, 1, 0, 3, 5]",67,0
orig,"[7, 6, 4, 2, 1, 0, 3, 5]",68,0
orig,"[7, 6, 4, 2, 1, 0, 3, 5]",69,0
orig,"[7, 6, 4, 2, 1, 0, 3, 5]",70,0
orig,"[7, 6, 4, 2, 1, 0, 3, 5]",71,0
orig,"[7, 6, 4, 2, 1, 0, 3, 5]",72,1
orig,"[7, 6, 4, 2, 1, 0, 3, 5]",73,1
orig,"[7, 6, 4, 2, 1, 0, 3, 5]",74,0
orig,"[7, 6, 4, 2, 1, 0, 3, 5]",75,0
orig,"[7, 6, 4, 2, 1, 0, 3, 5]",76,0
orig,"[7, 6, 4, 2, 1, 0, 3, 5]",77,0
orig,"[7, 6, 4, 2, 1, 0, 3, 5]",78,0
orig,"[7, 6, 4, 2, 1, 0, 3, 5]",79,0
orig,"[7, 6, 4, 2, 1, 0, 3, 5]",80,0
orig,"[7, 6, 4, 2, 1, 0, 3, 5]",81,1
orig,"[7, 6, 4, 2, 1, 0, 3, 5]",82,0
orig,"[7, 6, 4, 2, 1, 0, 3, 5]",83,0
orig,"[7, 6, 4, 2, 1, 0, 3, 5]",84,0
orig,"[7, 6, 4, 2, 1, 0, 3, 5]",85,0
orig,"[7, 6, 4, 2, 1, 0, 3, 5]",86,0
orig,"[7, 6, 4, 2, 1, 0, 3, 5]",87,1
orig,"[7, 6, 4, 2, 1, 0, 3, 5]",88,1
orig,"[7, 6, 4, 2, 1, 0, 3, 5]",89,0
orig,"[1, 2, 0, 6, 7, 4, 3, 5]",60,0
orig,"[1, 2, 0, 6, 7, 4, 3, 5]",61,1
orig,"[1, 2, 0, 6, 7, 4, 3, 5]",62,0
orig,"[1, 2, 0, 6, 7, 4, 3, 5]",63,0
orig,"[1, 2, 0, 6, 7, 4, 3, 5]",64,1
orig,"[1, 2, 0, 6, 7, 4, 3, 5]",65,0
orig,"[1, 2, 0, 6, 7, 4, 3, 5]",66,0
orig,"[1, 2, 0, 6, 7, 4, 3, 5]",67,0
orig,"[1, 2, 0, 6, 7, 4, 3, 5]",68,1
orig,"[1, 2, 0, 6, 7, 4, 3, 5]",69,0
orig,"[1, 2, 0, 6, 7, 4, 3, 5]",70,1
orig,"[1, 2, 0, 6, 7, 4, 3, 5]",71,1
orig,"[1, 2, 0, 6, 7, 4, 3, 5]",72,0
orig,"[1, 2, 0, 6, 7, 4, 3, 5]",73,0
orig,"[1, 2, 0, 6, 7, 4, 3, 5]",74,0
orig,"[1, 2, 0, 6, 7, 4, 3, 5]",75,0
orig,"[1, 2, 0, 6, 7, 4, 3, 5]",76,0
orig,"[1, 2, 0, 6, 7, 4, 3, 5]",77,0
orig,"[1, 2, 0, 6, 7, 4, 3, 5]",78,0
orig,"[1, 2, 0, 6, 7, 4, 3, 5]",79,1
orig,"[1, 2, 0, 6, 7, 4, 3, 5]",80,0
orig,"[1, 2, 0, 6, 7, 4, 3, 5]",81,0
orig,"[1, 2, 0, 6, 7, 4, 3, 5]",82,0
orig,"[1, 2, 0, 6, 7, 4, 3, 5]",83,0
orig,"[1, 2, 0, 6, 7, 4, 3, 5]",84,0
orig,"[1, 2, 0, 6, 7, 4, 3, 5]",85,1
orig,"[1, 2, 0, 6, 7, 4, 3, 5]",86,0
orig,"[1, 2, 0, 6, 7, 4, 3, 5]",87,1
orig,"[1, 2, 0, 6, 7, 4, 3, 5]",88,1
orig,"[1, 2, 0, 6, 7, 4, 3, 5]",89,0
orig,"[1, 6, 4, 2, 7, 0, 3, 5]",60,0
orig,"[1, 6, 4, 2, 7, 0, 3, 5]",61,1
orig,"[1, 6, 4, 2, 7, 0, 3, 5]",62,0
orig,"[1, 6, 4, 2, 7, 0, 3, 5]",63,0
orig,"[1, 6, 4, 2, 7, 0, 3, 5]",64,0
orig,"[1, 6, 4, 2, 7, 0, 3, 5]",65,0
orig,"[1, 6, 4, 2, 7, 0, 3, 5]",66,1
orig,"[1, 6, 4, 2, 7, 0, 3, 5]",67,0
orig,"[1, 6, 4, 2, 7, 0, 3, 5]",68,0
orig,"[1, 6, 4, 2, 7, 0, 3, 5]",69,0
orig,"[1, 6, 4, 2, 7, 0, 3, 5]",70,1
orig,"[1, 6, 4, 2, 7, 0, 3, 5]",71,0
orig,"[1, 6, 4, 2, 7, 0, 3, 5]",72,1
orig,"[1, 6, 4, 2, 7, 0, 3, 5]",73,0
orig,"[1, 6, 4, 2, 7, 0, 3, 5]",74,0
orig,"[1, 6, 4, 2, 7, 0, 3, 5]",75,0
orig,"[1, 6, 4, 2, 7, 0, 3, 5]",76,0
orig,"[1, 6, 4, 2, 7, 0, 3, 5]",77,0
orig,"[1, 6, 4, 2, 7, 0, 3, 5]",78,0
orig,"[1, 6, 4, 2, 7, 0, 3, 5]",79,0
orig,"[1, 6, 4, 2, 7, 0, 3, 5]",80,1
orig,"[1, 6, 4, 2, 7, 0, 3, 5]",81,1
orig,"[1, 6, 4, 2, 7, 0, 3, 5]",82,1
orig,"[1, 6, 4, 2, 7, 0, 3, 5]",83,0
orig,"[1, 6, 4, 2, 7, 0, 3, 5]",84,0
orig,"[1, 6, 4, 2, 7, 0, 3, 5]",85,0
orig,"[1, 6, 4, 2, 7, 0, 3, 5]",86,0
orig,"[1, 6, 4, 2, 7, 0, 3, 5]",87,1
orig,"[1, 6, 4, 2, 7, 0, 3, 5]",88,1
orig,"[1, 6, 4, 2, 7, 0, 3, 5]",89,0
orig,"[1, 2, 7, 0, 5, 6, 3, 4]",60,0
orig,"[1, 2, 7, 0, 5, 6, 3, 4]",61,0
orig,"[1, 2, 7, 0, 5, 6, 3, 4]",62,0
orig,"[1, 2, 7, 0, 5, 6, 3, 4]",63,0
orig,"[1, 2, 7, 0, 5, 6, 3, 4]",64,0
orig,"[1, 2, 7, 0, 5, 6, 3, 4]",65,0
orig,"[1, 2, 7, 0, 5, 6, 3, 4]",66,0
orig,"[1, 2, 4, 3, 7, 6, 0, 5]",60,0
orig,"[1, 2, 4, 3, 7, 6, 0, 5]",61,0
orig,"[1, 2, 4, 3, 7, 6, 0, 5]",62,0
orig,"[1, 2, 4, 3, 7, 6, 0, 5]",63,0
orig,"[1, 2, 4, 3, 7, 6, 0, 5]",64,1
orig,"[1, 2, 4, 3, 7, 6, 0, 5]",65,0
orig,"[1, 2, 4, 3, 7, 6, 0, 5]",66,0
orig,"[1, 2, 4, 3, 7, 6, 0, 5]",67,1
orig,"[1, 2, 4, 3, 7, 6, 0, 5]",68,0
orig,"[1, 2, 4, 3, 7, 6, 0, 5]",69,0
orig,"[1, 2, 4, 3, 7, 6, 0, 5]",70,1
orig,"[1, 2, 4, 3, 7, 6, 0, 5]",71,1
orig,"[1, 2, 4, 3, 7, 6, 0, 5]",72,0
orig,"[1, 2, 4, 3, 7, 6, 0, 5]",73,0
orig,"[1, 2, 4, 3, 7, 6, 0, 5]",74,0
orig,"[1, 2, 4, 3, 7, 6, 0, 5]",75,1
orig,"[1, 2, 4, 3, 7, 6, 0, 5]",76,0
orig,"[1, 2, 4, 3, 7, 6, 0, 5]",77,0
orig,"[1, 2, 4, 3, 7, 6, 0, 5]",78,0
orig,"[1, 2, 4, 3, 7, 6, 0, 5]",79,0
orig,"[1, 2, 4, 3, 7, 6, 0, 5]",80,1
orig,"[1, 2, 4, 3, 7, 6, 0, 5]",81,1
orig,"[1, 2, 4, 3, 7, 6, 0, 5]",82,0
orig,"[1, 2, 4, 3, 7, 6, 0, 5]",83,0
orig,"[1, 2, 4, 3, 7, 6, 0, 5]",84,0
orig,"[1, 2, 4, 3, 7, 6, 0, 5]",85,1
orig,"[1, 2, 4, 3, 7, 6, 0, 5]",86,0
orig,"[1, 2, 4, 3, 7, 6, 0, 5]",87,1
orig,"[1, 2, 4, 3, 7, 6, 0, 5]",88,1
orig,"[1, 2, 4, 3, 7, 6, 0, 5]",89,0
orig,"[2, 0, 4, 3, 7, 5, 6, 1]",60,0
orig,"[2, 0, 4, 3, 7, 5, 6, 1]",61,0
orig,"[2, 0, 4, 3, 7, 5, 6, 1]",62,1
orig,"[2, 0, 4, 3, 7, 5, 6, 1]",63,1
orig,"[2, 0, 4, 3, 7, 5, 6, 1]",64,1
orig,"[2, 0, 4, 3, 7, 5, 6, 1]",65,0
orig,"[2, 0, 4, 3, 7, 5, 6, 1]",66,0
orig,"[2, 0, 4, 3, 7, 5, 6, 1]",67,0
orig,"[2, 0, 4, 3, 7, 5, 6, 1]",68,0
orig,"[2, 0, 4, 3, 7, 5, 6, 1]",69,0
orig,"[2, 0, 4, 3, 7, 5, 6, 1]",70,1
orig,"[2, 0, 4, 3, 7, 5, 6, 1]",71,1
orig,"[2, 0, 4, 3, 7, 5, 6, 1]",72,0
orig,"[2, 0, 4, 3, 7, 5, 6, 1]",73,0
orig,"[2, 0, 4, 3, 7, 5, 6, 1]",74,0
orig,"[2, 0, 4, 3, 7, 5, 6, 1]",75,0
orig,"[2, 0, 4, 3, 7, 5, 6, 1]",76,0
orig,"[2, 0, 4, 3, 7, 5, 6, 1]",77,0
orig,"[2, 0, 4, 3, 7, 5, 6, 1]",78,0
orig,"[2, 0, 4, 3, 7, 5, 6, 1]",79,1
orig,"[2, 0, 4, 3, 7, 5, 6, 1]",80,0
orig,"[2, 0, 4, 3, 7, 5, 6, 1]",81,0
orig,"[2, 0, 4, 3, 7, 5, 6, 1]",82,0
orig,"[2, 0, 4, 3, 7, 5, 6, 1]",83,0
orig,"[2, 0, 4, 3, 7, 5, 6, 1]",84,0
orig,"[2, 0, 4, 3, 7, 5, 6, 1]",85,0
orig,"[2, 0, 4, 3, 7, 5, 6, 1]",86,0
orig,"[2, 0, 4, 3, 7, 5, 6, 1]",87,1
orig,"[2, 0, 4, 3, 7, 5, 6, 1]",88,1
orig,"[2, 0, 4, 3, 7, 5, 6, 1]",89,0
orig,"[0, 7, 1, 5, 4, 6, 3, 2]",60,0
orig,"[0, 7, 1, 5, 4, 6, 3, 2]",61,0
orig,"[0, 7, 1, 5, 4, 6, 3, 2]",62,0
orig,"[0, 7, 1, 5, 4, 6, 3, 2]",63,0
orig,"[0, 7, 1, 5, 4, 6, 3, 2]",64,0
orig,"[0, 7, 1, 5, 4, 6, 3, 2]",65,0
orig,"[0, 7, 1, 5, 4, 6, 3, 2]",66,0
orig,"[0, 7, 1, 5, 4, 6, 3, 2]",67,0
orig,"[0, 7, 1, 5, 4, 6, 3, 2]",68,0
orig,"[0, 7, 1, 5, 4, 6, 3, 2]",69,0
orig,"[0, 7, 1, 5, 4, 6, 3, 2]",70,0
orig,"[0, 7, 1, 5, 4, 6, 3, 2]",71,0
orig,"[0, 7, 1, 5, 4, 6, 3, 2]",72,1
orig,"[0, 7, 1, 5, 4, 6, 3, 2]",73,1
orig,"[0, 7, 1, 5, 4, 6, 3, 2]",74,0
orig,"[0, 7, 1, 5, 4, 6, 3, 2]",75,0
orig,"[0, 7, 1, 5, 4, 6, 3, 2]",76,0
orig,"[0, 7, 1, 5, 4, 6, 3, 2]",77,0
orig,"[0, 7, 1, 5, 4, 6, 3, 2]",78,0
orig,"[0, 7, 1, 5, 4, 6, 3, 2]",79,0
orig,"[0, 7, 1, 5, 4, 6, 3, 2]",80,0
orig,"[0, 7, 1, 5, 4, 6, 3, 2]",81,0
orig,"[0, 7, 1, 5, 4, 6, 3, 2]",82,0
orig,"[0, 7, 1, 5, 4, 6, 3, 2]",83,0
orig,"[0, 7, 1, 5, 4, 6, 3, 2]",84,0
orig,"[0, 7, 1, 5, 4, 6, 3, 2]",85,1
orig,"[0, 7, 1, 5, 4, 6, 3, 2]",86,0
orig,"[0, 7, 1, 5, 4, 6, 3, 2]",87,1
orig,"[0, 7, 1, 5, 4, 6, 3, 2]",88,1
orig,"[0, 7, 1, 5, 4, 6, 3, 2]",89,0
orig,"[1, 6, 4, 2, 0, 7, 3, 5]",60,0
orig,"[1, 6, 4, 2, 0, 7, 3, 5]",61,1
orig,"[1, 6, 4, 2, 0, 7, 3, 5]",62,0
orig,"[1, 6, 4, 2, 0, 7, 3, 5]",63,1
orig,"[1, 6, 4, 2, 0, 7, 3, 5]",64,0
orig,"[1, 6, 4, 2, 0, 7, 3, 5]",65,1
orig,"[1, 6, 4, 2, 0, 7, 3, 5]",66,1
orig,"[1, 6, 4, 2, 0, 7, 3, 5]",67,0
orig,"[1, 6, 4, 2, 0, 7, 3, 5]",68,0
orig,"[1, 6, 4, 2, 0, 7, 3, 5]",69,0
orig,"[1, 6, 4, 2, 0, 7, 3, 5]",70,1
orig,"[1, 6, 4, 2, 0, 7, 3, 5]",71,1
orig,"[1, 6, 4, 2, 0, 7, 3, 5]",72,0
orig,"[1, 6, 4, 2, 0, 7, 3, 5]",73,0
orig,"[1, 6, 4, 2, 0, 7, 3, 5]",74,0
orig,"[1, 6, 4, 2, 0, 7, 3, 5]",75,1
orig,"[1, 6, 4, 2, 0, 7, 3, 5]",76,0
orig,"[1, 6, 4, 2, 0, 7, 3, 5]",77,0
orig,"[1, 6, 4, 2, 0, 7, 3, 5]",78,0
orig,"[1, 6, 4, 2, 0, 7, 3, 5]",79,1
orig,"[1, 6, 4, 2, 0, 7, 3, 5]",80,1
orig,"[1, 6, 4, 2, 0, 7, 3, 5]",81,0
orig,"[1, 6, 4, 2, 0, 7, 3, 5]",82,1
orig,"[1, 6, 4, 2, 0, 7, 3, 5]",83,0
orig,"[1, 6, 4, 2, 0, 7, 3, 5]",84,1
orig,"[1, 6, 4, 2, 0, 7, 3, 5]",85,0
orig,"[1, 6, 4, 2, 0, 7, 3, 5]",86,0
orig,"[1, 6, 4, 2, 0, 7, 3, 5]",87,1
orig,"[1, 6, 4, 2, 0, 7, 3, 5]",88,1
orig,"[1, 6, 4, 2, 0, 7, 3, 5]",89,0
orig,"[2, 0, 7, 3, 5, 6, 4, 1]",60,0
orig,"[2, 0, 7, 3, 5, 6, 4, 1]",61,0
orig,"[2, 0, 7, 3, 5, 6, 4, 1]",62,0
orig,"[2, 0, 7, 3, 5, 6, 4, 1]",63,1
orig,"[2, 0, 7, 3, 5, 6, 4, 1]",64,0
orig,"[2, 0, 7, 3, 5, 6, 4, 1]",65,0
orig,"[2, 0, 7, 3, 5, 6, 4, 1]",66,0
orig,"[2, 0, 7, 3, 5, 6, 4, 1]",67,0
orig,"[2, 0, 7, 3, 5, 6, 4, 1]",68,1
orig,"[2, 0, 7, 3, 5, 6, 4, 1]",69,0
orig,"[2, 0, 7, 3, 5, 6, 4, 1]",70,0
orig,"[2, 0, 7, 3, 5, 6, 4, 1]",71,1
orig,"[2, 0, 7, 3, 5, 6, 4, 1]",72,1
orig,"[2, 0, 7, 3, 5, 6, 4, 1]",73,0
orig,"[2, 0, 7, 3, 5, 6, 4, 1]",74,0
orig,"[2, 0, 7, 3, 5, 6, 4, 1]",75,0
orig,"[2, 0, 7, 3, 5, 6, 4, 1]",76,0
orig,"[2, 0, 7, 3, 5, 6, 4, 1]",77,0
orig,"[2, 0, 7, 3, 5, 6, 4, 1]",78,0
orig,"[2, 0, 7, 3, 5, 6, 4, 1]",79,0
orig,"[2, 0, 7, 3, 5, 6, 4, 1]",80,0
orig,"[2, 0, 7, 3, 5, 6, 4, 1]",81,1
orig,"[2, 0, 7, 3, 5, 6, 4, 1]",82,0
orig,"[2, 0, 7, 3, 5, 6, 4, 1]",83,1
orig,"[2, 0, 7, 3, 5, 6, 4, 1]",84,1
orig,"[2, 0, 7, 3, 5, 6, 4, 1]",85,0
orig,"[2, 0, 7, 3, 5, 6, 4, 1]",86,0
orig,"[2, 0, 7, 3, 5, 6, 4, 1]",87,1
orig,"[2, 0, 7, 3, 5, 6, 4, 1]",88,0
orig,"[2, 0, 7, 3, 5, 6, 4, 1]",89,0
orig,"[2, 0, 5, 3, 7, 6, 4, 1]",60,0
orig,"[2, 0, 5, 3, 7, 6, 4, 1]",61,1
orig,"[2, 0, 5, 3, 7, 6, 4, 1]",62,0
orig,"[2, 0, 5, 3, 7, 6, 4, 1]",63,1
orig,"[2, 0, 5, 3, 7, 6, 4, 1]",64,0
orig,"[2, 0, 5, 3, 7, 6, 4, 1]",65,0
orig,"[2, 0, 5, 3, 7, 6, 4, 1]",66,1
orig,"[2, 0, 5, 3, 7, 6, 4, 1]",67,1
orig,"[2, 0, 5, 3, 7, 6, 4, 1]",68,0
orig,"[2, 0, 5, 3, 7, 6, 4, 1]",69,0
orig,"[2, 0, 5, 3, 7, 6, 4, 1]",70,0
orig,"[2, 0, 5, 3, 7, 6, 4, 1]",71,1
orig,"[2, 0, 5, 3, 7, 6, 4, 1]",72,0
orig,"[2, 0, 5, 3, 7, 6, 4, 1]",73,0
orig,"[2, 0, 5, 3, 7, 6, 4, 1]",74,0
orig,"[2, 0, 5, 3, 7, 6, 4, 1]",75,0
orig,"[2, 0, 5, 3, 7, 6, 4, 1]",76,1
orig,"[2, 0, 5, 3, 7, 6, 4, 1]",77,0
orig,"[2, 0, 5, 3, 7, 6, 4, 1]",78,0
orig,"[2, 0, 5, 3, 7, 6, 4, 1]",79,0
orig,"[2, 0, 5, 3, 7, 6, 4, 1]",80,0
orig,"[2, 0, 5, 3, 7, 6, 4, 1]",81,1
orig,"[2, 0, 5, 3, 7, 6, 4, 1]",82,1
orig,"[2, 0, 5, 3, 7, 6, 4, 1]",83,0
orig,"[2, 0, 5, 3, 7, 6, 4, 1]",84,0
orig,"[2, 0, 5, 3, 7, 6, 4, 1]",85,0
orig,"[2, 0, 5, 3, 7, 6, 4, 1]",86,0
orig,"[2, 0, 5, 3, 7, 6, 4, 1]",87,1
orig,"[2, 0, 5, 3, 7, 6, 4, 1]",88,1
orig,"[2, 0, 5, 3, 7, 6, 4, 1]",89,0
orig,"[4, 0, 7, 2, 1, 3, 6, 5]",60,0
orig,"[4, 0, 7, 2, 1, 3, 6, 5]",61,1
orig,"[4, 0, 7, 2, 1, 3, 6, 5]",62,0
orig,"[4, 0, 7, 2, 1, 3, 6, 5]",63,0
orig,"[4, 0, 7, 2, 1, 3, 6, 5]",64,1
orig,"[4, 0, 7, 2, 1, 3, 6, 5]",65,0
orig,"[4, 0, 7, 2, 1, 3, 6, 5]",66,0
orig,"[4, 0, 7, 2, 1, 3, 6, 5]",67,0
orig,"[4, 0, 7, 2, 1, 3, 6, 5]",68,0
orig,"[4, 0, 7, 2, 1, 3, 6, 5]",69,0
orig,"[4, 0, 7, 2, 1, 3, 6, 5]",70,0
orig,"[4, 0, 7, 2, 1, 3, 6, 5]",71,0
orig,"[4, 0, 7, 2, 1, 3, 6, 5]",72,1
orig,"[4, 0, 7, 2, 1, 3, 6, 5]",73,1
orig,"[4, 0, 7, 2, 1, 3, 6, 5]",74,0
orig,"[4, 0, 7, 2, 1, 3, 6, 5]",75,1
orig,"[4, 0, 7, 2, 1, 3, 6, 5]",76,0
orig,"[4, 0, 7, 2, 1, 3, 6, 5]",77,0
orig,"[4, 0, 7, 2, 1, 3, 6, 5]",78,0
orig,"[4, 0, 7, 2, 1, 3, 6, 5]",79,0
orig,"[4, 0, 7, 2, 1, 3, 6, 5]",80,0
orig,"[4, 0, 7, 2, 1, 3, 6, 5]",81,1
orig,"[4, 0, 7, 2, 1, 3, 6, 5]",82,0
orig,"[4, 0, 7, 2, 1, 3, 6, 5]",83,0
orig,"[4, 0, 7, 2, 1, 3, 6, 5]",84,1
orig,"[4, 0, 7, 2, 1, 3, 6, 5]",85,1
orig,"[4, 0, 7, 2, 1, 3, 6, 5]",86,0
orig,"[4, 0, 7, 2, 1, 3, 6, 5]",87,0
orig,"[4, 0, 7, 2, 1, 3, 6, 5]",88,1
orig,"[4, 0, 7, 2, 1, 3, 6, 5]",89,0
orig,"[0, 1, 3, 2, 4, 5, 6, 7]",60,0
orig,"[0, 1, 3, 2, 4, 5, 6, 7]",61,1
orig,"[0, 1, 3, 2, 4, 5, 6, 7]",62,0
orig,"[0, 1, 3, 2, 4, 5, 6, 7]",63,1
orig,"[0, 1, 3, 2, 4, 5, 6, 7]",64,0
orig,"[0, 1, 3, 2, 4, 5, 6, 7]",65,0
orig,"[0, 1, 3, 2, 4, 5, 6, 7]",66,1
orig,"[0, 1, 3, 2, 4, 5, 6, 7]",67,1
orig,"[0, 1, 3, 2, 4, 5, 6, 7]",68,1
orig,"[0, 1, 3, 2, 4, 5, 6, 7]",69,0
orig,"[0, 1, 3, 2, 4, 5, 6, 7]",70,1
orig,"[0, 1, 3, 2, 4, 5, 6, 7]",71,1
orig,"[0, 1, 3, 2, 4, 5, 6, 7]",72,0
orig,"[0, 1, 3, 2, 4, 5, 6, 7]",73,0
orig,"[0, 1, 3, 2, 4, 5, 6, 7]",74,0
orig,"[0, 1, 3, 2, 4, 5, 6, 7]",75,1
orig,"[0, 1, 3, 2, 4, 5, 6, 7]",76,0
orig,"[0, 1, 3, 2, 4, 5, 6, 7]",77,0
orig,"[0, 1, 3, 2, 4, 5, 6, 7]",78,0
orig,"[0, 1, 3, 2, 4, 5, 6, 7]",79,1
orig,"[0, 1, 3, 2, 4, 5, 6, 7]",80,0
orig,"[0, 1, 3, 2, 4, 5, 6, 7]",81,1
orig,"[0, 1, 3, 2, 4, 5, 6, 7]",82,0
orig,"[0, 1, 3, 2, 4, 5, 6, 7]",83,0
orig,"[0, 1, 3, 2, 4, 5, 6, 7]",84,1
orig,"[0, 1, 3, 2, 4, 5, 6, 7]",85,0
orig,"[0, 1, 3, 2, 4, 5, 6, 7]",86,0
orig,"[0, 1, 3, 2, 4, 5, 6, 7]",87,1
orig,"[0, 1, 3, 2, 4, 5, 6, 7]",88,1
orig,"[0, 1, 3, 2, 4, 5, 6, 7]",89,0
orig,"[0, 1, 2, 3, 4, 5, 6, 7]",60,0
orig,"[0, 1, 2, 3, 4, 5, 6, 7]",61,1
orig,"[0, 1, 2, 3, 4, 5, 6, 7]",62,0
orig,"[0, 1, 2, 3, 4, 5, 6, 7]",63,0
orig,"[0, 1, 2, 3, 4, 5, 6, 7]",64,1
orig,"[0, 1, 2, 3, 4, 5, 6, 7]",65,0
orig,"[0, 1, 2, 3, 4, 5, 6, 7]",66,0
orig,"[0, 1, 2, 3, 4, 5, 6, 7]",67,0
orig,"[0, 1, 2, 3, 4, 5, 6, 7]",68,0
orig,"[0, 1, 2, 3, 4, 5, 6, 7]",69,0
orig,"[0, 1, 2, 3, 4, 5, 6, 7]",70,1
orig,"[0, 1, 2, 3, 4, 5, 6, 7]",71,1
orig,"[0, 1, 2, 3, 4, 5, 6, 7]",72,0
orig,"[0, 1, 2, 3, 4, 5, 6, 7]",73,0
orig,"[0, 1, 2, 3, 4, 5, 6, 7]",74,0
orig,"[0, 1, 2, 3, 4, 5, 6, 7]",75,1
orig,"[0, 1, 2, 3, 4, 5, 6, 7]",76,0
orig,"[0, 1, 2, 3, 4, 5, 6, 7]",77,0
orig,"[0, 1, 2, 3, 4, 5, 6, 7]",78,0
orig,"[0, 1, 2, 3, 4, 5, 6, 7]",79,0
orig,"[0, 1, 2, 3, 4, 5, 6, 7]",80,0
orig,"[0, 1, 2, 3, 4, 5, 6, 7]",81,1
orig,"[0, 1, 2, 3, 4, 5, 6, 7]",82,0
orig,"[0, 1, 2, 3, 4, 5, 6, 7]",83,0
orig,"[0, 1, 2, 3, 4, 5, 6, 7]",84,0
orig,"[0, 1, 2, 3, 4, 5, 6, 7]",85,0
orig,"[0, 1, 2, 3, 4, 5, 6, 7]",86,0
orig,"[0, 1, 2, 3, 4, 5, 6, 7]",87,1
orig,"[0, 1, 2, 3, 4, 5, 6, 7]",88,1
orig,"[0, 1, 2, 3, 4, 5, 6, 7]",89,0
orig,"[1, 0, 2, 3, 4, 5, 6, 7]",60,0
orig,"[1, 0, 2, 3, 4, 5, 6, 7]",61,1
orig,"[1, 0, 2, 3, 4, 5, 6, 7]",62,0
orig,"[1, 0, 2, 3, 4, 5, 6, 7]",63,1
orig,"[1, 0, 2, 3, 4, 5, 6, 7]",64,1
orig,"[1, 0, 2, 3, 4, 5, 6, 7]",65,0
orig,"[1, 0, 2, 3, 4, 5, 6, 7]",66,1
orig,"[1, 0, 2, 3, 4, 5, 6, 7]",67,0
orig,"[1, 0, 2, 3, 4, 5, 6, 7]",68,0
orig,"[1, 0, 2, 3, 4, 5, 6, 7]",69,0
orig,"[1, 0, 2, 3, 4, 5, 6, 7]",70,1
orig,"[1, 0, 2, 3, 4, 5, 6, 7]",71,1
orig,"[1, 0, 2, 3, 4, 5, 6, 7]",72,1
orig,"[1, 0, 2, 3, 4, 5, 6, 7]",73,0
orig,"[1, 0, 2, 3, 4, 5, 6, 7]",74,0
orig,"[1, 0, 2, 3, 4, 5, 6, 7]",75,1
orig,"[1, 0, 2, 3, 4, 5, 6, 7]",76,0
orig,"[1, 0, 2, 3, 4, 5, 6, 7]",77,0
orig,"[1, 0, 2, 3, 4, 5, 6, 7]",78,0
orig,"[1, 0, 2, 3, 4, 5, 6, 7]",79,1
orig,"[1, 0, 2, 3, 4, 5, 6, 7]",80,1
orig,"[1, 0, 2, 3, 4, 5, 6, 7]",81,0
orig,"[1, 0, 2, 3, 4, 5, 6, 7]",82,0
orig,"[1, 0, 2, 3, 4, 5, 6, 7]",83,0
orig,"[1, 0, 2, 3, 4, 5, 6, 7]",84,0
orig,"[1, 0, 2, 3, 4, 5, 6, 7]",85,0
orig,"[1, 0, 2, 3, 4, 5, 6, 7]",86,0
orig,"[1, 0, 2, 3, 4, 5, 6, 7]",87,1
orig,"[1, 0, 2, 3, 4, 5, 6, 7]",88,0
orig,"[1, 0, 2, 3, 4, 5, 6, 7]",89,0
orig,"[1, 0, 3, 2, 4, 5, 6, 7]",60,0
orig,"[1, 0, 3, 2, 4, 5, 6, 7]",61,1
orig,"[1, 0, 3, 2, 4, 5, 6, 7]",62,0
orig,"[1, 0, 3, 2, 4, 5, 6, 7]",63,1
orig,"[1, 0, 3, 2, 4, 5, 6, 7]",64,0
orig,"[1, 0, 3, 2, 4, 5, 6, 7]",65,0
orig,"[1, 0, 3, 2, 4, 5, 6, 7]",66,0
orig,"[1, 0, 3, 2, 4, 5, 6, 7]",67,1
orig,"[1, 0, 3, 2, 4, 5, 6, 7]",68,1
orig,"[1, 0, 3, 2, 4, 5, 6, 7]",69,1
orig,"[1, 0, 3, 2, 4, 5, 6, 7]",70,1
orig,"[1, 0, 3, 2, 4, 5, 6, 7]",71,1
orig,"[1, 0, 3, 2, 4, 5, 6, 7]",72,0
orig,"[1, 0, 3, 2, 4, 5, 6, 7]",73,0
orig,"[1, 0, 3, 2, 4, 5, 6, 7]",74,0
orig,"[1, 0, 3, 2, 4, 5, 6, 7]",75,1
orig,"[1, 0, 3, 2, 4, 5, 6, 7]",76,0
orig,"[1, 0, 3, 2, 4, 5, 6, 7]",77,0
orig,"[1, 0, 3, 2, 4, 5, 6, 7]",78,0
orig,"[1, 0, 3, 2, 4, 5, 6, 7]",79,1
orig,"[1, 0, 3, 2, 4, 5, 6, 7]",80,0
orig,"[1, 0, 3, 2, 4, 5, 6, 7]",81,1
orig,"[1, 0, 3, 2, 4, 5, 6, 7]",82,1
orig,"[1, 0, 3, 2, 4, 5, 6, 7]",83,0
orig,"[1, 0, 3, 2, 4, 5, 6, 7]",84,0
orig,"[1, 0, 3, 2, 4, 5, 6, 7]",85,0
orig,"[1, 0, 3, 2, 4, 5, 6, 7]",86,0
orig,"[1, 0, 3, 2, 4, 5, 6, 7]",87,1
orig,"[1, 0, 3, 2, 4, 5, 6, 7]",88,1
orig,"[1, 0, 3, 2, 4, 5, 6, 7]",89,0
orig,"[0, 3, 1, 2, 4, 5, 6, 7]",60,0
orig,"[1, 5, 4, 7, 3, 0, 6, 2]",60,1
orig,"[1, 5, 4, 7, 3, 0, 6, 2]",61,0
orig,"[1, 5, 4, 7, 3, 0, 6, 2]",62,0
orig,"[1, 5, 4, 7, 3, 0, 6, 2]",63,0
orig,"[1, 5, 4, 7, 3, 0, 6, 2]",64,1
orig,"[1, 5, 4, 7, 3, 0, 6, 2]",65,0
orig,"[1, 5, 4, 7, 3, 0, 6, 2]",66,0
orig,"[1, 5, 4, 7, 3, 0, 6, 2]",67,1
orig,"[1, 5, 4, 7, 3, 0, 6, 2]",68,0
orig,"[1, 5, 4, 7, 3, 0, 6, 2]",69,0
orig,"[1, 5, 4, 7, 3, 0, 6, 2]",70,1
orig,"[1, 5, 4, 7, 3, 0, 6, 2]",71,1
orig,"[1, 5, 4, 7, 3, 0, 6, 2]",72,0
orig,"[1, 5, 4, 7, 3, 0, 6, 2]",73,0
orig,"[1, 5, 4, 7, 3, 0, 6, 2]",74,0
orig,"[1, 5, 4, 7, 3, 0, 6, 2]",75,0
orig,"[1, 5, 4, 7, 3, 0, 6, 2]",76,0
orig,"[1, 5, 4, 7, 3, 0, 6, 2]",77,0
orig,"[1, 5, 4, 7, 3, 0, 6, 2]",78,0
orig,"[1, 5, 4, 7, 3, 0, 6, 2]",79,1
orig,"[1, 5, 4, 7, 3, 0, 6, 2]",80,0
orig,"[1, 5, 4, 7, 3, 0, 6, 2]",81,0
orig,"[1, 5, 4, 7, 3, 0, 6, 2]",82,0
orig,"[1, 5, 4, 7, 3, 0, 6, 2]",83,0
orig,"[1, 5, 4, 7, 3, 0, 6, 2]",84,0
orig,"[1, 5, 4, 7, 3, 0, 6, 2]",85,0
orig,"[1, 5, 4, 7, 3, 0, 6, 2]",86,0
orig,"[1, 5, 4, 7, 3, 0, 6, 2]",87,1
orig,"[1, 5, 4, 7, 3, 0, 6, 2]",88,1
orig,"[1, 5, 4, 7, 3, 0, 6, 2]",89,0
orig,"[7, 2, 3, 5, 1, 0, 4, 6]",60,0
orig,"[7, 2, 3, 5, 1, 0, 4, 6]",61,0
orig,"[7, 2, 3, 5, 1, 0, 4, 6]",62,0
orig,"[7, 2, 3, 5, 1, 0, 4, 6]",63,1
orig,"[7, 2, 3, 5, 1, 0, 4, 6]",64,1
orig,"[7, 2, 3, 5, 1, 0, 4, 6]",65,0
orig,"[7, 2, 3, 5, 1, 0, 4, 6]",66,0
orig,"[7, 2, 3, 5, 1, 0, 4, 6]",67,0
orig,"[7, 2, 3, 5, 1, 0, 4, 6]",68,0
orig,"[7, 2, 3, 5, 1, 0, 4, 6]",69,1
orig,"[7, 2, 3, 5, 1, 0, 4, 6]",70,1
orig,"[7, 2, 3, 5, 1, 0, 4, 6]",71,1
orig,"[7, 2, 3, 5, 1, 0, 4, 6]",72,1
orig,"[7, 2, 3, 5, 1, 0, 4, 6]",73,0
orig,"[7, 2, 3, 5, 1, 0, 4, 6]",74,0
orig,"[7, 2, 3, 5, 1, 0, 4, 6]",75,0
orig,"[7, 2, 3, 5, 1, 0, 4, 6]",76,0
orig,"[7, 2, 3, 5, 1, 0, 4, 6]",77,0
orig,"[7, 2, 3, 5, 1, 0, 4, 6]",78,0
orig,"[7, 2, 3, 5, 1, 0, 4, 6]",79,0
orig,"[7, 2, 3, 5, 1, 0, 4, 6]",80,0
orig,"[7, 2, 3, 5, 1, 0, 4, 6]",81,0
orig,"[7, 2, 3, 5, 1, 0, 4, 6]",82,0
orig,"[7, 2, 3, 5, 1, 0, 4, 6]",83,0
orig,"[7, 2, 3, 5, 1, 0, 4, 6]",84,1
orig,"[7, 2, 3, 5, 1, 0, 4, 6]",85,0
orig,"[7, 2, 3, 5, 1, 0, 4, 6]",86,0
orig,"[7, 2, 3, 5, 1, 0, 4, 6]",87,1
orig,"[7, 2, 3, 5, 1, 0, 4, 6]",88,0
orig,"[7, 2, 3, 5, 1, 0, 4, 6]",89,0
orig,"[4, 0, 3, 6, 7, 5, 2, 1]",60,0
orig,"[4, 0, 3, 6, 7, 5, 2, 1]",61,1
orig,"[4, 0, 3, 6, 7, 5, 2, 1]",62,0
orig,"[4, 0, 3, 6, 7, 5, 2, 1]",63,1
orig,"[4, 0, 3, 6, 7, 5, 2, 1]",64,1
orig,"[4, 0, 3, 6, 7, 5, 2, 1]",65,1
orig,"[4, 0, 3, 6, 7, 5, 2, 1]",66,0
orig,"[4, 0, 3, 6, 7, 5, 2, 1]",67,1
orig,"[4, 0, 3, 6, 7, 5, 2, 1]",68,1
orig,"[4, 0, 3, 6, 7, 5, 2, 1]",69,0
orig,"[4, 0, 3, 6, 7, 5, 2, 1]",70,0
orig,"[4, 0, 3, 6, 7, 5, 2, 1]",71,0
orig,"[4, 0, 3, 6, 7, 5, 2, 1]",72,0
orig,"[4, 0, 3, 6, 7, 5, 2, 1]",73,0
orig,"[4, 0, 3, 6, 7, 5, 2, 1]",74,0
orig,"[4, 0, 3, 6, 7, 5, 2, 1]",75,0
orig,"[4, 0, 3, 6, 7, 5, 2, 1]",76,0
orig,"[4, 0, 3, 6, 7, 5, 2, 1]",77,0
orig,"[4, 0, 3, 6, 7, 5, 2, 1]",78,0
orig,"[4, 0, 3, 6, 7, 5, 2, 1]",79,0
orig,"[4, 0, 3, 6, 7, 5, 2, 1]",80,0
orig,"[4, 0, 3, 6, 7, 5, 2, 1]",81,1
orig,"[4, 0, 3, 6, 7, 5, 2, 1]",82,1
orig,"[4, 0, 3, 6, 7, 5, 2, 1]",83,0
orig,"[4, 0, 3, 6, 7, 5, 2, 1]",84,1
orig,"[4, 0, 3, 6, 7, 5, 2, 1]",85,0
orig,"[4, 0, 3, 6, 7, 5, 2, 1]",86,0
orig,"[4, 0, 3, 6, 7, 5, 2, 1]",87,1
orig,"[4, 0, 3, 6, 7, 5, 2, 1]",88,1
orig,"[4, 0, 3, 6, 7, 5, 2, 1]",89,0
orig,"[6, 0, 2, 1, 5, 7, 4, 3]",60,0
orig,"[6, 0, 2, 1, 5, 7, 4, 3]",61,1
orig,"[6, 0, 2, 1, 5, 7, 4, 3]",62,0
orig,"[6, 0, 2, 1, 5, 7, 4, 3]",63,1
orig,"[6, 0, 2, 1, 5, 7, 4, 3]",64,1
orig,"[6, 0, 2, 1, 5, 7, 4, 3]",65,0
orig,"[6, 0, 2, 1, 5, 7, 4, 3]",66,0
orig,"[6, 0, 2, 1, 5, 7, 4, 3]",67,1
orig,"[6, 0, 2, 1, 5, 7, 4, 3]",68,0
orig,"[6, 0, 2, 1, 5, 7, 4, 3]",69,0
orig,"[6, 0, 2, 1, 5, 7, 4, 3]",70,1
orig,"[6, 0, 2, 1, 5, 7, 4, 3]",71,1
orig,"[6, 0, 2, 1, 5, 7, 4, 3]",72,0
orig,"[6, 0, 2, 1, 5, 7, 4, 3]",73,0
orig,"[6, 0, 2, 1, 5, 7, 4, 3]",74,0
orig,"[6, 0, 2, 1, 5, 7, 4, 3]",75,1
orig,"[6, 0, 2, 1, 5, 7, 4, 3]",76,0
orig,"[6, 0, 2, 1, 5, 7, 4, 3]",77,0
orig,"[6, 0, 2, 1, 5, 7, 4, 3]",78,0
orig,"[6, 0, 2, 1, 5, 7, 4, 3]",79,0
orig,"[6, 0, 2, 1, 5, 7, 4, 3]",80,0
orig,"[6, 0, 2, 1, 5, 7, 4, 3]",81,1
orig,"[6, 0, 2, 1, 5, 7, 4, 3]",82,0
orig,"[6, 0, 2, 1, 5, 7, 4, 3]",83,0
orig,"[6, 0, 2, 1, 5, 7, 4, 3]",84,1
orig,"[6, 0, 2, 1, 5, 7, 4, 3]",85,0
orig,"[6, 0, 2, 1, 5, 7, 4, 3]",86,0
orig,"[6, 0, 2, 1, 5, 7, 4, 3]",87,1
orig,"[6, 0, 2, 1, 5, 7, 4, 3]",88,1
orig,"[6, 0, 2, 1, 5, 7, 4, 3]",89,0
orig,"[1, 2, 3, 0, 4, 5, 6, 7]",60,0
orig,"[1, 2, 3, 0, 4, 5, 6, 7]",61,1
orig,"[1, 2, 3, 0, 4, 5, 6, 7]",62,1
orig,"[1, 2, 3, 0, 4, 5, 6, 7]",63,1
orig,"[1, 2, 3, 0, 4, 5, 6, 7]",64,1
orig,"[1, 2, 3, 0, 4, 5, 6, 7]",65,0
orig,"[1, 2, 3, 0, 4, 5, 6, 7]",66,0
orig,"[1, 2, 3, 0, 4, 5, 6, 7]",67,0
orig,"[1, 2, 3, 0, 4, 5, 6, 7]",68,1
orig,"[1, 2, 3, 0, 4, 5, 6, 7]",69,0
orig,"[1, 2, 3, 0, 4, 5, 6, 7]",70,1
orig,"[1, 2, 3, 0, 4, 5, 6, 7]",71,1
orig,"[1, 2, 3, 0, 4, 5, 6, 7]",72,1
orig,"[1, 2, 3, 0, 4, 5, 6, 7]",73,0
orig,"[1, 2, 3, 0, 4, 5, 6, 7]",74,0
orig,"[1, 2, 3, 0, 4, 5, 6, 7]",75,1
orig,"[1, 2, 3, 0, 4, 5, 6, 7]",76,0
orig,"[1, 2, 3, 0, 4, 5, 6, 7]",77,0
orig,"[1, 2, 3, 0, 4, 5, 6, 7]",78,0
orig,"[1, 2, 3, 0, 4, 5, 6, 7]",79,0
orig,"[1, 2, 3, 0, 4, 5, 6, 7]",80,0
orig,"[1, 2, 3, 0, 4, 5, 6, 7]",81,0
orig,"[1, 2, 3, 0, 4, 5, 6, 7]",82,1
orig,"[1, 2, 3, 0, 4, 5, 6, 7]",83,0
orig,"[1, 2, 3, 0, 4, 5, 6, 7]",84,0
orig,"[1, 2, 3, 0, 4, 5, 6, 7]",85,0
orig,"[1, 2, 3, 0, 4, 5, 6, 7]",86,0
orig,"[1, 2, 3, 0, 4, 5, 6, 7]",87,1
orig,"[1, 2, 3, 0, 4, 5, 6, 7]",88,1
orig,"[1, 2, 3, 0, 4, 5, 6, 7]",89,0
orig,"[1, 2, 0, 3, 4, 5, 6, 7]",60,0
orig,"[1, 2, 0, 3, 4, 5, 6, 7]",61,1
orig,"[1, 2, 0, 3, 4, 5, 6, 7]",62,0
orig,"[1, 2, 0, 3, 4, 5, 6, 7]",63,0
orig,"[1, 2, 0, 3, 4, 5, 6, 7]",64,1
orig,"[1, 2, 0, 3, 4, 5, 6, 7]",65,0
orig,"[1, 2, 0, 3, 4, 5, 6, 7]",66,0
orig,"[1, 2, 0, 3, 4, 5, 6, 7]",67,0
orig,"[1, 2, 0, 3, 4, 5, 6, 7]",68,0
orig,"[1, 2, 0, 3, 4, 5, 6, 7]",69,0
orig,"[1, 2, 0, 3, 4, 5, 6, 7]",70,0
orig,"[1, 2, 0, 3, 4, 5, 6, 7]",71,1
orig,"[1, 2, 0, 3, 4, 5, 6, 7]",72,0
orig,"[1, 2, 0, 3, 4, 5, 6, 7]",73,0
orig,"[1, 2, 0, 3, 4, 5, 6, 7]",74,0
orig,"[1, 2, 0, 3, 4, 5, 6, 7]",75,0
orig,"[1, 2, 0, 3, 4, 5, 6, 7]",76,0
orig,"[1, 2, 0, 3, 4, 5, 6, 7]",77,0
orig,"[1, 2, 0, 3, 4, 5, 6, 7]",78,0
orig,"[1, 2, 0, 3, 4, 5, 6, 7]",79,0
orig,"[1, 2, 0, 3, 4, 5, 6, 7]",80,1
orig,"[1, 2, 0, 3, 4, 5, 6, 7]",81,0
orig,"[1, 2, 0, 3, 4, 5, 6, 7]",82,0
orig,"[1, 2, 0, 3, 4, 5, 6, 7]",83,0
orig,"[1, 2, 0, 3, 4, 5, 6, 7]",84,0
orig,"[1, 2, 0, 3, 4, 5, 6, 7]",85,0
orig,"[1, 2, 0, 3, 4, 5, 6, 7]",86,0
orig,"[1, 2, 0, 3, 4, 5, 6, 7]",87,1
orig,"[1, 2, 0, 3, 4, 5, 6, 7]",88,1
orig,"[1, 2, 0, 3, 4, 5, 6, 7]",89,0
orig,"[0, 3, 1, 2, 4, 5, 6, 7]",61,1
orig,"[0, 3, 1, 2, 4, 5, 6, 7]",62,1
orig,"[0, 3, 1, 2, 4, 5, 6, 7]",63,0
orig,"[0, 3, 1, 2, 4, 5, 6, 7]",64,1
orig,"[0, 3, 1, 2, 4, 5, 6, 7]",65,0
orig,"[0, 3, 1, 2, 4, 5, 6, 7]",66,0
orig,"[0, 3, 1, 2, 4, 5, 6, 7]",67,0
orig,"[0, 3, 1, 2, 4, 5, 6, 7]",68,0
orig,"[0, 3, 1, 2, 4, 5, 6, 7]",69,0
orig,"[0, 3, 1, 2, 4, 5, 6, 7]",70,1
orig,"[0, 3, 1, 2, 4, 5, 6, 7]",71,1
orig,"[0, 3, 1, 2, 4, 5, 6, 7]",72,0
orig,"[0, 3, 1, 2, 4, 5, 6, 7]",73,0
orig,"[0, 3, 1, 2, 4, 5, 6, 7]",74,0
orig,"[0, 3, 1, 2, 4, 5, 6, 7]",75,1
orig,"[0, 3, 1, 2, 4, 5, 6, 7]",76,0
orig,"[0, 3, 1, 2, 4, 5, 6, 7]",77,0
orig,"[0, 3, 1, 2, 4, 5, 6, 7]",78,0
orig,"[0, 3, 1, 2, 4, 5, 6, 7]",79,1
orig,"[0, 3, 1, 2, 4, 5, 6, 7]",80,1
orig,"[0, 3, 1, 2, 4, 5, 6, 7]",81,1
orig,"[0, 3, 1, 2, 4, 5, 6, 7]",82,0
orig,"[0, 3, 1, 2, 4, 5, 6, 7]",83,0
orig,"[0, 3, 1, 2, 4, 5, 6, 7]",84,1
orig,"[0, 3, 1, 2, 4, 5, 6, 7]",85,0
orig,"[0, 3, 1, 2, 4, 5, 6, 7]",86,0
orig,"[0, 3, 1, 2, 4, 5, 6, 7]",87,1
orig,"[0, 3, 1, 2, 4, 5, 6, 7]",88,1
orig,"[0, 3, 1, 2, 4, 5, 6, 7]",89,0
orig,"[6, 3, 5, 0, 1, 4, 7, 2]",60,0
orig,"[6, 3, 5, 0, 1, 4, 7, 2]",61,1
orig,"[6, 3, 5, 0, 1, 4, 7, 2]",62,0
orig,"[6, 3, 5, 0, 1, 4, 7, 2]",63,1
orig,"[6, 3, 5, 0, 1, 4, 7, 2]",64,1
orig,"[6, 3, 5, 0, 1, 4, 7, 2]",65,0
orig,"[6, 3, 5, 0, 1, 4, 7, 2]",66,1
orig,"[6, 3, 5, 0, 1, 4, 7, 2]",67,1
orig,"[6, 3, 5, 0, 1, 4, 7, 2]",68,1
orig,"[6, 3, 5, 0, 1, 4, 7, 2]",69,0
orig,"[6, 3, 5, 0, 1, 4, 7, 2]",70,1
orig,"[6, 3, 5, 0, 1, 4, 7, 2]",71,0
orig,"[6, 3, 5, 0, 1, 4, 7, 2]",72,0
orig,"[6, 3, 5, 0, 1, 4, 7, 2]",73,0
orig,"[6, 3, 5, 0, 1, 4, 7, 2]",74,0
orig,"[6, 3, 5, 0, 1, 4, 7, 2]",75,0
orig,"[6, 3, 5, 0, 1, 4, 7, 2]",76,0
orig,"[6, 3, 5, 0, 1, 4, 7, 2]",77,0
orig,"[6, 3, 5, 0, 1, 4, 7, 2]",78,0
orig,"[6, 3, 5, 0, 1, 4, 7, 2]",79,0
orig,"[6, 3, 5, 0, 1, 4, 7, 2]",80,0
orig,"[6, 3, 5, 0, 1, 4, 7, 2]",81,1
orig,"[6, 3, 5, 0, 1, 4, 7, 2]",82,1
orig,"[6, 3, 5, 0, 1, 4, 7, 2]",83,0
orig,"[6, 3, 5, 0, 1, 4, 7, 2]",84,1
orig,"[6, 3, 5, 0, 1, 4, 7, 2]",85,1
orig,"[6, 3, 5, 0, 1, 4, 7, 2]",86,0
orig,"[6, 3, 5, 0, 1, 4, 7, 2]",87,1
orig,"[6, 3, 5, 0, 1, 4, 7, 2]",88,1
orig,"[6, 3, 5, 0, 1, 4, 7, 2]",89,0
orig,"[7, 4, 3, 5, 1, 2, 6, 0]",60,0
orig,"[7, 4, 3, 5, 1, 2, 6, 0]",61,1
orig,"[7, 4, 3, 5, 1, 2, 6, 0]",62,0
orig,"[7, 4, 3, 5, 1, 2, 6, 0]",63,0
orig,"[7, 4, 3, 5, 1, 2, 6, 0]",64,0
orig,"[7, 4, 3, 5, 1, 2, 6, 0]",65,0
orig,"[7, 4, 3, 5, 1, 2, 6, 0]",66,0
orig,"[7, 4, 3, 5, 1, 2, 6, 0]",67,0
orig,"[7, 4, 3, 5, 1, 2, 6, 0]",68,0
orig,"[7, 4, 3, 5, 1, 2, 6, 0]",69,0
orig,"[7, 4, 3, 5, 1, 2, 6, 0]",70,1
orig,"[7, 4, 3, 5, 1, 2, 6, 0]",71,0
orig,"[7, 4, 3, 5, 1, 2, 6, 0]",72,1
orig,"[7, 4, 3, 5, 1, 2, 6, 0]",73,1
orig,"[7, 4, 3, 5, 1, 2, 6, 0]",74,0
orig,"[7, 4, 3, 5, 1, 2, 6, 0]",75,0
orig,"[7, 4, 3, 5, 1, 2, 6, 0]",76,0
orig,"[7, 4, 3, 5, 1, 2, 6, 0]",77,0
orig,"[7, 4, 3, 5, 1, 2, 6, 0]",78,0
orig,"[7, 4, 3, 5, 1, 2, 6, 0]",79,0
orig,"[7, 4, 3, 5, 1, 2, 6, 0]",80,0
orig,"[7, 4, 3, 5, 1, 2, 6, 0]",81,0
orig,"[7, 4, 3, 5, 1, 2, 6, 0]",82,0
orig,"[7, 4, 3, 5, 1, 2, 6, 0]",83,0
orig,"[7, 4, 3, 5, 1, 2, 6, 0]",84,0
orig,"[7, 4, 3, 5, 1, 2, 6, 0]",85,0
orig,"[7, 4, 3, 5, 1, 2, 6, 0]",86,0
orig,"[7, 4, 3, 5, 1, 2, 6, 0]",87,0
orig,"[7, 4, 3, 5, 1, 2, 6, 0]",88,0
orig,"[7, 4, 3, 5, 1, 2, 6, 0]",89,0
orig,"[7, 1, 3, 0, 5, 6, 4, 2]",60,0
orig,"[7, 1, 3, 0, 5, 6, 4, 2]",61,1
orig,"[7, 1, 3, 0, 5, 6, 4, 2]",62,0
orig,"[7, 1, 3, 0, 5, 6, 4, 2]",63,0
orig,"[7, 1, 3, 0, 5, 6, 4, 2]",64,0
orig,"[7, 1, 3, 0, 5, 6, 4, 2]",65,0
orig,"[7, 1, 3, 0, 5, 6, 4, 2]",66,0
orig,"[7, 1, 3, 0, 5, 6, 4, 2]",67,0
orig,"[7, 1, 3, 0, 5, 6, 4, 2]",68,1
orig,"[7, 1, 3, 0, 5, 6, 4, 2]",69,0
orig,"[7, 1, 3, 0, 5, 6, 4, 2]",70,1
orig,"[7, 1, 3, 0, 5, 6, 4, 2]",71,0
orig,"[7, 1, 3, 0, 5, 6, 4, 2]",72,1
orig,"[7, 1, 3, 0, 5, 6, 4, 2]",73,1
orig,"[7, 1, 3, 0, 5, 6, 4, 2]",74,0
orig,"[7, 1, 3, 0, 5, 6, 4, 2]",75,0
orig,"[7, 1, 3, 0, 5, 6, 4, 2]",76,0
orig,"[7, 1, 3, 0, 5, 6, 4, 2]",77,0
orig,"[7, 1, 3, 0, 5, 6, 4, 2]",78,0
orig,"[7, 1, 3, 0, 5, 6, 4, 2]",79,1
orig,"[7, 1, 3, 0, 5, 6, 4, 2]",80,1
orig,"[7, 1, 3, 0, 5, 6, 4, 2]",81,0
orig,"[7, 1, 3, 0, 5, 6, 4, 2]",82,0
orig,"[7, 1, 3, 0, 5, 6, 4, 2]",83,0
orig,"[7, 1, 3, 0, 5, 6, 4, 2]",84,0
orig,"[7, 1, 3, 0, 5, 6, 4, 2]",85,0
orig,"[7, 1, 3, 0, 5, 6, 4, 2]",86,0
orig,"[7, 1, 3, 0, 5, 6, 4, 2]",87,0
orig,"[7, 1, 3, 0, 5, 6, 4, 2]",88,1
orig,"[7, 1, 3, 0, 5, 6, 4, 2]",89,0
orig,"[0, 5, 2, 4, 3, 1, 6, 7]",60,0
orig,"[0, 5, 2, 4, 3, 1, 6, 7]",61,1
orig,"[0, 5, 2, 4, 3, 1, 6, 7]",62,0
orig,"[0, 5, 2, 4, 3, 1, 6, 7]",63,0
orig,"[0, 5, 2, 4, 3, 1, 6, 7]",64,1
orig,"[0, 5, 2, 4, 3, 1, 6, 7]",65,0
orig,"[0, 5, 2, 4, 3, 1, 6, 7]",66,0
orig,"[0, 5, 2, 4, 3, 1, 6, 7]",67,0
orig,"[0, 5, 2, 4, 3, 1, 6, 7]",68,1
orig,"[0, 5, 2, 4, 3, 1, 6, 7]",69,0
orig,"[0, 5, 2, 4, 3, 1, 6, 7]",70,1
orig,"[0, 5, 2, 4, 3, 1, 6, 7]",71,0
orig,"[0, 5, 2, 4, 3, 1, 6, 7]",72,1
orig,"[0, 5, 2, 4, 3, 1, 6, 7]",73,1
orig,"[0, 5, 2, 4, 3, 1, 6, 7]",74,0
orig,"[0, 5, 2, 4, 3, 1, 6, 7]",75,1
orig,"[0, 5, 2, 4, 3, 1, 6, 7]",76,0
orig,"[0, 5, 2, 4, 3, 1, 6, 7]",77,0
orig,"[0, 5, 2, 4, 3, 1, 6, 7]",78,0
orig,"[0, 5, 2, 4, 3, 1, 6, 7]",79,0
orig,"[0, 5, 2, 4, 3, 1, 6, 7]",80,0
orig,"[0, 5, 2, 4, 3, 1, 6, 7]",81,1
orig,"[0, 5, 2, 4, 3, 1, 6, 7]",82,0
orig,"[0, 5, 2, 4, 3, 1, 6, 7]",83,0
orig,"[0, 5, 2, 4, 3, 1, 6, 7]",84,1
orig,"[0, 5, 2, 4, 3, 1, 6, 7]",85,0
orig,"[0, 5, 2, 4, 3, 1, 6, 7]",86,0
orig,"[0, 5, 2, 4, 3, 1, 6, 7]",87,1
orig,"[0, 5, 2, 4, 3, 1, 6, 7]",88,0
orig,"[0, 5, 2, 4, 3, 1, 6, 7]",89,0
orig,"[2, 0, 3, 1, 7, 5, 6, 4]",60,0
orig,"[2, 0, 3, 1, 7, 5, 6, 4]",61,1
orig,"[2, 0, 3, 1, 7, 5, 6, 4]",62,0
orig,"[2, 0, 3, 1, 7, 5, 6, 4]",63,1
orig,"[2, 0, 3, 1, 7, 5, 6, 4]",64,1
orig,"[2, 0, 3, 1, 7, 5, 6, 4]",65,0
orig,"[2, 0, 3, 1, 7, 5, 6, 4]",66,1
orig,"[2, 0, 3, 1, 7, 5, 6, 4]",67,0
orig,"[2, 0, 3, 1, 7, 5, 6, 4]",68,1
orig,"[2, 0, 3, 1, 7, 5, 6, 4]",69,0
orig,"[2, 0, 3, 1, 7, 5, 6, 4]",70,1
orig,"[2, 0, 3, 1, 7, 5, 6, 4]",71,1
orig,"[2, 0, 3, 1, 7, 5, 6, 4]",72,0
orig,"[2, 0, 3, 1, 7, 5, 6, 4]",73,0
orig,"[2, 0, 3, 1, 7, 5, 6, 4]",74,0
orig,"[2, 0, 3, 1, 7, 5, 6, 4]",75,0
orig,"[2, 0, 3, 1, 7, 5, 6, 4]",76,0
orig,"[2, 0, 3, 1, 7, 5, 6, 4]",77,0
orig,"[2, 0, 3, 1, 7, 5, 6, 4]",78,0
orig,"[2, 0, 3, 1, 7, 5, 6, 4]",79,0
orig,"[2, 0, 3, 1, 7, 5, 6, 4]",80,0
orig,"[2, 0, 3, 1, 7, 5, 6, 4]",81,1
orig,"[2, 0, 3, 1, 7, 5, 6, 4]",82,0
orig,"[2, 0, 3, 1, 7, 5, 6, 4]",83,0
orig,"[2, 0, 3, 1, 7, 5, 6, 4]",84,0
orig,"[2, 0, 3, 1, 7, 5, 6, 4]",85,0
orig,"[2, 0, 3, 1, 7, 5, 6, 4]",86,0
orig,"[2, 0, 3, 1, 7, 5, 6, 4]",87,1
orig,"[2, 0, 3, 1, 7, 5, 6, 4]",88,1
orig,"[2, 0, 3, 1, 7, 5, 6, 4]",89,0
orig,"[7, 0, 6, 4, 2, 1, 3, 5]",60,0
orig,"[7, 0, 6, 4, 2, 1, 3, 5]",61,1
orig,"[7, 0, 6, 4, 2, 1, 3, 5]",62,0
orig,"[7, 0, 6, 4, 2, 1, 3, 5]",63,0
orig,"[7, 0, 6, 4, 2, 1, 3, 5]",64,0
orig,"[7, 0, 6, 4, 2, 1, 3, 5]",65,0
orig,"[7, 0, 6, 4, 2, 1, 3, 5]",66,0
orig,"[7, 0, 6, 4, 2, 1, 3, 5]",67,0
orig,"[7, 0, 6, 4, 2, 1, 3, 5]",68,0
orig,"[7, 0, 6, 4, 2, 1, 3, 5]",69,0
orig,"[7, 0, 6, 4, 2, 1, 3, 5]",70,0
orig,"[7, 0, 6, 4, 2, 1, 3, 5]",71,0
orig,"[7, 0, 6, 4, 2, 1, 3, 5]",72,1
orig,"[7, 0, 6, 4, 2, 1, 3, 5]",73,1
orig,"[7, 0, 6, 4, 2, 1, 3, 5]",74,0
orig,"[7, 0, 6, 4, 2, 1, 3, 5]",75,0
orig,"[7, 0, 6, 4, 2, 1, 3, 5]",76,0
orig,"[7, 0, 6, 4, 2, 1, 3, 5]",77,0
orig,"[7, 0, 6, 4, 2, 1, 3, 5]",78,0
orig,"[7, 0, 6, 4, 2, 1, 3, 5]",79,0
orig,"[7, 0, 6, 4, 2, 1, 3, 5]",80,0
orig,"[7, 0, 6, 4, 2, 1, 3, 5]",81,0
orig,"[7, 0, 6, 4, 2, 1, 3, 5]",82,0
orig,"[7, 0, 6, 4, 2, 1, 3, 5]",83,0
orig,"[7, 0, 6, 4, 2, 1, 3, 5]",84,0
orig,"[7, 0, 6, 4, 2, 1, 3, 5]",85,0
orig,"[7, 0, 6, 4, 2, 1, 3, 5]",86,0
orig,"[7, 0, 6, 4, 2, 1, 3, 5]",87,0
orig,"[7, 0, 6, 4, 2, 1, 3, 5]",88,0
orig,"[7, 0, 6, 4, 2, 1, 3, 5]",89,0
orig,"[2, 6, 0, 1, 5, 7, 3, 4]",60,0
orig,"[2, 6, 0, 1, 5, 7, 3, 4]",61,0
orig,"[2, 6, 0, 1, 5, 7, 3, 4]",62,0
orig,"[2, 6, 0, 1, 5, 7, 3, 4]",63,0
orig,"[2, 6, 0, 1, 5, 7, 3, 4]",64,0
orig,"[2, 6, 0, 1, 5, 7, 3, 4]",65,0
orig,"[2, 6, 0, 1, 5, 7, 3, 4]",66,1
orig,"[2, 6, 0, 1, 5, 7, 3, 4]",67,0
orig,"[2, 6, 0, 1, 5, 7, 3, 4]",68,1
orig,"[2, 6, 0, 1, 5, 7, 3, 4]",69,0
orig,"[2, 6, 0, 1, 5, 7, 3, 4]",70,0
orig,"[2, 6, 0, 1, 5, 7, 3, 4]",71,1
orig,"[2, 6, 0, 1, 5, 7, 3, 4]",72,0
orig,"[2, 6, 0, 1, 5, 7, 3, 4]",73,0
orig,"[2, 6, 0, 1, 5, 7, 3, 4]",74,0
orig,"[2, 6, 0, 1, 5, 7, 3, 4]",75,0
orig,"[2, 6, 0, 1, 5, 7, 3, 4]",76,1
orig,"[2, 6, 0, 1, 5, 7, 3, 4]",77,0
orig,"[2, 6, 0, 1, 5, 7, 3, 4]",78,0
orig,"[2, 6, 0, 1, 5, 7, 3, 4]",79,1
orig,"[2, 6, 0, 1, 5, 7, 3, 4]",80,1
orig,"[2, 6, 0, 1, 5, 7, 3, 4]",81,1
orig,"[2, 6, 0, 1, 5, 7, 3, 4]",82,1
orig,"[2, 6, 0, 1, 5, 7, 3, 4]",83,0
orig,"[2, 6, 0, 1, 5, 7, 3, 4]",84,1
orig,"[2, 6, 0, 1, 5, 7, 3, 4]",85,0
orig,"[2, 6, 0, 1, 5, 7, 3, 4]",86,0
orig,"[2, 6, 0, 1, 5, 7, 3, 4]",87,1
orig,"[2, 6, 0, 1, 5, 7, 3, 4]",88,1
orig,"[2, 6, 0, 1, 5, 7, 3, 4]",89,0
orig,"[2, 7, 1, 0, 4, 5, 6, 3]",60,0
orig,"[2, 7, 1, 0, 4, 5, 6, 3]",61,1
orig,"[2, 7, 1, 0, 4, 5, 6, 3]",62,0
orig,"[2, 7, 1, 0, 4, 5, 6, 3]",63,0
orig,"[2, 7, 1, 0, 4, 5, 6, 3]",64,1
orig,"[2, 7, 1, 0, 4, 5, 6, 3]",65,0
orig,"[2, 7, 1, 0, 4, 5, 6, 3]",66,0
orig,"[2, 7, 1, 0, 4, 5, 6, 3]",67,0
orig,"[2, 7, 1, 0, 4, 5, 6, 3]",68,0
orig,"[2, 7, 1, 0, 4, 5, 6, 3]",69,0
orig,"[2, 7, 1, 0, 4, 5, 6, 3]",70,0
orig,"[2, 7, 1, 0, 4, 5, 6, 3]",71,1
orig,"[2, 7, 1, 0, 4, 5, 6, 3]",72,1
orig,"[2, 7, 1, 0, 4, 5, 6, 3]",73,1
orig,"[2, 7, 1, 0, 4, 5, 6, 3]",74,0
orig,"[2, 7, 1, 0, 4, 5, 6, 3]",75,1
orig,"[2, 7, 1, 0, 4, 5, 6, 3]",76,0
orig,"[2, 7, 1, 0, 4, 5, 6, 3]",77,0
orig,"[2, 7, 1, 0, 4, 5, 6, 3]",78,0
orig,"[2, 7, 1, 0, 4, 5, 6, 3]",79,0
orig,"[2, 7, 1, 0, 4, 5, 6, 3]",80,0
orig,"[2, 7, 1, 0, 4, 5, 6, 3]",81,0
orig,"[2, 7, 1, 0, 4, 5, 6, 3]",82,0
orig,"[2, 7, 1, 0, 4, 5, 6, 3]",83,0
orig,"[2, 7, 1, 0, 4, 5, 6, 3]",84,1
orig,"[2, 7, 1, 0, 4, 5, 6, 3]",85,0
orig,"[2, 7, 1, 0, 4, 5, 6, 3]",86,0
orig,"[2, 7, 1, 0, 4, 5, 6, 3]",87,0
orig,"[2, 7, 1, 0, 4, 5, 6, 3]",88,0
orig,"[2, 7, 1, 0, 4, 5, 6, 3]",89,0
orig,"[0, 5, 3, 1, 6, 4, 7, 2]",60,0
orig,"[0, 5, 3, 1, 6, 4, 7, 2]",61,1
orig,"[0, 5, 3, 1, 6, 4, 7, 2]",62,0
orig,"[0, 5, 3, 1, 6, 4, 7, 2]",63,1
orig,"[0, 5, 3, 1, 6, 4, 7, 2]",64,1
orig,"[0, 5, 3, 1, 6, 4, 7, 2]",65,1
orig,"[0, 5, 3, 1, 6, 4, 7, 2]",66,0
orig,"[0, 5, 3, 1, 6, 4, 7, 2]",67,0
orig,"[0, 5, 3, 1, 6, 4, 7, 2]",68,1
orig,"[0, 5, 3, 1, 6, 4, 7, 2]",69,0
orig,"[0, 5, 3, 1, 6, 4, 7, 2]",70,0
orig,"[0, 5, 3, 1, 6, 4, 7, 2]",71,1
orig,"[0, 5, 3, 1, 6, 4, 7, 2]",72,1
orig,"[0, 5, 3, 1, 6, 4, 7, 2]",73,0
orig,"[0, 5, 3, 1, 6, 4, 7, 2]",74,0
orig,"[0, 5, 3, 1, 6, 4, 7, 2]",75,0
orig,"[0, 5, 3, 1, 6, 4, 7, 2]",76,0
orig,"[0, 5, 3, 1, 6, 4, 7, 2]",77,1
orig,"[0, 5, 3, 1, 6, 4, 7, 2]",78,0
orig,"[0, 5, 3, 1, 6, 4, 7, 2]",79,1
orig,"[0, 5, 3, 1, 6, 4, 7, 2]",80,1
orig,"[0, 5, 3, 1, 6, 4, 7, 2]",81,1
orig,"[0, 5, 3, 1, 6, 4, 7, 2]",82,0
orig,"[0, 5, 3, 1, 6, 4, 7, 2]",83,0
orig,"[0, 5, 3, 1, 6, 4, 7, 2]",84,1
orig,"[0, 5, 3, 1, 6, 4, 7, 2]",85,0
orig,"[0, 5, 3, 1, 6, 4, 7, 2]",86,0
orig,"[0, 5, 3, 1, 6, 4, 7, 2]",87,1
orig,"[0, 5, 3, 1, 6, 4, 7, 2]",88,1
orig,"[0, 5, 3, 1, 6, 4, 7, 2]",89,0
orig,"[1, 0, 3, 4, 2, 5, 6, 7]",60,0
orig,"[1, 0, 3, 4, 2, 5, 6, 7]",61,1
orig,"[1, 0, 3, 4, 2, 5, 6, 7]",62,0
orig,"[1, 0, 3, 4, 2, 5, 6, 7]",63,1
orig,"[1, 0, 3, 4, 2, 5, 6, 7]",64,1
orig,"[1, 0, 3, 4, 2, 5, 6, 7]",65,0
orig,"[1, 0, 3, 4, 2, 5, 6, 7]",66,0
orig,"[1, 0, 3, 4, 2, 5, 6, 7]",67,1
orig,"[1, 0, 3, 4, 2, 5, 6, 7]",68,0
orig,"[1, 0, 3, 4, 2, 5, 6, 7]",69,0
orig,"[1, 0, 3, 4, 2, 5, 6, 7]",70,1
orig,"[1, 0, 3, 4, 2, 5, 6, 7]",71,1
orig,"[1, 0, 3, 4, 2, 5, 6, 7]",72,0
orig,"[1, 0, 3, 4, 2, 5, 6, 7]",73,0
orig,"[1, 0, 3, 4, 2, 5, 6, 7]",74,0
orig,"[1, 0, 3, 4, 2, 5, 6, 7]",75,1
orig,"[1, 0, 3, 4, 2, 5, 6, 7]",76,1
orig,"[1, 0, 3, 4, 2, 5, 6, 7]",77,0
orig,"[1, 0, 3, 4, 2, 5, 6, 7]",78,0
orig,"[1, 0, 3, 4, 2, 5, 6, 7]",79,0
orig,"[1, 0, 3, 4, 2, 5, 6, 7]",80,1
orig,"[1, 0, 3, 4, 2, 5, 6, 7]",81,1
orig,"[1, 0, 3, 4, 2, 5, 6, 7]",82,1
orig,"[1, 0, 3, 4, 2, 5, 6, 7]",83,0
orig,"[1, 0, 3, 4, 2, 5, 6, 7]",84,1
orig,"[1, 0, 3, 4, 2, 5, 6, 7]",85,1
orig,"[1, 0, 3, 4, 2, 5, 6, 7]",86,0
orig,"[1, 0, 3, 4, 2, 5, 6, 7]",87,1
orig,"[1, 0, 3, 4, 2, 5, 6, 7]",88,1
orig,"[1, 0, 3, 4, 2, 5, 6, 7]",89,0
orig,"[0, 7, 5, 6, 4, 1, 2, 3]",60,0
orig,"[0, 7, 5, 6, 4, 1, 2, 3]",61,1
orig,"[0, 7, 5, 6, 4, 1, 2, 3]",62,0
orig,"[0, 7, 5, 6, 4, 1, 2, 3]",63,0
orig,"[0, 7, 5, 6, 4, 1, 2, 3]",64,0
orig,"[0, 7, 5, 6, 4, 1, 2, 3]",65,0
orig,"[0, 7, 5, 6, 4, 1, 2, 3]",66,0
orig,"[0, 7, 5, 6, 4, 1, 2, 3]",67,0
orig,"[0, 7, 5, 6, 4, 1, 2, 3]",68,1
orig,"[0, 7, 5, 6, 4, 1, 2, 3]",69,0
orig,"[0, 7, 5, 6, 4, 1, 2, 3]",70,0
orig,"[0, 7, 5, 6, 4, 1, 2, 3]",71,0
orig,"[0, 7, 5, 6, 4, 1, 2, 3]",72,1
orig,"[0, 7, 5, 6, 4, 1, 2, 3]",73,1
orig,"[0, 7, 5, 6, 4, 1, 2, 3]",74,0
orig,"[0, 7, 5, 6, 4, 1, 2, 3]",75,0
orig,"[0, 7, 5, 6, 4, 1, 2, 3]",76,0
orig,"[0, 7, 5, 6, 4, 1, 2, 3]",77,0
orig,"[0, 7, 5, 6, 4, 1, 2, 3]",78,0
orig,"[0, 7, 5, 6, 4, 1, 2, 3]",79,0
orig,"[0, 7, 5, 6, 4, 1, 2, 3]",80,0
orig,"[0, 7, 5, 6, 4, 1, 2, 3]",81,0
orig,"[0, 7, 5, 6, 4, 1, 2, 3]",82,0
orig,"[0, 7, 5, 6, 4, 1, 2, 3]",83,0
orig,"[0, 7, 5, 6, 4, 1, 2, 3]",84,0
orig,"[0, 7, 5, 6, 4, 1, 2, 3]",85,0
orig,"[0, 7, 5, 6, 4, 1, 2, 3]",86,0
orig,"[0, 7, 5, 6, 4, 1, 2, 3]",87,0
orig,"[0, 7, 5, 6, 4, 1, 2, 3]",88,0
orig,"[0, 7, 5, 6, 4, 1, 2, 3]",89,0
orig,"[3, 2, 1, 4, 0, 6, 5, 7]",60,0
orig,"[3, 2, 1, 4, 0, 6, 5, 7]",61,1
orig,"[3, 2, 1, 4, 0, 6, 5, 7]",62,0
orig,"[3, 2, 1, 4, 0, 6, 5, 7]",63,1
orig,"[3, 2, 1, 4, 0, 6, 5, 7]",64,0
orig,"[3, 2, 1, 4, 0, 6, 5, 7]",65,0
orig,"[3, 2, 1, 4, 0, 6, 5, 7]",66,0
orig,"[3, 2, 1, 4, 0, 6, 5, 7]",67,1
orig,"[3, 2, 1, 4, 0, 6, 5, 7]",68,0
orig,"[3, 2, 1, 4, 0, 6, 5, 7]",69,0
orig,"[3, 2, 1, 4, 0, 6, 5, 7]",70,1
orig,"[3, 2, 1, 4, 0, 6, 5, 7]",71,1
orig,"[3, 2, 1, 4, 0, 6, 5, 7]",72,0
orig,"[3, 2, 1, 4, 0, 6, 5, 7]",73,0
orig,"[3, 2, 1, 4, 0, 6, 5, 7]",74,0
orig,"[3, 2, 1, 4, 0, 6, 5, 7]",75,1
orig,"[3, 2, 1, 4, 0, 6, 5, 7]",76,0
orig,"[3, 2, 1, 4, 0, 6, 5, 7]",77,0
orig,"[3, 2, 1, 4, 0, 6, 5, 7]",78,1
orig,"[3, 2, 1, 4, 0, 6, 5, 7]",79,0
orig,"[3, 2, 1, 4, 0, 6, 5, 7]",80,0
orig,"[3, 2, 1, 4, 0, 6, 5, 7]",81,0
orig,"[3, 2, 1, 4, 0, 6, 5, 7]",82,0
orig,"[3, 2, 1, 4, 0, 6, 5, 7]",83,0
orig,"[3, 2, 1, 4, 0, 6, 5, 7]",84,0
orig,"[3, 2, 1, 4, 0, 6, 5, 7]",85,0
orig,"[3, 2, 1, 4, 0, 6, 5, 7]",86,0
orig,"[3, 2, 1, 4, 0, 6, 5, 7]",87,1
orig,"[3, 2, 1, 4, 0, 6, 5, 7]",88,1
orig,"[3, 2, 1, 4, 0, 6, 5, 7]",89,0
orig,"[1, 6, 4, 0, 5, 7, 3, 2]",60,0
orig,"[1, 6, 4, 0, 5, 7, 3, 2]",61,1
orig,"[1, 6, 4, 0, 5, 7, 3, 2]",62,0
orig,"[1, 6, 4, 0, 5, 7, 3, 2]",63,1
orig,"[1, 6, 4, 0, 5, 7, 3, 2]",64,1
orig,"[1, 6, 4, 0, 5, 7, 3, 2]",65,0
orig,"[1, 6, 4, 0, 5, 7, 3, 2]",66,1
orig,"[1, 6, 4, 0, 5, 7, 3, 2]",67,0
orig,"[1, 6, 4, 0, 5, 7, 3, 2]",68,0
orig,"[1, 6, 4, 0, 5, 7, 3, 2]",69,0
orig,"[1, 6, 4, 0, 5, 7, 3, 2]",70,1
orig,"[1, 6, 4, 0, 5, 7, 3, 2]",71,1
orig,"[1, 6, 4, 0, 5, 7, 3, 2]",72,0
orig,"[1, 6, 4, 0, 5, 7, 3, 2]",73,0
orig,"[1, 6, 4, 0, 5, 7, 3, 2]",74,0
orig,"[1, 6, 4, 0, 5, 7, 3, 2]",75,1
orig,"[1, 6, 4, 0, 5, 7, 3, 2]",76,0
orig,"[1, 6, 4, 0, 5, 7, 3, 2]",77,0
orig,"[1, 6, 4, 0, 5, 7, 3, 2]",78,0
orig,"[1, 6, 4, 0, 5, 7, 3, 2]",79,0
orig,"[1, 6, 4, 0, 5, 7, 3, 2]",80,1
orig,"[1, 6, 4, 0, 5, 7, 3, 2]",81,1
orig,"[1, 6, 4, 0, 5, 7, 3, 2]",82,1
orig,"[1, 6, 4, 0, 5, 7, 3, 2]",83,0
orig,"[1, 6, 4, 0, 5, 7, 3, 2]",84,1
orig,"[1, 6, 4, 0, 5, 7, 3, 2]",85,0
orig,"[1, 6, 4, 0, 5, 7, 3, 2]",86,0
orig,"[1, 6, 4, 0, 5, 7, 3, 2]",87,1
orig,"[1, 6, 4, 0, 5, 7, 3, 2]",88,1
orig,"[1, 6, 4, 0, 5, 7, 3, 2]",89,0
orig,"[2, 3, 6, 1, 0, 4, 5, 7]",60,0
orig,"[2, 3, 6, 1, 0, 4, 5, 7]",61,1
orig,"[2, 3, 6, 1, 0, 4, 5, 7]",62,0
orig,"[2, 3, 6, 1, 0, 4, 5, 7]",63,0
orig,"[2, 3, 6, 1, 0, 4, 5, 7]",64,1
orig,"[2, 3, 6, 1, 0, 4, 5, 7]",65,0
orig,"[2, 3, 6, 1, 0, 4, 5, 7]",66,0
orig,"[2, 3, 6, 1, 0, 4, 5, 7]",67,0
orig,"[2, 3, 6, 1, 0, 4, 5, 7]",68,0
orig,"[2, 3, 6, 1, 0, 4, 5, 7]",69,1
orig,"[2, 3, 6, 1, 0, 4, 5, 7]",70,1
orig,"[2, 3, 6, 1, 0, 4, 5, 7]",71,0
orig,"[2, 3, 6, 1, 0, 4, 5, 7]",72,0
orig,"[2, 3, 6, 1, 0, 4, 5, 7]",73,0
orig,"[2, 3, 6, 1, 0, 4, 5, 7]",74,1
orig,"[2, 3, 6, 1, 0, 4, 5, 7]",75,0
orig,"[2, 3, 6, 1, 0, 4, 5, 7]",76,1
orig,"[2, 3, 6, 1, 0, 4, 5, 7]",77,0
orig,"[2, 3, 6, 1, 0, 4, 5, 7]",78,0
orig,"[2, 3, 6, 1, 0, 4, 5, 7]",79,1
orig,"[2, 3, 6, 1, 0, 4, 5, 7]",80,1
orig,"[2, 3, 6, 1, 0, 4, 5, 7]",81,1
orig,"[2, 3, 6, 1, 0, 4, 5, 7]",82,0
orig,"[2, 3, 6, 1, 0, 4, 5, 7]",83,1
orig,"[2, 3, 6, 1, 0, 4, 5, 7]",84,0
orig,"[2, 3, 6, 1, 0, 4, 5, 7]",85,1
orig,"[2, 3, 6, 1, 0, 4, 5, 7]",86,0
orig,"[2, 3, 6, 1, 0, 4, 5, 7]",87,1
orig,"[2, 3, 6, 1, 0, 4, 5, 7]",88,1
orig,"[2, 3, 6, 1, 0, 4, 5, 7]",89,0
orig,"[1, 4, 6, 0, 5, 7, 3, 2]",60,0
orig,"[1, 4, 6, 0, 5, 7, 3, 2]",61,0
orig,"[1, 4, 6, 0, 5, 7, 3, 2]",62,0
orig,"[1, 4, 6, 0, 5, 7, 3, 2]",63,1
orig,"[1, 4, 6, 0, 5, 7, 3, 2]",64,1
orig,"[1, 4, 6, 0, 5, 7, 3, 2]",65,0
orig,"[1, 4, 6, 0, 5, 7, 3, 2]",66,0
orig,"[1, 4, 6, 0, 5, 7, 3, 2]",67,1
orig,"[1, 4, 6, 0, 5, 7, 3, 2]",68,0
orig,"[1, 4, 6, 0, 5, 7, 3, 2]",69,0
orig,"[1, 4, 6, 0, 5, 7, 3, 2]",70,1
orig,"[1, 4, 6, 0, 5, 7, 3, 2]",71,0
orig,"[1, 4, 6, 0, 5, 7, 3, 2]",72,0
orig,"[1, 4, 6, 0, 5, 7, 3, 2]",73,0
orig,"[1, 4, 6, 0, 5, 7, 3, 2]",74,0
orig,"[1, 4, 6, 0, 5, 7, 3, 2]",75,1
orig,"[1, 4, 6, 0, 5, 7, 3, 2]",76,1
orig,"[1, 4, 6, 0, 5, 7, 3, 2]",77,0
orig,"[1, 4, 6, 0, 5, 7, 3, 2]",78,0
orig,"[1, 4, 6, 0, 5, 7, 3, 2]",79,0
orig,"[1, 4, 6, 0, 5, 7, 3, 2]",80,1
orig,"[1, 4, 6, 0, 5, 7, 3, 2]",81,1
orig,"[1, 4, 6, 0, 5, 7, 3, 2]",82,0
orig,"[1, 4, 6, 0, 5, 7, 3, 2]",83,0
orig,"[1, 4, 6, 0, 5, 7, 3, 2]",84,0
orig,"[1, 4, 6, 0, 5, 7, 3, 2]",85,0
orig,"[1, 4, 6, 0, 5, 7, 3, 2]",86,0
orig,"[1, 4, 6, 0, 5, 7, 3, 2]",87,1
orig,"[1, 4, 6, 0, 5, 7, 3, 2]",88,1
orig,"[1, 4, 6, 0, 5, 7, 3, 2]",89,0
orig,"[2, 3, 6, 7, 5, 4, 0, 1]",60,0
orig,"[2, 3, 6, 7, 5, 4, 0, 1]",61,0
orig,"[2, 3, 6, 7, 5, 4, 0, 1]",62,0
orig,"[2, 3, 6, 7, 5, 4, 0, 1]",63,0
orig,"[2, 3, 6, 7, 5, 4, 0, 1]",64,1
orig,"[2, 3, 6, 7, 5, 4, 0, 1]",65,0
orig,"[2, 3, 6, 7, 5, 4, 0, 1]",66,1
orig,"[2, 3, 6, 7, 5, 4, 0, 1]",67,0
orig,"[2, 3, 6, 7, 5, 4, 0, 1]",68,0
orig,"[2, 3, 6, 7, 5, 4, 0, 1]",69,0
orig,"[2, 3, 6, 7, 5, 4, 0, 1]",70,1
orig,"[2, 3, 6, 7, 5, 4, 0, 1]",71,1
orig,"[2, 3, 6, 7, 5, 4, 0, 1]",72,0
orig,"[2, 3, 6, 7, 5, 4, 0, 1]",73,0
orig,"[2, 3, 6, 7, 5, 4, 0, 1]",74,0
orig,"[2, 3, 6, 7, 5, 4, 0, 1]",75,0
orig,"[2, 3, 6, 7, 5, 4, 0, 1]",76,0
orig,"[2, 3, 6, 7, 5, 4, 0, 1]",77,0
orig,"[2, 3, 6, 7, 5, 4, 0, 1]",78,0
orig,"[2, 3, 6, 7, 5, 4, 0, 1]",79,0
orig,"[2, 3, 6, 7, 5, 4, 0, 1]",80,0
orig,"[2, 3, 6, 7, 5, 4, 0, 1]",81,0
orig,"[2, 3, 6, 7, 5, 4, 0, 1]",82,0
orig,"[2, 3, 6, 7, 5, 4, 0, 1]",83,0
orig,"[2, 3, 6, 7, 5, 4, 0, 1]",84,1
orig,"[2, 3, 6, 7, 5, 4, 0, 1]",85,0
orig,"[2, 3, 6, 7, 5, 4, 0, 1]",86,0
orig,"[2, 3, 6, 7, 5, 4, 0, 1]",87,1
orig,"[2, 3, 6, 7, 5, 4, 0, 1]",88,1
orig,"[2, 3, 6, 7, 5, 4, 0, 1]",89,0
orig,"[3, 7, 2, 1, 4, 0, 6, 5]",60,0
orig,"[3, 7, 2, 1, 4, 0, 6, 5]",61,1
orig,"[3, 7, 2, 1, 4, 0, 6, 5]",62,0
orig,"[3, 7, 2, 1, 4, 0, 6, 5]",63,0
orig,"[3, 7, 2, 1, 4, 0, 6, 5]",64,0
orig,"[3, 7, 2, 1, 4, 0, 6, 5]",65,0
orig,"[3, 7, 2, 1, 4, 0, 6, 5]",66,0
orig,"[3, 7, 2, 1, 4, 0, 6, 5]",67,0
orig,"[3, 7, 2, 1, 4, 0, 6, 5]",68,0
orig,"[3, 7, 2, 1, 4, 0, 6, 5]",69,0
orig,"[3, 7, 2, 1, 4, 0, 6, 5]",70,0
orig,"[3, 7, 2, 1, 4, 0, 6, 5]",71,0
orig,"[3, 7, 2, 1, 4, 0, 6, 5]",72,1
orig,"[3, 7, 2, 1, 4, 0, 6, 5]",73,1
orig,"[3, 7, 2, 1, 4, 0, 6, 5]",74,0
orig,"[3, 7, 2, 1, 4, 0, 6, 5]",75,0
orig,"[3, 7, 2, 1, 4, 0, 6, 5]",76,0
orig,"[3, 7, 2, 1, 4, 0, 6, 5]",77,0
orig,"[3, 7, 2, 1, 4, 0, 6, 5]",78,0
orig,"[3, 7, 2, 1, 4, 0, 6, 5]",79,0
orig,"[3, 7, 2, 1, 4, 0, 6, 5]",80,0
orig,"[3, 7, 2, 1, 4, 0, 6, 5]",81,0
orig,"[3, 7, 2, 1, 4, 0, 6, 5]",82,0
orig,"[3, 7, 2, 1, 4, 0, 6, 5]",83,0
orig,"[3, 7, 2, 1, 4, 0, 6, 5]",84,0
orig,"[3, 7, 2, 1, 4, 0, 6, 5]",85,0
orig,"[3, 7, 2, 1, 4, 0, 6, 5]",86,0
orig,"[3, 7, 2, 1, 4, 0, 6, 5]",87,0
orig,"[3, 7, 2, 1, 4, 0, 6, 5]",88,1
orig,"[3, 7, 2, 1, 4, 0, 6, 5]",89,0
orig,"[3, 6, 4, 1, 0, 2, 5, 7]",60,0
orig,"[3, 6, 4, 1, 0, 2, 5, 7]",61,1
orig,"[3, 6, 4, 1, 0, 2, 5, 7]",62,0
orig,"[3, 6, 4, 1, 0, 2, 5, 7]",63,1
orig,"[3, 6, 4, 1, 0, 2, 5, 7]",64,1
orig,"[3, 6, 4, 1, 0, 2, 5, 7]",65,0
orig,"[3, 6, 4, 1, 0, 2, 5, 7]",66,0
orig,"[3, 6, 4, 1, 0, 2, 5, 7]",67,0
orig,"[3, 6, 4, 1, 0, 2, 5, 7]",68,1
orig,"[3, 6, 4, 1, 0, 2, 5, 7]",69,1
orig,"[3, 6, 4, 1, 0, 2, 5, 7]",70,0
orig,"[3, 6, 4, 1, 0, 2, 5, 7]",71,1
orig,"[3, 6, 4, 1, 0, 2, 5, 7]",72,0
orig,"[3, 6, 4, 1, 0, 2, 5, 7]",73,0
orig,"[3, 6, 4, 1, 0, 2, 5, 7]",74,0
orig,"[3, 6, 4, 1, 0, 2, 5, 7]",75,0
orig,"[3, 6, 4, 1, 0, 2, 5, 7]",76,0
orig,"[3, 6, 4, 1, 0, 2, 5, 7]",77,0
orig,"[3, 6, 4, 1, 0, 2, 5, 7]",78,0
orig,"[3, 6, 4, 1, 0, 2, 5, 7]",79,0
orig,"[3, 6, 4, 1, 0, 2, 5, 7]",80,1
orig,"[3, 6, 4, 1, 0, 2, 5, 7]",81,1
orig,"[3, 6, 4, 1, 0, 2, 5, 7]",82,0
orig,"[3, 6, 4, 1, 0, 2, 5, 7]",83,0
orig,"[3, 6, 4, 1, 0, 2, 5, 7]",84,0
orig,"[3, 6, 4, 1, 0, 2, 5, 7]",85,0
orig,"[3, 6, 4, 1, 0, 2, 5, 7]",86,0
orig,"[3, 6, 4, 1, 0, 2, 5, 7]",87,1
orig,"[3, 6, 4, 1, 0, 2, 5, 7]",88,1
orig,"[3, 6, 4, 1, 0, 2, 5, 7]",89,0
orig,"[1, 4, 0, 6, 5, 7, 3, 2]",60,0
orig,"[1, 4, 0, 6, 5, 7, 3, 2]",61,0
orig,"[1, 4, 0, 6, 5, 7, 3, 2]",62,0
orig,"[1, 4, 0, 6, 5, 7, 3, 2]",63,1
orig,"[1, 4, 0, 6, 5, 7, 3, 2]",64,1
orig,"[1, 4, 0, 6, 5, 7, 3, 2]",65,0
orig,"[1, 4, 0, 6, 5, 7, 3, 2]",66,1
orig,"[1, 4, 0, 6, 5, 7, 3, 2]",67,1
orig,"[1, 4, 0, 6, 5, 7, 3, 2]",68,0
orig,"[1, 4, 0, 6, 5, 7, 3, 2]",69,0
orig,"[1, 4, 0, 6, 5, 7, 3, 2]",70,0
orig,"[1, 4, 0, 6, 5, 7, 3, 2]",71,1
orig,"[1, 4, 0, 6, 5, 7, 3, 2]",72,0
orig,"[1, 4, 0, 6, 5, 7, 3, 2]",73,0
orig,"[1, 4, 0, 6, 5, 7, 3, 2]",74,0
orig,"[1, 4, 0, 6, 5, 7, 3, 2]",75,1
orig,"[1, 4, 0, 6, 5, 7, 3, 2]",76,0
orig,"[1, 4, 0, 6, 5, 7, 3, 2]",77,0
orig,"[1, 4, 0, 6, 5, 7, 3, 2]",78,0
orig,"[1, 4, 0, 6, 5, 7, 3, 2]",79,0
orig,"[1, 4, 0, 6, 5, 7, 3, 2]",80,0
orig,"[1, 4, 0, 6, 5, 7, 3, 2]",81,0
orig,"[1, 4, 0, 6, 5, 7, 3, 2]",82,1
orig,"[1, 4, 0, 6, 5, 7, 3, 2]",83,0
orig,"[1, 4, 0, 6, 5, 7, 3, 2]",84,1
orig,"[1, 4, 0, 6, 5, 7, 3, 2]",85,0
orig,"[1, 4, 0, 6, 5, 7, 3, 2]",86,0
orig,"[1, 4, 0, 6, 5, 7, 3, 2]",87,1
orig,"[1, 4, 0, 6, 5, 7, 3, 2]",88,1
orig,"[1, 4, 0, 6, 5, 7, 3, 2]",89,0
orig,"[1, 6, 4, 0, 5, 3, 7, 2]",60,0
orig,"[1, 6, 4, 0, 5, 3, 7, 2]",61,1
orig,"[1, 6, 4, 0, 5, 3, 7, 2]",62,0
orig,"[1, 6, 4, 0, 5, 3, 7, 2]",63,1
orig,"[1, 6, 4, 0, 5, 3, 7, 2]",64,1
orig,"[1, 6, 4, 0, 5, 3, 7, 2]",65,0
orig,"[1, 6, 4, 0, 5, 3, 7, 2]",66,0
orig,"[1, 6, 4, 0, 5, 3, 7, 2]",67,1
orig,"[1, 6, 4, 0, 5, 3, 7, 2]",68,0
orig,"[1, 6, 4, 0, 5, 3, 7, 2]",69,0
orig,"[1, 6, 4, 0, 5, 3, 7, 2]",70,1
orig,"[1, 6, 4, 0, 5, 3, 7, 2]",71,1
orig,"[1, 6, 4, 0, 5, 3, 7, 2]",72,0
orig,"[1, 6, 4, 0, 5, 3, 7, 2]",73,0
orig,"[1, 6, 4, 0, 5, 3, 7, 2]",74,0
orig,"[1, 6, 4, 0, 5, 3, 7, 2]",75,1
orig,"[1, 6, 4, 0, 5, 3, 7, 2]",76,0
orig,"[1, 6, 4, 0, 5, 3, 7, 2]",77,0
orig,"[1, 6, 4, 0, 5, 3, 7, 2]",78,0
orig,"[1, 6, 4, 0, 5, 3, 7, 2]",79,0
orig,"[1, 6, 4, 0, 5, 3, 7, 2]",80,0
orig,"[1, 6, 4, 0, 5, 3, 7, 2]",81,1
orig,"[1, 6, 4, 0, 5, 3, 7, 2]",82,1
orig,"[1, 6, 4, 0, 5, 3, 7, 2]",83,0
orig,"[1, 6, 4, 0, 5, 3, 7, 2]",84,0
orig,"[1, 6, 4, 0, 5, 3, 7, 2]",85,0
orig,"[1, 6, 4, 0, 5, 3, 7, 2]",86,0
orig,"[1, 6, 4, 0, 5, 3, 7, 2]",87,1
orig,"[1, 6, 4, 0, 5, 3, 7, 2]",88,1
orig,"[1, 6, 4, 0, 5, 3, 7, 2]",89,0
orig,"[1, 6, 4, 5, 0, 7, 3, 2]",60,0
orig,"[1, 6, 4, 5, 0, 7, 3, 2]",61,0
orig,"[1, 6, 4, 5, 0, 7, 3, 2]",62,0
orig,"[1, 6, 4, 5, 0, 7, 3, 2]",63,0
orig,"[1, 6, 4, 5, 0, 7, 3, 2]",64,1
orig,"[1, 6, 4, 5, 0, 7, 3, 2]",65,1
orig,"[1, 6, 4, 5, 0, 7, 3, 2]",66,0
orig,"[1, 6, 4, 5, 0, 7, 3, 2]",67,0
orig,"[1, 6, 4, 5, 0, 7, 3, 2]",68,0
orig,"[1, 6, 4, 5, 0, 7, 3, 2]",69,0
orig,"[1, 6, 4, 5, 0, 7, 3, 2]",70,0
orig,"[1, 6, 4, 5, 0, 7, 3, 2]",71,1
orig,"[1, 6, 4, 5, 0, 7, 3, 2]",72,1
orig,"[1, 6, 4, 5, 0, 7, 3, 2]",73,0
orig,"[1, 6, 4, 5, 0, 7, 3, 2]",74,0
orig,"[1, 6, 4, 5, 0, 7, 3, 2]",75,0
orig,"[1, 6, 4, 5, 0, 7, 3, 2]",76,1
orig,"[1, 6, 4, 5, 0, 7, 3, 2]",77,0
orig,"[1, 6, 4, 5, 0, 7, 3, 2]",78,0
orig,"[1, 6, 4, 5, 0, 7, 3, 2]",79,1
orig,"[1, 6, 4, 5, 0, 7, 3, 2]",80,1
orig,"[1, 6, 4, 5, 0, 7, 3, 2]",81,1
orig,"[1, 6, 4, 5, 0, 7, 3, 2]",82,0
orig,"[1, 6, 4, 5, 0, 7, 3, 2]",83,0
orig,"[1, 6, 4, 5, 0, 7, 3, 2]",84,1
orig,"[1, 6, 4, 5, 0, 7, 3, 2]",85,0
orig,"[1, 6, 4, 5, 0, 7, 3, 2]",86,0
orig,"[1, 6, 4, 5, 0, 7, 3, 2]",87,1
orig,"[1, 6, 4, 5, 0, 7, 3, 2]",88,1
orig,"[1, 6, 4, 5, 0, 7, 3, 2]",89,0
orig,"[1, 6, 4, 0, 5, 2, 3, 7]",60,0
orig,"[2, 6, 3, 1, 0, 4, 5, 7]",60,0
orig,"[2, 6, 3, 1, 0, 4, 5, 7]",61,1
orig,"[2, 6, 3, 1, 0, 4, 5, 7]",62,0
orig,"[2, 6, 3, 1, 0, 4, 5, 7]",63,1
orig,"[2, 6, 3, 1, 0, 4, 5, 7]",64,1
orig,"[2, 6, 3, 1, 0, 4, 5, 7]",65,0
orig,"[2, 6, 3, 1, 0, 4, 5, 7]",66,0
orig,"[2, 6, 3, 1, 0, 4, 5, 7]",67,0
orig,"[2, 6, 3, 1, 0, 4, 5, 7]",68,0
orig,"[2, 6, 3, 1, 0, 4, 5, 7]",69,0
orig,"[2, 6, 3, 1, 0, 4, 5, 7]",70,1
orig,"[2, 6, 3, 1, 0, 4, 5, 7]",71,1
orig,"[2, 6, 3, 1, 0, 4, 5, 7]",72,1
orig,"[2, 6, 3, 1, 0, 4, 5, 7]",73,0
orig,"[2, 6, 3, 1, 0, 4, 5, 7]",74,0
orig,"[2, 6, 3, 1, 0, 4, 5, 7]",75,0
orig,"[2, 6, 3, 1, 0, 4, 5, 7]",76,0
orig,"[2, 6, 3, 1, 0, 4, 5, 7]",77,0
orig,"[2, 6, 3, 1, 0, 4, 5, 7]",78,0
orig,"[2, 6, 3, 1, 0, 4, 5, 7]",79,0
orig,"[2, 6, 3, 1, 0, 4, 5, 7]",80,0
orig,"[2, 6, 3, 1, 0, 4, 5, 7]",81,1
orig,"[2, 6, 3, 1, 0, 4, 5, 7]",82,0
orig,"[2, 6, 3, 1, 0, 4, 5, 7]",83,0
orig,"[2, 6, 3, 1, 0, 4, 5, 7]",84,0
orig,"[2, 6, 3, 1, 0, 4, 5, 7]",85,0
orig,"[2, 6, 3, 1, 0, 4, 5, 7]",86,0
orig,"[2, 6, 3, 1, 0, 4, 5, 7]",87,1
orig,"[2, 6, 3, 1, 0, 4, 5, 7]",88,0
orig,"[2, 6, 3, 1, 0, 4, 5, 7]",89,0
orig,"[1, 6, 4, 2, 3, 7, 5, 0]",60,0
orig,"[1, 6, 4, 2, 3, 7, 5, 0]",61,1
orig,"[1, 6, 4, 2, 3, 7, 5, 0]",62,0
orig,"[1, 6, 4, 2, 3, 7, 5, 0]",63,1
orig,"[1, 6, 4, 2, 3, 7, 5, 0]",64,0
orig,"[1, 6, 4, 2, 3, 7, 5, 0]",65,0
orig,"[1, 6, 4, 2, 3, 7, 5, 0]",66,0
orig,"[1, 6, 4, 2, 3, 7, 5, 0]",67,0
orig,"[1, 6, 4, 2, 3, 7, 5, 0]",68,0
orig,"[1, 6, 4, 2, 3, 7, 5, 0]",69,0
orig,"[1, 6, 4, 2, 3, 7, 5, 0]",70,0
orig,"[1, 6, 4, 2, 3, 7, 5, 0]",71,1
orig,"[1, 6, 4, 2, 3, 7, 5, 0]",72,0
orig,"[1, 6, 4, 2, 3, 7, 5, 0]",73,0
orig,"[1, 6, 4, 2, 3, 7, 5, 0]",74,0
orig,"[1, 6, 4, 2, 3, 7, 5, 0]",75,0
orig,"[1, 6, 4, 2, 3, 7, 5, 0]",76,0
orig,"[1, 6, 4, 2, 3, 7, 5, 0]",77,0
orig,"[1, 6, 4, 2, 3, 7, 5, 0]",78,0
orig,"[1, 6, 4, 2, 3, 7, 5, 0]",79,0
orig,"[1, 6, 4, 2, 3, 7, 5, 0]",80,0
orig,"[1, 6, 4, 2, 3, 7, 5, 0]",81,0
orig,"[1, 6, 4, 2, 3, 7, 5, 0]",82,1
orig,"[1, 6, 4, 2, 3, 7, 5, 0]",83,0
orig,"[1, 6, 4, 2, 3, 7, 5, 0]",84,1
orig,"[1, 6, 4, 2, 3, 7, 5, 0]",85,0
orig,"[1, 6, 4, 2, 3, 7, 5, 0]",86,0
orig,"[1, 6, 4, 2, 3, 7, 5, 0]",87,1
orig,"[1, 6, 4, 2, 3, 7, 5, 0]",88,1
orig,"[1, 6, 4, 2, 3, 7, 5, 0]",89,0
orig,"[1, 2, 6, 4, 0, 5, 7, 3]",60,0
orig,"[1, 2, 6, 4, 0, 5, 7, 3]",61,0
orig,"[1, 2, 6, 4, 0, 5, 7, 3]",62,0
orig,"[1, 2, 6, 4, 0, 5, 7, 3]",63,1
orig,"[1, 2, 6, 4, 0, 5, 7, 3]",64,1
orig,"[1, 2, 6, 4, 0, 5, 7, 3]",65,0
orig,"[1, 2, 6, 4, 0, 5, 7, 3]",66,1
orig,"[1, 2, 6, 4, 0, 5, 7, 3]",67,0
orig,"[1, 2, 6, 4, 0, 5, 7, 3]",68,0
orig,"[1, 2, 6, 4, 0, 5, 7, 3]",69,0
orig,"[1, 2, 6, 4, 0, 5, 7, 3]",70,0
orig,"[1, 2, 6, 4, 0, 5, 7, 3]",71,1
orig,"[1, 2, 6, 4, 0, 5, 7, 3]",72,1
orig,"[1, 2, 6, 4, 0, 5, 7, 3]",73,0
orig,"[1, 2, 6, 4, 0, 5, 7, 3]",74,0
orig,"[1, 2, 6, 4, 0, 5, 7, 3]",75,0
orig,"[1, 2, 6, 4, 0, 5, 7, 3]",76,0
orig,"[1, 2, 6, 4, 0, 5, 7, 3]",77,0
orig,"[1, 2, 6, 4, 0, 5, 7, 3]",78,0
orig,"[1, 2, 6, 4, 0, 5, 7, 3]",79,0
orig,"[1, 2, 6, 4, 0, 5, 7, 3]",80,1
orig,"[1, 2, 6, 4, 0, 5, 7, 3]",81,1
orig,"[1, 2, 6, 4, 0, 5, 7, 3]",82,0
orig,"[1, 2, 6, 4, 0, 5, 7, 3]",83,0
orig,"[1, 2, 6, 4, 0, 5, 7, 3]",84,1
orig,"[1, 2, 6, 4, 0, 5, 7, 3]",85,0
orig,"[1, 2, 6, 4, 0, 5, 7, 3]",86,1
orig,"[1, 2, 6, 4, 0, 5, 7, 3]",87,1
orig,"[1, 2, 6, 4, 0, 5, 7, 3]",88,1
orig,"[1, 2, 6, 4, 0, 5, 7, 3]",89,0
orig,"[1, 7, 5, 4, 0, 6, 3, 2]",60,0
orig,"[1, 7, 5, 4, 0, 6, 3, 2]",61,1
orig,"[1, 7, 5, 4, 0, 6, 3, 2]",62,0
orig,"[1, 7, 5, 4, 0, 6, 3, 2]",63,0
orig,"[1, 7, 5, 4, 0, 6, 3, 2]",64,0
orig,"[1, 7, 5, 4, 0, 6, 3, 2]",65,0
orig,"[1, 7, 5, 4, 0, 6, 3, 2]",66,0
orig,"[1, 7, 5, 4, 0, 6, 3, 2]",67,0
orig,"[1, 7, 5, 4, 0, 6, 3, 2]",68,1
orig,"[1, 7, 5, 4, 0, 6, 3, 2]",69,0
orig,"[1, 7, 5, 4, 0, 6, 3, 2]",70,1
orig,"[1, 7, 5, 4, 0, 6, 3, 2]",71,1
orig,"[1, 7, 5, 4, 0, 6, 3, 2]",72,1
orig,"[1, 7, 5, 4, 0, 6, 3, 2]",73,1
orig,"[1, 7, 5, 4, 0, 6, 3, 2]",74,0
orig,"[1, 7, 5, 4, 0, 6, 3, 2]",75,1
orig,"[1, 7, 5, 4, 0, 6, 3, 2]",76,0
orig,"[1, 7, 5, 4, 0, 6, 3, 2]",77,0
orig,"[1, 7, 5, 4, 0, 6, 3, 2]",78,0
orig,"[1, 7, 5, 4, 0, 6, 3, 2]",79,0
orig,"[1, 7, 5, 4, 0, 6, 3, 2]",80,0
orig,"[1, 7, 5, 4, 0, 6, 3, 2]",81,0
orig,"[1, 7, 5, 4, 0, 6, 3, 2]",82,0
orig,"[1, 7, 5, 4, 0, 6, 3, 2]",83,0
orig,"[1, 7, 5, 4, 0, 6, 3, 2]",84,1
orig,"[1, 7, 5, 4, 0, 6, 3, 2]",85,1
orig,"[1, 7, 5, 4, 0, 6, 3, 2]",86,0
orig,"[1, 7, 5, 4, 0, 6, 3, 2]",87,0
orig,"[1, 7, 5, 4, 0, 6, 3, 2]",88,0
orig,"[1, 7, 5, 4, 0, 6, 3, 2]",89,0
orig,"[1, 2, 4, 6, 0, 5, 7, 3]",60,0
orig,"[1, 2, 4, 6, 0, 5, 7, 3]",61,0
orig,"[1, 2, 4, 6, 0, 5, 7, 3]",62,0
orig,"[1, 2, 4, 6, 0, 5, 7, 3]",63,0
orig,"[1, 2, 4, 6, 0, 5, 7, 3]",64,0
orig,"[1, 2, 4, 6, 0, 5, 7, 3]",65,0
orig,"[1, 2, 4, 6, 0, 5, 7, 3]",66,0
orig,"[1, 2, 4, 6, 0, 5, 7, 3]",67,1
orig,"[1, 2, 4, 6, 0, 5, 7, 3]",68,1
orig,"[1, 2, 4, 6, 0, 5, 7, 3]",69,1
orig,"[1, 2, 4, 6, 0, 5, 7, 3]",70,1
orig,"[1, 2, 4, 6, 0, 5, 7, 3]",71,1
orig,"[1, 2, 4, 6, 0, 5, 7, 3]",72,0
orig,"[1, 2, 4, 6, 0, 5, 7, 3]",73,0
orig,"[1, 2, 4, 6, 0, 5, 7, 3]",74,0
orig,"[1, 2, 4, 6, 0, 5, 7, 3]",75,1
orig,"[1, 2, 4, 6, 0, 5, 7, 3]",76,0
orig,"[1, 2, 4, 6, 0, 5, 7, 3]",77,0
orig,"[1, 2, 4, 6, 0, 5, 7, 3]",78,0
orig,"[1, 2, 4, 6, 0, 5, 7, 3]",79,0
orig,"[1, 2, 4, 6, 0, 5, 7, 3]",80,1
orig,"[1, 2, 4, 6, 0, 5, 7, 3]",81,0
orig,"[1, 2, 4, 6, 0, 5, 7, 3]",82,1
orig,"[1, 2, 4, 6, 0, 5, 7, 3]",83,0
orig,"[1, 2, 4, 6, 0, 5, 7, 3]",84,1
orig,"[1, 2, 4, 6, 0, 5, 7, 3]",85,0
orig,"[1, 2, 4, 6, 0, 5, 7, 3]",86,0
orig,"[1, 2, 4, 6, 0, 5, 7, 3]",87,1
orig,"[1, 2, 4, 6, 0, 5, 7, 3]",88,1
orig,"[1, 2, 4, 6, 0, 5, 7, 3]",89,0
orig,"[1, 4, 6, 0, 5, 3, 7, 2]",60,0
orig,"[1, 4, 6, 0, 5, 3, 7, 2]",61,1
orig,"[1, 4, 6, 0, 5, 3, 7, 2]",62,0
orig,"[1, 4, 6, 0, 5, 3, 7, 2]",63,0
orig,"[1, 4, 6, 0, 5, 3, 7, 2]",64,1
orig,"[1, 4, 6, 0, 5, 3, 7, 2]",65,0
orig,"[1, 4, 6, 0, 5, 3, 7, 2]",66,0
orig,"[1, 4, 6, 0, 5, 3, 7, 2]",67,1
orig,"[1, 4, 6, 0, 5, 3, 7, 2]",68,0
orig,"[1, 4, 6, 0, 5, 3, 7, 2]",69,0
orig,"[1, 4, 6, 0, 5, 3, 7, 2]",70,1
orig,"[1, 4, 6, 0, 5, 3, 7, 2]",71,0
orig,"[1, 4, 6, 0, 5, 3, 7, 2]",72,0
orig,"[1, 4, 6, 0, 5, 3, 7, 2]",73,0
orig,"[1, 4, 6, 0, 5, 3, 7, 2]",74,0
orig,"[1, 4, 6, 0, 5, 3, 7, 2]",75,1
orig,"[1, 4, 6, 0, 5, 3, 7, 2]",76,1
orig,"[1, 4, 6, 0, 5, 3, 7, 2]",77,0
orig,"[1, 4, 6, 0, 5, 3, 7, 2]",78,0
orig,"[1, 4, 6, 0, 5, 3, 7, 2]",79,0
orig,"[1, 4, 6, 0, 5, 3, 7, 2]",80,0
orig,"[1, 4, 6, 0, 5, 3, 7, 2]",81,0
orig,"[1, 4, 6, 0, 5, 3, 7, 2]",82,1
orig,"[1, 4, 6, 0, 5, 3, 7, 2]",83,0
orig,"[1, 4, 6, 0, 5, 3, 7, 2]",84,0
orig,"[1, 4, 6, 0, 5, 3, 7, 2]",85,0
orig,"[1, 4, 6, 0, 5, 3, 7, 2]",86,0
orig,"[1, 4, 6, 0, 5, 3, 7, 2]",87,1
orig,"[1, 4, 6, 0, 5, 3, 7, 2]",88,1
orig,"[1, 4, 6, 0, 5, 3, 7, 2]",89,0
orig,"[2, 3, 6, 0, 1, 4, 5, 7]",60,0
orig,"[2, 3, 6, 0, 1, 4, 5, 7]",61,0
orig,"[2, 3, 6, 0, 1, 4, 5, 7]",62,0
orig,"[2, 3, 6, 0, 1, 4, 5, 7]",63,0
orig,"[2, 3, 6, 0, 1, 4, 5, 7]",64,0
orig,"[2, 3, 6, 0, 1, 4, 5, 7]",65,0
orig,"[2, 3, 6, 0, 1, 4, 5, 7]",66,1
orig,"[2, 3, 6, 0, 1, 4, 5, 7]",67,0
orig,"[2, 3, 6, 0, 1, 4, 5, 7]",68,0
orig,"[2, 3, 6, 0, 1, 4, 5, 7]",69,0
orig,"[2, 3, 6, 0, 1, 4, 5, 7]",70,1
orig,"[2, 3, 6, 0, 1, 4, 5, 7]",71,1
orig,"[2, 3, 6, 0, 1, 4, 5, 7]",72,0
orig,"[2, 3, 6, 0, 1, 4, 5, 7]",73,0
orig,"[2, 3, 6, 0, 1, 4, 5, 7]",74,0
orig,"[2, 3, 6, 0, 1, 4, 5, 7]",75,0
orig,"[2, 3, 6, 0, 1, 4, 5, 7]",76,0
orig,"[2, 3, 6, 0, 1, 4, 5, 7]",77,0
orig,"[2, 3, 6, 0, 1, 4, 5, 7]",78,0
orig,"[2, 3, 6, 0, 1, 4, 5, 7]",79,0
orig,"[2, 3, 6, 0, 1, 4, 5, 7]",80,0
orig,"[2, 3, 6, 0, 1, 4, 5, 7]",81,1
orig,"[2, 3, 6, 0, 1, 4, 5, 7]",82,0
orig,"[2, 3, 6, 0, 1, 4, 5, 7]",83,0
orig,"[2, 3, 6, 0, 1, 4, 5, 7]",84,1
orig,"[2, 3, 6, 0, 1, 4, 5, 7]",85,0
orig,"[2, 3, 6, 0, 1, 4, 5, 7]",86,0
orig,"[2, 3, 6, 0, 1, 4, 5, 7]",87,1
orig,"[2, 3, 6, 0, 1, 4, 5, 7]",88,1
orig,"[2, 3, 6, 0, 1, 4, 5, 7]",89,0
orig,"[2, 3, 6, 1, 0, 7, 5, 4]",60,0
orig,"[2, 3, 6, 1, 0, 7, 5, 4]",61,1
orig,"[2, 3, 6, 1, 0, 7, 5, 4]",62,0
orig,"[2, 3, 6, 1, 0, 7, 5, 4]",63,1
orig,"[2, 3, 6, 1, 0, 7, 5, 4]",64,1
orig,"[2, 3, 6, 1, 0, 7, 5, 4]",65,0
orig,"[2, 3, 6, 1, 0, 7, 5, 4]",66,1
orig,"[2, 3, 6, 1, 0, 7, 5, 4]",67,0
orig,"[2, 3, 6, 1, 0, 7, 5, 4]",68,1
orig,"[2, 3, 6, 1, 0, 7, 5, 4]",69,0
orig,"[2, 3, 6, 1, 0, 7, 5, 4]",70,1
orig,"[2, 3, 6, 1, 0, 7, 5, 4]",71,1
orig,"[2, 3, 6, 1, 0, 7, 5, 4]",72,0
orig,"[2, 3, 6, 1, 0, 7, 5, 4]",73,0
orig,"[2, 3, 6, 1, 0, 7, 5, 4]",74,0
orig,"[2, 3, 6, 1, 0, 7, 5, 4]",75,0
orig,"[2, 3, 6, 1, 0, 7, 5, 4]",76,0
orig,"[2, 3, 6, 1, 0, 7, 5, 4]",77,0
orig,"[2, 3, 6, 1, 0, 7, 5, 4]",78,0
orig,"[2, 3, 6, 1, 0, 7, 5, 4]",79,0
orig,"[2, 3, 6, 1, 0, 7, 5, 4]",80,1
orig,"[2, 3, 6, 1, 0, 7, 5, 4]",81,1
orig,"[2, 3, 6, 1, 0, 7, 5, 4]",82,0
orig,"[2, 3, 6, 1, 0, 7, 5, 4]",83,0
orig,"[2, 3, 6, 1, 0, 7, 5, 4]",84,0
orig,"[2, 3, 6, 1, 0, 7, 5, 4]",85,0
orig,"[2, 3, 6, 1, 0, 7, 5, 4]",86,0
orig,"[2, 3, 6, 1, 0, 7, 5, 4]",87,1
orig,"[2, 3, 6, 1, 0, 7, 5, 4]",88,1
orig,"[2, 3, 6, 1, 0, 7, 5, 4]",89,0
orig,"[5, 3, 6, 1, 0, 7, 2, 4]",60,0
orig,"[5, 3, 6, 1, 0, 7, 2, 4]",61,1
orig,"[5, 3, 6, 1, 0, 7, 2, 4]",62,0
orig,"[5, 3, 6, 1, 0, 7, 2, 4]",63,0
orig,"[5, 3, 6, 1, 0, 7, 2, 4]",64,1
orig,"[5, 3, 6, 1, 0, 7, 2, 4]",65,0
orig,"[5, 3, 6, 1, 0, 7, 2, 4]",66,1
orig,"[5, 3, 6, 1, 0, 7, 2, 4]",67,1
orig,"[5, 3, 6, 1, 0, 7, 2, 4]",68,1
orig,"[5, 3, 6, 1, 0, 7, 2, 4]",69,0
orig,"[5, 3, 6, 1, 0, 7, 2, 4]",70,0
orig,"[5, 3, 6, 1, 0, 7, 2, 4]",71,1
orig,"[5, 3, 6, 1, 0, 7, 2, 4]",72,0
orig,"[5, 3, 6, 1, 0, 7, 2, 4]",73,0
orig,"[5, 3, 6, 1, 0, 7, 2, 4]",74,0
orig,"[5, 3, 6, 1, 0, 7, 2, 4]",75,0
orig,"[5, 3, 6, 1, 0, 7, 2, 4]",76,0
orig,"[5, 3, 6, 1, 0, 7, 2, 4]",77,0
orig,"[5, 3, 6, 1, 0, 7, 2, 4]",78,0
orig,"[5, 3, 6, 1, 0, 7, 2, 4]",79,1
orig,"[5, 3, 6, 1, 0, 7, 2, 4]",80,1
orig,"[5, 3, 6, 1, 0, 7, 2, 4]",81,1
orig,"[5, 3, 6, 1, 0, 7, 2, 4]",82,0
orig,"[5, 3, 6, 1, 0, 7, 2, 4]",83,0
orig,"[5, 3, 6, 1, 0, 7, 2, 4]",84,0
orig,"[5, 3, 6, 1, 0, 7, 2, 4]",85,0
orig,"[5, 3, 6, 1, 0, 7, 2, 4]",86,0
orig,"[5, 3, 6, 1, 0, 7, 2, 4]",87,1
orig,"[5, 3, 6, 1, 0, 7, 2, 4]",88,0
orig,"[5, 3, 6, 1, 0, 7, 2, 4]",89,0
orig,"[3, 2, 4, 6, 0, 5, 7, 1]",60,0
orig,"[3, 2, 4, 6, 0, 5, 7, 1]",61,0
orig,"[3, 2, 4, 6, 0, 5, 7, 1]",62,0
orig,"[3, 2, 4, 6, 0, 5, 7, 1]",63,0
orig,"[3, 2, 4, 6, 0, 5, 7, 1]",64,1
orig,"[3, 2, 4, 6, 0, 5, 7, 1]",65,0
orig,"[3, 2, 4, 6, 0, 5, 7, 1]",66,0
orig,"[3, 2, 4, 6, 0, 5, 7, 1]",67,0
orig,"[3, 2, 4, 6, 0, 5, 7, 1]",68,1
orig,"[3, 2, 4, 6, 0, 5, 7, 1]",69,0
orig,"[3, 2, 4, 6, 0, 5, 7, 1]",70,0
orig,"[3, 2, 4, 6, 0, 5, 7, 1]",71,1
orig,"[3, 2, 4, 6, 0, 5, 7, 1]",72,0
orig,"[3, 2, 4, 6, 0, 5, 7, 1]",73,0
orig,"[3, 2, 4, 6, 0, 5, 7, 1]",74,0
orig,"[3, 2, 4, 6, 0, 5, 7, 1]",75,0
orig,"[3, 2, 4, 6, 0, 5, 7, 1]",76,0
orig,"[3, 2, 4, 6, 0, 5, 7, 1]",77,0
orig,"[3, 2, 4, 6, 0, 5, 7, 1]",78,0
orig,"[3, 2, 4, 6, 0, 5, 7, 1]",79,0
orig,"[3, 2, 4, 6, 0, 5, 7, 1]",80,0
orig,"[3, 2, 4, 6, 0, 5, 7, 1]",81,1
orig,"[3, 2, 4, 6, 0, 5, 7, 1]",82,0
orig,"[3, 2, 4, 6, 0, 5, 7, 1]",83,0
orig,"[3, 2, 4, 6, 0, 5, 7, 1]",84,0
orig,"[3, 2, 4, 6, 0, 5, 7, 1]",85,0
orig,"[3, 2, 4, 6, 0, 5, 7, 1]",86,0
orig,"[3, 2, 4, 6, 0, 5, 7, 1]",87,1
orig,"[3, 2, 4, 6, 0, 5, 7, 1]",88,1
orig,"[3, 2, 4, 6, 0, 5, 7, 1]",89,0
orig,"[1, 4, 0, 6, 5, 3, 7, 2]",60,0
orig,"[1, 4, 0, 6, 5, 3, 7, 2]",61,1
orig,"[1, 4, 0, 6, 5, 3, 7, 2]",62,0
orig,"[1, 4, 0, 6, 5, 3, 7, 2]",63,0
orig,"[1, 4, 0, 6, 5, 3, 7, 2]",64,1
orig,"[1, 4, 0, 6, 5, 3, 7, 2]",65,0
orig,"[1, 4, 0, 6, 5, 3, 7, 2]",66,1
orig,"[1, 4, 0, 6, 5, 3, 7, 2]",67,0
orig,"[1, 4, 0, 6, 5, 3, 7, 2]",68,1
orig,"[1, 4, 0, 6, 5, 3, 7, 2]",69,0
orig,"[1, 4, 0, 6, 5, 3, 7, 2]",70,1
orig,"[1, 4, 0, 6, 5, 3, 7, 2]",71,1
orig,"[1, 4, 0, 6, 5, 3, 7, 2]",72,0
orig,"[1, 4, 0, 6, 5, 3, 7, 2]",73,0
orig,"[1, 4, 0, 6, 5, 3, 7, 2]",74,0
orig,"[1, 4, 0, 6, 5, 3, 7, 2]",75,0
orig,"[1, 4, 0, 6, 5, 3, 7, 2]",76,0
orig,"[1, 4, 0, 6, 5, 3, 7, 2]",77,0
orig,"[1, 4, 0, 6, 5, 3, 7, 2]",78,0
orig,"[1, 4, 0, 6, 5, 3, 7, 2]",79,0
orig,"[1, 4, 0, 6, 5, 3, 7, 2]",80,0
orig,"[1, 4, 0, 6, 5, 3, 7, 2]",81,0
orig,"[1, 4, 0, 6, 5, 3, 7, 2]",82,1
orig,"[1, 4, 0, 6, 5, 3, 7, 2]",83,0
orig,"[1, 4, 0, 6, 5, 3, 7, 2]",84,1
orig,"[1, 4, 0, 6, 5, 3, 7, 2]",85,1
orig,"[1, 4, 0, 6, 5, 3, 7, 2]",86,0
orig,"[1, 4, 0, 6, 5, 3, 7, 2]",87,1
orig,"[1, 4, 0, 6, 5, 3, 7, 2]",88,1
orig,"[1, 4, 0, 6, 5, 3, 7, 2]",89,0
orig,"[1, 6, 4, 7, 0, 5, 3, 2]",60,0
orig,"[1, 6, 4, 7, 0, 5, 3, 2]",61,1
orig,"[1, 6, 4, 7, 0, 5, 3, 2]",62,0
orig,"[1, 6, 4, 7, 0, 5, 3, 2]",63,1
orig,"[1, 6, 4, 7, 0, 5, 3, 2]",64,1
orig,"[1, 6, 4, 7, 0, 5, 3, 2]",65,0
orig,"[1, 6, 4, 7, 0, 5, 3, 2]",66,0
orig,"[1, 6, 4, 7, 0, 5, 3, 2]",67,0
orig,"[1, 6, 4, 7, 0, 5, 3, 2]",68,1
orig,"[1, 6, 4, 7, 0, 5, 3, 2]",69,0
orig,"[1, 6, 4, 7, 0, 5, 3, 2]",70,0
orig,"[1, 6, 4, 7, 0, 5, 3, 2]",71,1
orig,"[1, 6, 4, 7, 0, 5, 3, 2]",72,0
orig,"[1, 6, 4, 7, 0, 5, 3, 2]",73,0
orig,"[1, 6, 4, 7, 0, 5, 3, 2]",74,0
orig,"[1, 6, 4, 7, 0, 5, 3, 2]",75,0
orig,"[1, 6, 4, 7, 0, 5, 3, 2]",76,1
orig,"[1, 6, 4, 7, 0, 5, 3, 2]",77,0
orig,"[1, 6, 4, 7, 0, 5, 3, 2]",78,0
orig,"[1, 6, 4, 7, 0, 5, 3, 2]",79,1
orig,"[1, 6, 4, 7, 0, 5, 3, 2]",80,1
orig,"[1, 6, 4, 7, 0, 5, 3, 2]",81,1
orig,"[1, 6, 4, 7, 0, 5, 3, 2]",82,0
orig,"[1, 6, 4, 7, 0, 5, 3, 2]",83,0
orig,"[1, 6, 4, 7, 0, 5, 3, 2]",84,0
orig,"[1, 6, 4, 7, 0, 5, 3, 2]",85,1
orig,"[1, 6, 4, 7, 0, 5, 3, 2]",86,0
orig,"[1, 6, 4, 7, 0, 5, 3, 2]",87,1
orig,"[1, 6, 4, 7, 0, 5, 3, 2]",88,0
orig,"[1, 6, 4, 7, 0, 5, 3, 2]",89,0
orig,"[2, 3, 1, 6, 0, 4, 5, 7]",60,0
orig,"[1, 6, 2, 4, 0, 5, 7, 3]",60,0
orig,"[1, 6, 2, 4, 0, 5, 7, 3]",61,1
orig,"[1, 6, 2, 4, 0, 5, 7, 3]",62,0
orig,"[1, 6, 2, 4, 0, 5, 7, 3]",63,1
orig,"[1, 6, 2, 4, 0, 5, 7, 3]",64,1
orig,"[1, 6, 2, 4, 0, 5, 7, 3]",65,0
orig,"[1, 6, 2, 4, 0, 5, 7, 3]",66,1
orig,"[1, 6, 2, 4, 0, 5, 7, 3]",67,0
orig,"[1, 6, 2, 4, 0, 5, 7, 3]",68,1
orig,"[1, 6, 2, 4, 0, 5, 7, 3]",69,1
orig,"[1, 6, 2, 4, 0, 5, 7, 3]",70,0
orig,"[1, 6, 2, 4, 0, 5, 7, 3]",71,1
orig,"[1, 6, 2, 4, 0, 5, 7, 3]",72,0
orig,"[1, 6, 2, 4, 0, 5, 7, 3]",73,0
orig,"[1, 6, 2, 4, 0, 5, 7, 3]",74,0
orig,"[1, 6, 2, 4, 0, 5, 7, 3]",75,1
orig,"[1, 6, 2, 4, 0, 5, 7, 3]",76,1
orig,"[1, 6, 2, 4, 0, 5, 7, 3]",77,0
orig,"[1, 6, 2, 4, 0, 5, 7, 3]",78,0
orig,"[1, 6, 2, 4, 0, 5, 7, 3]",79,1
orig,"[1, 6, 2, 4, 0, 5, 7, 3]",80,0
orig,"[1, 6, 2, 4, 0, 5, 7, 3]",81,0
orig,"[1, 6, 2, 4, 0, 5, 7, 3]",82,0
orig,"[1, 6, 2, 4, 0, 5, 7, 3]",83,0
orig,"[1, 6, 2, 4, 0, 5, 7, 3]",84,0
orig,"[1, 6, 2, 4, 0, 5, 7, 3]",85,0
orig,"[1, 6, 2, 4, 0, 5, 7, 3]",86,0
orig,"[1, 6, 2, 4, 0, 5, 7, 3]",87,1
orig,"[1, 6, 2, 4, 0, 5, 7, 3]",88,1
orig,"[1, 6, 2, 4, 0, 5, 7, 3]",89,0
orig,"[1, 6, 4, 2, 7, 3, 5, 0]",60,0
orig,"[1, 6, 4, 2, 7, 3, 5, 0]",61,1
orig,"[1, 6, 4, 2, 7, 3, 5, 0]",62,0
orig,"[1, 6, 4, 2, 7, 3, 5, 0]",63,1
orig,"[1, 6, 4, 2, 7, 3, 5, 0]",64,1
orig,"[1, 6, 4, 2, 7, 3, 5, 0]",65,0
orig,"[1, 6, 4, 2, 7, 3, 5, 0]",66,1
orig,"[1, 6, 4, 2, 7, 3, 5, 0]",67,0
orig,"[1, 6, 4, 2, 7, 3, 5, 0]",68,0
orig,"[1, 6, 4, 2, 7, 3, 5, 0]",69,0
orig,"[1, 6, 4, 2, 7, 3, 5, 0]",70,1
orig,"[1, 6, 4, 2, 7, 3, 5, 0]",71,1
orig,"[1, 6, 4, 2, 7, 3, 5, 0]",72,0
orig,"[1, 6, 4, 2, 7, 3, 5, 0]",73,0
orig,"[1, 6, 4, 2, 7, 3, 5, 0]",74,0
orig,"[1, 6, 4, 2, 7, 3, 5, 0]",75,1
orig,"[1, 6, 4, 2, 7, 3, 5, 0]",76,0
orig,"[1, 6, 4, 2, 7, 3, 5, 0]",77,0
orig,"[1, 6, 4, 2, 7, 3, 5, 0]",78,0
orig,"[1, 6, 4, 2, 7, 3, 5, 0]",79,0
orig,"[1, 6, 4, 2, 7, 3, 5, 0]",80,0
orig,"[1, 6, 4, 2, 7, 3, 5, 0]",81,0
orig,"[1, 6, 4, 2, 7, 3, 5, 0]",82,1
orig,"[1, 6, 4, 2, 7, 3, 5, 0]",83,0
orig,"[1, 6, 4, 2, 7, 3, 5, 0]",84,0
orig,"[1, 6, 4, 2, 7, 3, 5, 0]",85,0
orig,"[1, 6, 4, 2, 7, 3, 5, 0]",86,0
orig,"[1, 6, 4, 2, 7, 3, 5, 0]",87,1
orig,"[1, 6, 4, 2, 7, 3, 5, 0]",88,1
orig,"[1, 6, 4, 2, 7, 3, 5, 0]",89,0
orig,"[2, 7, 3, 6, 1, 0, 4, 5]",60,0
orig,"[2, 7, 3, 6, 1, 0, 4, 5]",61,1
orig,"[2, 7, 3, 6, 1, 0, 4, 5]",62,1
orig,"[2, 7, 3, 6, 1, 0, 4, 5]",63,0
orig,"[2, 7, 3, 6, 1, 0, 4, 5]",64,0
orig,"[2, 7, 3, 6, 1, 0, 4, 5]",65,0
orig,"[2, 7, 3, 6, 1, 0, 4, 5]",66,0
orig,"[2, 7, 3, 6, 1, 0, 4, 5]",67,0
orig,"[2, 7, 3, 6, 1, 0, 4, 5]",68,0
orig,"[2, 7, 3, 6, 1, 0, 4, 5]",69,0
orig,"[2, 7, 3, 6, 1, 0, 4, 5]",70,1
orig,"[2, 7, 3, 6, 1, 0, 4, 5]",71,1
orig,"[2, 7, 3, 6, 1, 0, 4, 5]",72,0
orig,"[2, 7, 3, 6, 1, 0, 4, 5]",73,1
orig,"[2, 7, 3, 6, 1, 0, 4, 5]",74,0
orig,"[2, 7, 3, 6, 1, 0, 4, 5]",75,0
orig,"[2, 7, 3, 6, 1, 0, 4, 5]",76,0
orig,"[2, 7, 3, 6, 1, 0, 4, 5]",77,0
orig,"[2, 7, 3, 6, 1, 0, 4, 5]",78,0
orig,"[2, 7, 3, 6, 1, 0, 4, 5]",79,0
orig,"[2, 7, 3, 6, 1, 0, 4, 5]",80,0
orig,"[2, 7, 3, 6, 1, 0, 4, 5]",81,0
orig,"[2, 7, 3, 6, 1, 0, 4, 5]",82,0
orig,"[2, 7, 3, 6, 1, 0, 4, 5]",83,0
orig,"[2, 7, 3, 6, 1, 0, 4, 5]",84,1
orig,"[2, 7, 3, 6, 1, 0, 4, 5]",85,0
orig,"[2, 7, 3, 6, 1, 0, 4, 5]",86,1
orig,"[2, 7, 3, 6, 1, 0, 4, 5]",87,1
orig,"[2, 7, 3, 6, 1, 0, 4, 5]",88,1
orig,"[2, 7, 3, 6, 1, 0, 4, 5]",89,0
orig,"[0, 3, 2, 1, 4, 5, 6, 7]",60,0
orig,"[0, 3, 2, 1, 4, 5, 6, 7]",61,1
orig,"[0, 3, 2, 1, 4, 5, 6, 7]",62,0
orig,"[0, 3, 2, 1, 4, 5, 6, 7]",63,0
orig,"[0, 3, 2, 1, 4, 5, 6, 7]",64,1
orig,"[0, 3, 2, 1, 4, 5, 6, 7]",65,1
orig,"[0, 3, 2, 1, 4, 5, 6, 7]",66,0
orig,"[0, 3, 2, 1, 4, 5, 6, 7]",67,0
orig,"[0, 3, 2, 1, 4, 5, 6, 7]",68,1
orig,"[0, 3, 2, 1, 4, 5, 6, 7]",69,0
orig,"[0, 3, 2, 1, 4, 5, 6, 7]",70,1
orig,"[0, 3, 2, 1, 4, 5, 6, 7]",71,1
orig,"[0, 3, 2, 1, 4, 5, 6, 7]",72,0
orig,"[0, 3, 2, 1, 4, 5, 6, 7]",73,0
orig,"[0, 3, 2, 1, 4, 5, 6, 7]",74,0
orig,"[0, 3, 2, 1, 4, 5, 6, 7]",75,0
orig,"[0, 3, 2, 1, 4, 5, 6, 7]",76,0
orig,"[0, 3, 2, 1, 4, 5, 6, 7]",77,0
orig,"[0, 3, 2, 1, 4, 5, 6, 7]",78,0
orig,"[0, 3, 2, 1, 4, 5, 6, 7]",79,1
orig,"[0, 3, 2, 1, 4, 5, 6, 7]",80,0
orig,"[0, 3, 2, 1, 4, 5, 6, 7]",81,0
orig,"[0, 3, 2, 1, 4, 5, 6, 7]",82,0
orig,"[0, 3, 2, 1, 4, 5, 6, 7]",83,0
orig,"[0, 3, 2, 1, 4, 5, 6, 7]",84,0
orig,"[0, 3, 2, 1, 4, 5, 6, 7]",85,0
orig,"[0, 3, 2, 1, 4, 5, 6, 7]",86,0
orig,"[0, 3, 2, 1, 4, 5, 6, 7]",87,1
orig,"[0, 3, 2, 1, 4, 5, 6, 7]",88,1
orig,"[0, 3, 2, 1, 4, 5, 6, 7]",89,0
orig,"[0, 1, 3, 2, 4, 5, 7, 6]",60,0
orig,"[0, 1, 3, 2, 4, 5, 7, 6]",61,1
orig,"[0, 1, 3, 2, 4, 5, 7, 6]",62,0
orig,"[0, 1, 3, 2, 4, 5, 7, 6]",63,0
orig,"[0, 1, 3, 2, 4, 5, 7, 6]",64,0
orig,"[0, 1, 3, 2, 4, 5, 7, 6]",65,0
orig,"[0, 1, 3, 2, 4, 5, 7, 6]",66,1
orig,"[0, 1, 3, 2, 4, 5, 7, 6]",67,1
orig,"[0, 1, 3, 2, 4, 5, 7, 6]",68,1
orig,"[0, 1, 3, 2, 4, 5, 7, 6]",69,0
orig,"[0, 1, 3, 2, 4, 5, 7, 6]",70,1
orig,"[0, 1, 3, 2, 4, 5, 7, 6]",71,1
orig,"[0, 1, 3, 2, 4, 5, 7, 6]",72,1
orig,"[0, 1, 3, 2, 4, 5, 7, 6]",73,0
orig,"[0, 1, 3, 2, 4, 5, 7, 6]",74,0
orig,"[0, 1, 3, 2, 4, 5, 7, 6]",75,0
orig,"[0, 1, 3, 2, 4, 5, 7, 6]",76,0
orig,"[0, 1, 3, 2, 4, 5, 7, 6]",77,0
orig,"[0, 1, 3, 2, 4, 5, 7, 6]",78,0
orig,"[0, 1, 3, 2, 4, 5, 7, 6]",79,1
orig,"[0, 1, 3, 2, 4, 5, 7, 6]",80,1
orig,"[0, 1, 3, 2, 4, 5, 7, 6]",81,0
orig,"[0, 1, 3, 2, 4, 5, 7, 6]",82,0
orig,"[0, 1, 3, 2, 4, 5, 7, 6]",83,0
orig,"[0, 1, 3, 2, 4, 5, 7, 6]",84,0
orig,"[0, 1, 3, 2, 4, 5, 7, 6]",85,1
orig,"[0, 1, 3, 2, 4, 5, 7, 6]",86,0
orig,"[0, 1, 3, 2, 4, 5, 7, 6]",87,1
orig,"[0, 1, 3, 2, 4, 5, 7, 6]",88,1
orig,"[0, 1, 3, 2, 4, 5, 7, 6]",89,0
orig,"[0, 1, 2, 3, 4, 5, 7, 6]",60,1
orig,"[0, 1, 2, 3, 4, 5, 7, 6]",61,1
orig,"[0, 1, 2, 3, 4, 5, 7, 6]",62,0
orig,"[0, 1, 2, 3, 4, 5, 7, 6]",63,0
orig,"[0, 1, 2, 3, 4, 5, 7, 6]",64,0
orig,"[0, 1, 2, 3, 4, 5, 7, 6]",65,0
orig,"[0, 1, 2, 3, 4, 5, 7, 6]",66,1
orig,"[0, 1, 2, 3, 4, 5, 7, 6]",67,0
orig,"[0, 1, 2, 3, 4, 5, 7, 6]",68,0
orig,"[0, 1, 2, 3, 4, 5, 7, 6]",69,0
orig,"[0, 1, 2, 3, 4, 5, 7, 6]",70,0
orig,"[0, 1, 2, 3, 4, 5, 7, 6]",71,1
orig,"[0, 1, 2, 3, 4, 5, 7, 6]",72,0
orig,"[0, 1, 2, 3, 4, 5, 7, 6]",73,0
orig,"[0, 1, 2, 3, 4, 5, 7, 6]",74,0
orig,"[0, 1, 2, 3, 4, 5, 7, 6]",75,0
orig,"[0, 1, 2, 3, 4, 5, 7, 6]",76,0
orig,"[0, 1, 2, 3, 4, 5, 7, 6]",77,0
orig,"[0, 1, 2, 3, 4, 5, 7, 6]",78,0
orig,"[0, 1, 2, 3, 4, 5, 7, 6]",79,0
orig,"[0, 1, 2, 3, 4, 5, 7, 6]",80,1
orig,"[0, 1, 2, 3, 4, 5, 7, 6]",81,0
orig,"[0, 1, 2, 3, 4, 5, 7, 6]",82,0
orig,"[0, 1, 2, 3, 4, 5, 7, 6]",83,0
orig,"[0, 1, 2, 3, 4, 5, 7, 6]",84,0
orig,"[0, 1, 2, 3, 4, 5, 7, 6]",85,1
orig,"[0, 1, 2, 3, 4, 5, 7, 6]",86,0
orig,"[0, 1, 2, 3, 4, 5, 7, 6]",87,1
orig,"[0, 1, 2, 3, 4, 5, 7, 6]",88,1
orig,"[0, 1, 2, 3, 4, 5, 7, 6]",89,0
orig,"[0, 1, 3, 4, 2, 5, 6, 7]",60,0
orig,"[0, 1, 3, 4, 2, 5, 6, 7]",61,1
orig,"[0, 1, 3, 4, 2, 5, 6, 7]",62,0
orig,"[0, 1, 3, 4, 2, 5, 6, 7]",63,0
orig,"[0, 1, 3, 4, 2, 5, 6, 7]",64,1
orig,"[0, 1, 3, 4, 2, 5, 6, 7]",65,0
orig,"[0, 1, 3, 4, 2, 5, 6, 7]",66,0
orig,"[0, 1, 3, 4, 2, 5, 6, 7]",67,1
orig,"[0, 1, 3, 4, 2, 5, 6, 7]",68,1
orig,"[0, 1, 3, 4, 2, 5, 6, 7]",69,0
orig,"[0, 1, 3, 4, 2, 5, 6, 7]",70,0
orig,"[0, 1, 3, 4, 2, 5, 6, 7]",71,1
orig,"[0, 1, 3, 4, 2, 5, 6, 7]",72,0
orig,"[0, 1, 3, 4, 2, 5, 6, 7]",73,0
orig,"[0, 1, 3, 4, 2, 5, 6, 7]",74,0
orig,"[0, 1, 3, 4, 2, 5, 6, 7]",75,1
orig,"[0, 1, 3, 4, 2, 5, 6, 7]",76,0
orig,"[0, 1, 3, 4, 2, 5, 6, 7]",77,0
orig,"[0, 1, 3, 4, 2, 5, 6, 7]",78,0
orig,"[0, 1, 3, 4, 2, 5, 6, 7]",79,0
orig,"[0, 1, 3, 4, 2, 5, 6, 7]",80,1
orig,"[0, 1, 3, 4, 2, 5, 6, 7]",81,0
orig,"[0, 1, 3, 4, 2, 5, 6, 7]",82,0
orig,"[0, 1, 3, 4, 2, 5, 6, 7]",83,0
orig,"[0, 1, 3, 4, 2, 5, 6, 7]",84,1
orig,"[0, 1, 3, 4, 2, 5, 6, 7]",85,0
orig,"[0, 1, 3, 4, 2, 5, 6, 7]",86,0
orig,"[0, 1, 3, 4, 2, 5, 6, 7]",87,1
orig,"[0, 1, 3, 4, 2, 5, 6, 7]",88,1
orig,"[0, 1, 3, 4, 2, 5, 6, 7]",89,0
orig,"[0, 1, 3, 2, 5, 4, 6, 7]",60,0
orig,"[0, 1, 3, 2, 5, 4, 6, 7]",61,0
orig,"[0, 1, 3, 2, 5, 4, 6, 7]",62,0
orig,"[0, 1, 3, 2, 5, 4, 6, 7]",63,1
orig,"[0, 1, 3, 2, 5, 4, 6, 7]",64,1
orig,"[0, 1, 3, 2, 5, 4, 6, 7]",65,1
orig,"[0, 1, 3, 2, 5, 4, 6, 7]",66,1
orig,"[0, 1, 3, 2, 5, 4, 6, 7]",67,0
orig,"[0, 1, 3, 2, 5, 4, 6, 7]",68,1
orig,"[0, 1, 3, 2, 5, 4, 6, 7]",69,0
orig,"[0, 1, 3, 2, 5, 4, 6, 7]",70,0
orig,"[0, 1, 3, 2, 5, 4, 6, 7]",71,1
orig,"[0, 1, 3, 2, 5, 4, 6, 7]",72,0
orig,"[0, 1, 3, 2, 5, 4, 6, 7]",73,0
orig,"[0, 1, 3, 2, 5, 4, 6, 7]",74,0
orig,"[0, 1, 3, 2, 5, 4, 6, 7]",75,1
orig,"[0, 1, 3, 2, 5, 4, 6, 7]",76,0
orig,"[0, 1, 3, 2, 5, 4, 6, 7]",77,0
orig,"[0, 1, 3, 2, 5, 4, 6, 7]",78,1
orig,"[0, 1, 3, 2, 5, 4, 6, 7]",79,1
orig,"[0, 1, 3, 2, 5, 4, 6, 7]",80,0
orig,"[0, 1, 3, 2, 5, 4, 6, 7]",81,1
orig,"[0, 1, 3, 2, 5, 4, 6, 7]",82,0
orig,"[0, 1, 3, 2, 5, 4, 6, 7]",83,0
orig,"[0, 1, 3, 2, 5, 4, 6, 7]",84,1
orig,"[0, 1, 3, 2, 5, 4, 6, 7]",85,0
orig,"[0, 1, 3, 2, 5, 4, 6, 7]",86,0
orig,"[0, 1, 3, 2, 5, 4, 6, 7]",87,1
orig,"[0, 1, 3, 2, 5, 4, 6, 7]",88,1
orig,"[0, 1, 3, 2, 5, 4, 6, 7]",89,0
orig,"[0, 1, 2, 3, 5, 4, 6, 7]",60,0
orig,"[0, 1, 2, 3, 5, 4, 6, 7]",61,1
orig,"[0, 1, 2, 3, 5, 4, 6, 7]",62,0
orig,"[0, 1, 2, 3, 5, 4, 6, 7]",63,0
orig,"[0, 1, 2, 3, 5, 4, 6, 7]",64,0
orig,"[0, 1, 2, 3, 5, 4, 6, 7]",65,0
orig,"[0, 1, 2, 3, 5, 4, 6, 7]",66,0
orig,"[0, 1, 2, 3, 5, 4, 6, 7]",67,1
orig,"[0, 1, 2, 3, 5, 4, 6, 7]",68,0
orig,"[0, 1, 2, 3, 5, 4, 6, 7]",69,0
orig,"[0, 1, 2, 3, 5, 4, 6, 7]",70,1
orig,"[0, 1, 2, 3, 5, 4, 6, 7]",71,1
orig,"[0, 1, 2, 3, 5, 4, 6, 7]",72,0
orig,"[0, 1, 2, 3, 5, 4, 6, 7]",73,0
orig,"[0, 1, 2, 3, 5, 4, 6, 7]",74,0
orig,"[0, 1, 2, 3, 5, 4, 6, 7]",75,1
orig,"[0, 1, 2, 3, 5, 4, 6, 7]",76,0
orig,"[0, 1, 2, 3, 5, 4, 6, 7]",77,0
orig,"[0, 1, 2, 3, 5, 4, 6, 7]",78,0
orig,"[0, 1, 2, 3, 5, 4, 6, 7]",79,1
orig,"[0, 1, 2, 3, 5, 4, 6, 7]",80,0
orig,"[0, 1, 2, 3, 5, 4, 6, 7]",81,1
orig,"[0, 1, 2, 3, 5, 4, 6, 7]",82,1
orig,"[0, 1, 2, 3, 5, 4, 6, 7]",83,0
orig,"[0, 1, 2, 3, 5, 4, 6, 7]",84,0
orig,"[0, 1, 2, 3, 5, 4, 6, 7]",85,0
orig,"[0, 1, 2, 3, 5, 4, 6, 7]",86,0
orig,"[0, 1, 2, 3, 5, 4, 6, 7]",87,1
orig,"[0, 1, 2, 3, 5, 4, 6, 7]",88,1
orig,"[0, 1, 2, 3, 5, 4, 6, 7]",89,0
orig,"[0, 1, 3, 2, 5, 4, 7, 6]",60,0
orig,"[0, 1, 3, 2, 5, 4, 7, 6]",61,1
orig,"[0, 1, 3, 2, 5, 4, 7, 6]",62,0
orig,"[0, 1, 3, 2, 5, 4, 7, 6]",63,1
orig,"[0, 1, 3, 2, 5, 4, 7, 6]",64,1
orig,"[0, 1, 3, 2, 5, 4, 7, 6]",65,1
orig,"[0, 1, 3, 2, 5, 4, 7, 6]",66,0
orig,"[0, 1, 3, 2, 5, 4, 7, 6]",67,0
orig,"[0, 1, 3, 2, 5, 4, 7, 6]",68,1
orig,"[0, 1, 3, 2, 5, 4, 7, 6]",69,0
orig,"[0, 1, 3, 2, 5, 4, 7, 6]",70,0
orig,"[0, 1, 3, 2, 5, 4, 7, 6]",71,1
orig,"[0, 1, 3, 2, 5, 4, 7, 6]",72,0
orig,"[0, 1, 3, 2, 5, 4, 7, 6]",73,1
orig,"[0, 1, 3, 2, 5, 4, 7, 6]",74,1
orig,"[0, 1, 3, 2, 5, 4, 7, 6]",75,0
orig,"[0, 1, 3, 2, 5, 4, 7, 6]",76,0
orig,"[0, 1, 3, 2, 5, 4, 7, 6]",77,0
orig,"[0, 1, 3, 2, 5, 4, 7, 6]",78,0
orig,"[0, 1, 3, 2, 5, 4, 7, 6]",79,1
orig,"[0, 1, 3, 2, 5, 4, 7, 6]",80,0
orig,"[0, 1, 3, 2, 5, 4, 7, 6]",81,0
orig,"[0, 1, 3, 2, 5, 4, 7, 6]",82,0
orig,"[0, 1, 3, 2, 5, 4, 7, 6]",83,0
orig,"[0, 1, 3, 2, 5, 4, 7, 6]",84,1
orig,"[0, 1, 3, 2, 5, 4, 7, 6]",85,0
orig,"[0, 1, 3, 2, 5, 4, 7, 6]",86,0
orig,"[0, 1, 3, 2, 5, 4, 7, 6]",87,1
orig,"[0, 1, 3, 2, 5, 4, 7, 6]",88,1
orig,"[0, 1, 3, 2, 5, 4, 7, 6]",89,0
orig,"[6, 4, 3, 5, 2, 0, 1, 7]",60,0
orig,"[6, 4, 3, 5, 2, 0, 1, 7]",61,1
orig,"[6, 4, 3, 5, 2, 0, 1, 7]",62,0
orig,"[6, 4, 3, 5, 2, 0, 1, 7]",63,0
orig,"[6, 4, 3, 5, 2, 0, 1, 7]",64,0
orig,"[6, 4, 3, 5, 2, 0, 1, 7]",65,0
orig,"[6, 4, 3, 5, 2, 0, 1, 7]",66,1
orig,"[6, 4, 3, 5, 2, 0, 1, 7]",67,0
orig,"[6, 4, 3, 5, 2, 0, 1, 7]",68,1
orig,"[6, 4, 3, 5, 2, 0, 1, 7]",69,0
orig,"[6, 4, 3, 5, 2, 0, 1, 7]",70,0
orig,"[6, 4, 3, 5, 2, 0, 1, 7]",71,1
orig,"[6, 4, 3, 5, 2, 0, 1, 7]",72,0
orig,"[6, 4, 3, 5, 2, 0, 1, 7]",73,0
orig,"[6, 4, 3, 5, 2, 0, 1, 7]",74,0
orig,"[6, 4, 3, 5, 2, 0, 1, 7]",75,0
orig,"[6, 4, 3, 5, 2, 0, 1, 7]",76,0
orig,"[6, 4, 3, 5, 2, 0, 1, 7]",77,0
orig,"[6, 4, 3, 5, 2, 0, 1, 7]",78,0
orig,"[6, 4, 3, 5, 2, 0, 1, 7]",79,0
orig,"[6, 4, 3, 5, 2, 0, 1, 7]",80,1
orig,"[6, 4, 3, 5, 2, 0, 1, 7]",81,1
orig,"[6, 4, 3, 5, 2, 0, 1, 7]",82,0
orig,"[6, 4, 3, 5, 2, 0, 1, 7]",83,0
orig,"[6, 4, 3, 5, 2, 0, 1, 7]",84,0
orig,"[6, 4, 3, 5, 2, 0, 1, 7]",85,0
orig,"[6, 4, 3, 5, 2, 0, 1, 7]",86,0
orig,"[6, 4, 3, 5, 2, 0, 1, 7]",87,1
orig,"[6, 4, 3, 5, 2, 0, 1, 7]",88,1
orig,"[6, 4, 3, 5, 2, 0, 1, 7]",89,0
orig,"[0, 1, 3, 4, 5, 2, 6, 7]",60,1
orig,"[2, 4, 6, 3, 5, 7, 0, 1]",60,0
orig,"[2, 4, 6, 3, 5, 7, 0, 1]",61,0
orig,"[2, 4, 6, 3, 5, 7, 0, 1]",62,0
orig,"[2, 4, 6, 3, 5, 7, 0, 1]",63,1
orig,"[2, 4, 6, 3, 5, 7, 0, 1]",64,1
orig,"[2, 4, 6, 3, 5, 7, 0, 1]",65,0
orig,"[2, 4, 6, 3, 5, 7, 0, 1]",66,1
orig,"[2, 4, 6, 3, 5, 7, 0, 1]",67,1
orig,"[2, 4, 6, 3, 5, 7, 0, 1]",68,0
orig,"[2, 4, 6, 3, 5, 7, 0, 1]",69,0
orig,"[2, 4, 6, 3, 5, 7, 0, 1]",70,1
orig,"[2, 4, 6, 3, 5, 7, 0, 1]",71,1
orig,"[2, 4, 6, 3, 5, 7, 0, 1]",72,0
orig,"[2, 4, 6, 3, 5, 7, 0, 1]",73,0
orig,"[2, 4, 6, 3, 5, 7, 0, 1]",74,0
orig,"[2, 4, 6, 3, 5, 7, 0, 1]",75,0
orig,"[2, 4, 6, 3, 5, 7, 0, 1]",76,0
orig,"[2, 4, 6, 3, 5, 7, 0, 1]",77,0
orig,"[2, 4, 6, 3, 5, 7, 0, 1]",78,0
orig,"[2, 4, 6, 3, 5, 7, 0, 1]",79,0
orig,"[2, 4, 6, 3, 5, 7, 0, 1]",80,0
orig,"[2, 4, 6, 3, 5, 7, 0, 1]",81,0
orig,"[2, 4, 6, 3, 5, 7, 0, 1]",82,0
orig,"[2, 4, 6, 3, 5, 7, 0, 1]",83,0
orig,"[2, 4, 6, 3, 5, 7, 0, 1]",84,1
orig,"[2, 4, 6, 3, 5, 7, 0, 1]",85,0
orig,"[2, 4, 6, 3, 5, 7, 0, 1]",86,0
orig,"[2, 4, 6, 3, 5, 7, 0, 1]",87,1
orig,"[2, 4, 6, 3, 5, 7, 0, 1]",88,1
orig,"[2, 4, 6, 3, 5, 7, 0, 1]",89,0
orig,"[3, 6, 5, 2, 4, 0, 7, 1]",60,0
orig,"[3, 6, 5, 2, 4, 0, 7, 1]",61,1
orig,"[3, 6, 5, 2, 4, 0, 7, 1]",62,0
orig,"[3, 6, 5, 2, 4, 0, 7, 1]",63,0
orig,"[3, 6, 5, 2, 4, 0, 7, 1]",64,1
orig,"[3, 6, 5, 2, 4, 0, 7, 1]",65,0
orig,"[3, 6, 5, 2, 4, 0, 7, 1]",66,1
orig,"[3, 6, 5, 2, 4, 0, 7, 1]",67,0
orig,"[3, 6, 5, 2, 4, 0, 7, 1]",68,1
orig,"[3, 6, 5, 2, 4, 0, 7, 1]",69,0
orig,"[3, 6, 5, 2, 4, 0, 7, 1]",70,0
orig,"[3, 6, 5, 2, 4, 0, 7, 1]",71,0
orig,"[3, 6, 5, 2, 4, 0, 7, 1]",72,0
orig,"[3, 6, 5, 2, 4, 0, 7, 1]",73,0
orig,"[3, 6, 5, 2, 4, 0, 7, 1]",74,0
orig,"[3, 6, 5, 2, 4, 0, 7, 1]",75,0
orig,"[3, 6, 5, 2, 4, 0, 7, 1]",76,0
orig,"[3, 6, 5, 2, 4, 0, 7, 1]",77,0
orig,"[3, 6, 5, 2, 4, 0, 7, 1]",78,0
orig,"[3, 6, 5, 2, 4, 0, 7, 1]",79,0
orig,"[3, 6, 5, 2, 4, 0, 7, 1]",80,1
orig,"[3, 6, 5, 2, 4, 0, 7, 1]",81,0
orig,"[3, 6, 5, 2, 4, 0, 7, 1]",82,1
orig,"[3, 6, 5, 2, 4, 0, 7, 1]",83,0
orig,"[3, 6, 5, 2, 4, 0, 7, 1]",84,1
orig,"[3, 6, 5, 2, 4, 0, 7, 1]",85,0
orig,"[3, 6, 5, 2, 4, 0, 7, 1]",86,0
orig,"[3, 6, 5, 2, 4, 0, 7, 1]",87,1
orig,"[3, 6, 5, 2, 4, 0, 7, 1]",88,1
orig,"[3, 6, 5, 2, 4, 0, 7, 1]",89,0
orig,"[1, 4, 0, 7, 2, 5, 3, 6]",60,0
orig,"[1, 4, 0, 7, 2, 5, 3, 6]",61,1
orig,"[1, 4, 0, 7, 2, 5, 3, 6]",62,0
orig,"[1, 4, 0, 7, 2, 5, 3, 6]",63,1
orig,"[1, 4, 0, 7, 2, 5, 3, 6]",64,0
orig,"[1, 4, 0, 7, 2, 5, 3, 6]",65,0
orig,"[1, 4, 0, 7, 2, 5, 3, 6]",66,1
orig,"[1, 4, 0, 7, 2, 5, 3, 6]",67,0
orig,"[1, 4, 0, 7, 2, 5, 3, 6]",68,0
orig,"[1, 4, 0, 7, 2, 5, 3, 6]",69,0
orig,"[1, 4, 0, 7, 2, 5, 3, 6]",70,1
orig,"[1, 4, 0, 7, 2, 5, 3, 6]",71,1
orig,"[1, 4, 0, 7, 2, 5, 3, 6]",72,1
orig,"[1, 4, 0, 7, 2, 5, 3, 6]",73,0
orig,"[1, 4, 0, 7, 2, 5, 3, 6]",74,0
orig,"[1, 4, 0, 7, 2, 5, 3, 6]",75,1
orig,"[1, 4, 0, 7, 2, 5, 3, 6]",76,0
orig,"[1, 4, 0, 7, 2, 5, 3, 6]",77,0
orig,"[1, 4, 0, 7, 2, 5, 3, 6]",78,0
orig,"[1, 4, 0, 7, 2, 5, 3, 6]",79,0
orig,"[1, 4, 0, 7, 2, 5, 3, 6]",80,0
orig,"[1, 4, 0, 7, 2, 5, 3, 6]",81,1
orig,"[1, 4, 0, 7, 2, 5, 3, 6]",82,1
orig,"[1, 4, 0, 7, 2, 5, 3, 6]",83,0
orig,"[1, 4, 0, 7, 2, 5, 3, 6]",84,1
orig,"[1, 4, 0, 7, 2, 5, 3, 6]",85,0
orig,"[1, 4, 0, 7, 2, 5, 3, 6]",86,0
orig,"[1, 4, 0, 7, 2, 5, 3, 6]",87,1
orig,"[1, 4, 0, 7, 2, 5, 3, 6]",88,1
orig,"[1, 4, 0, 7, 2, 5, 3, 6]",89,0
orig,"[4, 3, 1, 6, 7, 0, 2, 5]",60,0
orig,"[4, 3, 1, 6, 7, 0, 2, 5]",61,1
orig,"[4, 3, 1, 6, 7, 0, 2, 5]",62,0
orig,"[4, 3, 1, 6, 7, 0, 2, 5]",63,0
orig,"[4, 3, 1, 6, 7, 0, 2, 5]",64,1
orig,"[4, 3, 1, 6, 7, 0, 2, 5]",65,0
orig,"[4, 3, 1, 6, 7, 0, 2, 5]",66,0
orig,"[4, 3, 1, 6, 7, 0, 2, 5]",67,0
orig,"[4, 3, 1, 6, 7, 0, 2, 5]",68,1
orig,"[4, 3, 1, 6, 7, 0, 2, 5]",69,0
orig,"[4, 3, 1, 6, 7, 0, 2, 5]",70,1
orig,"[4, 3, 1, 6, 7, 0, 2, 5]",71,1
orig,"[4, 3, 1, 6, 7, 0, 2, 5]",72,1
orig,"[4, 3, 1, 6, 7, 0, 2, 5]",73,0
orig,"[4, 3, 1, 6, 7, 0, 2, 5]",74,0
orig,"[4, 3, 1, 6, 7, 0, 2, 5]",75,0
orig,"[4, 3, 1, 6, 7, 0, 2, 5]",76,0
orig,"[4, 3, 1, 6, 7, 0, 2, 5]",77,0
orig,"[4, 3, 1, 6, 7, 0, 2, 5]",78,0
orig,"[4, 3, 1, 6, 7, 0, 2, 5]",79,0
orig,"[4, 3, 1, 6, 7, 0, 2, 5]",80,0
orig,"[4, 3, 1, 6, 7, 0, 2, 5]",81,1
orig,"[4, 3, 1, 6, 7, 0, 2, 5]",82,0
orig,"[4, 3, 1, 6, 7, 0, 2, 5]",83,0
orig,"[4, 3, 1, 6, 7, 0, 2, 5]",84,1
orig,"[4, 3, 1, 6, 7, 0, 2, 5]",85,1
orig,"[4, 3, 1, 6, 7, 0, 2, 5]",86,0
orig,"[4, 3, 1, 6, 7, 0, 2, 5]",87,1
orig,"[4, 3, 1, 6, 7, 0, 2, 5]",88,1
orig,"[4, 3, 1, 6, 7, 0, 2, 5]",89,0
orig,"[0, 1, 3, 4, 5, 2, 6, 7]",61,0
orig,"[0, 1, 3, 4, 5, 2, 6, 7]",62,0
orig,"[0, 1, 3, 4, 5, 2, 6, 7]",63,1
orig,"[0, 1, 3, 4, 5, 2, 6, 7]",64,0
orig,"[0, 1, 3, 4, 5, 2, 6, 7]",65,0
orig,"[0, 1, 3, 4, 5, 2, 6, 7]",66,0
orig,"[0, 1, 3, 4, 5, 2, 6, 7]",67,1
orig,"[0, 1, 3, 4, 5, 2, 6, 7]",68,0
orig,"[0, 1, 3, 4, 5, 2, 6, 7]",69,0
orig,"[0, 1, 3, 4, 5, 2, 6, 7]",70,1
orig,"[0, 1, 3, 4, 5, 2, 6, 7]",71,1
orig,"[0, 1, 3, 4, 5, 2, 6, 7]",72,0
orig,"[0, 1, 3, 4, 5, 2, 6, 7]",73,0
orig,"[0, 1, 3, 4, 5, 2, 6, 7]",74,0
orig,"[0, 1, 3, 4, 5, 2, 6, 7]",75,1
orig,"[0, 1, 3, 4, 5, 2, 6, 7]",76,0
orig,"[0, 1, 3, 4, 5, 2, 6, 7]",77,0
orig,"[0, 1, 3, 4, 5, 2, 6, 7]",78,0
orig,"[0, 1, 3, 4, 5, 2, 6, 7]",79,0
orig,"[0, 1, 3, 4, 5, 2, 6, 7]",80,0
orig,"[0, 1, 3, 4, 5, 2, 6, 7]",81,1
orig,"[0, 1, 3, 4, 5, 2, 6, 7]",82,0
orig,"[0, 1, 3, 4, 5, 2, 6, 7]",83,0
orig,"[0, 1, 3, 4, 5, 2, 6, 7]",84,1
orig,"[0, 1, 3, 4, 5, 2, 6, 7]",85,0
orig,"[0, 1, 3, 4, 5, 2, 6, 7]",86,0
orig,"[0, 1, 3, 4, 5, 2, 6, 7]",87,1
orig,"[0, 1, 3, 4, 5, 2, 6, 7]",88,1
orig,"[0, 1, 3, 4, 5, 2, 6, 7]",89,0
orig,"[0, 3, 1, 4, 2, 5, 6, 7]",60,0
orig,"[0, 3, 1, 4, 2, 5, 6, 7]",61,1
orig,"[0, 3, 1, 4, 2, 5, 6, 7]",62,1
orig,"[0, 3, 1, 4, 2, 5, 6, 7]",63,1
orig,"[0, 3, 1, 4, 2, 5, 6, 7]",64,1
orig,"[0, 3, 1, 4, 2, 5, 6, 7]",65,1
orig,"[0, 3, 1, 4, 2, 5, 6, 7]",66,0
orig,"[0, 3, 1, 4, 2, 5, 6, 7]",67,1
orig,"[0, 3, 1, 4, 2, 5, 6, 7]",68,0
orig,"[0, 3, 1, 4, 2, 5, 6, 7]",69,0
orig,"[0, 3, 1, 4, 2, 5, 6, 7]",70,1
orig,"[0, 3, 1, 4, 2, 5, 6, 7]",71,1
orig,"[0, 3, 1, 4, 2, 5, 6, 7]",72,1
orig,"[0, 3, 1, 4, 2, 5, 6, 7]",73,0
orig,"[0, 3, 1, 4, 2, 5, 6, 7]",74,0
orig,"[0, 3, 1, 4, 2, 5, 6, 7]",75,1
orig,"[0, 3, 1, 4, 2, 5, 6, 7]",76,0
orig,"[0, 3, 1, 4, 2, 5, 6, 7]",77,0
orig,"[0, 3, 1, 4, 2, 5, 6, 7]",78,0
orig,"[0, 3, 1, 4, 2, 5, 6, 7]",79,0
orig,"[0, 3, 1, 4, 2, 5, 6, 7]",80,0
orig,"[0, 3, 1, 4, 2, 5, 6, 7]",81,1
orig,"[0, 3, 1, 4, 2, 5, 6, 7]",82,1
orig,"[0, 3, 1, 4, 2, 5, 6, 7]",83,0
orig,"[0, 3, 1, 4, 2, 5, 6, 7]",84,0
orig,"[0, 3, 1, 4, 2, 5, 6, 7]",85,1
orig,"[0, 3, 1, 4, 2, 5, 6, 7]",86,0
orig,"[0, 3, 1, 4, 2, 5, 6, 7]",87,1
orig,"[0, 3, 1, 4, 2, 5, 6, 7]",88,1
orig,"[0, 3, 1, 4, 2, 5, 6, 7]",89,0
orig,"[2, 4, 1, 6, 5, 3, 7, 0]",60,0
orig,"[2, 4, 1, 6, 5, 3, 7, 0]",61,1
orig,"[2, 4, 1, 6, 5, 3, 7, 0]",62,0
orig,"[2, 4, 1, 6, 5, 3, 7, 0]",63,1
orig,"[2, 4, 1, 6, 5, 3, 7, 0]",64,1
orig,"[2, 4, 1, 6, 5, 3, 7, 0]",65,0
orig,"[2, 4, 1, 6, 5, 3, 7, 0]",66,0
orig,"[2, 4, 1, 6, 5, 3, 7, 0]",67,0
orig,"[2, 4, 1, 6, 5, 3, 7, 0]",68,1
orig,"[2, 4, 1, 6, 5, 3, 7, 0]",69,0
orig,"[2, 4, 1, 6, 5, 3, 7, 0]",70,1
orig,"[2, 4, 1, 6, 5, 3, 7, 0]",71,1
orig,"[2, 4, 1, 6, 5, 3, 7, 0]",72,0
orig,"[2, 4, 1, 6, 5, 3, 7, 0]",73,0
orig,"[2, 4, 1, 6, 5, 3, 7, 0]",74,0
orig,"[2, 4, 1, 6, 5, 3, 7, 0]",75,1
orig,"[2, 4, 1, 6, 5, 3, 7, 0]",76,0
orig,"[2, 4, 1, 6, 5, 3, 7, 0]",77,0
orig,"[2, 4, 1, 6, 5, 3, 7, 0]",78,0
orig,"[2, 4, 1, 6, 5, 3, 7, 0]",79,0
orig,"[2, 4, 1, 6, 5, 3, 7, 0]",80,1
orig,"[2, 4, 1, 6, 5, 3, 7, 0]",81,1
orig,"[2, 4, 1, 6, 5, 3, 7, 0]",82,1
orig,"[2, 4, 1, 6, 5, 3, 7, 0]",83,0
orig,"[2, 4, 1, 6, 5, 3, 7, 0]",84,1
orig,"[2, 4, 1, 6, 5, 3, 7, 0]",85,0
orig,"[2, 4, 1, 6, 5, 3, 7, 0]",86,0
orig,"[2, 4, 1, 6, 5, 3, 7, 0]",87,1
orig,"[2, 4, 1, 6, 5, 3, 7, 0]",88,1
orig,"[2, 4, 1, 6, 5, 3, 7, 0]",89,0
orig,"[0, 4, 1, 3, 6, 2, 7, 5]",60,1
orig,"[0, 4, 1, 3, 6, 2, 7, 5]",61,1
orig,"[0, 4, 1, 3, 6, 2, 7, 5]",62,0
orig,"[0, 4, 1, 3, 6, 2, 7, 5]",63,0
orig,"[0, 4, 1, 3, 6, 2, 7, 5]",64,1
orig,"[0, 4, 1, 3, 6, 2, 7, 5]",65,0
orig,"[0, 4, 1, 3, 6, 2, 7, 5]",66,0
orig,"[0, 4, 1, 3, 6, 2, 7, 5]",67,0
orig,"[0, 4, 1, 3, 6, 2, 7, 5]",68,0
orig,"[0, 4, 1, 3, 6, 2, 7, 5]",69,0
orig,"[0, 4, 1, 3, 6, 2, 7, 5]",70,0
orig,"[0, 4, 1, 3, 6, 2, 7, 5]",71,1
orig,"[0, 4, 1, 3, 6, 2, 7, 5]",72,0
orig,"[0, 4, 1, 3, 6, 2, 7, 5]",73,0
orig,"[0, 4, 1, 3, 6, 2, 7, 5]",74,0
orig,"[0, 4, 1, 3, 6, 2, 7, 5]",75,0
orig,"[0, 4, 1, 3, 6, 2, 7, 5]",76,1
orig,"[0, 4, 1, 3, 6, 2, 7, 5]",77,0
orig,"[0, 4, 1, 3, 6, 2, 7, 5]",78,1
orig,"[0, 4, 1, 3, 6, 2, 7, 5]",79,0
orig,"[0, 4, 1, 3, 6, 2, 7, 5]",80,1
orig,"[0, 4, 1, 3, 6, 2, 7, 5]",81,0
orig,"[0, 4, 1, 3, 6, 2, 7, 5]",82,1
orig,"[0, 4, 1, 3, 6, 2, 7, 5]",83,0
orig,"[0, 4, 1, 3, 6, 2, 7, 5]",84,1
orig,"[0, 4, 1, 3, 6, 2, 7, 5]",85,1
orig,"[0, 4, 1, 3, 6, 2, 7, 5]",86,0
orig,"[0, 4, 1, 3, 6, 2, 7, 5]",87,1
orig,"[0, 4, 1, 3, 6, 2, 7, 5]",88,1
orig,"[0, 4, 1, 3, 6, 2, 7, 5]",89,0
orig,"[0, 1, 3, 4, 2, 5, 7, 6]",60,0
orig,"[0, 1, 3, 4, 2, 5, 7, 6]",61,1
orig,"[0, 1, 3, 4, 2, 5, 7, 6]",62,0
orig,"[0, 1, 3, 4, 2, 5, 7, 6]",63,0
orig,"[0, 1, 3, 4, 2, 5, 7, 6]",64,1
orig,"[0, 1, 3, 4, 2, 5, 7, 6]",65,0
orig,"[0, 1, 3, 4, 2, 5, 7, 6]",66,1
orig,"[0, 1, 3, 4, 2, 5, 7, 6]",67,1
orig,"[0, 1, 3, 4, 2, 5, 7, 6]",68,1
orig,"[0, 1, 3, 4, 2, 5, 7, 6]",69,0
orig,"[0, 1, 3, 4, 2, 5, 7, 6]",70,0
orig,"[0, 1, 3, 4, 2, 5, 7, 6]",71,1
orig,"[0, 1, 3, 4, 2, 5, 7, 6]",72,0
orig,"[0, 1, 3, 4, 2, 5, 7, 6]",73,0
orig,"[0, 1, 3, 4, 2, 5, 7, 6]",74,0
orig,"[0, 1, 3, 4, 2, 5, 7, 6]",75,1
orig,"[0, 1, 3, 4, 2, 5, 7, 6]",76,0
orig,"[0, 1, 3, 4, 2, 5, 7, 6]",77,0
orig,"[0, 1, 3, 4, 2, 5, 7, 6]",78,0
orig,"[0, 1, 3, 4, 2, 5, 7, 6]",79,0
orig,"[0, 1, 3, 4, 2, 5, 7, 6]",80,0
orig,"[0, 1, 3, 4, 2, 5, 7, 6]",81,1
orig,"[0, 1, 3, 4, 2, 5, 7, 6]",82,0
orig,"[0, 1, 3, 4, 2, 5, 7, 6]",83,0
orig,"[0, 1, 3, 4, 2, 5, 7, 6]",84,1
orig,"[0, 1, 3, 4, 2, 5, 7, 6]",85,0
orig,"[0, 1, 3, 4, 2, 5, 7, 6]",86,0
orig,"[0, 1, 3, 4, 2, 5, 7, 6]",87,1
orig,"[0, 1, 3, 4, 2, 5, 7, 6]",88,1
orig,"[0, 1, 3, 4, 2, 5, 7, 6]",89,0
orig,"[2, 7, 1, 0, 3, 5, 6, 4]",60,0
orig,"[2, 7, 1, 0, 3, 5, 6, 4]",61,0
orig,"[2, 7, 1, 0, 3, 5, 6, 4]",62,0
orig,"[2, 7, 1, 0, 3, 5, 6, 4]",63,1
orig,"[2, 7, 1, 0, 3, 5, 6, 4]",64,0
orig,"[2, 7, 1, 0, 3, 5, 6, 4]",65,0
orig,"[2, 7, 1, 0, 3, 5, 6, 4]",66,0
orig,"[2, 7, 1, 0, 3, 5, 6, 4]",67,1
orig,"[2, 7, 1, 0, 3, 5, 6, 4]",68,0
orig,"[2, 7, 1, 0, 3, 5, 6, 4]",69,0
orig,"[2, 7, 1, 0, 3, 5, 6, 4]",70,0
orig,"[2, 7, 1, 0, 3, 5, 6, 4]",71,0
orig,"[2, 7, 1, 0, 3, 5, 6, 4]",72,0
orig,"[2, 7, 1, 0, 3, 5, 6, 4]",73,1
orig,"[2, 7, 1, 0, 3, 5, 6, 4]",74,0
orig,"[2, 7, 1, 0, 3, 5, 6, 4]",75,0
orig,"[2, 7, 1, 0, 3, 5, 6, 4]",76,0
orig,"[2, 7, 1, 0, 3, 5, 6, 4]",77,0
orig,"[2, 7, 1, 0, 3, 5, 6, 4]",78,1
orig,"[2, 7, 1, 0, 3, 5, 6, 4]",79,0
orig,"[2, 7, 1, 0, 3, 5, 6, 4]",80,0
orig,"[2, 7, 1, 0, 3, 5, 6, 4]",81,1
orig,"[2, 7, 1, 0, 3, 5, 6, 4]",82,0
orig,"[2, 7, 1, 0, 3, 5, 6, 4]",83,0
orig,"[2, 7, 1, 0, 3, 5, 6, 4]",84,1
orig,"[2, 7, 1, 0, 3, 5, 6, 4]",85,0
orig,"[2, 7, 1, 0, 3, 5, 6, 4]",86,0
orig,"[2, 7, 1, 0, 3, 5, 6, 4]",87,0
orig,"[2, 7, 1, 0, 3, 5, 6, 4]",88,1
orig,"[2, 7, 1, 0, 3, 5, 6, 4]",89,0
orig,"[0, 1, 3, 2, 4, 6, 5, 7]",60,0
orig,"[0, 1, 3, 2, 4, 6, 5, 7]",61,1
orig,"[0, 1, 3, 2, 4, 6, 5, 7]",62,0
orig,"[0, 1, 3, 2, 4, 6, 5, 7]",63,1
orig,"[0, 1, 3, 2, 4, 6, 5, 7]",64,0
orig,"[0, 1, 3, 2, 4, 6, 5, 7]",65,0
orig,"[0, 1, 3, 2, 4, 6, 5, 7]",66,1
orig,"[0, 1, 3, 2, 4, 6, 5, 7]",67,0
orig,"[0, 1, 3, 2, 4, 6, 5, 7]",68,1
orig,"[0, 1, 3, 2, 4, 6, 5, 7]",69,0
orig,"[0, 1, 3, 2, 4, 6, 5, 7]",70,1
orig,"[0, 1, 3, 2, 4, 6, 5, 7]",71,1
orig,"[0, 1, 3, 2, 4, 6, 5, 7]",72,0
orig,"[0, 1, 3, 2, 4, 6, 5, 7]",73,0
orig,"[0, 1, 3, 2, 4, 6, 5, 7]",74,0
orig,"[0, 1, 3, 2, 4, 6, 5, 7]",75,1
orig,"[0, 1, 3, 2, 4, 6, 5, 7]",76,0
orig,"[0, 1, 3, 2, 4, 6, 5, 7]",77,0
orig,"[0, 1, 3, 2, 4, 6, 5, 7]",78,0
orig,"[0, 1, 3, 2, 4, 6, 5, 7]",79,0
orig,"[0, 1, 3, 2, 4, 6, 5, 7]",80,0
orig,"[0, 1, 3, 2, 4, 6, 5, 7]",81,0
orig,"[0, 1, 3, 2, 4, 6, 5, 7]",82,1
orig,"[0, 1, 3, 2, 4, 6, 5, 7]",83,0
orig,"[0, 1, 3, 2, 4, 6, 5, 7]",84,1
orig,"[0, 1, 3, 2, 4, 6, 5, 7]",85,1
orig,"[0, 1, 3, 2, 4, 6, 5, 7]",86,0
orig,"[0, 1, 3, 2, 4, 6, 5, 7]",87,1
orig,"[0, 1, 3, 2, 4, 6, 5, 7]",88,1
orig,"[0, 1, 3, 2, 4, 6, 5, 7]",89,0
orig,"[7, 5, 0, 3, 1, 4, 2, 6]",60,0
orig,"[7, 5, 0, 3, 1, 4, 2, 6]",61,0
orig,"[7, 5, 0, 3, 1, 4, 2, 6]",62,0
orig,"[7, 5, 0, 3, 1, 4, 2, 6]",63,1
orig,"[7, 5, 0, 3, 1, 4, 2, 6]",64,1
orig,"[7, 5, 0, 3, 1, 4, 2, 6]",65,0
orig,"[7, 5, 0, 3, 1, 4, 2, 6]",66,0
orig,"[7, 5, 0, 3, 1, 4, 2, 6]",67,0
orig,"[7, 5, 0, 3, 1, 4, 2, 6]",68,1
orig,"[7, 5, 0, 3, 1, 4, 2, 6]",69,0
orig,"[7, 5, 0, 3, 1, 4, 2, 6]",70,0
orig,"[7, 5, 0, 3, 1, 4, 2, 6]",71,1
orig,"[7, 5, 0, 3, 1, 4, 2, 6]",72,1
orig,"[7, 5, 0, 3, 1, 4, 2, 6]",73,0
orig,"[7, 5, 0, 3, 1, 4, 2, 6]",74,0
orig,"[7, 5, 0, 3, 1, 4, 2, 6]",75,0
orig,"[7, 5, 0, 3, 1, 4, 2, 6]",76,0
orig,"[7, 5, 0, 3, 1, 4, 2, 6]",77,0
orig,"[7, 5, 0, 3, 1, 4, 2, 6]",78,0
orig,"[7, 5, 0, 3, 1, 4, 2, 6]",79,0
orig,"[7, 5, 0, 3, 1, 4, 2, 6]",80,1
orig,"[7, 5, 0, 3, 1, 4, 2, 6]",81,0
orig,"[7, 5, 0, 3, 1, 4, 2, 6]",82,0
orig,"[7, 5, 0, 3, 1, 4, 2, 6]",83,0
orig,"[7, 5, 0, 3, 1, 4, 2, 6]",84,0
orig,"[7, 5, 0, 3, 1, 4, 2, 6]",85,0
orig,"[7, 5, 0, 3, 1, 4, 2, 6]",86,0
orig,"[7, 5, 0, 3, 1, 4, 2, 6]",87,1
orig,"[7, 5, 0, 3, 1, 4, 2, 6]",88,0
orig,"[7, 5, 0, 3, 1, 4, 2, 6]",89,0
orig,"[1, 0, 7, 6, 5, 2, 4, 3]",60,0
orig,"[1, 0, 7, 6, 5, 2, 4, 3]",61,1
orig,"[1, 0, 7, 6, 5, 2, 4, 3]",62,0
orig,"[1, 0, 7, 6, 5, 2, 4, 3]",63,0
orig,"[1, 0, 7, 6, 5, 2, 4, 3]",64,1
orig,"[1, 0, 7, 6, 5, 2, 4, 3]",65,0
orig,"[1, 0, 7, 6, 5, 2, 4, 3]",66,0
orig,"[1, 0, 7, 6, 5, 2, 4, 3]",67,1
orig,"[1, 0, 7, 6, 5, 2, 4, 3]",68,0
orig,"[1, 0, 7, 6, 5, 2, 4, 3]",69,0
orig,"[1, 0, 7, 6, 5, 2, 4, 3]",70,1
orig,"[1, 0, 7, 6, 5, 2, 4, 3]",71,1
orig,"[1, 0, 7, 6, 5, 2, 4, 3]",72,1
orig,"[1, 0, 7, 6, 5, 2, 4, 3]",73,0
orig,"[1, 0, 7, 6, 5, 2, 4, 3]",74,0
orig,"[1, 0, 7, 6, 5, 2, 4, 3]",75,1
orig,"[1, 0, 7, 6, 5, 2, 4, 3]",76,0
orig,"[1, 0, 7, 6, 5, 2, 4, 3]",77,0
orig,"[1, 0, 7, 6, 5, 2, 4, 3]",78,0
orig,"[1, 0, 7, 6, 5, 2, 4, 3]",79,0
orig,"[1, 0, 7, 6, 5, 2, 4, 3]",80,1
orig,"[1, 0, 7, 6, 5, 2, 4, 3]",81,1
orig,"[1, 0, 7, 6, 5, 2, 4, 3]",82,1
orig,"[1, 0, 7, 6, 5, 2, 4, 3]",83,0
orig,"[1, 0, 7, 6, 5, 2, 4, 3]",84,1
orig,"[1, 0, 7, 6, 5, 2, 4, 3]",85,0
orig,"[1, 0, 7, 6, 5, 2, 4, 3]",86,0
orig,"[1, 0, 7, 6, 5, 2, 4, 3]",87,1
orig,"[1, 0, 7, 6, 5, 2, 4, 3]",88,1
orig,"[1, 0, 7, 6, 5, 2, 4, 3]",89,0
orig,"[1, 0, 7, 6, 5, 4, 2, 3]",60,1
orig,"[1, 0, 7, 6, 5, 4, 2, 3]",61,0
orig,"[1, 0, 7, 6, 5, 4, 2, 3]",62,0
orig,"[1, 0, 7, 6, 5, 4, 2, 3]",63,0
orig,"[1, 0, 7, 6, 5, 4, 2, 3]",64,0
orig,"[1, 0, 7, 6, 5, 4, 2, 3]",65,0
orig,"[1, 0, 7, 6, 5, 4, 2, 3]",66,1
orig,"[1, 0, 7, 6, 5, 4, 2, 3]",67,1
orig,"[1, 0, 7, 6, 5, 4, 2, 3]",68,0
orig,"[1, 0, 7, 6, 5, 4, 2, 3]",69,0
orig,"[1, 0, 7, 6, 5, 4, 2, 3]",70,1
orig,"[1, 0, 7, 6, 5, 4, 2, 3]",71,1
orig,"[1, 0, 7, 6, 5, 4, 2, 3]",72,0
orig,"[1, 0, 7, 6, 5, 4, 2, 3]",73,0
orig,"[1, 0, 7, 6, 5, 4, 2, 3]",74,0
orig,"[1, 0, 7, 6, 5, 4, 2, 3]",75,1
orig,"[1, 0, 7, 6, 5, 4, 2, 3]",76,0
orig,"[1, 0, 7, 6, 5, 4, 2, 3]",77,0
orig,"[1, 0, 7, 6, 5, 4, 2, 3]",78,0
orig,"[1, 0, 7, 6, 5, 4, 2, 3]",79,0
orig,"[1, 0, 7, 6, 5, 4, 2, 3]",80,0
orig,"[1, 0, 7, 6, 5, 4, 2, 3]",81,1
orig,"[1, 0, 7, 6, 5, 4, 2, 3]",82,1
orig,"[1, 0, 7, 6, 5, 4, 2, 3]",83,0
orig,"[1, 0, 7, 6, 5, 4, 2, 3]",84,1
orig,"[1, 0, 7, 6, 5, 4, 2, 3]",85,0
orig,"[1, 0, 7, 6, 5, 4, 2, 3]",86,0
orig,"[1, 0, 7, 6, 5, 4, 2, 3]",87,1
orig,"[1, 0, 7, 6, 5, 4, 2, 3]",88,1
orig,"[1, 0, 7, 6, 5, 4, 2, 3]",89,0
orig,"[7, 3, 6, 1, 0, 5, 4, 2]",60,0
orig,"[7, 3, 6, 1, 0, 5, 4, 2]",61,1
orig,"[7, 3, 6, 1, 0, 5, 4, 2]",62,0
orig,"[7, 3, 6, 1, 0, 5, 4, 2]",63,0
orig,"[7, 3, 6, 1, 0, 5, 4, 2]",64,1
orig,"[7, 3, 6, 1, 0, 5, 4, 2]",65,0
orig,"[7, 3, 6, 1, 0, 5, 4, 2]",66,1
orig,"[7, 3, 6, 1, 0, 5, 4, 2]",67,1
orig,"[7, 3, 6, 1, 0, 5, 4, 2]",68,0
orig,"[7, 3, 6, 1, 0, 5, 4, 2]",69,0
orig,"[7, 3, 6, 1, 0, 5, 4, 2]",70,0
orig,"[7, 3, 6, 1, 0, 5, 4, 2]",71,0
orig,"[7, 3, 6, 1, 0, 5, 4, 2]",72,0
orig,"[7, 3, 6, 1, 0, 5, 4, 2]",73,0
orig,"[7, 3, 6, 1, 0, 5, 4, 2]",74,0
orig,"[7, 3, 6, 1, 0, 5, 4, 2]",75,0
orig,"[7, 3, 6, 1, 0, 5, 4, 2]",76,0
orig,"[7, 3, 6, 1, 0, 5, 4, 2]",77,0
orig,"[7, 3, 6, 1, 0, 5, 4, 2]",78,0
orig,"[7, 3, 6, 1, 0, 5, 4, 2]",79,1
orig,"[7, 3, 6, 1, 0, 5, 4, 2]",80,1
orig,"[7, 3, 6, 1, 0, 5, 4, 2]",81,1
orig,"[7, 3, 6, 1, 0, 5, 4, 2]",82,1
orig,"[7, 3, 6, 1, 0, 5, 4, 2]",83,0
orig,"[7, 3, 6, 1, 0, 5, 4, 2]",84,1
orig,"[7, 3, 6, 1, 0, 5, 4, 2]",85,0
orig,"[7, 3, 6, 1, 0, 5, 4, 2]",86,0
orig,"[7, 3, 6, 1, 0, 5, 4, 2]",87,1
orig,"[7, 3, 6, 1, 0, 5, 4, 2]",88,0
orig,"[7, 3, 6, 1, 0, 5, 4, 2]",89,0
orig,"[1, 0, 5, 6, 7, 2, 4, 3]",60,0
orig,"[1, 0, 5, 6, 7, 2, 4, 3]",61,1
orig,"[1, 0, 5, 6, 7, 2, 4, 3]",62,0
orig,"[1, 0, 5, 6, 7, 2, 4, 3]",63,0
orig,"[1, 0, 5, 6, 7, 2, 4, 3]",64,0
orig,"[1, 0, 5, 6, 7, 2, 4, 3]",65,0
orig,"[1, 0, 5, 6, 7, 2, 4, 3]",66,1
orig,"[1, 0, 5, 6, 7, 2, 4, 3]",67,1
orig,"[1, 0, 5, 6, 7, 2, 4, 3]",68,1
orig,"[1, 0, 5, 6, 7, 2, 4, 3]",69,0
orig,"[1, 0, 5, 6, 7, 2, 4, 3]",70,1
orig,"[1, 0, 5, 6, 7, 2, 4, 3]",71,1
orig,"[1, 0, 5, 6, 7, 2, 4, 3]",72,0
orig,"[1, 0, 5, 6, 7, 2, 4, 3]",73,0
orig,"[1, 0, 5, 6, 7, 2, 4, 3]",74,0
orig,"[1, 0, 5, 6, 7, 2, 4, 3]",75,0
orig,"[1, 0, 5, 6, 7, 2, 4, 3]",76,0
orig,"[1, 0, 5, 6, 7, 2, 4, 3]",77,0
orig,"[1, 0, 5, 6, 7, 2, 4, 3]",78,0
orig,"[1, 0, 5, 6, 7, 2, 4, 3]",79,0
orig,"[1, 0, 5, 6, 7, 2, 4, 3]",80,1
orig,"[1, 0, 5, 6, 7, 2, 4, 3]",81,1
orig,"[1, 0, 5, 6, 7, 2, 4, 3]",82,1
orig,"[1, 0, 5, 6, 7, 2, 4, 3]",83,0
orig,"[1, 0, 5, 6, 7, 2, 4, 3]",84,0
orig,"[1, 0, 5, 6, 7, 2, 4, 3]",85,0
orig,"[1, 0, 5, 6, 7, 2, 4, 3]",86,0
orig,"[1, 0, 5, 6, 7, 2, 4, 3]",87,1
orig,"[1, 0, 5, 6, 7, 2, 4, 3]",88,1
orig,"[1, 0, 5, 6, 7, 2, 4, 3]",89,0
orig,"[0, 1, 7, 6, 5, 2, 4, 3]",60,0
orig,"[0, 1, 7, 6, 5, 2, 4, 3]",61,1
orig,"[0, 1, 7, 6, 5, 2, 4, 3]",62,0
orig,"[0, 1, 7, 6, 5, 2, 4, 3]",63,0
orig,"[0, 1, 7, 6, 5, 2, 4, 3]",64,1
orig,"[0, 1, 7, 6, 5, 2, 4, 3]",65,0
orig,"[0, 1, 7, 6, 5, 2, 4, 3]",66,1
orig,"[0, 1, 7, 6, 5, 2, 4, 3]",67,0
orig,"[0, 1, 7, 6, 5, 2, 4, 3]",68,1
orig,"[0, 1, 7, 6, 5, 2, 4, 3]",69,0
orig,"[0, 1, 7, 6, 5, 2, 4, 3]",70,1
orig,"[0, 1, 7, 6, 5, 2, 4, 3]",71,1
orig,"[0, 1, 7, 6, 5, 2, 4, 3]",72,0
orig,"[0, 1, 7, 6, 5, 2, 4, 3]",73,0
orig,"[0, 1, 7, 6, 5, 2, 4, 3]",74,0
orig,"[0, 1, 7, 6, 5, 2, 4, 3]",75,0
orig,"[0, 1, 7, 6, 5, 2, 4, 3]",76,1
orig,"[0, 1, 7, 6, 5, 2, 4, 3]",77,0
orig,"[0, 1, 7, 6, 5, 2, 4, 3]",78,0
orig,"[0, 1, 7, 6, 5, 2, 4, 3]",79,0
orig,"[0, 1, 7, 6, 5, 2, 4, 3]",80,1
orig,"[0, 1, 7, 6, 5, 2, 4, 3]",81,1
orig,"[0, 1, 7, 6, 5, 2, 4, 3]",82,0
orig,"[0, 1, 7, 6, 5, 2, 4, 3]",83,0
orig,"[0, 1, 7, 6, 5, 2, 4, 3]",84,1
orig,"[0, 1, 7, 6, 5, 2, 4, 3]",85,1
orig,"[0, 1, 7, 6, 5, 2, 4, 3]",86,0
orig,"[0, 1, 7, 6, 5, 2, 4, 3]",87,1
orig,"[0, 1, 7, 6, 5, 2, 4, 3]",88,1
orig,"[0, 1, 7, 6, 5, 2, 4, 3]",89,0
orig,"[1, 0, 6, 7, 2, 4, 3, 5]",60,0
orig,"[7, 3, 6, 0, 1, 5, 2, 4]",60,0
orig,"[7, 3, 6, 0, 1, 5, 2, 4]",61,0
orig,"[7, 3, 6, 0, 1, 5, 2, 4]",62,1
orig,"[7, 3, 6, 0, 1, 5, 2, 4]",63,1
orig,"[7, 3, 6, 0, 1, 5, 2, 4]",64,0
orig,"[7, 3, 6, 0, 1, 5, 2, 4]",65,0
orig,"[7, 3, 6, 0, 1, 5, 2, 4]",66,1
orig,"[7, 3, 6, 0, 1, 5, 2, 4]",67,1
orig,"[7, 3, 6, 0, 1, 5, 2, 4]",68,1
orig,"[7, 3, 6, 0, 1, 5, 2, 4]",69,0
orig,"[7, 3, 6, 0, 1, 5, 2, 4]",70,1
orig,"[7, 3, 6, 0, 1, 5, 2, 4]",71,0
orig,"[7, 3, 6, 0, 1, 5, 2, 4]",72,0
orig,"[7, 3, 6, 0, 1, 5, 2, 4]",73,1
orig,"[7, 3, 6, 0, 1, 5, 2, 4]",74,0
orig,"[7, 3, 6, 0, 1, 5, 2, 4]",75,0
orig,"[7, 3, 6, 0, 1, 5, 2, 4]",76,0
orig,"[7, 3, 6, 0, 1, 5, 2, 4]",77,0
orig,"[7, 3, 6, 0, 1, 5, 2, 4]",78,1
orig,"[7, 3, 6, 0, 1, 5, 2, 4]",79,0
orig,"[7, 3, 6, 0, 1, 5, 2, 4]",80,1
orig,"[7, 3, 6, 0, 1, 5, 2, 4]",81,0
orig,"[7, 3, 6, 0, 1, 5, 2, 4]",82,1
orig,"[7, 3, 6, 0, 1, 5, 2, 4]",83,1
orig,"[7, 3, 6, 0, 1, 5, 2, 4]",84,1
orig,"[7, 3, 6, 0, 1, 5, 2, 4]",85,0
orig,"[7, 3, 6, 0, 1, 5, 2, 4]",86,0
orig,"[7, 3, 6, 0, 1, 5, 2, 4]",87,1
orig,"[7, 3, 6, 0, 1, 5, 2, 4]",88,1
orig,"[7, 3, 6, 0, 1, 5, 2, 4]",89,0
orig,"[0, 1, 7, 6, 5, 4, 2, 3]",60,0
orig,"[0, 1, 7, 6, 5, 4, 2, 3]",61,1
orig,"[0, 1, 7, 6, 5, 4, 2, 3]",62,1
orig,"[0, 1, 7, 6, 5, 4, 2, 3]",63,1
orig,"[0, 1, 7, 6, 5, 4, 2, 3]",64,1
orig,"[0, 1, 7, 6, 5, 4, 2, 3]",65,0
orig,"[0, 1, 7, 6, 5, 4, 2, 3]",66,0
orig,"[0, 1, 7, 6, 5, 4, 2, 3]",67,1
orig,"[0, 1, 7, 6, 5, 4, 2, 3]",68,0
orig,"[0, 1, 7, 6, 5, 4, 2, 3]",69,0
orig,"[0, 1, 7, 6, 5, 4, 2, 3]",70,1
orig,"[0, 1, 7, 6, 5, 4, 2, 3]",71,1
orig,"[0, 1, 7, 6, 5, 4, 2, 3]",72,0
orig,"[0, 1, 7, 6, 5, 4, 2, 3]",73,0
orig,"[0, 1, 7, 6, 5, 4, 2, 3]",74,0
orig,"[0, 1, 7, 6, 5, 4, 2, 3]",75,1
orig,"[0, 1, 7, 6, 5, 4, 2, 3]",76,0
orig,"[0, 1, 7, 6, 5, 4, 2, 3]",77,0
orig,"[0, 1, 7, 6, 5, 4, 2, 3]",78,0
orig,"[0, 1, 7, 6, 5, 4, 2, 3]",79,0
orig,"[0, 1, 7, 6, 5, 4, 2, 3]",80,1
orig,"[0, 1, 7, 6, 5, 4, 2, 3]",81,1
orig,"[0, 1, 7, 6, 5, 4, 2, 3]",82,0
orig,"[0, 1, 7, 6, 5, 4, 2, 3]",83,0
orig,"[0, 1, 7, 6, 5, 4, 2, 3]",84,1
orig,"[0, 1, 7, 6, 5, 4, 2, 3]",85,1
orig,"[0, 1, 7, 6, 5, 4, 2, 3]",86,0
orig,"[0, 1, 7, 6, 5, 4, 2, 3]",87,1
orig,"[0, 1, 7, 6, 5, 4, 2, 3]",88,1
orig,"[0, 1, 7, 6, 5, 4, 2, 3]",89,0
orig,"[0, 1, 6, 5, 2, 4, 3, 7]",60,0
orig,"[0, 1, 6, 5, 2, 4, 3, 7]",61,1
orig,"[0, 1, 6, 5, 2, 4, 3, 7]",62,0
orig,"[0, 1, 6, 5, 2, 4, 3, 7]",63,1
orig,"[0, 1, 6, 5, 2, 4, 3, 7]",64,1
orig,"[0, 1, 6, 5, 2, 4, 3, 7]",65,1
orig,"[0, 1, 6, 5, 2, 4, 3, 7]",66,0
orig,"[0, 1, 6, 5, 2, 4, 3, 7]",67,1
orig,"[0, 1, 6, 5, 2, 4, 3, 7]",68,1
orig,"[0, 1, 6, 5, 2, 4, 3, 7]",69,1
orig,"[0, 1, 6, 5, 2, 4, 3, 7]",70,1
orig,"[0, 1, 6, 5, 2, 4, 3, 7]",71,1
orig,"[0, 1, 6, 5, 2, 4, 3, 7]",72,0
orig,"[0, 1, 6, 5, 2, 4, 3, 7]",73,0
orig,"[0, 1, 6, 5, 2, 4, 3, 7]",74,0
orig,"[0, 1, 6, 5, 2, 4, 3, 7]",75,1
orig,"[0, 1, 6, 5, 2, 4, 3, 7]",76,1
orig,"[0, 1, 6, 5, 2, 4, 3, 7]",77,0
orig,"[0, 1, 6, 5, 2, 4, 3, 7]",78,0
orig,"[0, 1, 6, 5, 2, 4, 3, 7]",79,0
orig,"[0, 1, 6, 5, 2, 4, 3, 7]",80,1
orig,"[0, 1, 6, 5, 2, 4, 3, 7]",81,1
orig,"[0, 1, 6, 5, 2, 4, 3, 7]",82,1
orig,"[0, 1, 6, 5, 2, 4, 3, 7]",83,0
orig,"[0, 1, 6, 5, 2, 4, 3, 7]",84,0
orig,"[0, 1, 6, 5, 2, 4, 3, 7]",85,0
orig,"[0, 1, 6, 5, 2, 4, 3, 7]",86,0
orig,"[0, 1, 6, 5, 2, 4, 3, 7]",87,1
orig,"[0, 1, 6, 5, 2, 4, 3, 7]",88,1
orig,"[0, 1, 6, 5, 2, 4, 3, 7]",89,0
orig,"[0, 6, 7, 1, 5, 4, 2, 3]",60,0
orig,"[0, 6, 7, 1, 5, 4, 2, 3]",61,0
orig,"[0, 6, 7, 1, 5, 4, 2, 3]",62,0
orig,"[0, 6, 7, 1, 5, 4, 2, 3]",63,0
orig,"[0, 6, 7, 1, 5, 4, 2, 3]",64,0
orig,"[0, 6, 7, 1, 5, 4, 2, 3]",65,0
orig,"[0, 6, 7, 1, 5, 4, 2, 3]",66,0
orig,"[0, 6, 7, 1, 5, 4, 2, 3]",67,1
orig,"[0, 6, 7, 1, 5, 4, 2, 3]",68,0
orig,"[0, 6, 7, 1, 5, 4, 2, 3]",69,0
orig,"[0, 6, 7, 1, 5, 4, 2, 3]",70,1
orig,"[0, 6, 7, 1, 5, 4, 2, 3]",71,1
orig,"[0, 6, 7, 1, 5, 4, 2, 3]",72,1
orig,"[0, 6, 7, 1, 5, 4, 2, 3]",73,1
orig,"[0, 6, 7, 1, 5, 4, 2, 3]",74,0
orig,"[0, 6, 7, 1, 5, 4, 2, 3]",75,1
orig,"[0, 6, 7, 1, 5, 4, 2, 3]",76,0
orig,"[0, 6, 7, 1, 5, 4, 2, 3]",77,0
orig,"[0, 6, 7, 1, 5, 4, 2, 3]",78,0
orig,"[0, 6, 7, 1, 5, 4, 2, 3]",79,0
orig,"[0, 6, 7, 1, 5, 4, 2, 3]",80,1
orig,"[0, 6, 7, 1, 5, 4, 2, 3]",81,0
orig,"[0, 6, 7, 1, 5, 4, 2, 3]",82,0
orig,"[0, 6, 7, 1, 5, 4, 2, 3]",83,0
orig,"[0, 6, 7, 1, 5, 4, 2, 3]",84,1
orig,"[0, 6, 7, 1, 5, 4, 2, 3]",85,1
orig,"[0, 6, 7, 1, 5, 4, 2, 3]",86,0
orig,"[0, 6, 7, 1, 5, 4, 2, 3]",87,0
orig,"[0, 6, 7, 1, 5, 4, 2, 3]",88,1
orig,"[0, 6, 7, 1, 5, 4, 2, 3]",89,0
orig,"[1, 0, 7, 2, 4, 5, 6, 3]",60,0
orig,"[1, 0, 7, 2, 4, 5, 6, 3]",61,1
orig,"[1, 0, 7, 2, 4, 5, 6, 3]",62,1
orig,"[1, 0, 7, 2, 4, 5, 6, 3]",63,0
orig,"[1, 0, 7, 2, 4, 5, 6, 3]",64,0
orig,"[1, 0, 7, 2, 4, 5, 6, 3]",65,0
orig,"[1, 0, 7, 2, 4, 5, 6, 3]",66,0
orig,"[1, 0, 7, 2, 4, 5, 6, 3]",67,0
orig,"[1, 0, 7, 2, 4, 5, 6, 3]",68,0
orig,"[1, 0, 7, 2, 4, 5, 6, 3]",69,0
orig,"[1, 0, 7, 2, 4, 5, 6, 3]",70,1
orig,"[1, 0, 7, 2, 4, 5, 6, 3]",71,1
orig,"[1, 0, 7, 2, 4, 5, 6, 3]",72,1
orig,"[1, 0, 7, 2, 4, 5, 6, 3]",73,1
orig,"[1, 0, 7, 2, 4, 5, 6, 3]",74,0
orig,"[1, 0, 7, 2, 4, 5, 6, 3]",75,0
orig,"[1, 0, 7, 2, 4, 5, 6, 3]",76,0
orig,"[1, 0, 7, 2, 4, 5, 6, 3]",77,0
orig,"[1, 0, 7, 2, 4, 5, 6, 3]",78,0
orig,"[1, 0, 7, 2, 4, 5, 6, 3]",79,1
orig,"[1, 0, 7, 2, 4, 5, 6, 3]",80,0
orig,"[1, 0, 7, 2, 4, 5, 6, 3]",81,1
orig,"[1, 0, 7, 2, 4, 5, 6, 3]",82,1
orig,"[1, 0, 7, 2, 4, 5, 6, 3]",83,0
orig,"[1, 0, 7, 2, 4, 5, 6, 3]",84,0
orig,"[1, 0, 7, 2, 4, 5, 6, 3]",85,1
orig,"[1, 0, 7, 2, 4, 5, 6, 3]",86,0
orig,"[1, 0, 7, 2, 4, 5, 6, 3]",87,1
orig,"[1, 0, 7, 2, 4, 5, 6, 3]",88,1
orig,"[1, 0, 7, 2, 4, 5, 6, 3]",89,0
orig,"[0, 6, 5, 2, 4, 3, 1, 7]",60,0
orig,"[0, 6, 5, 2, 4, 3, 1, 7]",61,1
orig,"[0, 6, 5, 2, 4, 3, 1, 7]",62,0
orig,"[0, 6, 5, 2, 4, 3, 1, 7]",63,0
orig,"[0, 6, 5, 2, 4, 3, 1, 7]",64,1
orig,"[0, 6, 5, 2, 4, 3, 1, 7]",65,0
orig,"[0, 6, 5, 2, 4, 3, 1, 7]",66,0
orig,"[0, 6, 5, 2, 4, 3, 1, 7]",67,1
orig,"[0, 6, 5, 2, 4, 3, 1, 7]",68,0
orig,"[0, 6, 5, 2, 4, 3, 1, 7]",69,1
orig,"[0, 6, 5, 2, 4, 3, 1, 7]",70,0
orig,"[0, 6, 5, 2, 4, 3, 1, 7]",71,1
orig,"[0, 6, 5, 2, 4, 3, 1, 7]",72,0
orig,"[0, 6, 5, 2, 4, 3, 1, 7]",73,0
orig,"[0, 6, 5, 2, 4, 3, 1, 7]",74,0
orig,"[0, 6, 5, 2, 4, 3, 1, 7]",75,0
orig,"[0, 6, 5, 2, 4, 3, 1, 7]",76,0
orig,"[0, 6, 5, 2, 4, 3, 1, 7]",77,0
orig,"[0, 6, 5, 2, 4, 3, 1, 7]",78,0
orig,"[0, 6, 5, 2, 4, 3, 1, 7]",79,1
orig,"[0, 6, 5, 2, 4, 3, 1, 7]",80,1
orig,"[0, 6, 5, 2, 4, 3, 1, 7]",81,1
orig,"[0, 6, 5, 2, 4, 3, 1, 7]",82,0
orig,"[0, 6, 5, 2, 4, 3, 1, 7]",83,0
orig,"[0, 6, 5, 2, 4, 3, 1, 7]",84,1
orig,"[0, 6, 5, 2, 4, 3, 1, 7]",85,0
orig,"[0, 6, 5, 2, 4, 3, 1, 7]",86,0
orig,"[0, 6, 5, 2, 4, 3, 1, 7]",87,1
orig,"[0, 6, 5, 2, 4, 3, 1, 7]",88,1
orig,"[0, 6, 5, 2, 4, 3, 1, 7]",89,0
orig,"[0, 4, 6, 7, 1, 5, 2, 3]",60,0
orig,"[0, 4, 6, 7, 1, 5, 2, 3]",61,1
orig,"[0, 4, 6, 7, 1, 5, 2, 3]",62,0
orig,"[0, 4, 6, 7, 1, 5, 2, 3]",63,0
orig,"[0, 4, 6, 7, 1, 5, 2, 3]",64,1
orig,"[0, 4, 6, 7, 1, 5, 2, 3]",65,0
orig,"[0, 4, 6, 7, 1, 5, 2, 3]",66,0
orig,"[0, 4, 6, 7, 1, 5, 2, 3]",67,1
orig,"[0, 4, 6, 7, 1, 5, 2, 3]",68,1
orig,"[0, 4, 6, 7, 1, 5, 2, 3]",69,0
orig,"[0, 4, 6, 7, 1, 5, 2, 3]",70,1
orig,"[0, 4, 6, 7, 1, 5, 2, 3]",71,1
orig,"[0, 4, 6, 7, 1, 5, 2, 3]",72,0
orig,"[0, 4, 6, 7, 1, 5, 2, 3]",73,0
orig,"[0, 4, 6, 7, 1, 5, 2, 3]",74,0
orig,"[0, 4, 6, 7, 1, 5, 2, 3]",75,0
orig,"[0, 4, 6, 7, 1, 5, 2, 3]",76,0
orig,"[0, 4, 6, 7, 1, 5, 2, 3]",77,0
orig,"[0, 4, 6, 7, 1, 5, 2, 3]",78,0
orig,"[0, 4, 6, 7, 1, 5, 2, 3]",79,1
orig,"[0, 4, 6, 7, 1, 5, 2, 3]",80,0
orig,"[0, 4, 6, 7, 1, 5, 2, 3]",81,0
orig,"[0, 4, 6, 7, 1, 5, 2, 3]",82,0
orig,"[0, 4, 6, 7, 1, 5, 2, 3]",83,1
orig,"[0, 4, 6, 7, 1, 5, 2, 3]",84,0
orig,"[0, 4, 6, 7, 1, 5, 2, 3]",85,0
orig,"[0, 4, 6, 7, 1, 5, 2, 3]",86,0
orig,"[0, 4, 6, 7, 1, 5, 2, 3]",87,1
orig,"[0, 4, 6, 7, 1, 5, 2, 3]",88,1
orig,"[0, 4, 6, 7, 1, 5, 2, 3]",89,0
orig,"[0, 1, 6, 5, 4, 2, 3, 7]",60,0
orig,"[0, 1, 6, 5, 4, 2, 3, 7]",61,1
orig,"[0, 1, 6, 5, 4, 2, 3, 7]",62,0
orig,"[0, 1, 6, 5, 4, 2, 3, 7]",63,1
orig,"[0, 1, 6, 5, 4, 2, 3, 7]",64,1
orig,"[0, 1, 6, 5, 4, 2, 3, 7]",65,1
orig,"[0, 1, 6, 5, 4, 2, 3, 7]",66,0
orig,"[0, 1, 6, 5, 4, 2, 3, 7]",67,1
orig,"[0, 1, 6, 5, 4, 2, 3, 7]",68,0
orig,"[0, 1, 6, 5, 4, 2, 3, 7]",69,1
orig,"[0, 1, 6, 5, 4, 2, 3, 7]",70,1
orig,"[0, 1, 6, 5, 4, 2, 3, 7]",71,1
orig,"[0, 1, 6, 5, 4, 2, 3, 7]",72,0
orig,"[0, 1, 6, 5, 4, 2, 3, 7]",73,0
orig,"[0, 1, 6, 5, 4, 2, 3, 7]",74,0
orig,"[0, 1, 6, 5, 4, 2, 3, 7]",75,0
orig,"[0, 1, 6, 5, 4, 2, 3, 7]",76,0
orig,"[0, 1, 6, 5, 4, 2, 3, 7]",77,0
orig,"[0, 1, 6, 5, 4, 2, 3, 7]",78,1
orig,"[0, 1, 6, 5, 4, 2, 3, 7]",79,0
orig,"[0, 1, 6, 5, 4, 2, 3, 7]",80,1
orig,"[0, 1, 6, 5, 4, 2, 3, 7]",81,0
orig,"[0, 1, 6, 5, 4, 2, 3, 7]",82,1
orig,"[0, 1, 6, 5, 4, 2, 3, 7]",83,0
orig,"[0, 1, 6, 5, 4, 2, 3, 7]",84,0
orig,"[0, 1, 6, 5, 4, 2, 3, 7]",85,0
orig,"[0, 1, 6, 5, 4, 2, 3, 7]",86,0
orig,"[0, 1, 6, 5, 4, 2, 3, 7]",87,1
orig,"[0, 1, 6, 5, 4, 2, 3, 7]",88,1
orig,"[0, 1, 6, 5, 4, 2, 3, 7]",89,0
orig,"[0, 7, 1, 6, 5, 2, 4, 3]",60,0
orig,"[0, 7, 1, 6, 5, 2, 4, 3]",61,0
orig,"[0, 7, 1, 6, 5, 2, 4, 3]",62,0
orig,"[0, 7, 1, 6, 5, 2, 4, 3]",63,0
orig,"[0, 7, 1, 6, 5, 2, 4, 3]",64,1
orig,"[0, 7, 1, 6, 5, 2, 4, 3]",65,0
orig,"[0, 7, 1, 6, 5, 2, 4, 3]",66,0
orig,"[0, 7, 1, 6, 5, 2, 4, 3]",67,0
orig,"[0, 7, 1, 6, 5, 2, 4, 3]",68,0
orig,"[0, 7, 1, 6, 5, 2, 4, 3]",69,0
orig,"[0, 7, 1, 6, 5, 2, 4, 3]",70,0
orig,"[0, 7, 1, 6, 5, 2, 4, 3]",71,0
orig,"[0, 7, 1, 6, 5, 2, 4, 3]",72,1
orig,"[0, 7, 1, 6, 5, 2, 4, 3]",73,1
orig,"[0, 7, 1, 6, 5, 2, 4, 3]",74,0
orig,"[0, 7, 1, 6, 5, 2, 4, 3]",75,0
orig,"[0, 7, 1, 6, 5, 2, 4, 3]",76,0
orig,"[0, 7, 1, 6, 5, 2, 4, 3]",77,0
orig,"[0, 7, 1, 6, 5, 2, 4, 3]",78,0
orig,"[0, 7, 1, 6, 5, 2, 4, 3]",79,0
orig,"[0, 7, 1, 6, 5, 2, 4, 3]",80,1
orig,"[0, 7, 1, 6, 5, 2, 4, 3]",81,0
orig,"[0, 7, 1, 6, 5, 2, 4, 3]",82,0
orig,"[0, 7, 1, 6, 5, 2, 4, 3]",83,0
orig,"[0, 7, 1, 6, 5, 2, 4, 3]",84,0
orig,"[0, 7, 1, 6, 5, 2, 4, 3]",85,0
orig,"[0, 7, 1, 6, 5, 2, 4, 3]",86,0
orig,"[0, 7, 1, 6, 5, 2, 4, 3]",87,0
orig,"[0, 7, 1, 6, 5, 2, 4, 3]",88,1
orig,"[0, 7, 1, 6, 5, 2, 4, 3]",89,0
orig,"[0, 1, 6, 3, 5, 4, 2, 7]",60,0
orig,"[0, 1, 6, 3, 5, 4, 2, 7]",61,0
orig,"[0, 1, 6, 3, 5, 4, 2, 7]",62,0
orig,"[0, 1, 6, 3, 5, 4, 2, 7]",63,1
orig,"[0, 1, 6, 3, 5, 4, 2, 7]",64,0
orig,"[0, 1, 6, 3, 5, 4, 2, 7]",65,1
orig,"[0, 1, 6, 3, 5, 4, 2, 7]",66,0
orig,"[0, 1, 6, 3, 5, 4, 2, 7]",67,1
orig,"[0, 1, 6, 3, 5, 4, 2, 7]",68,1
orig,"[0, 1, 6, 3, 5, 4, 2, 7]",69,0
orig,"[0, 1, 6, 3, 5, 4, 2, 7]",70,0
orig,"[0, 1, 6, 3, 5, 4, 2, 7]",71,1
orig,"[0, 1, 6, 3, 5, 4, 2, 7]",72,0
orig,"[0, 1, 6, 3, 5, 4, 2, 7]",73,0
orig,"[0, 1, 6, 3, 5, 4, 2, 7]",74,0
orig,"[0, 1, 6, 3, 5, 4, 2, 7]",75,1
orig,"[0, 1, 6, 3, 5, 4, 2, 7]",76,0
orig,"[0, 1, 6, 3, 5, 4, 2, 7]",77,0
orig,"[0, 1, 6, 3, 5, 4, 2, 7]",78,0
orig,"[0, 1, 6, 3, 5, 4, 2, 7]",79,1
orig,"[0, 1, 6, 3, 5, 4, 2, 7]",80,0
orig,"[0, 1, 6, 3, 5, 4, 2, 7]",81,0
orig,"[0, 1, 6, 3, 5, 4, 2, 7]",82,1
orig,"[0, 1, 6, 3, 5, 4, 2, 7]",83,0
orig,"[0, 1, 6, 3, 5, 4, 2, 7]",84,0
orig,"[0, 1, 6, 3, 5, 4, 2, 7]",85,0
orig,"[0, 1, 6, 3, 5, 4, 2, 7]",86,0
orig,"[0, 1, 6, 3, 5, 4, 2, 7]",87,1
orig,"[0, 1, 6, 3, 5, 4, 2, 7]",88,1
orig,"[0, 1, 6, 3, 5, 4, 2, 7]",89,0
orig,"[7, 3, 6, 0, 1, 5, 4, 2]",60,0
orig,"[7, 3, 6, 0, 1, 5, 4, 2]",61,1
orig,"[7, 3, 6, 0, 1, 5, 4, 2]",62,0
orig,"[7, 3, 6, 0, 1, 5, 4, 2]",63,1
orig,"[7, 3, 6, 0, 1, 5, 4, 2]",64,0
orig,"[7, 3, 6, 0, 1, 5, 4, 2]",65,0
orig,"[7, 3, 6, 0, 1, 5, 4, 2]",66,0
orig,"[7, 3, 6, 0, 1, 5, 4, 2]",67,1
orig,"[7, 3, 6, 0, 1, 5, 4, 2]",68,1
orig,"[7, 3, 6, 0, 1, 5, 4, 2]",69,0
orig,"[7, 3, 6, 0, 1, 5, 4, 2]",70,1
orig,"[7, 3, 6, 0, 1, 5, 4, 2]",71,1
orig,"[7, 3, 6, 0, 1, 5, 4, 2]",72,0
orig,"[7, 3, 6, 0, 1, 5, 4, 2]",73,0
orig,"[7, 3, 6, 0, 1, 5, 4, 2]",74,0
orig,"[7, 3, 6, 0, 1, 5, 4, 2]",75,1
orig,"[7, 3, 6, 0, 1, 5, 4, 2]",76,0
orig,"[7, 3, 6, 0, 1, 5, 4, 2]",77,0
orig,"[7, 3, 6, 0, 1, 5, 4, 2]",78,0
orig,"[7, 3, 6, 0, 1, 5, 4, 2]",79,1
orig,"[7, 3, 6, 0, 1, 5, 4, 2]",80,1
orig,"[7, 3, 6, 0, 1, 5, 4, 2]",81,1
orig,"[7, 3, 6, 0, 1, 5, 4, 2]",82,0
orig,"[7, 3, 6, 0, 1, 5, 4, 2]",83,0
orig,"[7, 3, 6, 0, 1, 5, 4, 2]",84,1
orig,"[7, 3, 6, 0, 1, 5, 4, 2]",85,0
orig,"[7, 3, 6, 0, 1, 5, 4, 2]",86,0
orig,"[7, 3, 6, 0, 1, 5, 4, 2]",87,1
orig,"[7, 3, 6, 0, 1, 5, 4, 2]",88,1
orig,"[7, 3, 6, 0, 1, 5, 4, 2]",89,0
orig,"[0, 1, 6, 7, 5, 2, 4, 3]",60,0
orig,"[0, 1, 6, 7, 5, 2, 4, 3]",61,0
orig,"[0, 1, 6, 7, 5, 2, 4, 3]",62,0
orig,"[0, 1, 6, 7, 5, 2, 4, 3]",63,0
orig,"[0, 1, 6, 7, 5, 2, 4, 3]",64,1
orig,"[0, 1, 6, 7, 5, 2, 4, 3]",65,0
orig,"[0, 1, 6, 7, 5, 2, 4, 3]",66,1
orig,"[0, 1, 6, 7, 5, 2, 4, 3]",67,1
orig,"[0, 1, 6, 7, 5, 2, 4, 3]",68,0
orig,"[0, 1, 6, 7, 5, 2, 4, 3]",69,0
orig,"[0, 1, 6, 7, 5, 2, 4, 3]",70,1
orig,"[0, 1, 6, 7, 5, 2, 4, 3]",71,1
orig,"[0, 1, 6, 7, 5, 2, 4, 3]",72,0
orig,"[0, 1, 6, 7, 5, 2, 4, 3]",73,0
orig,"[0, 1, 6, 7, 5, 2, 4, 3]",74,0
orig,"[0, 1, 6, 7, 5, 2, 4, 3]",75,1
orig,"[0, 1, 6, 7, 5, 2, 4, 3]",76,0
orig,"[0, 1, 6, 7, 5, 2, 4, 3]",77,0
orig,"[0, 1, 6, 7, 5, 2, 4, 3]",78,0
orig,"[0, 1, 6, 7, 5, 2, 4, 3]",79,0
orig,"[0, 1, 6, 7, 5, 2, 4, 3]",80,0
orig,"[0, 1, 6, 7, 5, 2, 4, 3]",81,1
orig,"[0, 1, 6, 7, 5, 2, 4, 3]",82,0
orig,"[0, 1, 6, 7, 5, 2, 4, 3]",83,0
orig,"[0, 1, 6, 7, 5, 2, 4, 3]",84,0
orig,"[0, 1, 6, 7, 5, 2, 4, 3]",85,0
orig,"[0, 1, 6, 7, 5, 2, 4, 3]",86,0
orig,"[0, 1, 6, 7, 5, 2, 4, 3]",87,1
orig,"[0, 1, 6, 7, 5, 2, 4, 3]",88,1
orig,"[0, 1, 6, 7, 5, 2, 4, 3]",89,0
orig,"[1, 0, 7, 5, 6, 2, 4, 3]",60,0
orig,"[1, 0, 7, 5, 6, 2, 4, 3]",61,1
orig,"[1, 0, 7, 5, 6, 2, 4, 3]",62,0
orig,"[1, 0, 7, 5, 6, 2, 4, 3]",63,0
orig,"[1, 0, 7, 5, 6, 2, 4, 3]",64,1
orig,"[1, 0, 7, 5, 6, 2, 4, 3]",65,0
orig,"[1, 0, 7, 5, 6, 2, 4, 3]",66,1
orig,"[1, 0, 7, 5, 6, 2, 4, 3]",67,1
orig,"[1, 0, 7, 5, 6, 2, 4, 3]",68,0
orig,"[1, 0, 7, 5, 6, 2, 4, 3]",69,0
orig,"[1, 0, 7, 5, 6, 2, 4, 3]",70,0
orig,"[1, 0, 7, 5, 6, 2, 4, 3]",71,1
orig,"[1, 0, 7, 5, 6, 2, 4, 3]",72,1
orig,"[1, 0, 7, 5, 6, 2, 4, 3]",73,1
orig,"[1, 0, 7, 5, 6, 2, 4, 3]",74,0
orig,"[1, 0, 7, 5, 6, 2, 4, 3]",75,0
orig,"[1, 0, 7, 5, 6, 2, 4, 3]",76,0
orig,"[1, 0, 7, 5, 6, 2, 4, 3]",77,0
orig,"[1, 0, 7, 5, 6, 2, 4, 3]",78,0
orig,"[1, 0, 7, 5, 6, 2, 4, 3]",79,1
orig,"[1, 0, 7, 5, 6, 2, 4, 3]",80,1
orig,"[1, 0, 7, 5, 6, 2, 4, 3]",81,1
orig,"[1, 0, 7, 5, 6, 2, 4, 3]",82,1
orig,"[1, 0, 7, 5, 6, 2, 4, 3]",83,1
orig,"[1, 0, 7, 5, 6, 2, 4, 3]",84,1
orig,"[1, 0, 7, 5, 6, 2, 4, 3]",85,0
orig,"[1, 0, 7, 5, 6, 2, 4, 3]",86,0
orig,"[1, 0, 7, 5, 6, 2, 4, 3]",87,1
orig,"[1, 0, 7, 5, 6, 2, 4, 3]",88,1
orig,"[1, 0, 7, 5, 6, 2, 4, 3]",89,0
orig,"[3, 1, 0, 7, 2, 4, 5, 6]",60,0
orig,"[3, 1, 0, 7, 2, 4, 5, 6]",61,1
orig,"[3, 1, 0, 7, 2, 4, 5, 6]",62,0
orig,"[3, 1, 0, 7, 2, 4, 5, 6]",63,0
orig,"[3, 1, 0, 7, 2, 4, 5, 6]",64,1
orig,"[3, 1, 0, 7, 2, 4, 5, 6]",65,0
orig,"[3, 1, 0, 7, 2, 4, 5, 6]",66,1
orig,"[3, 1, 0, 7, 2, 4, 5, 6]",67,0
orig,"[3, 1, 0, 7, 2, 4, 5, 6]",68,0
orig,"[3, 1, 0, 7, 2, 4, 5, 6]",69,0
orig,"[3, 1, 0, 7, 2, 4, 5, 6]",70,0
orig,"[3, 1, 0, 7, 2, 4, 5, 6]",71,1
orig,"[3, 1, 0, 7, 2, 4, 5, 6]",72,0
orig,"[3, 1, 0, 7, 2, 4, 5, 6]",73,0
orig,"[3, 1, 0, 7, 2, 4, 5, 6]",74,0
orig,"[3, 1, 0, 7, 2, 4, 5, 6]",75,1
orig,"[3, 1, 0, 7, 2, 4, 5, 6]",76,0
orig,"[3, 1, 0, 7, 2, 4, 5, 6]",77,0
orig,"[3, 1, 0, 7, 2, 4, 5, 6]",78,0
orig,"[3, 1, 0, 7, 2, 4, 5, 6]",79,0
orig,"[3, 1, 0, 7, 2, 4, 5, 6]",80,0
orig,"[3, 1, 0, 7, 2, 4, 5, 6]",81,0
orig,"[3, 1, 0, 7, 2, 4, 5, 6]",82,1
orig,"[3, 1, 0, 7, 2, 4, 5, 6]",83,0
orig,"[3, 1, 0, 7, 2, 4, 5, 6]",84,0
orig,"[3, 1, 0, 7, 2, 4, 5, 6]",85,0
orig,"[3, 1, 0, 7, 2, 4, 5, 6]",86,0
orig,"[3, 1, 0, 7, 2, 4, 5, 6]",87,1
orig,"[3, 1, 0, 7, 2, 4, 5, 6]",88,1
orig,"[3, 1, 0, 7, 2, 4, 5, 6]",89,0
orig,"[7, 2, 5, 1, 0, 6, 3, 4]",60,0
orig,"[6, 4, 0, 7, 3, 1, 5, 2]",60,0
orig,"[6, 4, 0, 7, 3, 1, 5, 2]",61,1
orig,"[6, 4, 0, 7, 3, 1, 5, 2]",62,0
orig,"[6, 4, 0, 7, 3, 1, 5, 2]",63,1
orig,"[6, 4, 0, 7, 3, 1, 5, 2]",64,1
orig,"[6, 4, 0, 7, 3, 1, 5, 2]",65,0
orig,"[6, 4, 0, 7, 3, 1, 5, 2]",66,0
orig,"[6, 4, 0, 7, 3, 1, 5, 2]",67,1
orig,"[6, 4, 0, 7, 3, 1, 5, 2]",68,1
orig,"[6, 4, 0, 7, 3, 1, 5, 2]",69,0
orig,"[6, 4, 0, 7, 3, 1, 5, 2]",70,1
orig,"[6, 4, 0, 7, 3, 1, 5, 2]",71,1
orig,"[6, 4, 0, 7, 3, 1, 5, 2]",72,0
orig,"[6, 4, 0, 7, 3, 1, 5, 2]",73,0
orig,"[6, 4, 0, 7, 3, 1, 5, 2]",74,0
orig,"[6, 4, 0, 7, 3, 1, 5, 2]",75,1
orig,"[6, 4, 0, 7, 3, 1, 5, 2]",76,0
orig,"[6, 4, 0, 7, 3, 1, 5, 2]",77,0
orig,"[6, 4, 0, 7, 3, 1, 5, 2]",78,0
orig,"[6, 4, 0, 7, 3, 1, 5, 2]",79,0
orig,"[6, 4, 0, 7, 3, 1, 5, 2]",80,1
orig,"[6, 4, 0, 7, 3, 1, 5, 2]",81,1
orig,"[6, 4, 0, 7, 3, 1, 5, 2]",82,1
orig,"[6, 4, 0, 7, 3, 1, 5, 2]",83,0
orig,"[6, 4, 0, 7, 3, 1, 5, 2]",84,0
orig,"[6, 4, 0, 7, 3, 1, 5, 2]",85,0
orig,"[6, 4, 0, 7, 3, 1, 5, 2]",86,0
orig,"[6, 4, 0, 7, 3, 1, 5, 2]",87,1
orig,"[6, 4, 0, 7, 3, 1, 5, 2]",88,1
orig,"[6, 4, 0, 7, 3, 1, 5, 2]",89,0
orig,"[0, 6, 4, 2, 5, 3, 1, 7]",60,0
orig,"[0, 6, 4, 2, 5, 3, 1, 7]",61,1
orig,"[0, 6, 4, 2, 5, 3, 1, 7]",62,0
orig,"[0, 6, 4, 2, 5, 3, 1, 7]",63,0
orig,"[0, 6, 4, 2, 5, 3, 1, 7]",64,1
orig,"[0, 6, 4, 2, 5, 3, 1, 7]",65,0
orig,"[0, 6, 4, 2, 5, 3, 1, 7]",66,1
orig,"[0, 6, 4, 2, 5, 3, 1, 7]",67,0
orig,"[0, 6, 4, 2, 5, 3, 1, 7]",68,1
orig,"[0, 6, 4, 2, 5, 3, 1, 7]",69,0
orig,"[0, 6, 4, 2, 5, 3, 1, 7]",70,1
orig,"[0, 6, 4, 2, 5, 3, 1, 7]",71,1
orig,"[0, 6, 4, 2, 5, 3, 1, 7]",72,0
orig,"[0, 6, 4, 2, 5, 3, 1, 7]",73,0
orig,"[0, 6, 4, 2, 5, 3, 1, 7]",74,0
orig,"[0, 6, 4, 2, 5, 3, 1, 7]",75,1
orig,"[0, 6, 4, 2, 5, 3, 1, 7]",76,0
orig,"[0, 6, 4, 2, 5, 3, 1, 7]",77,0
orig,"[0, 6, 4, 2, 5, 3, 1, 7]",78,0
orig,"[0, 6, 4, 2, 5, 3, 1, 7]",79,0
orig,"[0, 6, 4, 2, 5, 3, 1, 7]",80,0
orig,"[0, 6, 4, 2, 5, 3, 1, 7]",81,0
orig,"[0, 6, 4, 2, 5, 3, 1, 7]",82,0
orig,"[0, 6, 4, 2, 5, 3, 1, 7]",83,0
orig,"[0, 6, 4, 2, 5, 3, 1, 7]",84,0
orig,"[0, 6, 4, 2, 5, 3, 1, 7]",85,0
orig,"[0, 6, 4, 2, 5, 3, 1, 7]",86,0
orig,"[0, 6, 4, 2, 5, 3, 1, 7]",87,1
orig,"[0, 6, 4, 2, 5, 3, 1, 7]",88,1
orig,"[0, 6, 4, 2, 5, 3, 1, 7]",89,0
orig,"[1, 5, 7, 0, 6, 2, 4, 3]",60,0
orig,"[1, 5, 7, 0, 6, 2, 4, 3]",61,1
orig,"[1, 5, 7, 0, 6, 2, 4, 3]",62,0
orig,"[1, 5, 7, 0, 6, 2, 4, 3]",63,0
orig,"[1, 5, 7, 0, 6, 2, 4, 3]",64,1
orig,"[1, 5, 7, 0, 6, 2, 4, 3]",65,0
orig,"[1, 5, 7, 0, 6, 2, 4, 3]",66,1
orig,"[1, 5, 7, 0, 6, 2, 4, 3]",67,1
orig,"[1, 5, 7, 0, 6, 2, 4, 3]",68,1
orig,"[1, 5, 7, 0, 6, 2, 4, 3]",69,0
orig,"[1, 5, 7, 0, 6, 2, 4, 3]",70,1
orig,"[1, 5, 7, 0, 6, 2, 4, 3]",71,1
orig,"[1, 5, 7, 0, 6, 2, 4, 3]",72,1
orig,"[1, 5, 7, 0, 6, 2, 4, 3]",73,0
orig,"[1, 5, 7, 0, 6, 2, 4, 3]",74,0
orig,"[1, 5, 7, 0, 6, 2, 4, 3]",75,0
orig,"[1, 5, 7, 0, 6, 2, 4, 3]",76,0
orig,"[1, 5, 7, 0, 6, 2, 4, 3]",77,0
orig,"[1, 5, 7, 0, 6, 2, 4, 3]",78,0
orig,"[1, 5, 7, 0, 6, 2, 4, 3]",79,0
orig,"[1, 5, 7, 0, 6, 2, 4, 3]",80,1
orig,"[1, 5, 7, 0, 6, 2, 4, 3]",81,1
orig,"[1, 5, 7, 0, 6, 2, 4, 3]",82,1
orig,"[1, 5, 7, 0, 6, 2, 4, 3]",83,0
orig,"[1, 5, 7, 0, 6, 2, 4, 3]",84,1
orig,"[1, 5, 7, 0, 6, 2, 4, 3]",85,0
orig,"[1, 5, 7, 0, 6, 2, 4, 3]",86,0
orig,"[1, 5, 7, 0, 6, 2, 4, 3]",87,1
orig,"[1, 5, 7, 0, 6, 2, 4, 3]",88,1
orig,"[1, 5, 7, 0, 6, 2, 4, 3]",89,0
orig,"[0, 1, 7, 2, 4, 5, 6, 3]",60,0
orig,"[0, 1, 7, 2, 4, 5, 6, 3]",61,1
orig,"[0, 1, 7, 2, 4, 5, 6, 3]",62,0
orig,"[0, 1, 7, 2, 4, 5, 6, 3]",63,0
orig,"[0, 1, 7, 2, 4, 5, 6, 3]",64,1
orig,"[0, 1, 7, 2, 4, 5, 6, 3]",65,0
orig,"[0, 1, 7, 2, 4, 5, 6, 3]",66,1
orig,"[0, 1, 7, 2, 4, 5, 6, 3]",67,1
orig,"[0, 1, 7, 2, 4, 5, 6, 3]",68,1
orig,"[0, 1, 7, 2, 4, 5, 6, 3]",69,0
orig,"[0, 1, 7, 2, 4, 5, 6, 3]",70,1
orig,"[0, 1, 7, 2, 4, 5, 6, 3]",71,1
orig,"[0, 1, 7, 2, 4, 5, 6, 3]",72,1
orig,"[0, 1, 7, 2, 4, 5, 6, 3]",73,0
orig,"[0, 1, 7, 2, 4, 5, 6, 3]",74,0
orig,"[0, 1, 7, 2, 4, 5, 6, 3]",75,1
orig,"[0, 1, 7, 2, 4, 5, 6, 3]",76,0
orig,"[0, 1, 7, 2, 4, 5, 6, 3]",77,0
orig,"[0, 1, 7, 2, 4, 5, 6, 3]",78,0
orig,"[0, 1, 7, 2, 4, 5, 6, 3]",79,1
orig,"[0, 1, 7, 2, 4, 5, 6, 3]",80,0
orig,"[0, 1, 7, 2, 4, 5, 6, 3]",81,0
orig,"[0, 1, 7, 2, 4, 5, 6, 3]",82,1
orig,"[0, 1, 7, 2, 4, 5, 6, 3]",83,0
orig,"[0, 1, 7, 2, 4, 5, 6, 3]",84,0
orig,"[0, 1, 7, 2, 4, 5, 6, 3]",85,1
orig,"[0, 1, 7, 2, 4, 5, 6, 3]",86,0
orig,"[0, 1, 7, 2, 4, 5, 6, 3]",87,1
orig,"[0, 1, 7, 2, 4, 5, 6, 3]",88,1
orig,"[0, 1, 7, 2, 4, 5, 6, 3]",89,0
orig,"[3, 1, 0, 2, 4, 5, 6, 7]",60,0
orig,"[3, 1, 0, 2, 4, 5, 6, 7]",61,1
orig,"[3, 1, 0, 2, 4, 5, 6, 7]",62,0
orig,"[3, 1, 0, 2, 4, 5, 6, 7]",63,0
orig,"[3, 1, 0, 2, 4, 5, 6, 7]",64,1
orig,"[3, 1, 0, 2, 4, 5, 6, 7]",65,0
orig,"[3, 1, 0, 2, 4, 5, 6, 7]",66,1
orig,"[3, 1, 0, 2, 4, 5, 6, 7]",67,0
orig,"[3, 1, 0, 2, 4, 5, 6, 7]",68,1
orig,"[3, 1, 0, 2, 4, 5, 6, 7]",69,0
orig,"[3, 1, 0, 2, 4, 5, 6, 7]",70,1
orig,"[3, 1, 0, 2, 4, 5, 6, 7]",71,1
orig,"[3, 1, 0, 2, 4, 5, 6, 7]",72,0
orig,"[3, 1, 0, 2, 4, 5, 6, 7]",73,0
orig,"[3, 1, 0, 2, 4, 5, 6, 7]",74,0
orig,"[3, 1, 0, 2, 4, 5, 6, 7]",75,0
orig,"[3, 1, 0, 2, 4, 5, 6, 7]",76,0
orig,"[3, 1, 0, 2, 4, 5, 6, 7]",77,0
orig,"[3, 1, 0, 2, 4, 5, 6, 7]",78,0
orig,"[3, 1, 0, 2, 4, 5, 6, 7]",79,0
orig,"[3, 1, 0, 2, 4, 5, 6, 7]",80,0
orig,"[3, 1, 0, 2, 4, 5, 6, 7]",81,0
orig,"[3, 1, 0, 2, 4, 5, 6, 7]",82,0
orig,"[3, 1, 0, 2, 4, 5, 6, 7]",83,0
orig,"[3, 1, 0, 2, 4, 5, 6, 7]",84,0
orig,"[3, 1, 0, 2, 4, 5, 6, 7]",85,0
orig,"[3, 1, 0, 2, 4, 5, 6, 7]",86,0
orig,"[3, 1, 0, 2, 4, 5, 6, 7]",87,1
orig,"[3, 1, 0, 2, 4, 5, 6, 7]",88,1
orig,"[3, 1, 0, 2, 4, 5, 6, 7]",89,0
orig,"[3, 1, 2, 4, 5, 6, 0, 7]",60,1
orig,"[3, 1, 2, 4, 5, 6, 0, 7]",61,1
orig,"[3, 1, 2, 4, 5, 6, 0, 7]",62,0
orig,"[3, 1, 2, 4, 5, 6, 0, 7]",63,0
orig,"[3, 1, 2, 4, 5, 6, 0, 7]",64,1
orig,"[3, 1, 2, 4, 5, 6, 0, 7]",65,0
orig,"[3, 1, 2, 4, 5, 6, 0, 7]",66,0
orig,"[3, 1, 2, 4, 5, 6, 0, 7]",67,0
orig,"[3, 1, 2, 4, 5, 6, 0, 7]",68,1
orig,"[3, 1, 2, 4, 5, 6, 0, 7]",69,0
orig,"[3, 1, 2, 4, 5, 6, 0, 7]",70,1
orig,"[3, 1, 2, 4, 5, 6, 0, 7]",71,1
orig,"[3, 1, 2, 4, 5, 6, 0, 7]",72,0
orig,"[3, 1, 2, 4, 5, 6, 0, 7]",73,0
orig,"[3, 1, 2, 4, 5, 6, 0, 7]",74,0
orig,"[3, 1, 2, 4, 5, 6, 0, 7]",75,0
orig,"[3, 1, 2, 4, 5, 6, 0, 7]",76,0
orig,"[3, 1, 2, 4, 5, 6, 0, 7]",77,0
orig,"[3, 1, 2, 4, 5, 6, 0, 7]",78,0
orig,"[3, 1, 2, 4, 5, 6, 0, 7]",79,0
orig,"[3, 1, 2, 4, 5, 6, 0, 7]",80,0
orig,"[3, 1, 2, 4, 5, 6, 0, 7]",81,1
orig,"[3, 1, 2, 4, 5, 6, 0, 7]",82,1
orig,"[3, 1, 2, 4, 5, 6, 0, 7]",83,1
orig,"[3, 1, 2, 4, 5, 6, 0, 7]",84,0
orig,"[3, 1, 2, 4, 5, 6, 0, 7]",85,0
orig,"[3, 1, 2, 4, 5, 6, 0, 7]",86,0
orig,"[3, 1, 2, 4, 5, 6, 0, 7]",87,1
orig,"[3, 1, 2, 4, 5, 6, 0, 7]",88,1
orig,"[3, 1, 2, 4, 5, 6, 0, 7]",89,0
orig,"[3, 0, 1, 2, 4, 5, 6, 7]",60,0
orig,"[3, 0, 1, 2, 4, 5, 6, 7]",61,1
orig,"[3, 0, 1, 2, 4, 5, 6, 7]",62,0
orig,"[3, 0, 1, 2, 4, 5, 6, 7]",63,0
orig,"[3, 0, 1, 2, 4, 5, 6, 7]",64,1
orig,"[3, 0, 1, 2, 4, 5, 6, 7]",65,0
orig,"[3, 0, 1, 2, 4, 5, 6, 7]",66,0
orig,"[3, 0, 1, 2, 4, 5, 6, 7]",67,1
orig,"[3, 0, 1, 2, 4, 5, 6, 7]",68,1
orig,"[3, 0, 1, 2, 4, 5, 6, 7]",69,0
orig,"[3, 0, 1, 2, 4, 5, 6, 7]",70,0
orig,"[3, 0, 1, 2, 4, 5, 6, 7]",71,1
orig,"[3, 0, 1, 2, 4, 5, 6, 7]",72,0
orig,"[3, 0, 1, 2, 4, 5, 6, 7]",73,0
orig,"[3, 0, 1, 2, 4, 5, 6, 7]",74,0
orig,"[3, 0, 1, 2, 4, 5, 6, 7]",75,1
orig,"[3, 0, 1, 2, 4, 5, 6, 7]",76,0
orig,"[3, 0, 1, 2, 4, 5, 6, 7]",77,0
orig,"[3, 0, 1, 2, 4, 5, 6, 7]",78,0
orig,"[3, 0, 1, 2, 4, 5, 6, 7]",79,0
orig,"[3, 0, 1, 2, 4, 5, 6, 7]",80,1
orig,"[3, 0, 1, 2, 4, 5, 6, 7]",81,1
orig,"[3, 0, 1, 2, 4, 5, 6, 7]",82,1
orig,"[3, 0, 1, 2, 4, 5, 6, 7]",83,0
orig,"[3, 0, 1, 2, 4, 5, 6, 7]",84,0
orig,"[3, 0, 1, 2, 4, 5, 6, 7]",85,0
orig,"[3, 0, 1, 2, 4, 5, 6, 7]",86,0
orig,"[3, 0, 1, 2, 4, 5, 6, 7]",87,1
orig,"[3, 0, 1, 2, 4, 5, 6, 7]",88,1
orig,"[3, 0, 1, 2, 4, 5, 6, 7]",89,0
orig,"[3, 0, 1, 6, 2, 4, 5, 7]",60,0
orig,"[3, 0, 1, 6, 2, 4, 5, 7]",61,1
orig,"[3, 0, 1, 6, 2, 4, 5, 7]",62,0
orig,"[3, 0, 1, 6, 2, 4, 5, 7]",63,0
orig,"[3, 0, 1, 6, 2, 4, 5, 7]",64,1
orig,"[3, 0, 1, 6, 2, 4, 5, 7]",65,0
orig,"[3, 0, 1, 6, 2, 4, 5, 7]",66,1
orig,"[3, 0, 1, 6, 2, 4, 5, 7]",67,1
orig,"[3, 0, 1, 6, 2, 4, 5, 7]",68,1
orig,"[3, 0, 1, 6, 2, 4, 5, 7]",69,0
orig,"[3, 0, 1, 6, 2, 4, 5, 7]",70,0
orig,"[3, 0, 1, 6, 2, 4, 5, 7]",71,0
orig,"[3, 0, 1, 6, 2, 4, 5, 7]",72,0
orig,"[3, 0, 1, 6, 2, 4, 5, 7]",73,0
orig,"[3, 0, 1, 6, 2, 4, 5, 7]",74,0
orig,"[3, 0, 1, 6, 2, 4, 5, 7]",75,0
orig,"[3, 0, 1, 6, 2, 4, 5, 7]",76,0
orig,"[3, 0, 1, 6, 2, 4, 5, 7]",77,0
orig,"[3, 0, 1, 6, 2, 4, 5, 7]",78,0
orig,"[3, 0, 1, 6, 2, 4, 5, 7]",79,1
orig,"[3, 0, 1, 6, 2, 4, 5, 7]",80,1
orig,"[3, 0, 1, 6, 2, 4, 5, 7]",81,0
orig,"[3, 0, 1, 6, 2, 4, 5, 7]",82,1
orig,"[3, 0, 1, 6, 2, 4, 5, 7]",83,1
orig,"[3, 0, 1, 6, 2, 4, 5, 7]",84,0
orig,"[3, 0, 1, 6, 2, 4, 5, 7]",85,0
orig,"[3, 0, 1, 6, 2, 4, 5, 7]",86,0
orig,"[3, 0, 1, 6, 2, 4, 5, 7]",87,1
orig,"[3, 0, 1, 6, 2, 4, 5, 7]",88,1
orig,"[3, 0, 1, 6, 2, 4, 5, 7]",89,0
orig,"[0, 4, 3, 6, 1, 2, 5, 7]",60,0
orig,"[0, 4, 3, 6, 1, 2, 5, 7]",61,0
orig,"[0, 4, 3, 6, 1, 2, 5, 7]",62,0
orig,"[0, 4, 3, 6, 1, 2, 5, 7]",63,0
orig,"[0, 4, 3, 6, 1, 2, 5, 7]",64,1
orig,"[0, 4, 3, 6, 1, 2, 5, 7]",65,0
orig,"[0, 4, 3, 6, 1, 2, 5, 7]",66,1
orig,"[0, 4, 3, 6, 1, 2, 5, 7]",67,0
orig,"[0, 4, 3, 6, 1, 2, 5, 7]",68,1
orig,"[0, 4, 3, 6, 1, 2, 5, 7]",69,1
orig,"[0, 4, 3, 6, 1, 2, 5, 7]",70,0
orig,"[0, 4, 3, 6, 1, 2, 5, 7]",71,1
orig,"[0, 4, 3, 6, 1, 2, 5, 7]",72,0
orig,"[0, 4, 3, 6, 1, 2, 5, 7]",73,0
orig,"[0, 4, 3, 6, 1, 2, 5, 7]",74,0
orig,"[0, 4, 3, 6, 1, 2, 5, 7]",75,0
orig,"[0, 4, 3, 6, 1, 2, 5, 7]",76,0
orig,"[0, 4, 3, 6, 1, 2, 5, 7]",77,0
orig,"[0, 4, 3, 6, 1, 2, 5, 7]",78,1
orig,"[0, 4, 3, 6, 1, 2, 5, 7]",79,0
orig,"[0, 4, 3, 6, 1, 2, 5, 7]",80,0
orig,"[0, 4, 3, 6, 1, 2, 5, 7]",81,0
orig,"[0, 4, 3, 6, 1, 2, 5, 7]",82,0
orig,"[0, 4, 3, 6, 1, 2, 5, 7]",83,0
orig,"[0, 4, 3, 6, 1, 2, 5, 7]",84,1
orig,"[0, 4, 3, 6, 1, 2, 5, 7]",85,0
orig,"[0, 4, 3, 6, 1, 2, 5, 7]",86,0
orig,"[0, 4, 3, 6, 1, 2, 5, 7]",87,1
orig,"[0, 4, 3, 6, 1, 2, 5, 7]",88,1
orig,"[0, 4, 3, 6, 1, 2, 5, 7]",89,0
orig,"[4, 2, 5, 6, 3, 7, 0, 1]",60,0
orig,"[4, 2, 5, 6, 3, 7, 0, 1]",61,1
orig,"[4, 2, 5, 6, 3, 7, 0, 1]",62,0
orig,"[4, 2, 5, 6, 3, 7, 0, 1]",63,0
orig,"[4, 2, 5, 6, 3, 7, 0, 1]",64,1
orig,"[4, 2, 5, 6, 3, 7, 0, 1]",65,0
orig,"[4, 2, 5, 6, 3, 7, 0, 1]",66,0
orig,"[4, 2, 5, 6, 3, 7, 0, 1]",67,1
orig,"[4, 2, 5, 6, 3, 7, 0, 1]",68,0
orig,"[4, 2, 5, 6, 3, 7, 0, 1]",69,0
orig,"[4, 2, 5, 6, 3, 7, 0, 1]",70,1
orig,"[4, 2, 5, 6, 3, 7, 0, 1]",71,1
orig,"[4, 2, 5, 6, 3, 7, 0, 1]",72,0
orig,"[4, 2, 5, 6, 3, 7, 0, 1]",73,1
orig,"[4, 2, 5, 6, 3, 7, 0, 1]",74,0
orig,"[4, 2, 5, 6, 3, 7, 0, 1]",75,1
orig,"[4, 2, 5, 6, 3, 7, 0, 1]",76,0
orig,"[4, 2, 5, 6, 3, 7, 0, 1]",77,0
orig,"[4, 2, 5, 6, 3, 7, 0, 1]",78,0
orig,"[4, 2, 5, 6, 3, 7, 0, 1]",79,1
orig,"[4, 2, 5, 6, 3, 7, 0, 1]",80,0
orig,"[4, 2, 5, 6, 3, 7, 0, 1]",81,0
orig,"[4, 2, 5, 6, 3, 7, 0, 1]",82,1
orig,"[4, 2, 5, 6, 3, 7, 0, 1]",83,0
orig,"[4, 2, 5, 6, 3, 7, 0, 1]",84,1
orig,"[4, 2, 5, 6, 3, 7, 0, 1]",85,0
orig,"[4, 2, 5, 6, 3, 7, 0, 1]",86,0
orig,"[4, 2, 5, 6, 3, 7, 0, 1]",87,1
orig,"[4, 2, 5, 6, 3, 7, 0, 1]",88,1
orig,"[4, 2, 5, 6, 3, 7, 0, 1]",89,0
orig,"[4, 7, 5, 3, 0, 1, 2, 6]",60,0
orig,"[4, 7, 5, 3, 0, 1, 2, 6]",61,1
orig,"[4, 7, 5, 3, 0, 1, 2, 6]",62,0
orig,"[4, 7, 5, 3, 0, 1, 2, 6]",63,1
orig,"[4, 7, 5, 3, 0, 1, 2, 6]",64,0
orig,"[4, 7, 5, 3, 0, 1, 2, 6]",65,0
orig,"[4, 7, 5, 3, 0, 1, 2, 6]",66,1
orig,"[4, 7, 5, 3, 0, 1, 2, 6]",67,0
orig,"[4, 7, 5, 3, 0, 1, 2, 6]",68,1
orig,"[4, 7, 5, 3, 0, 1, 2, 6]",69,0
orig,"[4, 7, 5, 3, 0, 1, 2, 6]",70,1
orig,"[4, 7, 5, 3, 0, 1, 2, 6]",71,1
orig,"[4, 7, 5, 3, 0, 1, 2, 6]",72,0
orig,"[4, 7, 5, 3, 0, 1, 2, 6]",73,0
orig,"[4, 7, 5, 3, 0, 1, 2, 6]",74,0
orig,"[4, 7, 5, 3, 0, 1, 2, 6]",75,1
orig,"[4, 7, 5, 3, 0, 1, 2, 6]",76,0
orig,"[4, 7, 5, 3, 0, 1, 2, 6]",77,0
orig,"[4, 7, 5, 3, 0, 1, 2, 6]",78,0
orig,"[4, 7, 5, 3, 0, 1, 2, 6]",79,1
orig,"[4, 7, 5, 3, 0, 1, 2, 6]",80,0
orig,"[4, 7, 5, 3, 0, 1, 2, 6]",81,1
orig,"[4, 7, 5, 3, 0, 1, 2, 6]",82,0
orig,"[4, 7, 5, 3, 0, 1, 2, 6]",83,1
orig,"[4, 7, 5, 3, 0, 1, 2, 6]",84,1
orig,"[4, 7, 5, 3, 0, 1, 2, 6]",85,0
orig,"[4, 7, 5, 3, 0, 1, 2, 6]",86,0
orig,"[4, 7, 5, 3, 0, 1, 2, 6]",87,1
orig,"[4, 7, 5, 3, 0, 1, 2, 6]",88,1
orig,"[4, 7, 5, 3, 0, 1, 2, 6]",89,0
orig,"[2, 7, 4, 3, 1, 0, 6, 5]",60,0
orig,"[2, 7, 4, 3, 1, 0, 6, 5]",61,1
orig,"[2, 7, 4, 3, 1, 0, 6, 5]",62,0
orig,"[2, 7, 4, 3, 1, 0, 6, 5]",63,0
orig,"[2, 7, 4, 3, 1, 0, 6, 5]",64,0
orig,"[2, 7, 4, 3, 1, 0, 6, 5]",65,0
orig,"[2, 7, 4, 3, 1, 0, 6, 5]",66,0
orig,"[2, 7, 4, 3, 1, 0, 6, 5]",67,0
orig,"[2, 7, 4, 3, 1, 0, 6, 5]",68,0
orig,"[2, 7, 4, 3, 1, 0, 6, 5]",69,0
orig,"[2, 7, 4, 3, 1, 0, 6, 5]",70,0
orig,"[2, 7, 4, 3, 1, 0, 6, 5]",71,1
orig,"[2, 7, 4, 3, 1, 0, 6, 5]",72,1
orig,"[2, 7, 4, 3, 1, 0, 6, 5]",73,1
orig,"[2, 7, 4, 3, 1, 0, 6, 5]",74,0
orig,"[2, 7, 4, 3, 1, 0, 6, 5]",75,1
orig,"[2, 7, 4, 3, 1, 0, 6, 5]",76,0
orig,"[2, 7, 4, 3, 1, 0, 6, 5]",77,0
orig,"[2, 7, 4, 3, 1, 0, 6, 5]",78,0
orig,"[2, 7, 4, 3, 1, 0, 6, 5]",79,0
orig,"[2, 7, 4, 3, 1, 0, 6, 5]",80,0
orig,"[2, 7, 4, 3, 1, 0, 6, 5]",81,0
orig,"[2, 7, 4, 3, 1, 0, 6, 5]",82,0
orig,"[2, 7, 4, 3, 1, 0, 6, 5]",83,0
orig,"[2, 7, 4, 3, 1, 0, 6, 5]",84,1
orig,"[2, 7, 4, 3, 1, 0, 6, 5]",85,0
orig,"[2, 7, 4, 3, 1, 0, 6, 5]",86,0
orig,"[2, 7, 4, 3, 1, 0, 6, 5]",87,0
orig,"[2, 7, 4, 3, 1, 0, 6, 5]",88,0
orig,"[2, 7, 4, 3, 1, 0, 6, 5]",89,0
orig,"[6, 2, 0, 4, 3, 1, 7, 5]",60,0
orig,"[6, 2, 0, 4, 3, 1, 7, 5]",61,0
orig,"[6, 2, 0, 4, 3, 1, 7, 5]",62,0
orig,"[6, 2, 0, 4, 3, 1, 7, 5]",63,0
orig,"[6, 2, 0, 4, 3, 1, 7, 5]",64,1
orig,"[6, 2, 0, 4, 3, 1, 7, 5]",65,0
orig,"[6, 2, 0, 4, 3, 1, 7, 5]",66,0
orig,"[6, 2, 0, 4, 3, 1, 7, 5]",67,0
orig,"[6, 2, 0, 4, 3, 1, 7, 5]",68,0
orig,"[6, 2, 0, 4, 3, 1, 7, 5]",69,0
orig,"[6, 2, 0, 4, 3, 1, 7, 5]",70,1
orig,"[6, 2, 0, 4, 3, 1, 7, 5]",71,0
orig,"[6, 2, 0, 4, 3, 1, 7, 5]",72,0
orig,"[6, 2, 0, 4, 3, 1, 7, 5]",73,0
orig,"[6, 2, 0, 4, 3, 1, 7, 5]",74,0
orig,"[6, 2, 0, 4, 3, 1, 7, 5]",75,0
orig,"[6, 2, 0, 4, 3, 1, 7, 5]",76,0
orig,"[6, 2, 0, 4, 3, 1, 7, 5]",77,0
orig,"[6, 2, 0, 4, 3, 1, 7, 5]",78,0
orig,"[6, 2, 0, 4, 3, 1, 7, 5]",79,0
orig,"[6, 2, 0, 4, 3, 1, 7, 5]",80,0
orig,"[6, 2, 0, 4, 3, 1, 7, 5]",81,0
orig,"[6, 2, 0, 4, 3, 1, 7, 5]",82,0
orig,"[6, 2, 0, 4, 3, 1, 7, 5]",83,0
orig,"[6, 2, 0, 4, 3, 1, 7, 5]",84,0
orig,"[6, 2, 0, 4, 3, 1, 7, 5]",85,0
orig,"[6, 2, 0, 4, 3, 1, 7, 5]",86,0
orig,"[6, 2, 0, 4, 3, 1, 7, 5]",87,1
orig,"[6, 2, 0, 4, 3, 1, 7, 5]",88,1
orig,"[6, 2, 0, 4, 3, 1, 7, 5]",89,0
orig,"[7, 3, 4, 2, 6, 0, 1, 5]",60,0
orig,"[7, 3, 4, 2, 6, 0, 1, 5]",61,0
orig,"[7, 3, 4, 2, 6, 0, 1, 5]",62,0
orig,"[7, 3, 4, 2, 6, 0, 1, 5]",63,0
orig,"[7, 3, 4, 2, 6, 0, 1, 5]",64,1
orig,"[7, 3, 4, 2, 6, 0, 1, 5]",65,0
orig,"[7, 3, 4, 2, 6, 0, 1, 5]",66,0
orig,"[7, 3, 4, 2, 6, 0, 1, 5]",67,0
orig,"[7, 3, 4, 2, 6, 0, 1, 5]",68,1
orig,"[7, 3, 4, 2, 6, 0, 1, 5]",69,0
orig,"[7, 3, 4, 2, 6, 0, 1, 5]",70,0
orig,"[7, 3, 4, 2, 6, 0, 1, 5]",71,0
orig,"[7, 3, 4, 2, 6, 0, 1, 5]",72,0
orig,"[7, 3, 4, 2, 6, 0, 1, 5]",73,0
orig,"[7, 3, 4, 2, 6, 0, 1, 5]",74,0
orig,"[7, 3, 4, 2, 6, 0, 1, 5]",75,0
orig,"[7, 3, 4, 2, 6, 0, 1, 5]",76,0
orig,"[7, 3, 4, 2, 6, 0, 1, 5]",77,0
orig,"[7, 3, 4, 2, 6, 0, 1, 5]",78,0
orig,"[7, 3, 4, 2, 6, 0, 1, 5]",79,1
orig,"[7, 3, 4, 2, 6, 0, 1, 5]",80,1
orig,"[7, 3, 4, 2, 6, 0, 1, 5]",81,1
orig,"[7, 3, 4, 2, 6, 0, 1, 5]",82,1
orig,"[7, 3, 4, 2, 6, 0, 1, 5]",83,0
orig,"[7, 3, 4, 2, 6, 0, 1, 5]",84,1
orig,"[7, 3, 4, 2, 6, 0, 1, 5]",85,0
orig,"[7, 3, 4, 2, 6, 0, 1, 5]",86,0
orig,"[7, 3, 4, 2, 6, 0, 1, 5]",87,1
orig,"[7, 3, 4, 2, 6, 0, 1, 5]",88,1
orig,"[7, 3, 4, 2, 6, 0, 1, 5]",89,0
orig,"[0, 7, 5, 4, 1, 3, 6, 2]",60,0
orig,"[0, 7, 5, 4, 1, 3, 6, 2]",61,0
orig,"[0, 7, 5, 4, 1, 3, 6, 2]",62,0
orig,"[0, 7, 5, 4, 1, 3, 6, 2]",63,0
orig,"[0, 7, 5, 4, 1, 3, 6, 2]",64,0
orig,"[0, 7, 5, 4, 1, 3, 6, 2]",65,0
orig,"[0, 7, 5, 4, 1, 3, 6, 2]",66,0
orig,"[0, 7, 5, 4, 1, 3, 6, 2]",67,0
orig,"[0, 7, 5, 4, 1, 3, 6, 2]",68,0
orig,"[0, 7, 5, 4, 1, 3, 6, 2]",69,0
orig,"[0, 7, 5, 4, 1, 3, 6, 2]",70,0
orig,"[0, 7, 5, 4, 1, 3, 6, 2]",71,0
orig,"[0, 7, 5, 4, 1, 3, 6, 2]",72,1
orig,"[0, 7, 5, 4, 1, 3, 6, 2]",73,1
orig,"[0, 7, 5, 4, 1, 3, 6, 2]",74,0
orig,"[0, 7, 5, 4, 1, 3, 6, 2]",75,0
orig,"[0, 7, 5, 4, 1, 3, 6, 2]",76,0
orig,"[0, 7, 5, 4, 1, 3, 6, 2]",77,0
orig,"[0, 7, 5, 4, 1, 3, 6, 2]",78,0
orig,"[0, 7, 5, 4, 1, 3, 6, 2]",79,0
orig,"[0, 7, 5, 4, 1, 3, 6, 2]",80,0
orig,"[0, 7, 5, 4, 1, 3, 6, 2]",81,0
orig,"[0, 7, 5, 4, 1, 3, 6, 2]",82,0
orig,"[0, 7, 5, 4, 1, 3, 6, 2]",83,0
orig,"[0, 7, 5, 4, 1, 3, 6, 2]",84,0
orig,"[0, 7, 5, 4, 1, 3, 6, 2]",85,1
orig,"[0, 7, 5, 4, 1, 3, 6, 2]",86,0
orig,"[0, 7, 5, 4, 1, 3, 6, 2]",87,0
orig,"[0, 7, 5, 4, 1, 3, 6, 2]",88,0
orig,"[0, 7, 5, 4, 1, 3, 6, 2]",89,0
orig,"[2, 3, 6, 1, 5, 4, 0, 7]",60,0
orig,"[2, 3, 6, 1, 5, 4, 0, 7]",61,0
orig,"[2, 3, 6, 1, 5, 4, 0, 7]",62,0
orig,"[2, 3, 6, 1, 5, 4, 0, 7]",63,0
orig,"[2, 3, 6, 1, 5, 4, 0, 7]",64,1
orig,"[2, 3, 6, 1, 5, 4, 0, 7]",65,0
orig,"[2, 3, 6, 1, 5, 4, 0, 7]",66,1
orig,"[2, 3, 6, 1, 5, 4, 0, 7]",67,0
orig,"[2, 3, 6, 1, 5, 4, 0, 7]",68,1
orig,"[2, 3, 6, 1, 5, 4, 0, 7]",69,1
orig,"[2, 3, 6, 1, 5, 4, 0, 7]",70,1
orig,"[2, 3, 6, 1, 5, 4, 0, 7]",71,1
orig,"[2, 3, 6, 1, 5, 4, 0, 7]",72,0
orig,"[2, 3, 6, 1, 5, 4, 0, 7]",73,0
orig,"[2, 3, 6, 1, 5, 4, 0, 7]",74,0
orig,"[2, 3, 6, 1, 5, 4, 0, 7]",75,1
orig,"[2, 3, 6, 1, 5, 4, 0, 7]",76,0
orig,"[2, 3, 6, 1, 5, 4, 0, 7]",77,0
orig,"[2, 3, 6, 1, 5, 4, 0, 7]",78,1
orig,"[2, 3, 6, 1, 5, 4, 0, 7]",79,1
orig,"[2, 3, 6, 1, 5, 4, 0, 7]",80,0
orig,"[2, 3, 6, 1, 5, 4, 0, 7]",81,1
orig,"[2, 3, 6, 1, 5, 4, 0, 7]",82,1
orig,"[2, 3, 6, 1, 5, 4, 0, 7]",83,0
orig,"[2, 3, 6, 1, 5, 4, 0, 7]",84,1
orig,"[2, 3, 6, 1, 5, 4, 0, 7]",85,0
orig,"[2, 3, 6, 1, 5, 4, 0, 7]",86,0
orig,"[2, 3, 6, 1, 5, 4, 0, 7]",87,1
orig,"[2, 3, 6, 1, 5, 4, 0, 7]",88,1
orig,"[2, 3, 6, 1, 5, 4, 0, 7]",89,0
orig,"[1, 3, 2, 4, 5, 6, 0, 7]",60,0
orig,"[1, 3, 2, 4, 5, 6, 0, 7]",61,1
orig,"[1, 3, 2, 4, 5, 6, 0, 7]",62,0
orig,"[1, 3, 2, 4, 5, 6, 0, 7]",63,1
orig,"[1, 3, 2, 4, 5, 6, 0, 7]",64,0
orig,"[1, 3, 2, 4, 5, 6, 0, 7]",65,0
orig,"[1, 3, 2, 4, 5, 6, 0, 7]",66,0
orig,"[1, 3, 2, 4, 5, 6, 0, 7]",67,1
orig,"[1, 3, 2, 4, 5, 6, 0, 7]",68,1
orig,"[1, 3, 2, 4, 5, 6, 0, 7]",69,0
orig,"[1, 3, 2, 4, 5, 6, 0, 7]",70,1
orig,"[1, 3, 2, 4, 5, 6, 0, 7]",71,1
orig,"[1, 3, 2, 4, 5, 6, 0, 7]",72,0
orig,"[1, 3, 2, 4, 5, 6, 0, 7]",73,0
orig,"[1, 3, 2, 4, 5, 6, 0, 7]",74,0
orig,"[1, 3, 2, 4, 5, 6, 0, 7]",75,0
orig,"[1, 3, 2, 4, 5, 6, 0, 7]",76,0
orig,"[1, 3, 2, 4, 5, 6, 0, 7]",77,0
orig,"[1, 3, 2, 4, 5, 6, 0, 7]",78,0
orig,"[1, 3, 2, 4, 5, 6, 0, 7]",79,0
orig,"[1, 3, 2, 4, 5, 6, 0, 7]",80,1
orig,"[1, 3, 2, 4, 5, 6, 0, 7]",81,0
orig,"[1, 3, 2, 4, 5, 6, 0, 7]",82,0
orig,"[1, 3, 2, 4, 5, 6, 0, 7]",83,0
orig,"[1, 3, 2, 4, 5, 6, 0, 7]",84,0
orig,"[1, 3, 2, 4, 5, 6, 0, 7]",85,0
orig,"[1, 3, 2, 4, 5, 6, 0, 7]",86,0
orig,"[1, 3, 2, 4, 5, 6, 0, 7]",87,1
orig,"[1, 3, 2, 4, 5, 6, 0, 7]",88,1
orig,"[1, 3, 2, 4, 5, 6, 0, 7]",89,0
orig,"[2, 1, 3, 4, 5, 6, 0, 7]",60,0
orig,"[2, 1, 3, 4, 5, 6, 0, 7]",61,0
orig,"[2, 1, 3, 4, 5, 6, 0, 7]",62,0
orig,"[2, 1, 3, 4, 5, 6, 0, 7]",63,1
orig,"[2, 1, 3, 4, 5, 6, 0, 7]",64,0
orig,"[2, 1, 3, 4, 5, 6, 0, 7]",65,0
orig,"[2, 1, 3, 4, 5, 6, 0, 7]",66,0
orig,"[2, 1, 3, 4, 5, 6, 0, 7]",67,1
orig,"[2, 1, 3, 4, 5, 6, 0, 7]",68,0
orig,"[2, 1, 3, 4, 5, 6, 0, 7]",69,0
orig,"[2, 1, 3, 4, 5, 6, 0, 7]",70,1
orig,"[2, 1, 3, 4, 5, 6, 0, 7]",71,1
orig,"[2, 1, 3, 4, 5, 6, 0, 7]",72,0
orig,"[2, 1, 3, 4, 5, 6, 0, 7]",73,0
orig,"[2, 1, 3, 4, 5, 6, 0, 7]",74,0
orig,"[2, 1, 3, 4, 5, 6, 0, 7]",75,1
orig,"[2, 1, 3, 4, 5, 6, 0, 7]",76,0
orig,"[2, 1, 3, 4, 5, 6, 0, 7]",77,0
orig,"[2, 1, 3, 4, 5, 6, 0, 7]",78,0
orig,"[2, 1, 3, 4, 5, 6, 0, 7]",79,1
orig,"[2, 1, 3, 4, 5, 6, 0, 7]",80,0
orig,"[2, 1, 3, 4, 5, 6, 0, 7]",81,1
orig,"[2, 1, 3, 4, 5, 6, 0, 7]",82,1
orig,"[2, 1, 3, 4, 5, 6, 0, 7]",83,0
orig,"[2, 1, 3, 4, 5, 6, 0, 7]",84,0
orig,"[2, 1, 3, 4, 5, 6, 0, 7]",85,0
orig,"[2, 1, 3, 4, 5, 6, 0, 7]",86,0
orig,"[2, 1, 3, 4, 5, 6, 0, 7]",87,1
orig,"[2, 1, 3, 4, 5, 6, 0, 7]",88,1
orig,"[2, 1, 3, 4, 5, 6, 0, 7]",89,0
orig,"[1, 2, 3, 4, 5, 6, 0, 7]",60,0
orig,"[1, 2, 3, 4, 5, 6, 0, 7]",61,1
orig,"[1, 2, 3, 4, 5, 6, 0, 7]",62,1
orig,"[1, 2, 3, 4, 5, 6, 0, 7]",63,0
orig,"[1, 2, 3, 4, 5, 6, 0, 7]",64,1
orig,"[1, 2, 3, 4, 5, 6, 0, 7]",65,0
orig,"[1, 2, 3, 4, 5, 6, 0, 7]",66,1
orig,"[1, 2, 3, 4, 5, 6, 0, 7]",67,0
orig,"[1, 2, 3, 4, 5, 6, 0, 7]",68,1
orig,"[1, 2, 3, 4, 5, 6, 0, 7]",69,0
orig,"[1, 2, 3, 4, 5, 6, 0, 7]",70,0
orig,"[1, 2, 3, 4, 5, 6, 0, 7]",71,1
orig,"[1, 2, 3, 4, 5, 6, 0, 7]",72,0
orig,"[1, 2, 3, 4, 5, 6, 0, 7]",73,0
orig,"[1, 2, 3, 4, 5, 6, 0, 7]",74,0
orig,"[1, 2, 3, 4, 5, 6, 0, 7]",75,0
orig,"[1, 2, 3, 4, 5, 6, 0, 7]",76,0
orig,"[1, 2, 3, 4, 5, 6, 0, 7]",77,0
orig,"[1, 2, 3, 4, 5, 6, 0, 7]",78,0
orig,"[1, 2, 3, 4, 5, 6, 0, 7]",79,1
orig,"[1, 2, 3, 4, 5, 6, 0, 7]",80,1
orig,"[1, 2, 3, 4, 5, 6, 0, 7]",81,0
orig,"[1, 2, 3, 4, 5, 6, 0, 7]",82,0
orig,"[1, 2, 3, 4, 5, 6, 0, 7]",83,0
orig,"[1, 2, 3, 4, 5, 6, 0, 7]",84,0
orig,"[1, 2, 3, 4, 5, 6, 0, 7]",85,0
orig,"[1, 2, 3, 4, 5, 6, 0, 7]",86,0
orig,"[1, 2, 3, 4, 5, 6, 0, 7]",87,1
orig,"[1, 2, 3, 4, 5, 6, 0, 7]",88,1
orig,"[1, 2, 3, 4, 5, 6, 0, 7]",89,0
orig,"[1, 4, 2, 6, 7, 3, 5, 0]",60,0
orig,"[1, 4, 2, 6, 7, 3, 5, 0]",61,1
orig,"[1, 4, 2, 6, 7, 3, 5, 0]",62,0
orig,"[1, 4, 2, 6, 7, 3, 5, 0]",63,0
orig,"[1, 4, 2, 6, 7, 3, 5, 0]",64,0
orig,"[1, 4, 2, 6, 7, 3, 5, 0]",65,0
orig,"[1, 4, 2, 6, 7, 3, 5, 0]",66,0
orig,"[1, 4, 2, 6, 7, 3, 5, 0]",67,1
orig,"[1, 4, 2, 6, 7, 3, 5, 0]",68,0
orig,"[1, 4, 2, 6, 7, 3, 5, 0]",69,0
orig,"[1, 4, 2, 6, 7, 3, 5, 0]",70,0
orig,"[1, 4, 2, 6, 7, 3, 5, 0]",71,1
orig,"[1, 4, 2, 6, 7, 3, 5, 0]",72,0
orig,"[2, 0, 1, 3, 4, 5, 6, 7]",60,0
orig,"[2, 0, 1, 3, 4, 5, 6, 7]",61,1
orig,"[2, 0, 1, 3, 4, 5, 6, 7]",62,1
orig,"[2, 0, 1, 3, 4, 5, 6, 7]",63,0
orig,"[2, 0, 1, 3, 4, 5, 6, 7]",64,1
orig,"[2, 0, 1, 3, 4, 5, 6, 7]",65,0
orig,"[2, 0, 1, 3, 4, 5, 6, 7]",66,0
orig,"[2, 0, 1, 3, 4, 5, 6, 7]",67,0
orig,"[2, 0, 1, 3, 4, 5, 6, 7]",68,1
orig,"[2, 0, 1, 3, 4, 5, 6, 7]",69,0
orig,"[2, 0, 1, 3, 4, 5, 6, 7]",70,1
orig,"[2, 0, 1, 3, 4, 5, 6, 7]",71,1
orig,"[2, 0, 1, 3, 4, 5, 6, 7]",72,0
orig,"[2, 0, 1, 3, 4, 5, 6, 7]",73,0
orig,"[2, 0, 1, 3, 4, 5, 6, 7]",74,0
orig,"[2, 0, 1, 3, 4, 5, 6, 7]",75,0
orig,"[2, 0, 1, 3, 4, 5, 6, 7]",76,0
orig,"[2, 0, 1, 3, 4, 5, 6, 7]",77,0
orig,"[2, 0, 1, 3, 4, 5, 6, 7]",78,1
orig,"[2, 0, 1, 3, 4, 5, 6, 7]",79,1
orig,"[2, 0, 1, 3, 4, 5, 6, 7]",80,0
orig,"[2, 0, 1, 3, 4, 5, 6, 7]",81,1
orig,"[2, 0, 1, 3, 4, 5, 6, 7]",82,0
orig,"[2, 0, 1, 3, 4, 5, 6, 7]",83,0
orig,"[2, 0, 1, 3, 4, 5, 6, 7]",84,0
orig,"[2, 0, 1, 3, 4, 5, 6, 7]",85,0
orig,"[2, 0, 1, 3, 4, 5, 6, 7]",86,0
orig,"[2, 0, 1, 3, 4, 5, 6, 7]",87,1
orig,"[2, 0, 1, 3, 4, 5, 6, 7]",88,1
orig,"[2, 0, 1, 3, 4, 5, 6, 7]",89,0
orig,"[1, 4, 2, 6, 7, 3, 5, 0]",73,0
orig,"[1, 4, 2, 6, 7, 3, 5, 0]",74,0
orig,"[1, 4, 2, 6, 7, 3, 5, 0]",75,1
orig,"[1, 4, 2, 6, 7, 3, 5, 0]",76,0
orig,"[1, 4, 2, 6, 7, 3, 5, 0]",77,0
orig,"[1, 4, 2, 6, 7, 3, 5, 0]",78,0
orig,"[1, 4, 2, 6, 7, 3, 5, 0]",79,1
orig,"[1, 4, 2, 6, 7, 3, 5, 0]",80,1
orig,"[1, 4, 2, 6, 7, 3, 5, 0]",81,1
orig,"[1, 4, 2, 6, 7, 3, 5, 0]",82,1
orig,"[1, 4, 2, 6, 7, 3, 5, 0]",83,0
orig,"[1, 4, 2, 6, 7, 3, 5, 0]",84,0
orig,"[1, 4, 2, 6, 7, 3, 5, 0]",85,0
orig,"[1, 4, 2, 6, 7, 3, 5, 0]",86,0
orig,"[1, 4, 2, 6, 7, 3, 5, 0]",87,1
orig,"[1, 4, 2, 6, 7, 3, 5, 0]",88,1
orig,"[1, 4, 2, 6, 7, 3, 5, 0]",89,0
orig,"[4, 0, 5, 1, 7, 6, 3, 2]",60,0
orig,"[4, 0, 5, 1, 7, 6, 3, 2]",61,0
orig,"[4, 0, 5, 1, 7, 6, 3, 2]",62,0
orig,"[4, 0, 5, 1, 7, 6, 3, 2]",63,0
orig,"[4, 0, 5, 1, 7, 6, 3, 2]",64,1
orig,"[4, 0, 5, 1, 7, 6, 3, 2]",65,0
orig,"[4, 0, 5, 1, 7, 6, 3, 2]",66,0
orig,"[4, 0, 5, 1, 7, 6, 3, 2]",67,1
orig,"[4, 0, 5, 1, 7, 6, 3, 2]",68,0
orig,"[4, 0, 5, 1, 7, 6, 3, 2]",69,0
orig,"[4, 0, 5, 1, 7, 6, 3, 2]",70,1
orig,"[4, 0, 5, 1, 7, 6, 3, 2]",71,1
orig,"[4, 0, 5, 1, 7, 6, 3, 2]",72,0
orig,"[4, 0, 5, 1, 7, 6, 3, 2]",73,0
orig,"[4, 0, 5, 1, 7, 6, 3, 2]",74,0
orig,"[4, 0, 5, 1, 7, 6, 3, 2]",75,1
orig,"[4, 0, 5, 1, 7, 6, 3, 2]",76,0
orig,"[4, 0, 5, 1, 7, 6, 3, 2]",77,0
orig,"[4, 0, 5, 1, 7, 6, 3, 2]",78,0
orig,"[4, 0, 5, 1, 7, 6, 3, 2]",79,1
orig,"[4, 0, 5, 1, 7, 6, 3, 2]",80,0
orig,"[4, 0, 5, 1, 7, 6, 3, 2]",81,1
orig,"[4, 0, 5, 1, 7, 6, 3, 2]",82,0
orig,"[4, 0, 5, 1, 7, 6, 3, 2]",83,0
orig,"[4, 0, 5, 1, 7, 6, 3, 2]",84,0
orig,"[4, 0, 5, 1, 7, 6, 3, 2]",85,0
orig,"[4, 0, 5, 1, 7, 6, 3, 2]",86,0
orig,"[4, 0, 5, 1, 7, 6, 3, 2]",87,1
orig,"[4, 0, 5, 1, 7, 6, 3, 2]",88,1
orig,"[4, 0, 5, 1, 7, 6, 3, 2]",89,0
orig,"[6, 4, 5, 0, 3, 2, 7, 1]",60,0
orig,"[6, 4, 5, 0, 3, 2, 7, 1]",61,1
orig,"[6, 4, 5, 0, 3, 2, 7, 1]",62,1
orig,"[6, 4, 5, 0, 3, 2, 7, 1]",63,0
orig,"[6, 4, 5, 0, 3, 2, 7, 1]",64,1
orig,"[6, 4, 5, 0, 3, 2, 7, 1]",65,0
orig,"[6, 4, 5, 0, 3, 2, 7, 1]",66,0
orig,"[6, 4, 5, 0, 3, 2, 7, 1]",67,1
orig,"[6, 4, 5, 0, 3, 2, 7, 1]",68,1
orig,"[6, 4, 5, 0, 3, 2, 7, 1]",69,1
orig,"[6, 4, 5, 0, 3, 2, 7, 1]",70,0
orig,"[6, 4, 5, 0, 3, 2, 7, 1]",71,1
orig,"[6, 4, 5, 0, 3, 2, 7, 1]",72,0
orig,"[6, 4, 5, 0, 3, 2, 7, 1]",73,0
orig,"[6, 4, 5, 0, 3, 2, 7, 1]",74,0
orig,"[6, 4, 5, 0, 3, 2, 7, 1]",75,0
orig,"[6, 4, 5, 0, 3, 2, 7, 1]",76,0
orig,"[6, 4, 5, 0, 3, 2, 7, 1]",77,0
orig,"[6, 4, 5, 0, 3, 2, 7, 1]",78,0
orig,"[6, 4, 5, 0, 3, 2, 7, 1]",79,0
orig,"[6, 4, 5, 0, 3, 2, 7, 1]",80,0
orig,"[6, 4, 5, 0, 3, 2, 7, 1]",81,1
orig,"[6, 4, 5, 0, 3, 2, 7, 1]",82,1
orig,"[6, 4, 5, 0, 3, 2, 7, 1]",83,0
orig,"[6, 4, 5, 0, 3, 2, 7, 1]",84,0
orig,"[6, 4, 5, 0, 3, 2, 7, 1]",85,0
orig,"[6, 4, 5, 0, 3, 2, 7, 1]",86,0
orig,"[6, 4, 5, 0, 3, 2, 7, 1]",87,1
orig,"[6, 4, 5, 0, 3, 2, 7, 1]",88,0
orig,"[6, 4, 5, 0, 3, 2, 7, 1]",89,0
orig,"[3, 4, 0, 2, 1, 7, 5, 6]",60,0
orig,"[3, 4, 0, 2, 1, 7, 5, 6]",61,1
orig,"[3, 4, 0, 2, 1, 7, 5, 6]",62,0
orig,"[3, 4, 0, 2, 1, 7, 5, 6]",63,0
orig,"[3, 4, 0, 2, 1, 7, 5, 6]",64,0
orig,"[3, 4, 0, 2, 1, 7, 5, 6]",65,0
orig,"[3, 4, 0, 2, 1, 7, 5, 6]",66,0
orig,"[3, 4, 0, 2, 1, 7, 5, 6]",67,1
orig,"[3, 4, 0, 2, 1, 7, 5, 6]",68,0
orig,"[3, 4, 0, 2, 1, 7, 5, 6]",69,0
orig,"[3, 4, 0, 2, 1, 7, 5, 6]",70,1
orig,"[3, 4, 0, 2, 1, 7, 5, 6]",71,1
orig,"[3, 4, 0, 2, 1, 7, 5, 6]",72,0
orig,"[3, 4, 0, 2, 1, 7, 5, 6]",73,0
orig,"[3, 4, 0, 2, 1, 7, 5, 6]",74,0
orig,"[3, 4, 0, 2, 1, 7, 5, 6]",75,0
orig,"[3, 4, 0, 2, 1, 7, 5, 6]",76,0
orig,"[3, 4, 0, 2, 1, 7, 5, 6]",77,0
orig,"[3, 4, 0, 2, 1, 7, 5, 6]",78,0
orig,"[3, 4, 0, 2, 1, 7, 5, 6]",79,1
orig,"[3, 4, 0, 2, 1, 7, 5, 6]",80,0
orig,"[3, 4, 0, 2, 1, 7, 5, 6]",81,0
orig,"[3, 4, 0, 2, 1, 7, 5, 6]",82,1
orig,"[3, 4, 0, 2, 1, 7, 5, 6]",83,0
orig,"[3, 4, 0, 2, 1, 7, 5, 6]",84,0
orig,"[3, 4, 0, 2, 1, 7, 5, 6]",85,0
orig,"[3, 4, 0, 2, 1, 7, 5, 6]",86,0
orig,"[3, 4, 0, 2, 1, 7, 5, 6]",87,0
orig,"[3, 4, 0, 2, 1, 7, 5, 6]",88,1
orig,"[3, 4, 0, 2, 1, 7, 5, 6]",89,0
orig,"[4, 3, 1, 7, 2, 5, 0, 6]",60,0
orig,"[4, 3, 1, 7, 2, 5, 0, 6]",61,0
orig,"[4, 3, 1, 7, 2, 5, 0, 6]",62,0
orig,"[4, 3, 1, 7, 2, 5, 0, 6]",63,0
orig,"[4, 3, 1, 7, 2, 5, 0, 6]",64,1
orig,"[4, 3, 1, 7, 2, 5, 0, 6]",65,0
orig,"[4, 3, 1, 7, 2, 5, 0, 6]",66,0
orig,"[4, 3, 1, 7, 2, 5, 0, 6]",67,0
orig,"[4, 3, 1, 7, 2, 5, 0, 6]",68,1
orig,"[4, 3, 1, 7, 2, 5, 0, 6]",69,0
orig,"[4, 3, 1, 7, 2, 5, 0, 6]",70,1
orig,"[4, 3, 1, 7, 2, 5, 0, 6]",71,1
orig,"[4, 3, 1, 7, 2, 5, 0, 6]",72,0
orig,"[4, 3, 1, 7, 2, 5, 0, 6]",73,0
orig,"[4, 3, 1, 7, 2, 5, 0, 6]",74,0
orig,"[4, 3, 1, 7, 2, 5, 0, 6]",75,0
orig,"[4, 3, 1, 7, 2, 5, 0, 6]",76,0
orig,"[4, 3, 1, 7, 2, 5, 0, 6]",77,0
orig,"[4, 3, 1, 7, 2, 5, 0, 6]",78,1
orig,"[4, 3, 1, 7, 2, 5, 0, 6]",79,1
orig,"[4, 3, 1, 7, 2, 5, 0, 6]",80,0
orig,"[4, 3, 1, 7, 2, 5, 0, 6]",81,1
orig,"[4, 3, 1, 7, 2, 5, 0, 6]",82,1
orig,"[4, 3, 1, 7, 2, 5, 0, 6]",83,0
orig,"[4, 3, 1, 7, 2, 5, 0, 6]",84,0
orig,"[4, 3, 1, 7, 2, 5, 0, 6]",85,0
orig,"[4, 3, 1, 7, 2, 5, 0, 6]",86,0
orig,"[4, 3, 1, 7, 2, 5, 0, 6]",87,1
orig,"[4, 3, 1, 7, 2, 5, 0, 6]",88,1
orig,"[4, 3, 1, 7, 2, 5, 0, 6]",89,0
orig,"[6, 4, 5, 0, 2, 3, 7, 1]",60,0
orig,"[6, 4, 5, 0, 2, 3, 7, 1]",61,1
orig,"[6, 4, 5, 0, 2, 3, 7, 1]",62,1
orig,"[6, 4, 5, 0, 2, 3, 7, 1]",63,1
orig,"[6, 4, 5, 0, 2, 3, 7, 1]",64,1
orig,"[6, 4, 5, 0, 2, 3, 7, 1]",65,0
orig,"[6, 4, 5, 0, 2, 3, 7, 1]",66,0
orig,"[6, 4, 5, 0, 2, 3, 7, 1]",67,1
orig,"[6, 4, 5, 0, 2, 3, 7, 1]",68,1
orig,"[6, 4, 5, 0, 2, 3, 7, 1]",69,0
orig,"[6, 4, 5, 0, 2, 3, 7, 1]",70,0
orig,"[6, 4, 5, 0, 2, 3, 7, 1]",71,0
orig,"[6, 4, 5, 0, 2, 3, 7, 1]",72,0
orig,"[6, 4, 5, 0, 2, 3, 7, 1]",73,0
orig,"[6, 4, 5, 0, 2, 3, 7, 1]",74,0
orig,"[6, 4, 5, 0, 2, 3, 7, 1]",75,0
orig,"[6, 4, 5, 0, 2, 3, 7, 1]",76,0
orig,"[6, 4, 5, 0, 2, 3, 7, 1]",77,0
orig,"[6, 4, 5, 0, 2, 3, 7, 1]",78,0
orig,"[6, 4, 5, 0, 2, 3, 7, 1]",79,0
orig,"[6, 4, 5, 0, 2, 3, 7, 1]",80,0
orig,"[6, 4, 5, 0, 2, 3, 7, 1]",81,0
orig,"[6, 4, 5, 0, 2, 3, 7, 1]",82,1
orig,"[6, 4, 5, 0, 2, 3, 7, 1]",83,0
orig,"[6, 4, 5, 0, 2, 3, 7, 1]",84,1
orig,"[6, 4, 5, 0, 2, 3, 7, 1]",85,0
orig,"[6, 4, 5, 0, 2, 3, 7, 1]",86,0
orig,"[6, 4, 5, 0, 2, 3, 7, 1]",87,1
orig,"[6, 4, 5, 0, 2, 3, 7, 1]",88,0
orig,"[6, 4, 5, 0, 2, 3, 7, 1]",89,0
orig,"[4, 0, 3, 1, 7, 2, 5, 6]",60,0
orig,"[4, 0, 3, 1, 7, 2, 5, 6]",61,1
orig,"[4, 0, 3, 1, 7, 2, 5, 6]",62,0
orig,"[4, 0, 3, 1, 7, 2, 5, 6]",63,0
orig,"[4, 0, 3, 1, 7, 2, 5, 6]",64,1
orig,"[4, 0, 3, 1, 7, 2, 5, 6]",65,0
orig,"[4, 0, 3, 1, 7, 2, 5, 6]",66,1
orig,"[4, 0, 3, 1, 7, 2, 5, 6]",67,1
orig,"[4, 0, 3, 1, 7, 2, 5, 6]",68,1
orig,"[4, 0, 3, 1, 7, 2, 5, 6]",69,0
orig,"[4, 0, 3, 1, 7, 2, 5, 6]",70,1
orig,"[4, 0, 3, 1, 7, 2, 5, 6]",71,1
orig,"[4, 0, 3, 1, 7, 2, 5, 6]",72,0
orig,"[4, 0, 3, 1, 7, 2, 5, 6]",73,0
orig,"[4, 0, 3, 1, 7, 2, 5, 6]",74,0
orig,"[4, 0, 3, 1, 7, 2, 5, 6]",75,0
orig,"[4, 0, 3, 1, 7, 2, 5, 6]",76,0
orig,"[4, 0, 3, 1, 7, 2, 5, 6]",77,0
orig,"[4, 0, 3, 1, 7, 2, 5, 6]",78,0
orig,"[4, 0, 3, 1, 7, 2, 5, 6]",79,0
orig,"[4, 0, 3, 1, 7, 2, 5, 6]",80,1
orig,"[4, 0, 3, 1, 7, 2, 5, 6]",81,1
orig,"[4, 0, 3, 1, 7, 2, 5, 6]",82,1
orig,"[4, 0, 3, 1, 7, 2, 5, 6]",83,0
orig,"[4, 0, 3, 1, 7, 2, 5, 6]",84,0
orig,"[4, 0, 3, 1, 7, 2, 5, 6]",85,0
orig,"[4, 0, 3, 1, 7, 2, 5, 6]",86,0
orig,"[4, 0, 3, 1, 7, 2, 5, 6]",87,1
orig,"[4, 0, 3, 1, 7, 2, 5, 6]",88,1
orig,"[4, 0, 3, 1, 7, 2, 5, 6]",89,0
orig,"[6, 4, 5, 3, 2, 0, 7, 1]",60,0
orig,"[6, 4, 5, 3, 2, 0, 7, 1]",61,1
orig,"[6, 4, 5, 3, 2, 0, 7, 1]",62,0
orig,"[6, 4, 5, 3, 2, 0, 7, 1]",63,0
orig,"[6, 4, 5, 3, 2, 0, 7, 1]",64,1
orig,"[6, 4, 5, 3, 2, 0, 7, 1]",65,1
orig,"[6, 4, 5, 3, 2, 0, 7, 1]",66,1
orig,"[6, 4, 5, 3, 2, 0, 7, 1]",67,1
orig,"[6, 4, 5, 3, 2, 0, 7, 1]",68,1
orig,"[6, 4, 5, 3, 2, 0, 7, 1]",69,1
orig,"[6, 4, 5, 3, 2, 0, 7, 1]",70,1
orig,"[6, 4, 5, 3, 2, 0, 7, 1]",71,1
orig,"[6, 4, 5, 3, 2, 0, 7, 1]",72,0
orig,"[6, 4, 5, 3, 2, 0, 7, 1]",73,0
orig,"[6, 4, 5, 3, 2, 0, 7, 1]",74,0
orig,"[6, 4, 5, 3, 2, 0, 7, 1]",75,1
orig,"[6, 4, 5, 3, 2, 0, 7, 1]",76,0
orig,"[6, 4, 5, 3, 2, 0, 7, 1]",77,0
orig,"[6, 4, 5, 3, 2, 0, 7, 1]",78,0
orig,"[6, 4, 5, 3, 2, 0, 7, 1]",79,0
orig,"[6, 4, 5, 3, 2, 0, 7, 1]",80,0
orig,"[6, 4, 5, 3, 2, 0, 7, 1]",81,1
orig,"[6, 4, 5, 3, 2, 0, 7, 1]",82,1
orig,"[6, 4, 5, 3, 2, 0, 7, 1]",83,0
orig,"[6, 4, 5, 3, 2, 0, 7, 1]",84,0
orig,"[6, 4, 5, 3, 2, 0, 7, 1]",85,0
orig,"[6, 4, 5, 3, 2, 0, 7, 1]",86,0
orig,"[6, 4, 5, 3, 2, 0, 7, 1]",87,1
orig,"[6, 4, 5, 3, 2, 0, 7, 1]",88,1
orig,"[6, 4, 5, 3, 2, 0, 7, 1]",89,0
orig,"[6, 0, 5, 3, 2, 4, 7, 1]",60,0
orig,"[6, 0, 5, 3, 2, 4, 7, 1]",61,1
orig,"[6, 0, 5, 3, 2, 4, 7, 1]",62,0
orig,"[6, 0, 5, 3, 2, 4, 7, 1]",63,1
orig,"[6, 0, 5, 3, 2, 4, 7, 1]",64,1
orig,"[6, 0, 5, 3, 2, 4, 7, 1]",65,0
orig,"[6, 0, 5, 3, 2, 4, 7, 1]",66,1
orig,"[6, 0, 5, 3, 2, 4, 7, 1]",67,1
orig,"[6, 0, 5, 3, 2, 4, 7, 1]",68,1
orig,"[6, 0, 5, 3, 2, 4, 7, 1]",69,0
orig,"[6, 0, 5, 3, 2, 4, 7, 1]",70,1
orig,"[6, 0, 5, 3, 2, 4, 7, 1]",71,1
orig,"[6, 0, 5, 3, 2, 4, 7, 1]",72,0
orig,"[6, 0, 5, 3, 2, 4, 7, 1]",73,0
orig,"[6, 0, 5, 3, 2, 4, 7, 1]",74,0
orig,"[6, 0, 5, 3, 2, 4, 7, 1]",75,0
orig,"[6, 0, 5, 3, 2, 4, 7, 1]",76,0
orig,"[6, 0, 5, 3, 2, 4, 7, 1]",77,0
orig,"[6, 0, 5, 3, 2, 4, 7, 1]",78,0
orig,"[6, 0, 5, 3, 2, 4, 7, 1]",79,1
orig,"[6, 0, 5, 3, 2, 4, 7, 1]",80,1
orig,"[6, 0, 5, 3, 2, 4, 7, 1]",81,0
orig,"[6, 0, 5, 3, 2, 4, 7, 1]",82,1
orig,"[6, 0, 5, 3, 2, 4, 7, 1]",83,0
orig,"[6, 0, 5, 3, 2, 4, 7, 1]",84,0
orig,"[6, 0, 5, 3, 2, 4, 7, 1]",85,0
orig,"[6, 0, 5, 3, 2, 4, 7, 1]",86,0
orig,"[6, 0, 5, 3, 2, 4, 7, 1]",87,1
orig,"[6, 0, 5, 3, 2, 4, 7, 1]",88,1
orig,"[6, 0, 5, 3, 2, 4, 7, 1]",89,0
orig,"[7, 4, 5, 3, 2, 0, 6, 1]",60,0
orig,"[7, 4, 5, 3, 2, 0, 6, 1]",61,0
orig,"[7, 4, 5, 3, 2, 0, 6, 1]",62,0
orig,"[7, 4, 5, 3, 2, 0, 6, 1]",63,0
orig,"[7, 4, 5, 3, 2, 0, 6, 1]",64,0
orig,"[7, 4, 5, 3, 2, 0, 6, 1]",65,0
orig,"[7, 4, 5, 3, 2, 0, 6, 1]",66,0
orig,"[7, 4, 5, 3, 2, 0, 6, 1]",67,0
orig,"[7, 4, 5, 3, 2, 0, 6, 1]",68,0
orig,"[7, 4, 5, 3, 2, 0, 6, 1]",69,0
orig,"[7, 4, 5, 3, 2, 0, 6, 1]",70,1
orig,"[7, 4, 5, 3, 2, 0, 6, 1]",71,0
orig,"[7, 4, 5, 3, 2, 0, 6, 1]",72,0
orig,"[7, 4, 5, 3, 2, 0, 6, 1]",73,1
orig,"[7, 4, 5, 3, 2, 0, 6, 1]",74,0
orig,"[7, 4, 5, 3, 2, 0, 6, 1]",75,0
orig,"[7, 4, 5, 3, 2, 0, 6, 1]",76,0
orig,"[7, 4, 5, 3, 2, 0, 6, 1]",77,0
orig,"[7, 4, 5, 3, 2, 0, 6, 1]",78,0
orig,"[7, 4, 5, 3, 2, 0, 6, 1]",79,1
orig,"[7, 4, 5, 3, 2, 0, 6, 1]",80,0
orig,"[7, 4, 5, 3, 2, 0, 6, 1]",81,0
orig,"[7, 4, 5, 3, 2, 0, 6, 1]",82,1
orig,"[7, 4, 5, 3, 2, 0, 6, 1]",83,0
orig,"[7, 4, 5, 3, 2, 0, 6, 1]",84,1
orig,"[7, 4, 5, 3, 2, 0, 6, 1]",85,0
orig,"[7, 4, 5, 3, 2, 0, 6, 1]",86,0
orig,"[7, 4, 5, 3, 2, 0, 6, 1]",87,0
orig,"[7, 4, 5, 3, 2, 0, 6, 1]",88,1
orig,"[7, 4, 5, 3, 2, 0, 6, 1]",89,0
orig,"[6, 3, 5, 0, 2, 4, 7, 1]",60,0
orig,"[6, 3, 5, 0, 2, 4, 7, 1]",61,1
orig,"[6, 3, 5, 0, 2, 4, 7, 1]",62,1
orig,"[6, 3, 5, 0, 2, 4, 7, 1]",63,1
orig,"[6, 3, 5, 0, 2, 4, 7, 1]",64,1
orig,"[6, 3, 5, 0, 2, 4, 7, 1]",65,0
orig,"[6, 3, 5, 0, 2, 4, 7, 1]",66,0
orig,"[6, 3, 5, 0, 2, 4, 7, 1]",67,1
orig,"[6, 3, 5, 0, 2, 4, 7, 1]",68,1
orig,"[6, 3, 5, 0, 2, 4, 7, 1]",69,1
orig,"[6, 3, 5, 0, 2, 4, 7, 1]",70,0
orig,"[6, 3, 5, 0, 2, 4, 7, 1]",71,1
orig,"[6, 3, 5, 0, 2, 4, 7, 1]",72,0
orig,"[6, 3, 5, 0, 2, 4, 7, 1]",73,0
orig,"[6, 3, 5, 0, 2, 4, 7, 1]",74,0
orig,"[6, 3, 5, 0, 2, 4, 7, 1]",75,0
orig,"[6, 3, 5, 0, 2, 4, 7, 1]",76,0
orig,"[6, 3, 5, 0, 2, 4, 7, 1]",77,0
orig,"[6, 3, 5, 0, 2, 4, 7, 1]",78,1
orig,"[6, 3, 5, 0, 2, 4, 7, 1]",79,0
orig,"[6, 3, 5, 0, 2, 4, 7, 1]",80,1
orig,"[6, 3, 5, 0, 2, 4, 7, 1]",81,1
orig,"[6, 3, 5, 0, 2, 4, 7, 1]",82,1
orig,"[6, 3, 5, 0, 2, 4, 7, 1]",83,0
orig,"[6, 3, 5, 0, 2, 4, 7, 1]",84,1
orig,"[6, 3, 5, 0, 2, 4, 7, 1]",85,0
orig,"[6, 3, 5, 0, 2, 4, 7, 1]",86,0
orig,"[6, 3, 5, 0, 2, 4, 7, 1]",87,1
orig,"[6, 3, 5, 0, 2, 4, 7, 1]",88,1
orig,"[6, 3, 5, 0, 2, 4, 7, 1]",89,0
orig,"[6, 5, 0, 3, 2, 4, 7, 1]",60,0
orig,"[6, 5, 0, 3, 2, 4, 7, 1]",61,1
orig,"[6, 5, 0, 3, 2, 4, 7, 1]",62,1
orig,"[6, 5, 0, 3, 2, 4, 7, 1]",63,0
orig,"[6, 5, 0, 3, 2, 4, 7, 1]",64,1
orig,"[6, 5, 0, 3, 2, 4, 7, 1]",65,0
orig,"[6, 5, 0, 3, 2, 4, 7, 1]",66,0
orig,"[6, 5, 0, 3, 2, 4, 7, 1]",67,1
orig,"[6, 5, 0, 3, 2, 4, 7, 1]",68,1
orig,"[6, 5, 0, 3, 2, 4, 7, 1]",69,0
orig,"[6, 5, 0, 3, 2, 4, 7, 1]",70,0
orig,"[6, 5, 0, 3, 2, 4, 7, 1]",71,1
orig,"[6, 5, 0, 3, 2, 4, 7, 1]",72,0
orig,"[6, 5, 0, 3, 2, 4, 7, 1]",73,0
orig,"[6, 4, 5, 3, 0, 2, 7, 1]",60,0
orig,"[6, 4, 5, 3, 0, 2, 7, 1]",61,1
orig,"[6, 4, 5, 3, 0, 2, 7, 1]",62,1
orig,"[6, 4, 5, 3, 0, 2, 7, 1]",63,0
orig,"[6, 4, 5, 3, 0, 2, 7, 1]",64,0
orig,"[6, 4, 5, 3, 0, 2, 7, 1]",65,0
orig,"[6, 4, 5, 3, 0, 2, 7, 1]",66,0
orig,"[6, 4, 5, 3, 0, 2, 7, 1]",67,1
orig,"[6, 4, 5, 3, 0, 2, 7, 1]",68,1
orig,"[6, 4, 5, 3, 0, 2, 7, 1]",69,0
orig,"[6, 4, 5, 3, 0, 2, 7, 1]",70,1
orig,"[6, 4, 5, 3, 0, 2, 7, 1]",71,1
orig,"[6, 4, 5, 3, 0, 2, 7, 1]",72,0
orig,"[6, 4, 5, 3, 0, 2, 7, 1]",73,0
orig,"[6, 4, 5, 3, 0, 2, 7, 1]",74,0
orig,"[6, 4, 5, 3, 0, 2, 7, 1]",75,1
orig,"[6, 4, 5, 3, 0, 2, 7, 1]",76,0
orig,"[6, 4, 5, 3, 0, 2, 7, 1]",77,0
orig,"[6, 4, 5, 3, 0, 2, 7, 1]",78,0
orig,"[6, 4, 5, 3, 0, 2, 7, 1]",79,1
orig,"[6, 4, 5, 3, 0, 2, 7, 1]",80,0
orig,"[6, 4, 5, 3, 0, 2, 7, 1]",81,0
orig,"[6, 4, 5, 3, 0, 2, 7, 1]",82,0
orig,"[6, 4, 5, 3, 0, 2, 7, 1]",83,0
orig,"[6, 4, 5, 3, 0, 2, 7, 1]",84,0
orig,"[6, 4, 5, 3, 0, 2, 7, 1]",85,0
orig,"[6, 4, 5, 3, 0, 2, 7, 1]",86,0
orig,"[6, 4, 5, 3, 0, 2, 7, 1]",87,1
orig,"[6, 4, 5, 3, 0, 2, 7, 1]",88,1
orig,"[6, 4, 5, 3, 0, 2, 7, 1]",89,0
orig,"[6, 7, 4, 5, 3, 2, 0, 1]",60,0
orig,"[6, 7, 4, 5, 3, 2, 0, 1]",61,0
orig,"[6, 7, 4, 5, 3, 2, 0, 1]",62,1
orig,"[6, 7, 4, 5, 3, 2, 0, 1]",63,1
orig,"[6, 7, 4, 5, 3, 2, 0, 1]",64,1
orig,"[6, 7, 4, 5, 3, 2, 0, 1]",65,0
orig,"[6, 7, 4, 5, 3, 2, 0, 1]",66,1
orig,"[6, 7, 4, 5, 3, 2, 0, 1]",67,0
orig,"[6, 7, 4, 5, 3, 2, 0, 1]",68,0
orig,"[6, 7, 4, 5, 3, 2, 0, 1]",69,0
orig,"[6, 7, 4, 5, 3, 2, 0, 1]",70,1
orig,"[6, 7, 4, 5, 3, 2, 0, 1]",71,1
orig,"[6, 7, 4, 5, 3, 2, 0, 1]",72,1
orig,"[6, 7, 4, 5, 3, 2, 0, 1]",73,0
orig,"[6, 7, 4, 5, 3, 2, 0, 1]",74,0
orig,"[6, 7, 4, 5, 3, 2, 0, 1]",75,1
orig,"[6, 7, 4, 5, 3, 2, 0, 1]",76,0
orig,"[6, 7, 4, 5, 3, 2, 0, 1]",77,0
orig,"[6, 7, 4, 5, 3, 2, 0, 1]",78,0
orig,"[6, 7, 4, 5, 3, 2, 0, 1]",79,1
orig,"[6, 7, 4, 5, 3, 2, 0, 1]",80,1
orig,"[6, 7, 4, 5, 3, 2, 0, 1]",81,0
orig,"[6, 7, 4, 5, 3, 2, 0, 1]",82,1
orig,"[6, 7, 4, 5, 3, 2, 0, 1]",83,0
orig,"[6, 7, 4, 5, 3, 2, 0, 1]",84,1
orig,"[6, 7, 4, 5, 3, 2, 0, 1]",85,0
orig,"[6, 7, 4, 5, 3, 2, 0, 1]",86,0
orig,"[6, 7, 4, 5, 3, 2, 0, 1]",87,1
orig,"[6, 7, 4, 5, 3, 2, 0, 1]",88,1
orig,"[6, 7, 4, 5, 3, 2, 0, 1]",89,0
orig,"[3, 4, 0, 1, 7, 2, 5, 6]",60,0
orig,"[3, 4, 0, 1, 7, 2, 5, 6]",61,1
orig,"[3, 4, 0, 1, 7, 2, 5, 6]",62,0
orig,"[3, 4, 0, 1, 7, 2, 5, 6]",63,0
orig,"[3, 4, 0, 1, 7, 2, 5, 6]",64,1
orig,"[3, 4, 0, 1, 7, 2, 5, 6]",65,0
orig,"[3, 4, 0, 1, 7, 2, 5, 6]",66,0
orig,"[3, 4, 0, 1, 7, 2, 5, 6]",67,0
orig,"[3, 4, 0, 1, 7, 2, 5, 6]",68,0
orig,"[3, 4, 0, 1, 7, 2, 5, 6]",69,0
orig,"[3, 4, 0, 1, 7, 2, 5, 6]",70,1
orig,"[3, 4, 0, 1, 7, 2, 5, 6]",71,1
orig,"[3, 4, 0, 1, 7, 2, 5, 6]",72,0
orig,"[3, 4, 0, 1, 7, 2, 5, 6]",73,0
orig,"[3, 4, 0, 1, 7, 2, 5, 6]",74,0
orig,"[3, 4, 0, 1, 7, 2, 5, 6]",75,1
orig,"[3, 4, 0, 1, 7, 2, 5, 6]",76,0
orig,"[3, 4, 0, 1, 7, 2, 5, 6]",77,0
orig,"[3, 4, 0, 1, 7, 2, 5, 6]",78,0
orig,"[3, 4, 0, 1, 7, 2, 5, 6]",79,0
orig,"[3, 4, 0, 1, 7, 2, 5, 6]",80,0
orig,"[3, 4, 0, 1, 7, 2, 5, 6]",81,0
orig,"[3, 4, 0, 1, 7, 2, 5, 6]",82,0
orig,"[3, 4, 0, 1, 7, 2, 5, 6]",83,0
orig,"[3, 4, 0, 1, 7, 2, 5, 6]",84,0
orig,"[3, 4, 0, 1, 7, 2, 5, 6]",85,0
orig,"[3, 4, 0, 1, 7, 2, 5, 6]",86,0
orig,"[3, 4, 0, 1, 7, 2, 5, 6]",87,1
orig,"[3, 4, 0, 1, 7, 2, 5, 6]",88,1
orig,"[3, 4, 0, 1, 7, 2, 5, 6]",89,0
orig,"[7, 3, 5, 0, 2, 4, 6, 1]",60,0
orig,"[7, 3, 5, 0, 2, 4, 6, 1]",61,1
orig,"[7, 3, 5, 0, 2, 4, 6, 1]",62,1
orig,"[7, 3, 5, 0, 2, 4, 6, 1]",63,1
orig,"[7, 3, 5, 0, 2, 4, 6, 1]",64,0
orig,"[7, 3, 5, 0, 2, 4, 6, 1]",65,0
orig,"[7, 3, 5, 0, 2, 4, 6, 1]",66,0
orig,"[7, 3, 5, 0, 2, 4, 6, 1]",67,0
orig,"[7, 3, 5, 0, 2, 4, 6, 1]",68,1
orig,"[7, 3, 5, 0, 2, 4, 6, 1]",69,1
orig,"[7, 3, 5, 0, 2, 4, 6, 1]",70,1
orig,"[7, 3, 5, 0, 2, 4, 6, 1]",71,0
orig,"[7, 3, 5, 0, 2, 4, 6, 1]",72,1
orig,"[7, 3, 5, 0, 2, 4, 6, 1]",73,0
orig,"[7, 3, 5, 0, 2, 4, 6, 1]",74,0
orig,"[7, 3, 5, 0, 2, 4, 6, 1]",75,0
orig,"[7, 3, 5, 0, 2, 4, 6, 1]",76,0
orig,"[7, 3, 5, 0, 2, 4, 6, 1]",77,0
orig,"[7, 3, 5, 0, 2, 4, 6, 1]",78,0
orig,"[7, 3, 5, 0, 2, 4, 6, 1]",79,1
orig,"[7, 3, 5, 0, 2, 4, 6, 1]",80,1
orig,"[7, 3, 5, 0, 2, 4, 6, 1]",81,0
orig,"[7, 3, 5, 0, 2, 4, 6, 1]",82,0
orig,"[7, 3, 5, 0, 2, 4, 6, 1]",83,0
orig,"[7, 3, 5, 0, 2, 4, 6, 1]",84,0
orig,"[7, 3, 5, 0, 2, 4, 6, 1]",85,1
orig,"[7, 3, 5, 0, 2, 4, 6, 1]",86,0
orig,"[7, 3, 5, 0, 2, 4, 6, 1]",87,1
orig,"[7, 3, 5, 0, 2, 4, 6, 1]",88,1
orig,"[7, 3, 5, 0, 2, 4, 6, 1]",89,0
orig,"[6, 5, 4, 3, 0, 2, 7, 1]",60,0
orig,"[6, 5, 4, 3, 0, 2, 7, 1]",61,0
orig,"[6, 5, 4, 3, 0, 2, 7, 1]",62,0
orig,"[6, 5, 4, 3, 0, 2, 7, 1]",63,0
orig,"[6, 5, 4, 3, 0, 2, 7, 1]",64,1
orig,"[6, 5, 4, 3, 0, 2, 7, 1]",65,0
orig,"[6, 5, 4, 3, 0, 2, 7, 1]",66,1
orig,"[6, 5, 4, 3, 0, 2, 7, 1]",67,0
orig,"[6, 5, 4, 3, 0, 2, 7, 1]",68,0
orig,"[6, 5, 4, 3, 0, 2, 7, 1]",69,0
orig,"[6, 5, 4, 3, 0, 2, 7, 1]",70,1
orig,"[6, 5, 4, 3, 0, 2, 7, 1]",71,1
orig,"[6, 5, 4, 3, 0, 2, 7, 1]",72,0
orig,"[6, 5, 4, 3, 0, 2, 7, 1]",73,0
orig,"[6, 5, 4, 3, 0, 2, 7, 1]",74,0
orig,"[6, 5, 4, 3, 0, 2, 7, 1]",75,0
orig,"[6, 5, 4, 3, 0, 2, 7, 1]",76,0
orig,"[6, 5, 4, 3, 0, 2, 7, 1]",77,0
orig,"[6, 5, 4, 3, 0, 2, 7, 1]",78,0
orig,"[6, 5, 4, 3, 0, 2, 7, 1]",79,0
orig,"[6, 5, 4, 3, 0, 2, 7, 1]",80,0
orig,"[6, 5, 4, 3, 0, 2, 7, 1]",81,0
orig,"[6, 5, 4, 3, 0, 2, 7, 1]",82,0
orig,"[6, 5, 4, 3, 0, 2, 7, 1]",83,0
orig,"[6, 5, 4, 3, 0, 2, 7, 1]",84,0
orig,"[6, 5, 4, 3, 0, 2, 7, 1]",85,0
orig,"[6, 5, 4, 3, 0, 2, 7, 1]",86,0
orig,"[6, 5, 4, 3, 0, 2, 7, 1]",87,1
orig,"[6, 5, 4, 3, 0, 2, 7, 1]",88,1
orig,"[6, 5, 4, 3, 0, 2, 7, 1]",89,0
orig,"[6, 2, 3, 5, 0, 7, 4, 1]",60,0
orig,"[6, 2, 3, 5, 0, 7, 4, 1]",61,1
orig,"[6, 2, 3, 5, 0, 7, 4, 1]",62,1
orig,"[6, 2, 3, 5, 0, 7, 4, 1]",63,1
orig,"[6, 2, 3, 5, 0, 7, 4, 1]",64,1
orig,"[6, 2, 3, 5, 0, 7, 4, 1]",65,0
orig,"[6, 2, 3, 5, 0, 7, 4, 1]",66,1
orig,"[6, 2, 3, 5, 0, 7, 4, 1]",67,0
orig,"[6, 2, 3, 5, 0, 7, 4, 1]",68,0
orig,"[6, 2, 3, 5, 0, 7, 4, 1]",69,0
orig,"[6, 2, 3, 5, 0, 7, 4, 1]",70,1
orig,"[6, 2, 3, 5, 0, 7, 4, 1]",71,0
orig,"[6, 2, 3, 5, 0, 7, 4, 1]",72,0
orig,"[6, 2, 3, 5, 0, 7, 4, 1]",73,0
orig,"[6, 2, 3, 5, 0, 7, 4, 1]",74,0
orig,"[6, 2, 3, 5, 0, 7, 4, 1]",75,0
orig,"[6, 2, 3, 5, 0, 7, 4, 1]",76,0
orig,"[6, 2, 3, 5, 0, 7, 4, 1]",77,0
orig,"[6, 2, 3, 5, 0, 7, 4, 1]",78,0
orig,"[6, 2, 3, 5, 0, 7, 4, 1]",79,1
orig,"[6, 2, 3, 5, 0, 7, 4, 1]",80,1
orig,"[6, 2, 3, 5, 0, 7, 4, 1]",81,0
orig,"[6, 2, 3, 5, 0, 7, 4, 1]",82,1
orig,"[6, 2, 3, 5, 0, 7, 4, 1]",83,0
orig,"[6, 2, 3, 5, 0, 7, 4, 1]",84,0
orig,"[6, 2, 3, 5, 0, 7, 4, 1]",85,0
orig,"[6, 2, 3, 5, 0, 7, 4, 1]",86,0
orig,"[6, 2, 3, 5, 0, 7, 4, 1]",87,1
orig,"[6, 2, 3, 5, 0, 7, 4, 1]",88,1
orig,"[6, 2, 3, 5, 0, 7, 4, 1]",89,0
orig,"[7, 3, 1, 5, 0, 2, 4, 6]",60,0
orig,"[7, 3, 1, 5, 0, 2, 4, 6]",61,1
orig,"[7, 3, 1, 5, 0, 2, 4, 6]",62,0
orig,"[7, 3, 1, 5, 0, 2, 4, 6]",63,1
orig,"[7, 3, 1, 5, 0, 2, 4, 6]",64,0
orig,"[7, 3, 1, 5, 0, 2, 4, 6]",65,0
orig,"[7, 3, 1, 5, 0, 2, 4, 6]",66,0
orig,"[7, 3, 1, 5, 0, 2, 4, 6]",67,0
orig,"[7, 3, 1, 5, 0, 2, 4, 6]",68,1
orig,"[7, 3, 1, 5, 0, 2, 4, 6]",69,0
orig,"[7, 3, 1, 5, 0, 2, 4, 6]",70,1
orig,"[7, 3, 1, 5, 0, 2, 4, 6]",71,1
orig,"[7, 3, 1, 5, 0, 2, 4, 6]",72,0
orig,"[7, 3, 1, 5, 0, 2, 4, 6]",73,0
orig,"[7, 3, 1, 5, 0, 2, 4, 6]",74,0
orig,"[7, 3, 1, 5, 0, 2, 4, 6]",75,0
orig,"[7, 3, 1, 5, 0, 2, 4, 6]",76,0
orig,"[7, 3, 1, 5, 0, 2, 4, 6]",77,0
orig,"[7, 3, 1, 5, 0, 2, 4, 6]",78,1
orig,"[7, 3, 1, 5, 0, 2, 4, 6]",79,0
orig,"[7, 3, 1, 5, 0, 2, 4, 6]",80,1
orig,"[7, 3, 1, 5, 0, 2, 4, 6]",81,1
orig,"[7, 3, 1, 5, 0, 2, 4, 6]",82,1
orig,"[7, 3, 1, 5, 0, 2, 4, 6]",83,1
orig,"[7, 3, 1, 5, 0, 2, 4, 6]",84,1
orig,"[7, 3, 1, 5, 0, 2, 4, 6]",85,1
orig,"[7, 3, 1, 5, 0, 2, 4, 6]",86,0
orig,"[7, 3, 1, 5, 0, 2, 4, 6]",87,1
orig,"[7, 3, 1, 5, 0, 2, 4, 6]",88,1
orig,"[7, 3, 1, 5, 0, 2, 4, 6]",89,0
orig,"[6, 7, 4, 5, 3, 0, 2, 1]",60,0
orig,"[6, 7, 4, 5, 3, 0, 2, 1]",61,1
orig,"[6, 7, 4, 5, 3, 0, 2, 1]",62,0
orig,"[6, 7, 4, 5, 3, 0, 2, 1]",63,1
orig,"[6, 7, 4, 5, 3, 0, 2, 1]",64,1
orig,"[6, 7, 4, 5, 3, 0, 2, 1]",65,0
orig,"[6, 7, 4, 5, 3, 0, 2, 1]",66,0
orig,"[6, 7, 4, 5, 3, 0, 2, 1]",67,0
orig,"[6, 7, 4, 5, 3, 0, 2, 1]",68,1
orig,"[6, 7, 4, 5, 3, 0, 2, 1]",69,0
orig,"[6, 7, 4, 5, 3, 0, 2, 1]",70,1
orig,"[6, 7, 4, 5, 3, 0, 2, 1]",71,1
orig,"[6, 7, 4, 5, 3, 0, 2, 1]",72,0
orig,"[6, 7, 4, 5, 3, 0, 2, 1]",73,0
orig,"[6, 7, 4, 5, 3, 0, 2, 1]",74,0
orig,"[6, 7, 4, 5, 3, 0, 2, 1]",75,0
orig,"[6, 7, 4, 5, 3, 0, 2, 1]",76,0
orig,"[6, 7, 4, 5, 3, 0, 2, 1]",77,0
orig,"[6, 7, 4, 5, 3, 0, 2, 1]",78,1
orig,"[6, 7, 4, 5, 3, 0, 2, 1]",79,1
orig,"[6, 7, 4, 5, 3, 0, 2, 1]",80,1
orig,"[6, 7, 4, 5, 3, 0, 2, 1]",81,0
orig,"[6, 7, 4, 5, 3, 0, 2, 1]",82,0
orig,"[6, 7, 4, 5, 3, 0, 2, 1]",83,0
orig,"[6, 7, 4, 5, 3, 0, 2, 1]",84,0
orig,"[6, 7, 4, 5, 3, 0, 2, 1]",85,0
orig,"[6, 7, 4, 5, 3, 0, 2, 1]",86,1
orig,"[6, 7, 4, 5, 3, 0, 2, 1]",87,1
orig,"[6, 7, 4, 5, 3, 0, 2, 1]",88,1
orig,"[6, 7, 4, 5, 3, 0, 2, 1]",89,0
orig,"[6, 2, 3, 5, 1, 0, 7, 4]",60,0
orig,"[6, 2, 3, 5, 1, 0, 7, 4]",61,1
orig,"[6, 2, 3, 5, 1, 0, 7, 4]",62,0
orig,"[6, 2, 3, 5, 1, 0, 7, 4]",63,0
orig,"[6, 2, 3, 5, 1, 0, 7, 4]",64,1
orig,"[6, 2, 3, 5, 1, 0, 7, 4]",65,0
orig,"[6, 2, 3, 5, 1, 0, 7, 4]",66,1
orig,"[6, 2, 3, 5, 1, 0, 7, 4]",67,0
orig,"[6, 2, 3, 5, 1, 0, 7, 4]",68,1
orig,"[6, 2, 3, 5, 1, 0, 7, 4]",69,0
orig,"[6, 2, 3, 5, 1, 0, 7, 4]",70,1
orig,"[6, 2, 3, 5, 1, 0, 7, 4]",71,1
orig,"[6, 2, 3, 5, 1, 0, 7, 4]",72,0
orig,"[6, 2, 3, 5, 1, 0, 7, 4]",73,0
orig,"[6, 2, 3, 5, 1, 0, 7, 4]",74,0
orig,"[6, 2, 3, 5, 1, 0, 7, 4]",75,0
orig,"[6, 2, 3, 5, 1, 0, 7, 4]",76,0
orig,"[6, 2, 3, 5, 1, 0, 7, 4]",77,0
orig,"[6, 2, 3, 5, 1, 0, 7, 4]",78,0
orig,"[6, 2, 3, 5, 1, 0, 7, 4]",79,0
orig,"[6, 2, 3, 5, 1, 0, 7, 4]",80,1
orig,"[6, 2, 3, 5, 1, 0, 7, 4]",81,0
orig,"[6, 2, 3, 5, 1, 0, 7, 4]",82,0
orig,"[6, 2, 3, 5, 1, 0, 7, 4]",83,0
orig,"[6, 2, 3, 5, 1, 0, 7, 4]",84,1
orig,"[6, 2, 3, 5, 1, 0, 7, 4]",85,1
orig,"[6, 2, 3, 5, 1, 0, 7, 4]",86,0
orig,"[6, 2, 3, 5, 1, 0, 7, 4]",87,1
orig,"[6, 2, 3, 5, 1, 0, 7, 4]",88,1
orig,"[6, 2, 3, 5, 1, 0, 7, 4]",89,0
orig,"[6, 4, 0, 5, 3, 2, 7, 1]",60,0
orig,"[6, 4, 0, 5, 3, 2, 7, 1]",61,1
orig,"[6, 4, 0, 5, 3, 2, 7, 1]",62,0
orig,"[6, 4, 0, 5, 3, 2, 7, 1]",63,1
orig,"[6, 4, 0, 5, 3, 2, 7, 1]",64,1
orig,"[6, 4, 0, 5, 3, 2, 7, 1]",65,0
orig,"[6, 4, 0, 5, 3, 2, 7, 1]",66,0
orig,"[6, 4, 0, 5, 3, 2, 7, 1]",67,1
orig,"[6, 4, 0, 5, 3, 2, 7, 1]",68,1
orig,"[6, 4, 0, 5, 3, 2, 7, 1]",69,0
orig,"[6, 4, 0, 5, 3, 2, 7, 1]",70,1
orig,"[6, 4, 0, 5, 3, 2, 7, 1]",71,1
orig,"[6, 4, 0, 5, 3, 2, 7, 1]",72,1
orig,"[6, 4, 0, 5, 3, 2, 7, 1]",73,0
orig,"[6, 4, 0, 5, 3, 2, 7, 1]",74,0
orig,"[6, 4, 0, 5, 3, 2, 7, 1]",75,0
orig,"[6, 4, 0, 5, 3, 2, 7, 1]",76,0
orig,"[6, 4, 0, 5, 3, 2, 7, 1]",77,0
orig,"[6, 4, 0, 5, 3, 2, 7, 1]",78,1
orig,"[6, 4, 0, 5, 3, 2, 7, 1]",79,0
orig,"[6, 4, 0, 5, 3, 2, 7, 1]",80,0
orig,"[6, 4, 0, 5, 3, 2, 7, 1]",81,1
orig,"[6, 4, 0, 5, 3, 2, 7, 1]",82,1
orig,"[6, 4, 0, 5, 3, 2, 7, 1]",83,0
orig,"[6, 4, 0, 5, 3, 2, 7, 1]",84,1
orig,"[6, 4, 0, 5, 3, 2, 7, 1]",85,0
orig,"[6, 4, 0, 5, 3, 2, 7, 1]",86,0
orig,"[6, 4, 0, 5, 3, 2, 7, 1]",87,1
orig,"[6, 4, 0, 5, 3, 2, 7, 1]",88,1
orig,"[6, 4, 0, 5, 3, 2, 7, 1]",89,0
orig,"[3, 5, 0, 2, 4, 7, 6, 1]",60,0
orig,"[3, 5, 0, 2, 4, 7, 6, 1]",61,1
orig,"[3, 5, 0, 2, 4, 7, 6, 1]",62,0
orig,"[3, 5, 0, 2, 4, 7, 6, 1]",63,1
orig,"[3, 5, 0, 2, 4, 7, 6, 1]",64,1
orig,"[3, 5, 0, 2, 4, 7, 6, 1]",65,0
orig,"[3, 5, 0, 2, 4, 7, 6, 1]",66,1
orig,"[3, 5, 0, 2, 4, 7, 6, 1]",67,1
orig,"[3, 5, 0, 2, 4, 7, 6, 1]",68,1
orig,"[3, 5, 0, 2, 4, 7, 6, 1]",69,0
orig,"[3, 5, 0, 2, 4, 7, 6, 1]",70,1
orig,"[3, 5, 0, 2, 4, 7, 6, 1]",71,1
orig,"[3, 5, 0, 2, 4, 7, 6, 1]",72,0
orig,"[3, 5, 0, 2, 4, 7, 6, 1]",73,0
orig,"[3, 5, 0, 2, 4, 7, 6, 1]",74,0
orig,"[3, 5, 0, 2, 4, 7, 6, 1]",75,1
orig,"[3, 5, 0, 2, 4, 7, 6, 1]",76,0
orig,"[3, 5, 0, 2, 4, 7, 6, 1]",77,0
orig,"[3, 5, 0, 2, 4, 7, 6, 1]",78,0
orig,"[3, 5, 0, 2, 4, 7, 6, 1]",79,0
orig,"[3, 5, 0, 2, 4, 7, 6, 1]",80,0
orig,"[3, 5, 0, 2, 4, 7, 6, 1]",81,1
orig,"[3, 5, 0, 2, 4, 7, 6, 1]",82,0
orig,"[3, 5, 0, 2, 4, 7, 6, 1]",83,0
orig,"[3, 5, 0, 2, 4, 7, 6, 1]",84,1
orig,"[3, 5, 0, 2, 4, 7, 6, 1]",85,0
orig,"[3, 5, 0, 2, 4, 7, 6, 1]",86,0
orig,"[3, 5, 0, 2, 4, 7, 6, 1]",87,1
orig,"[3, 5, 0, 2, 4, 7, 6, 1]",88,0
orig,"[3, 5, 0, 2, 4, 7, 6, 1]",89,0
orig,"[7, 3, 5, 0, 4, 6, 2, 1]",60,0
orig,"[7, 3, 5, 0, 4, 6, 2, 1]",61,1
orig,"[7, 3, 5, 0, 4, 6, 2, 1]",62,0
orig,"[7, 3, 5, 0, 4, 6, 2, 1]",63,0
orig,"[7, 3, 5, 0, 4, 6, 2, 1]",64,0
orig,"[7, 3, 5, 0, 4, 6, 2, 1]",65,0
orig,"[7, 3, 5, 0, 4, 6, 2, 1]",66,0
orig,"[7, 3, 5, 0, 4, 6, 2, 1]",67,0
orig,"[7, 3, 5, 0, 4, 6, 2, 1]",68,1
orig,"[7, 3, 5, 0, 4, 6, 2, 1]",69,0
orig,"[7, 3, 5, 0, 4, 6, 2, 1]",70,1
orig,"[7, 3, 5, 0, 4, 6, 2, 1]",71,1
orig,"[7, 3, 5, 0, 4, 6, 2, 1]",72,0
orig,"[7, 3, 5, 0, 4, 6, 2, 1]",73,0
orig,"[7, 3, 5, 0, 4, 6, 2, 1]",74,0
orig,"[7, 3, 5, 0, 4, 6, 2, 1]",75,0
orig,"[7, 3, 5, 0, 4, 6, 2, 1]",76,0
orig,"[7, 3, 5, 0, 4, 6, 2, 1]",77,0
orig,"[7, 3, 5, 0, 4, 6, 2, 1]",78,0
orig,"[7, 3, 5, 0, 4, 6, 2, 1]",79,1
orig,"[7, 3, 5, 0, 4, 6, 2, 1]",80,0
orig,"[7, 3, 5, 0, 4, 6, 2, 1]",81,1
orig,"[7, 3, 5, 0, 4, 6, 2, 1]",82,1
orig,"[7, 3, 5, 0, 4, 6, 2, 1]",83,0
orig,"[7, 3, 5, 0, 4, 6, 2, 1]",84,1
orig,"[7, 3, 5, 0, 4, 6, 2, 1]",85,0
orig,"[7, 3, 5, 0, 4, 6, 2, 1]",86,0
orig,"[7, 3, 5, 0, 4, 6, 2, 1]",87,1
orig,"[7, 3, 5, 0, 4, 6, 2, 1]",88,1
orig,"[7, 3, 5, 0, 4, 6, 2, 1]",89,0
orig,"[6, 4, 3, 7, 0, 1, 2, 5]",60,0
orig,"[6, 4, 3, 7, 0, 1, 2, 5]",61,0
orig,"[6, 4, 3, 7, 0, 1, 2, 5]",62,0
orig,"[6, 4, 3, 7, 0, 1, 2, 5]",63,0
orig,"[6, 4, 3, 7, 0, 1, 2, 5]",64,1
orig,"[6, 4, 3, 7, 0, 1, 2, 5]",65,0
orig,"[6, 4, 3, 7, 0, 1, 2, 5]",66,0
orig,"[6, 4, 3, 7, 0, 1, 2, 5]",67,0
orig,"[6, 4, 3, 7, 0, 1, 2, 5]",68,1
orig,"[6, 4, 3, 7, 0, 1, 2, 5]",69,0
orig,"[6, 4, 3, 7, 0, 1, 2, 5]",70,0
orig,"[6, 4, 3, 7, 0, 1, 2, 5]",71,0
orig,"[6, 4, 3, 7, 0, 1, 2, 5]",72,1
orig,"[6, 4, 3, 7, 0, 1, 2, 5]",73,1
orig,"[6, 4, 3, 7, 0, 1, 2, 5]",74,0
orig,"[6, 4, 3, 7, 0, 1, 2, 5]",75,1
orig,"[6, 4, 3, 7, 0, 1, 2, 5]",76,0
orig,"[6, 4, 3, 7, 0, 1, 2, 5]",77,0
orig,"[6, 4, 3, 7, 0, 1, 2, 5]",78,0
orig,"[6, 4, 3, 7, 0, 1, 2, 5]",79,0
orig,"[6, 4, 3, 7, 0, 1, 2, 5]",80,0
orig,"[6, 4, 3, 7, 0, 1, 2, 5]",81,0
orig,"[6, 4, 3, 7, 0, 1, 2, 5]",82,0
orig,"[6, 4, 3, 7, 0, 1, 2, 5]",83,0
orig,"[6, 4, 3, 7, 0, 1, 2, 5]",84,1
orig,"[6, 4, 3, 7, 0, 1, 2, 5]",85,1
orig,"[6, 4, 3, 7, 0, 1, 2, 5]",86,0
orig,"[6, 4, 3, 7, 0, 1, 2, 5]",87,0
orig,"[6, 4, 3, 7, 0, 1, 2, 5]",88,1
orig,"[6, 4, 3, 7, 0, 1, 2, 5]",89,0
orig,"[7, 3, 1, 5, 4, 6, 0, 2]",60,0
orig,"[7, 3, 1, 5, 4, 6, 0, 2]",61,1
orig,"[7, 3, 1, 5, 4, 6, 0, 2]",62,0
orig,"[7, 3, 1, 5, 4, 6, 0, 2]",63,1
orig,"[7, 3, 1, 5, 4, 6, 0, 2]",64,0
orig,"[7, 3, 1, 5, 4, 6, 0, 2]",65,0
orig,"[7, 3, 1, 5, 4, 6, 0, 2]",66,0
orig,"[7, 3, 1, 5, 4, 6, 0, 2]",67,0
orig,"[7, 3, 1, 5, 4, 6, 0, 2]",68,1
orig,"[7, 3, 1, 5, 4, 6, 0, 2]",69,0
orig,"[7, 3, 1, 5, 4, 6, 0, 2]",70,1
orig,"[7, 3, 1, 5, 4, 6, 0, 2]",71,0
orig,"[7, 3, 1, 5, 4, 6, 0, 2]",72,0
orig,"[7, 3, 1, 5, 4, 6, 0, 2]",73,0
orig,"[7, 3, 1, 5, 4, 6, 0, 2]",74,0
orig,"[7, 3, 1, 5, 4, 6, 0, 2]",75,0
orig,"[7, 3, 1, 5, 4, 6, 0, 2]",76,0
orig,"[7, 3, 1, 5, 4, 6, 0, 2]",77,0
orig,"[7, 3, 1, 5, 4, 6, 0, 2]",78,0
orig,"[7, 3, 1, 5, 4, 6, 0, 2]",79,0
orig,"[7, 3, 1, 5, 4, 6, 0, 2]",80,1
orig,"[7, 3, 1, 5, 4, 6, 0, 2]",81,1
orig,"[7, 3, 1, 5, 4, 6, 0, 2]",82,0
orig,"[7, 3, 1, 5, 4, 6, 0, 2]",83,0
orig,"[7, 3, 1, 5, 4, 6, 0, 2]",84,1
orig,"[7, 3, 1, 5, 4, 6, 0, 2]",85,0
orig,"[7, 3, 1, 5, 4, 6, 0, 2]",86,0
orig,"[7, 3, 1, 5, 4, 6, 0, 2]",87,1
orig,"[7, 3, 1, 5, 4, 6, 0, 2]",88,1
orig,"[7, 3, 1, 5, 4, 6, 0, 2]",89,0
orig,"[4, 0, 1, 7, 2, 5, 6, 3]",60,0
orig,"[4, 0, 1, 7, 2, 5, 6, 3]",61,0
orig,"[4, 0, 1, 7, 2, 5, 6, 3]",62,0
orig,"[4, 0, 1, 7, 2, 5, 6, 3]",63,0
orig,"[4, 0, 1, 7, 2, 5, 6, 3]",64,0
orig,"[4, 0, 1, 7, 2, 5, 6, 3]",65,0
orig,"[4, 0, 1, 7, 2, 5, 6, 3]",66,0
orig,"[4, 0, 1, 7, 2, 5, 6, 3]",67,0
orig,"[4, 0, 1, 7, 2, 5, 6, 3]",68,0
orig,"[4, 0, 1, 7, 2, 5, 6, 3]",69,0
orig,"[4, 0, 1, 7, 2, 5, 6, 3]",70,1
orig,"[4, 0, 1, 7, 2, 5, 6, 3]",71,1
orig,"[4, 0, 1, 7, 2, 5, 6, 3]",72,0
orig,"[4, 0, 1, 7, 2, 5, 6, 3]",73,0
orig,"[4, 0, 1, 7, 2, 5, 6, 3]",74,0
orig,"[4, 0, 1, 7, 2, 5, 6, 3]",75,0
orig,"[4, 0, 1, 7, 2, 5, 6, 3]",76,0
orig,"[4, 0, 1, 7, 2, 5, 6, 3]",77,0
orig,"[4, 0, 1, 7, 2, 5, 6, 3]",78,0
orig,"[4, 0, 1, 7, 2, 5, 6, 3]",79,1
orig,"[4, 0, 1, 7, 2, 5, 6, 3]",80,1
orig,"[4, 0, 1, 7, 2, 5, 6, 3]",81,0
orig,"[4, 0, 1, 7, 2, 5, 6, 3]",82,0
orig,"[4, 0, 1, 7, 2, 5, 6, 3]",83,0
orig,"[4, 0, 1, 7, 2, 5, 6, 3]",84,0
orig,"[4, 0, 1, 7, 2, 5, 6, 3]",85,0
orig,"[4, 0, 1, 7, 2, 5, 6, 3]",86,0
orig,"[4, 0, 1, 7, 2, 5, 6, 3]",87,1
orig,"[4, 0, 1, 7, 2, 5, 6, 3]",88,1
orig,"[4, 0, 1, 7, 2, 5, 6, 3]",89,0
orig,"[2, 3, 1, 0, 4, 5, 6, 7]",60,0
orig,"[2, 3, 1, 0, 4, 5, 6, 7]",61,0
orig,"[2, 3, 1, 0, 4, 5, 6, 7]",62,0
orig,"[2, 3, 1, 0, 4, 5, 6, 7]",63,0
orig,"[0, 1, 2, 3, 4, 6, 5, 7]",60,1
orig,"[0, 1, 2, 3, 4, 6, 5, 7]",61,1
orig,"[0, 1, 2, 3, 4, 6, 5, 7]",62,0
orig,"[0, 1, 2, 3, 4, 6, 5, 7]",63,0
orig,"[0, 1, 2, 3, 4, 6, 5, 7]",64,1
orig,"[0, 1, 2, 3, 4, 6, 5, 7]",65,0
orig,"[0, 1, 2, 3, 4, 6, 5, 7]",66,1
orig,"[0, 1, 2, 3, 4, 6, 5, 7]",67,0
orig,"[0, 1, 2, 3, 4, 6, 5, 7]",68,1
orig,"[0, 1, 2, 3, 4, 6, 5, 7]",69,0
orig,"[0, 1, 2, 3, 4, 6, 5, 7]",70,1
orig,"[0, 1, 2, 3, 4, 6, 5, 7]",71,1
orig,"[0, 1, 2, 3, 4, 6, 5, 7]",72,0
orig,"[0, 1, 2, 3, 4, 6, 5, 7]",73,0
orig,"[0, 1, 2, 3, 4, 6, 5, 7]",74,0
orig,"[0, 1, 2, 3, 4, 6, 5, 7]",75,1
orig,"[0, 1, 2, 3, 4, 6, 5, 7]",76,1
orig,"[0, 1, 2, 3, 4, 6, 5, 7]",77,0
orig,"[0, 1, 2, 3, 4, 6, 5, 7]",78,0
orig,"[0, 1, 2, 3, 4, 6, 5, 7]",79,1
orig,"[0, 1, 2, 3, 4, 6, 5, 7]",80,1
orig,"[0, 1, 2, 3, 4, 6, 5, 7]",81,1
orig,"[0, 1, 2, 3, 4, 6, 5, 7]",82,1
orig,"[0, 1, 2, 3, 4, 6, 5, 7]",83,0
orig,"[0, 1, 2, 3, 4, 6, 5, 7]",84,0
orig,"[0, 1, 2, 3, 4, 6, 5, 7]",85,0
orig,"[0, 1, 2, 3, 4, 6, 5, 7]",86,0
orig,"[0, 1, 2, 3, 4, 6, 5, 7]",87,1
orig,"[0, 1, 2, 3, 4, 6, 5, 7]",88,1
orig,"[0, 1, 2, 3, 4, 6, 5, 7]",89,0
orig,"[7, 4, 5, 6, 3, 0, 1, 2]",60,0
orig,"[7, 4, 5, 6, 3, 0, 1, 2]",61,1
orig,"[7, 4, 5, 6, 3, 0, 1, 2]",62,1
orig,"[7, 4, 5, 6, 3, 0, 1, 2]",63,0
orig,"[7, 4, 5, 6, 3, 0, 1, 2]",64,0
orig,"[7, 4, 5, 6, 3, 0, 1, 2]",65,0
orig,"[7, 4, 5, 6, 3, 0, 1, 2]",66,1
orig,"[7, 4, 5, 6, 3, 0, 1, 2]",67,0
orig,"[7, 4, 5, 6, 3, 0, 1, 2]",68,0
orig,"[7, 4, 5, 6, 3, 0, 1, 2]",69,0
orig,"[7, 4, 5, 6, 3, 0, 1, 2]",70,1
orig,"[7, 4, 5, 6, 3, 0, 1, 2]",71,0
orig,"[7, 4, 5, 6, 3, 0, 1, 2]",72,0
orig,"[7, 4, 5, 6, 3, 0, 1, 2]",73,0
orig,"[7, 4, 5, 6, 3, 0, 1, 2]",74,0
orig,"[7, 4, 5, 6, 3, 0, 1, 2]",75,0
orig,"[7, 4, 5, 6, 3, 0, 1, 2]",76,0
orig,"[7, 4, 5, 6, 3, 0, 1, 2]",77,0
orig,"[7, 4, 5, 6, 3, 0, 1, 2]",78,0
orig,"[7, 4, 5, 6, 3, 0, 1, 2]",79,1
orig,"[7, 4, 5, 6, 3, 0, 1, 2]",80,0
orig,"[7, 4, 5, 6, 3, 0, 1, 2]",81,1
orig,"[7, 4, 5, 6, 3, 0, 1, 2]",82,1
orig,"[7, 4, 5, 6, 3, 0, 1, 2]",83,0
orig,"[7, 4, 5, 6, 3, 0, 1, 2]",84,1
orig,"[7, 4, 5, 6, 3, 0, 1, 2]",85,1
orig,"[7, 4, 5, 6, 3, 0, 1, 2]",86,0
orig,"[7, 4, 5, 6, 3, 0, 1, 2]",87,1
orig,"[7, 4, 5, 6, 3, 0, 1, 2]",88,1
orig,"[7, 4, 5, 6, 3, 0, 1, 2]",89,0
orig,"[5, 2, 1, 3, 6, 7, 4, 0]",60,0
orig,"[5, 2, 1, 3, 6, 7, 4, 0]",61,0
orig,"[5, 2, 1, 3, 6, 7, 4, 0]",62,0
orig,"[5, 2, 1, 3, 6, 7, 4, 0]",63,0
orig,"[5, 2, 1, 3, 6, 7, 4, 0]",64,1
orig,"[5, 2, 1, 3, 6, 7, 4, 0]",65,0
orig,"[5, 2, 1, 3, 6, 7, 4, 0]",66,1
orig,"[5, 2, 1, 3, 6, 7, 4, 0]",67,1
orig,"[5, 2, 1, 3, 6, 7, 4, 0]",68,0
orig,"[5, 2, 1, 3, 6, 7, 4, 0]",69,0
orig,"[5, 2, 1, 3, 6, 7, 4, 0]",70,1
orig,"[5, 2, 1, 3, 6, 7, 4, 0]",71,1
orig,"[5, 2, 1, 3, 6, 7, 4, 0]",72,0
orig,"[5, 2, 1, 3, 6, 7, 4, 0]",73,0
orig,"[5, 2, 1, 3, 6, 7, 4, 0]",74,0
orig,"[5, 2, 1, 3, 6, 7, 4, 0]",75,1
orig,"[5, 2, 1, 3, 6, 7, 4, 0]",76,0
orig,"[5, 2, 1, 3, 6, 7, 4, 0]",77,0
orig,"[5, 2, 1, 3, 6, 7, 4, 0]",78,0
orig,"[5, 2, 1, 3, 6, 7, 4, 0]",79,0
orig,"[5, 2, 1, 3, 6, 7, 4, 0]",80,0
orig,"[5, 2, 1, 3, 6, 7, 4, 0]",81,0
orig,"[5, 2, 1, 3, 6, 7, 4, 0]",82,0
orig,"[5, 2, 1, 3, 6, 7, 4, 0]",83,0
orig,"[5, 2, 1, 3, 6, 7, 4, 0]",84,0
orig,"[5, 2, 1, 3, 6, 7, 4, 0]",85,0
orig,"[5, 2, 1, 3, 6, 7, 4, 0]",86,0
orig,"[5, 2, 1, 3, 6, 7, 4, 0]",87,0
orig,"[5, 2, 1, 3, 6, 7, 4, 0]",88,1
orig,"[5, 2, 1, 3, 6, 7, 4, 0]",89,0
orig,"[2, 7, 6, 1, 4, 0, 5, 3]",60,0
orig,"[2, 7, 6, 1, 4, 0, 5, 3]",61,0
orig,"[2, 7, 6, 1, 4, 0, 5, 3]",62,0
orig,"[2, 7, 6, 1, 4, 0, 5, 3]",63,0
orig,"[2, 7, 6, 1, 4, 0, 5, 3]",64,1
orig,"[2, 7, 6, 1, 4, 0, 5, 3]",65,0
orig,"[2, 7, 6, 1, 4, 0, 5, 3]",66,0
orig,"[2, 7, 6, 1, 4, 0, 5, 3]",67,0
orig,"[2, 7, 6, 1, 4, 0, 5, 3]",68,1
orig,"[2, 7, 6, 1, 4, 0, 5, 3]",69,0
orig,"[2, 7, 6, 1, 4, 0, 5, 3]",70,1
orig,"[2, 7, 6, 1, 4, 0, 5, 3]",71,1
orig,"[2, 7, 6, 1, 4, 0, 5, 3]",72,0
orig,"[2, 7, 6, 1, 4, 0, 5, 3]",73,1
orig,"[2, 7, 6, 1, 4, 0, 5, 3]",74,0
orig,"[2, 7, 6, 1, 4, 0, 5, 3]",75,0
orig,"[2, 7, 6, 1, 4, 0, 5, 3]",76,0
orig,"[2, 7, 6, 1, 4, 0, 5, 3]",77,0
orig,"[2, 7, 6, 1, 4, 0, 5, 3]",78,1
orig,"[2, 7, 6, 1, 4, 0, 5, 3]",79,1
orig,"[2, 7, 6, 1, 4, 0, 5, 3]",80,0
orig,"[2, 7, 6, 1, 4, 0, 5, 3]",81,1
orig,"[2, 7, 6, 1, 4, 0, 5, 3]",82,0
orig,"[2, 7, 6, 1, 4, 0, 5, 3]",83,1
orig,"[2, 7, 6, 1, 4, 0, 5, 3]",84,1
orig,"[2, 7, 6, 1, 4, 0, 5, 3]",85,0
orig,"[2, 7, 6, 1, 4, 0, 5, 3]",86,0
orig,"[2, 7, 6, 1, 4, 0, 5, 3]",87,1
orig,"[2, 7, 6, 1, 4, 0, 5, 3]",88,0
orig,"[2, 7, 6, 1, 4, 0, 5, 3]",89,0
orig,"[0, 1, 3, 4, 2, 6, 5, 7]",60,1
orig,"[0, 1, 3, 4, 2, 6, 5, 7]",61,1
orig,"[0, 1, 3, 4, 2, 6, 5, 7]",62,0
orig,"[0, 1, 3, 4, 2, 6, 5, 7]",63,0
orig,"[0, 1, 3, 4, 2, 6, 5, 7]",64,1
orig,"[0, 1, 3, 4, 2, 6, 5, 7]",65,0
orig,"[0, 1, 3, 4, 2, 6, 5, 7]",66,1
orig,"[0, 1, 3, 4, 2, 6, 5, 7]",67,1
orig,"[0, 1, 3, 4, 2, 6, 5, 7]",68,1
orig,"[0, 1, 3, 4, 2, 6, 5, 7]",69,0
orig,"[0, 1, 3, 4, 2, 6, 5, 7]",70,0
orig,"[0, 1, 3, 4, 2, 6, 5, 7]",71,1
orig,"[0, 1, 3, 4, 2, 6, 5, 7]",72,1
orig,"[0, 1, 3, 4, 2, 6, 5, 7]",73,0
orig,"[0, 1, 3, 4, 2, 6, 5, 7]",74,0
orig,"[0, 1, 3, 4, 2, 6, 5, 7]",75,1
orig,"[0, 1, 3, 4, 2, 6, 5, 7]",76,0
orig,"[0, 1, 3, 4, 2, 6, 5, 7]",77,0
orig,"[0, 1, 3, 4, 2, 6, 5, 7]",78,0
orig,"[0, 1, 3, 4, 2, 6, 5, 7]",79,0
orig,"[0, 1, 3, 4, 2, 6, 5, 7]",80,0
orig,"[0, 1, 3, 4, 2, 6, 5, 7]",81,0
orig,"[0, 1, 3, 4, 2, 6, 5, 7]",82,0
orig,"[0, 1, 3, 4, 2, 6, 5, 7]",83,0
orig,"[0, 1, 3, 4, 2, 6, 5, 7]",84,0
orig,"[0, 1, 3, 4, 2, 6, 5, 7]",85,0
orig,"[0, 1, 3, 4, 2, 6, 5, 7]",86,0
orig,"[0, 1, 3, 4, 2, 6, 5, 7]",87,1
orig,"[0, 1, 3, 4, 2, 6, 5, 7]",88,1
orig,"[0, 1, 3, 4, 2, 6, 5, 7]",89,0
orig,"[5, 0, 7, 1, 6, 4, 3, 2]",60,0
orig,"[5, 0, 7, 1, 6, 4, 3, 2]",61,0
orig,"[5, 0, 7, 1, 6, 4, 3, 2]",62,0
orig,"[5, 0, 7, 1, 6, 4, 3, 2]",63,0
orig,"[5, 0, 7, 1, 6, 4, 3, 2]",64,1
orig,"[5, 0, 7, 1, 6, 4, 3, 2]",65,0
orig,"[5, 0, 7, 1, 6, 4, 3, 2]",66,0
orig,"[5, 0, 7, 1, 6, 4, 3, 2]",67,0
orig,"[5, 0, 7, 1, 6, 4, 3, 2]",68,1
orig,"[5, 0, 7, 1, 6, 4, 3, 2]",69,0
orig,"[5, 0, 7, 1, 6, 4, 3, 2]",70,1
orig,"[5, 0, 7, 1, 6, 4, 3, 2]",71,1
orig,"[5, 0, 7, 1, 6, 4, 3, 2]",72,0
orig,"[5, 0, 7, 1, 6, 4, 3, 2]",73,0
orig,"[5, 0, 7, 1, 6, 4, 3, 2]",74,0
orig,"[5, 0, 7, 1, 6, 4, 3, 2]",75,0
orig,"[5, 0, 7, 1, 6, 4, 3, 2]",76,0
orig,"[5, 0, 7, 1, 6, 4, 3, 2]",77,0
orig,"[5, 0, 7, 1, 6, 4, 3, 2]",78,0
orig,"[5, 0, 7, 1, 6, 4, 3, 2]",79,1
orig,"[5, 0, 7, 1, 6, 4, 3, 2]",80,0
orig,"[5, 0, 7, 1, 6, 4, 3, 2]",81,0
orig,"[5, 0, 7, 1, 6, 4, 3, 2]",82,1
orig,"[5, 0, 7, 1, 6, 4, 3, 2]",83,0
orig,"[5, 0, 7, 1, 6, 4, 3, 2]",84,0
orig,"[5, 0, 7, 1, 6, 4, 3, 2]",85,0
orig,"[5, 0, 7, 1, 6, 4, 3, 2]",86,0
orig,"[5, 0, 7, 1, 6, 4, 3, 2]",87,1
orig,"[5, 0, 7, 1, 6, 4, 3, 2]",88,1
orig,"[5, 0, 7, 1, 6, 4, 3, 2]",89,0
orig,"[1, 7, 5, 3, 0, 6, 4, 2]",60,0
orig,"[1, 7, 5, 3, 0, 6, 4, 2]",61,0
orig,"[1, 7, 5, 3, 0, 6, 4, 2]",62,0
orig,"[1, 7, 5, 3, 0, 6, 4, 2]",63,1
orig,"[1, 7, 5, 3, 0, 6, 4, 2]",64,1
orig,"[1, 7, 5, 3, 0, 6, 4, 2]",65,0
orig,"[1, 7, 5, 3, 0, 6, 4, 2]",66,1
orig,"[1, 7, 5, 3, 0, 6, 4, 2]",67,1
orig,"[1, 7, 5, 3, 0, 6, 4, 2]",68,1
orig,"[1, 7, 5, 3, 0, 6, 4, 2]",69,0
orig,"[1, 7, 5, 3, 0, 6, 4, 2]",70,0
orig,"[1, 7, 5, 3, 0, 6, 4, 2]",71,0
orig,"[1, 7, 5, 3, 0, 6, 4, 2]",72,0
orig,"[1, 7, 5, 3, 0, 6, 4, 2]",73,0
orig,"[1, 7, 5, 3, 0, 6, 4, 2]",74,0
orig,"[1, 7, 5, 3, 0, 6, 4, 2]",75,0
orig,"[1, 7, 5, 3, 0, 6, 4, 2]",76,0
orig,"[1, 7, 5, 3, 0, 6, 4, 2]",77,0
orig,"[1, 7, 5, 3, 0, 6, 4, 2]",78,0
orig,"[1, 7, 5, 3, 0, 6, 4, 2]",79,0
orig,"[1, 7, 5, 3, 0, 6, 4, 2]",80,0
orig,"[1, 7, 5, 3, 0, 6, 4, 2]",81,1
orig,"[1, 7, 5, 3, 0, 6, 4, 2]",82,0
orig,"[1, 7, 5, 3, 0, 6, 4, 2]",83,0
orig,"[1, 7, 5, 3, 0, 6, 4, 2]",84,0
orig,"[1, 7, 5, 3, 0, 6, 4, 2]",85,0
orig,"[1, 7, 5, 3, 0, 6, 4, 2]",86,0
orig,"[1, 7, 5, 3, 0, 6, 4, 2]",87,1
orig,"[1, 7, 5, 3, 0, 6, 4, 2]",88,1
orig,"[1, 7, 5, 3, 0, 6, 4, 2]",89,0
orig,"[6, 2, 5, 0, 4, 1, 3, 7]",60,0
orig,"[6, 2, 5, 0, 4, 1, 3, 7]",61,0
orig,"[6, 2, 5, 0, 4, 1, 3, 7]",62,0
orig,"[6, 2, 5, 0, 4, 1, 3, 7]",63,0
orig,"[6, 2, 5, 0, 4, 1, 3, 7]",64,1
orig,"[6, 2, 5, 0, 4, 1, 3, 7]",65,1
orig,"[6, 2, 5, 0, 4, 1, 3, 7]",66,1
orig,"[6, 2, 5, 0, 4, 1, 3, 7]",67,0
orig,"[6, 2, 5, 0, 4, 1, 3, 7]",68,0
orig,"[6, 2, 5, 0, 4, 1, 3, 7]",69,0
orig,"[6, 2, 5, 0, 4, 1, 3, 7]",70,1
orig,"[6, 2, 5, 0, 4, 1, 3, 7]",71,1
orig,"[6, 2, 5, 0, 4, 1, 3, 7]",72,0
orig,"[6, 2, 5, 0, 4, 1, 3, 7]",73,0
orig,"[6, 2, 5, 0, 4, 1, 3, 7]",74,0
orig,"[6, 2, 5, 0, 4, 1, 3, 7]",75,0
orig,"[6, 2, 5, 0, 4, 1, 3, 7]",76,0
orig,"[6, 2, 5, 0, 4, 1, 3, 7]",77,0
orig,"[6, 2, 5, 0, 4, 1, 3, 7]",78,0
orig,"[6, 2, 5, 0, 4, 1, 3, 7]",79,1
orig,"[6, 2, 5, 0, 4, 1, 3, 7]",80,0
orig,"[6, 2, 5, 0, 4, 1, 3, 7]",81,1
orig,"[6, 2, 5, 0, 4, 1, 3, 7]",82,0
orig,"[6, 2, 5, 0, 4, 1, 3, 7]",83,0
orig,"[6, 2, 5, 0, 4, 1, 3, 7]",84,0
orig,"[6, 2, 5, 0, 4, 1, 3, 7]",85,0
orig,"[6, 2, 5, 0, 4, 1, 3, 7]",86,0
orig,"[6, 2, 5, 0, 4, 1, 3, 7]",87,1
orig,"[6, 2, 5, 0, 4, 1, 3, 7]",88,1
orig,"[6, 2, 5, 0, 4, 1, 3, 7]",89,0
orig,"[5, 1, 2, 3, 6, 4, 0, 7]",60,0
orig,"[5, 1, 2, 3, 6, 4, 0, 7]",61,1
orig,"[5, 1, 2, 3, 6, 4, 0, 7]",62,0
orig,"[5, 1, 2, 3, 6, 4, 0, 7]",63,0
orig,"[5, 1, 2, 3, 6, 4, 0, 7]",64,0
orig,"[5, 1, 2, 3, 6, 4, 0, 7]",65,0
orig,"[5, 1, 2, 3, 6, 4, 0, 7]",66,0
orig,"[5, 1, 2, 3, 6, 4, 0, 7]",67,0
orig,"[5, 1, 2, 3, 6, 4, 0, 7]",68,1
orig,"[5, 1, 2, 3, 6, 4, 0, 7]",69,1
orig,"[5, 1, 2, 3, 6, 4, 0, 7]",70,0
orig,"[5, 1, 2, 3, 6, 4, 0, 7]",71,1
orig,"[5, 1, 2, 3, 6, 4, 0, 7]",72,1
orig,"[5, 1, 2, 3, 6, 4, 0, 7]",73,0
orig,"[5, 1, 2, 3, 6, 4, 0, 7]",74,0
orig,"[5, 1, 2, 3, 6, 4, 0, 7]",75,0
orig,"[5, 1, 2, 3, 6, 4, 0, 7]",76,0
orig,"[5, 1, 2, 3, 6, 4, 0, 7]",77,0
orig,"[5, 1, 2, 3, 6, 4, 0, 7]",78,0
orig,"[5, 1, 2, 3, 6, 4, 0, 7]",79,0
orig,"[5, 1, 2, 3, 6, 4, 0, 7]",80,0
orig,"[5, 1, 2, 3, 6, 4, 0, 7]",81,0
orig,"[5, 1, 2, 3, 6, 4, 0, 7]",82,0
orig,"[5, 1, 2, 3, 6, 4, 0, 7]",83,0
orig,"[5, 1, 2, 3, 6, 4, 0, 7]",84,0
orig,"[5, 1, 2, 3, 6, 4, 0, 7]",85,1
orig,"[5, 1, 2, 3, 6, 4, 0, 7]",86,0
orig,"[5, 1, 2, 3, 6, 4, 0, 7]",87,0
orig,"[5, 1, 2, 3, 6, 4, 0, 7]",88,1
orig,"[5, 1, 2, 3, 6, 4, 0, 7]",89,0
orig,"[3, 0, 6, 5, 7, 4, 2, 1]",60,0
orig,"[3, 0, 6, 5, 7, 4, 2, 1]",61,1
orig,"[3, 0, 6, 5, 7, 4, 2, 1]",62,1
orig,"[3, 0, 6, 5, 7, 4, 2, 1]",63,0
orig,"[3, 0, 6, 5, 7, 4, 2, 1]",64,1
orig,"[3, 0, 6, 5, 7, 4, 2, 1]",65,0
orig,"[3, 0, 6, 5, 7, 4, 2, 1]",66,0
orig,"[3, 0, 6, 5, 7, 4, 2, 1]",67,1
orig,"[3, 0, 6, 5, 7, 4, 2, 1]",68,0
orig,"[3, 0, 6, 5, 7, 4, 2, 1]",69,0
orig,"[3, 0, 6, 5, 7, 4, 2, 1]",70,0
orig,"[3, 0, 6, 5, 7, 4, 2, 1]",71,1
orig,"[3, 0, 6, 5, 7, 4, 2, 1]",72,1
orig,"[3, 0, 6, 5, 7, 4, 2, 1]",73,0
orig,"[3, 0, 6, 5, 7, 4, 2, 1]",74,0
orig,"[3, 0, 6, 5, 7, 4, 2, 1]",75,1
orig,"[3, 0, 6, 5, 7, 4, 2, 1]",76,0
orig,"[3, 0, 6, 5, 7, 4, 2, 1]",77,0
orig,"[3, 0, 6, 5, 7, 4, 2, 1]",78,0
orig,"[3, 0, 6, 5, 7, 4, 2, 1]",79,0
orig,"[3, 0, 6, 5, 7, 4, 2, 1]",80,1
orig,"[3, 0, 6, 5, 7, 4, 2, 1]",81,1
orig,"[3, 0, 6, 5, 7, 4, 2, 1]",82,1
orig,"[3, 0, 6, 5, 7, 4, 2, 1]",83,0
orig,"[3, 0, 6, 5, 7, 4, 2, 1]",84,0
orig,"[3, 0, 6, 5, 7, 4, 2, 1]",85,1
orig,"[3, 0, 6, 5, 7, 4, 2, 1]",86,0
orig,"[3, 0, 6, 5, 7, 4, 2, 1]",87,1
orig,"[3, 0, 6, 5, 7, 4, 2, 1]",88,1
orig,"[3, 0, 6, 5, 7, 4, 2, 1]",89,0
orig,"[1, 5, 3, 6, 7, 4, 2, 0]",60,0
orig,"[1, 5, 3, 6, 7, 4, 2, 0]",61,1
orig,"[1, 5, 3, 6, 7, 4, 2, 0]",62,0
orig,"[1, 5, 3, 6, 7, 4, 2, 0]",63,1
orig,"[1, 5, 3, 6, 7, 4, 2, 0]",64,1
orig,"[1, 5, 3, 6, 7, 4, 2, 0]",65,0
orig,"[1, 5, 3, 6, 7, 4, 2, 0]",66,0
orig,"[1, 5, 3, 6, 7, 4, 2, 0]",67,1
orig,"[1, 5, 3, 6, 7, 4, 2, 0]",68,0
orig,"[1, 5, 3, 6, 7, 4, 2, 0]",69,1
orig,"[1, 5, 3, 6, 7, 4, 2, 0]",70,1
orig,"[1, 5, 3, 6, 7, 4, 2, 0]",71,1
orig,"[1, 5, 3, 6, 7, 4, 2, 0]",72,0
orig,"[1, 5, 3, 6, 7, 4, 2, 0]",73,0
orig,"[1, 5, 3, 6, 7, 4, 2, 0]",74,0
orig,"[1, 5, 3, 6, 7, 4, 2, 0]",75,0
orig,"[1, 5, 3, 6, 7, 4, 2, 0]",76,0
orig,"[1, 5, 3, 6, 7, 4, 2, 0]",77,0
orig,"[1, 5, 3, 6, 7, 4, 2, 0]",78,0
orig,"[1, 5, 3, 6, 7, 4, 2, 0]",79,0
orig,"[1, 5, 3, 6, 7, 4, 2, 0]",80,0
orig,"[1, 5, 3, 6, 7, 4, 2, 0]",81,1
orig,"[1, 5, 3, 6, 7, 4, 2, 0]",82,1
orig,"[1, 5, 3, 6, 7, 4, 2, 0]",83,0
orig,"[1, 5, 3, 6, 7, 4, 2, 0]",84,0
orig,"[1, 5, 3, 6, 7, 4, 2, 0]",85,1
orig,"[1, 5, 3, 6, 7, 4, 2, 0]",86,0
orig,"[1, 5, 3, 6, 7, 4, 2, 0]",87,1
orig,"[1, 5, 3, 6, 7, 4, 2, 0]",88,1
orig,"[1, 5, 3, 6, 7, 4, 2, 0]",89,0
orig,"[1, 3, 4, 5, 0, 6, 7, 2]",60,0
orig,"[1, 3, 4, 5, 0, 6, 7, 2]",61,1
orig,"[1, 3, 4, 5, 0, 6, 7, 2]",62,0
orig,"[1, 3, 4, 5, 0, 6, 7, 2]",63,1
orig,"[1, 3, 4, 5, 0, 6, 7, 2]",64,1
orig,"[1, 3, 4, 5, 0, 6, 7, 2]",65,0
orig,"[1, 3, 4, 5, 0, 6, 7, 2]",66,1
orig,"[1, 3, 4, 5, 0, 6, 7, 2]",67,1
orig,"[1, 3, 4, 5, 0, 6, 7, 2]",68,1
orig,"[1, 3, 4, 5, 0, 6, 7, 2]",69,0
orig,"[1, 3, 4, 5, 0, 6, 7, 2]",70,1
orig,"[1, 3, 4, 5, 0, 6, 7, 2]",71,1
orig,"[1, 3, 4, 5, 0, 6, 7, 2]",72,1
orig,"[1, 3, 4, 5, 0, 6, 7, 2]",73,0
orig,"[1, 3, 4, 5, 0, 6, 7, 2]",74,0
orig,"[1, 3, 4, 5, 0, 6, 7, 2]",75,1
orig,"[1, 3, 4, 5, 0, 6, 7, 2]",76,0
orig,"[1, 3, 4, 5, 0, 6, 7, 2]",77,0
orig,"[1, 3, 4, 5, 0, 6, 7, 2]",78,0
orig,"[1, 3, 4, 5, 0, 6, 7, 2]",79,0
orig,"[1, 3, 4, 5, 0, 6, 7, 2]",80,1
orig,"[1, 3, 4, 5, 0, 6, 7, 2]",81,1
orig,"[1, 3, 4, 5, 0, 6, 7, 2]",82,1
orig,"[1, 3, 4, 5, 0, 6, 7, 2]",83,0
orig,"[1, 3, 4, 5, 0, 6, 7, 2]",84,0
orig,"[1, 3, 4, 5, 0, 6, 7, 2]",85,0
orig,"[1, 3, 4, 5, 0, 6, 7, 2]",86,0
orig,"[1, 3, 4, 5, 0, 6, 7, 2]",87,1
orig,"[1, 3, 4, 5, 0, 6, 7, 2]",88,1
orig,"[1, 3, 4, 5, 0, 6, 7, 2]",89,0
orig,"[0, 1, 3, 4, 5, 6, 2, 7]",60,1
orig,"[0, 1, 3, 4, 5, 6, 2, 7]",61,1
orig,"[0, 1, 3, 4, 5, 6, 2, 7]",62,0
orig,"[0, 1, 3, 4, 5, 6, 2, 7]",63,0
orig,"[0, 1, 3, 4, 5, 6, 2, 7]",64,0
orig,"[0, 1, 3, 4, 5, 6, 2, 7]",65,1
orig,"[0, 1, 3, 4, 5, 6, 2, 7]",66,1
orig,"[0, 1, 3, 4, 5, 6, 2, 7]",67,1
orig,"[0, 1, 3, 4, 5, 6, 2, 7]",68,1
orig,"[0, 1, 3, 4, 5, 6, 2, 7]",69,1
orig,"[0, 1, 3, 4, 5, 6, 2, 7]",70,0
orig,"[0, 1, 3, 4, 5, 6, 2, 7]",71,1
orig,"[0, 1, 3, 4, 5, 6, 2, 7]",72,0
orig,"[0, 1, 3, 4, 5, 6, 2, 7]",73,0
orig,"[0, 1, 3, 4, 5, 6, 2, 7]",74,0
orig,"[0, 1, 3, 4, 5, 6, 2, 7]",75,0
orig,"[0, 1, 3, 4, 5, 6, 2, 7]",76,0
orig,"[0, 1, 3, 4, 5, 6, 2, 7]",77,0
orig,"[0, 1, 3, 4, 5, 6, 2, 7]",78,0
orig,"[0, 1, 3, 4, 5, 6, 2, 7]",79,0
orig,"[0, 1, 3, 4, 5, 6, 2, 7]",80,0
orig,"[0, 1, 3, 4, 5, 6, 2, 7]",81,0
orig,"[0, 1, 3, 4, 5, 6, 2, 7]",82,0
orig,"[0, 1, 3, 4, 5, 6, 2, 7]",83,0
orig,"[0, 1, 3, 4, 5, 6, 2, 7]",84,1
orig,"[0, 1, 3, 4, 5, 6, 2, 7]",85,0
orig,"[0, 1, 3, 4, 5, 6, 2, 7]",86,0
orig,"[0, 1, 3, 4, 5, 6, 2, 7]",87,1
orig,"[0, 1, 3, 4, 5, 6, 2, 7]",88,1
orig,"[0, 1, 3, 4, 5, 6, 2, 7]",89,0
orig,"[6, 2, 0, 7, 3, 5, 4, 1]",60,0
orig,"[6, 2, 0, 7, 3, 5, 4, 1]",61,1
orig,"[6, 2, 0, 7, 3, 5, 4, 1]",62,1
orig,"[6, 2, 0, 7, 3, 5, 4, 1]",63,0
orig,"[6, 2, 0, 7, 3, 5, 4, 1]",64,1
orig,"[6, 2, 0, 7, 3, 5, 4, 1]",65,0
orig,"[6, 2, 0, 7, 3, 5, 4, 1]",66,0
orig,"[6, 2, 0, 7, 3, 5, 4, 1]",67,0
orig,"[6, 2, 0, 7, 3, 5, 4, 1]",68,1
orig,"[6, 2, 0, 7, 3, 5, 4, 1]",69,0
orig,"[6, 2, 0, 7, 3, 5, 4, 1]",70,1
orig,"[6, 2, 0, 7, 3, 5, 4, 1]",71,1
orig,"[6, 2, 0, 7, 3, 5, 4, 1]",72,0
orig,"[6, 2, 0, 7, 3, 5, 4, 1]",73,0
orig,"[6, 2, 0, 7, 3, 5, 4, 1]",74,0
orig,"[6, 2, 0, 7, 3, 5, 4, 1]",75,1
orig,"[6, 2, 0, 7, 3, 5, 4, 1]",76,0
orig,"[6, 2, 0, 7, 3, 5, 4, 1]",77,0
orig,"[6, 2, 0, 7, 3, 5, 4, 1]",78,0
orig,"[6, 2, 0, 7, 3, 5, 4, 1]",79,1
orig,"[6, 2, 0, 7, 3, 5, 4, 1]",80,0
orig,"[6, 2, 0, 7, 3, 5, 4, 1]",81,1
orig,"[6, 2, 0, 7, 3, 5, 4, 1]",82,1
orig,"[6, 2, 0, 7, 3, 5, 4, 1]",83,0
orig,"[6, 2, 0, 7, 3, 5, 4, 1]",84,0
orig,"[6, 2, 0, 7, 3, 5, 4, 1]",85,0
orig,"[6, 2, 0, 7, 3, 5, 4, 1]",86,0
orig,"[6, 2, 0, 7, 3, 5, 4, 1]",87,1
orig,"[6, 2, 0, 7, 3, 5, 4, 1]",88,1
orig,"[6, 2, 0, 7, 3, 5, 4, 1]",89,0
orig,"[7, 4, 5, 2, 3, 6, 1, 0]",60,0
orig,"[7, 4, 5, 2, 3, 6, 1, 0]",61,1
orig,"[7, 4, 5, 2, 3, 6, 1, 0]",62,1
orig,"[7, 4, 5, 2, 3, 6, 1, 0]",63,1
orig,"[7, 4, 5, 2, 3, 6, 1, 0]",64,0
orig,"[7, 4, 5, 2, 3, 6, 1, 0]",65,0
orig,"[7, 4, 5, 2, 3, 6, 1, 0]",66,0
orig,"[7, 4, 5, 2, 3, 6, 1, 0]",67,1
orig,"[7, 4, 5, 2, 3, 6, 1, 0]",68,0
orig,"[7, 4, 5, 2, 3, 6, 1, 0]",69,0
orig,"[7, 4, 5, 2, 3, 6, 1, 0]",70,1
orig,"[7, 4, 5, 2, 3, 6, 1, 0]",71,0
orig,"[7, 4, 5, 2, 3, 6, 1, 0]",72,0
orig,"[7, 4, 5, 2, 3, 6, 1, 0]",73,0
orig,"[7, 4, 5, 2, 3, 6, 1, 0]",74,0
orig,"[7, 4, 5, 2, 3, 6, 1, 0]",75,0
orig,"[7, 4, 5, 2, 3, 6, 1, 0]",76,0
orig,"[7, 4, 5, 2, 3, 6, 1, 0]",77,0
orig,"[7, 4, 5, 2, 3, 6, 1, 0]",78,0
orig,"[7, 4, 5, 2, 3, 6, 1, 0]",79,1
orig,"[7, 4, 5, 2, 3, 6, 1, 0]",80,0
orig,"[7, 4, 5, 2, 3, 6, 1, 0]",81,1
orig,"[7, 4, 5, 2, 3, 6, 1, 0]",82,1
orig,"[7, 4, 5, 2, 3, 6, 1, 0]",83,0
orig,"[7, 4, 5, 2, 3, 6, 1, 0]",84,1
orig,"[7, 4, 5, 2, 3, 6, 1, 0]",85,1
orig,"[7, 4, 5, 2, 3, 6, 1, 0]",86,0
orig,"[7, 4, 5, 2, 3, 6, 1, 0]",87,1
orig,"[7, 4, 5, 2, 3, 6, 1, 0]",88,1
orig,"[7, 4, 5, 2, 3, 6, 1, 0]",89,0
orig,"[0, 6, 7, 1, 2, 5, 3, 4]",60,0
orig,"[0, 6, 7, 1, 2, 5, 3, 4]",61,1
orig,"[0, 6, 7, 1, 2, 5, 3, 4]",62,0
orig,"[0, 6, 7, 1, 2, 5, 3, 4]",63,0
orig,"[0, 6, 7, 1, 2, 5, 3, 4]",64,0
orig,"[0, 6, 7, 1, 2, 5, 3, 4]",65,0
orig,"[0, 6, 7, 1, 2, 5, 3, 4]",66,0
orig,"[0, 6, 7, 1, 2, 5, 3, 4]",67,0
orig,"[0, 6, 7, 1, 2, 5, 3, 4]",68,0
orig,"[0, 6, 7, 1, 2, 5, 3, 4]",69,0
orig,"[0, 6, 7, 1, 2, 5, 3, 4]",70,0
orig,"[0, 6, 7, 1, 2, 5, 3, 4]",71,0
orig,"[0, 6, 7, 1, 2, 5, 3, 4]",72,1
orig,"[0, 6, 7, 1, 2, 5, 3, 4]",73,1
orig,"[0, 6, 7, 1, 2, 5, 3, 4]",74,0
orig,"[0, 6, 7, 1, 2, 5, 3, 4]",75,0
orig,"[0, 6, 7, 1, 2, 5, 3, 4]",76,0
orig,"[0, 6, 7, 1, 2, 5, 3, 4]",77,0
orig,"[0, 6, 7, 1, 2, 5, 3, 4]",78,0
orig,"[0, 6, 7, 1, 2, 5, 3, 4]",79,0
orig,"[0, 6, 7, 1, 2, 5, 3, 4]",80,0
orig,"[0, 6, 7, 1, 2, 5, 3, 4]",81,0
orig,"[0, 6, 7, 1, 2, 5, 3, 4]",82,0
orig,"[0, 6, 7, 1, 2, 5, 3, 4]",83,0
orig,"[0, 6, 7, 1, 2, 5, 3, 4]",84,1
orig,"[0, 6, 7, 1, 2, 5, 3, 4]",85,1
orig,"[0, 6, 7, 1, 2, 5, 3, 4]",86,0
orig,"[0, 6, 7, 1, 2, 5, 3, 4]",87,0
orig,"[0, 6, 7, 1, 2, 5, 3, 4]",88,1
orig,"[0, 6, 7, 1, 2, 5, 3, 4]",89,0
orig,"[7, 4, 5, 3, 2, 6, 1, 0]",60,0
orig,"[7, 4, 5, 3, 2, 6, 1, 0]",61,1
orig,"[7, 4, 5, 3, 2, 6, 1, 0]",62,0
orig,"[7, 4, 5, 3, 2, 6, 1, 0]",63,0
orig,"[7, 4, 5, 3, 2, 6, 1, 0]",64,0
orig,"[7, 4, 5, 3, 2, 6, 1, 0]",65,0
orig,"[7, 4, 5, 3, 2, 6, 1, 0]",66,0
orig,"[7, 4, 5, 3, 2, 6, 1, 0]",67,1
orig,"[7, 4, 5, 3, 2, 6, 1, 0]",68,0
orig,"[7, 4, 5, 3, 2, 6, 1, 0]",69,0
orig,"[7, 4, 5, 3, 2, 6, 1, 0]",70,1
orig,"[7, 4, 5, 3, 2, 6, 1, 0]",71,0
orig,"[7, 4, 5, 3, 2, 6, 1, 0]",72,0
orig,"[7, 4, 5, 3, 2, 6, 1, 0]",73,0
orig,"[7, 4, 5, 3, 2, 6, 1, 0]",74,0
orig,"[7, 4, 5, 3, 2, 6, 1, 0]",75,0
orig,"[7, 4, 5, 3, 2, 6, 1, 0]",76,0
orig,"[7, 4, 5, 3, 2, 6, 1, 0]",77,0
orig,"[7, 4, 5, 3, 2, 6, 1, 0]",78,0
orig,"[7, 4, 5, 3, 2, 6, 1, 0]",79,0
orig,"[7, 4, 5, 3, 2, 6, 1, 0]",80,1
orig,"[7, 4, 5, 3, 2, 6, 1, 0]",81,1
orig,"[7, 4, 5, 3, 2, 6, 1, 0]",82,0
orig,"[7, 4, 5, 3, 2, 6, 1, 0]",83,0
orig,"[7, 4, 5, 3, 2, 6, 1, 0]",84,1
orig,"[7, 4, 5, 3, 2, 6, 1, 0]",85,0
orig,"[7, 4, 5, 3, 2, 6, 1, 0]",86,0
orig,"[7, 4, 5, 3, 2, 6, 1, 0]",87,1
orig,"[7, 4, 5, 3, 2, 6, 1, 0]",88,1
orig,"[7, 4, 5, 3, 2, 6, 1, 0]",89,0
orig,"[7, 2, 3, 4, 5, 6, 1, 0]",60,0
orig,"[7, 2, 3, 4, 5, 6, 1, 0]",61,1
orig,"[7, 2, 3, 4, 5, 6, 1, 0]",62,1
orig,"[7, 2, 3, 4, 5, 6, 1, 0]",63,0
orig,"[7, 2, 3, 4, 5, 6, 1, 0]",64,0
orig,"[7, 2, 3, 4, 5, 6, 1, 0]",65,0
orig,"[7, 2, 3, 4, 5, 6, 1, 0]",66,1
orig,"[7, 2, 3, 4, 5, 6, 1, 0]",67,0
orig,"[7, 2, 3, 4, 5, 6, 1, 0]",68,1
orig,"[7, 2, 3, 4, 5, 6, 1, 0]",69,0
orig,"[7, 2, 3, 4, 5, 6, 1, 0]",70,1
orig,"[7, 2, 3, 4, 5, 6, 1, 0]",71,0
orig,"[7, 2, 3, 4, 5, 6, 1, 0]",72,0
orig,"[7, 2, 3, 4, 5, 6, 1, 0]",73,1
orig,"[7, 2, 3, 4, 5, 6, 1, 0]",74,1
orig,"[7, 2, 3, 4, 5, 6, 1, 0]",75,0
orig,"[7, 2, 3, 4, 5, 6, 1, 0]",76,0
orig,"[7, 2, 3, 4, 5, 6, 1, 0]",77,0
orig,"[7, 2, 3, 4, 5, 6, 1, 0]",78,0
orig,"[7, 2, 3, 4, 5, 6, 1, 0]",79,0
orig,"[7, 2, 3, 4, 5, 6, 1, 0]",80,0
orig,"[7, 2, 3, 4, 5, 6, 1, 0]",81,0
orig,"[7, 2, 3, 4, 5, 6, 1, 0]",82,0
orig,"[7, 2, 3, 4, 5, 6, 1, 0]",83,0
orig,"[7, 2, 3, 4, 5, 6, 1, 0]",84,1
orig,"[7, 2, 3, 4, 5, 6, 1, 0]",85,0
orig,"[7, 2, 3, 4, 5, 6, 1, 0]",86,0
orig,"[7, 2, 3, 4, 5, 6, 1, 0]",87,1
orig,"[7, 2, 3, 4, 5, 6, 1, 0]",88,1
orig,"[7, 2, 3, 4, 5, 6, 1, 0]",89,0
orig,"[6, 3, 7, 0, 2, 5, 4, 1]",60,0
orig,"[6, 3, 7, 0, 2, 5, 4, 1]",61,0
orig,"[6, 3, 7, 0, 2, 5, 4, 1]",62,0
orig,"[6, 3, 7, 0, 2, 5, 4, 1]",63,1
orig,"[6, 3, 7, 0, 2, 5, 4, 1]",64,0
orig,"[6, 3, 7, 0, 2, 5, 4, 1]",65,0
orig,"[6, 3, 7, 0, 2, 5, 4, 1]",66,1
orig,"[6, 3, 7, 0, 2, 5, 4, 1]",67,1
orig,"[6, 3, 7, 0, 2, 5, 4, 1]",68,1
orig,"[6, 3, 7, 0, 2, 5, 4, 1]",69,0
orig,"[6, 3, 7, 0, 2, 5, 4, 1]",70,0
orig,"[6, 3, 7, 0, 2, 5, 4, 1]",71,1
orig,"[6, 3, 7, 0, 2, 5, 4, 1]",72,1
orig,"[6, 3, 7, 0, 2, 5, 4, 1]",73,0
orig,"[6, 3, 7, 0, 2, 5, 4, 1]",74,0
orig,"[6, 3, 7, 0, 2, 5, 4, 1]",75,1
orig,"[6, 3, 7, 0, 2, 5, 4, 1]",76,1
orig,"[6, 3, 7, 0, 2, 5, 4, 1]",77,0
orig,"[6, 3, 7, 0, 2, 5, 4, 1]",78,0
orig,"[6, 3, 7, 0, 2, 5, 4, 1]",79,1
orig,"[6, 3, 7, 0, 2, 5, 4, 1]",80,1
orig,"[6, 3, 7, 0, 2, 5, 4, 1]",81,0
orig,"[6, 3, 7, 0, 2, 5, 4, 1]",82,1
orig,"[6, 3, 7, 0, 2, 5, 4, 1]",83,0
orig,"[6, 3, 7, 0, 2, 5, 4, 1]",84,1
orig,"[6, 3, 7, 0, 2, 5, 4, 1]",85,1
orig,"[6, 3, 7, 0, 2, 5, 4, 1]",86,0
orig,"[6, 3, 7, 0, 2, 5, 4, 1]",87,1
orig,"[6, 3, 7, 0, 2, 5, 4, 1]",88,1
orig,"[6, 3, 7, 0, 2, 5, 4, 1]",89,0
orig,"[4, 7, 5, 2, 3, 6, 1, 0]",60,0
orig,"[4, 7, 5, 2, 3, 6, 1, 0]",61,1
orig,"[4, 7, 5, 2, 3, 6, 1, 0]",62,1
orig,"[4, 7, 5, 2, 3, 6, 1, 0]",63,0
orig,"[4, 7, 5, 2, 3, 6, 1, 0]",64,0
orig,"[4, 7, 5, 2, 3, 6, 1, 0]",65,0
orig,"[4, 7, 5, 2, 3, 6, 1, 0]",66,1
orig,"[4, 7, 5, 2, 3, 6, 1, 0]",67,1
orig,"[4, 7, 5, 2, 3, 6, 1, 0]",68,0
orig,"[4, 7, 5, 2, 3, 6, 1, 0]",69,0
orig,"[4, 7, 5, 2, 3, 6, 1, 0]",70,1
orig,"[4, 7, 5, 2, 3, 6, 1, 0]",71,1
orig,"[4, 7, 5, 2, 3, 6, 1, 0]",72,1
orig,"[4, 7, 5, 2, 3, 6, 1, 0]",73,0
orig,"[4, 7, 5, 2, 3, 6, 1, 0]",74,0
orig,"[4, 7, 5, 2, 3, 6, 1, 0]",75,0
orig,"[4, 7, 5, 2, 3, 6, 1, 0]",76,0
orig,"[4, 7, 5, 2, 3, 6, 1, 0]",77,0
orig,"[4, 7, 5, 2, 3, 6, 1, 0]",78,0
orig,"[4, 7, 5, 2, 3, 6, 1, 0]",79,1
orig,"[4, 7, 5, 2, 3, 6, 1, 0]",80,1
orig,"[4, 7, 5, 2, 3, 6, 1, 0]",81,0
orig,"[4, 7, 5, 2, 3, 6, 1, 0]",82,1
orig,"[4, 7, 5, 2, 3, 6, 1, 0]",83,0
orig,"[4, 7, 5, 2, 3, 6, 1, 0]",84,1
orig,"[4, 7, 5, 2, 3, 6, 1, 0]",85,1
orig,"[4, 7, 5, 2, 3, 6, 1, 0]",86,0
orig,"[4, 7, 5, 2, 3, 6, 1, 0]",87,0
orig,"[4, 7, 5, 2, 3, 6, 1, 0]",88,1
orig,"[4, 7, 5, 2, 3, 6, 1, 0]",89,0
orig,"[7, 4, 5, 2, 6, 3, 1, 0]",60,0
orig,"[7, 4, 5, 2, 6, 3, 1, 0]",61,1
orig,"[7, 4, 5, 2, 6, 3, 1, 0]",62,0
orig,"[7, 4, 5, 2, 6, 3, 1, 0]",63,0
orig,"[7, 4, 5, 2, 6, 3, 1, 0]",64,0
orig,"[7, 4, 5, 2, 6, 3, 1, 0]",65,0
orig,"[7, 4, 5, 2, 6, 3, 1, 0]",66,1
orig,"[7, 4, 5, 2, 6, 3, 1, 0]",67,1
orig,"[7, 4, 5, 2, 6, 3, 1, 0]",68,0
orig,"[7, 4, 5, 2, 6, 3, 1, 0]",69,0
orig,"[7, 4, 5, 2, 6, 3, 1, 0]",70,1
orig,"[7, 4, 5, 2, 6, 3, 1, 0]",71,1
orig,"[7, 4, 5, 2, 6, 3, 1, 0]",72,0
orig,"[7, 4, 5, 2, 6, 3, 1, 0]",73,0
orig,"[7, 4, 5, 2, 6, 3, 1, 0]",74,0
orig,"[7, 4, 5, 2, 6, 3, 1, 0]",75,1
orig,"[7, 4, 5, 2, 6, 3, 1, 0]",76,0
orig,"[7, 4, 5, 2, 6, 3, 1, 0]",77,0
orig,"[7, 4, 5, 2, 6, 3, 1, 0]",78,0
orig,"[7, 4, 5, 2, 6, 3, 1, 0]",79,1
orig,"[7, 4, 5, 2, 6, 3, 1, 0]",80,1
orig,"[7, 4, 5, 2, 6, 3, 1, 0]",81,1
orig,"[7, 4, 5, 2, 6, 3, 1, 0]",82,1
orig,"[7, 4, 5, 2, 6, 3, 1, 0]",83,0
orig,"[7, 4, 5, 2, 6, 3, 1, 0]",84,1
orig,"[7, 4, 5, 2, 6, 3, 1, 0]",85,1
orig,"[7, 4, 5, 2, 6, 3, 1, 0]",86,0
orig,"[7, 4, 5, 2, 6, 3, 1, 0]",87,1
orig,"[7, 4, 5, 2, 6, 3, 1, 0]",88,0
orig,"[7, 4, 5, 2, 6, 3, 1, 0]",89,0
orig,"[4, 5, 2, 0, 7, 3, 6, 1]",60,0
orig,"[4, 5, 2, 0, 7, 3, 6, 1]",61,1
orig,"[4, 5, 2, 0, 7, 3, 6, 1]",62,1
orig,"[4, 5, 2, 0, 7, 3, 6, 1]",63,0
orig,"[4, 5, 2, 0, 7, 3, 6, 1]",64,1
orig,"[4, 5, 2, 0, 7, 3, 6, 1]",65,0
orig,"[4, 5, 2, 0, 7, 3, 6, 1]",66,0
orig,"[4, 5, 2, 0, 7, 3, 6, 1]",67,0
orig,"[4, 5, 2, 0, 7, 3, 6, 1]",68,1
orig,"[4, 5, 2, 0, 7, 3, 6, 1]",69,0
orig,"[4, 5, 2, 0, 7, 3, 6, 1]",70,1
orig,"[4, 5, 2, 0, 7, 3, 6, 1]",71,1
orig,"[4, 5, 2, 0, 7, 3, 6, 1]",72,0
orig,"[4, 5, 2, 0, 7, 3, 6, 1]",73,0
orig,"[4, 5, 2, 0, 7, 3, 6, 1]",74,0
orig,"[4, 5, 2, 0, 7, 3, 6, 1]",75,0
orig,"[4, 5, 2, 0, 7, 3, 6, 1]",76,0
orig,"[4, 5, 2, 0, 7, 3, 6, 1]",77,0
orig,"[4, 5, 2, 0, 7, 3, 6, 1]",78,0
orig,"[4, 5, 2, 0, 7, 3, 6, 1]",79,1
orig,"[4, 5, 2, 0, 7, 3, 6, 1]",80,0
orig,"[4, 5, 2, 0, 7, 3, 6, 1]",81,1
orig,"[4, 5, 2, 0, 7, 3, 6, 1]",82,1
orig,"[4, 5, 2, 0, 7, 3, 6, 1]",83,0
orig,"[4, 5, 2, 0, 7, 3, 6, 1]",84,1
orig,"[4, 5, 2, 0, 7, 3, 6, 1]",85,0
orig,"[4, 5, 2, 0, 7, 3, 6, 1]",86,0
orig,"[4, 5, 2, 0, 7, 3, 6, 1]",87,1
orig,"[4, 5, 2, 0, 7, 3, 6, 1]",88,1
orig,"[4, 5, 2, 0, 7, 3, 6, 1]",89,0
orig,"[7, 0, 3, 2, 5, 1, 6, 4]",60,0
orig,"[7, 0, 3, 2, 5, 1, 6, 4]",61,0
orig,"[7, 0, 3, 2, 5, 1, 6, 4]",62,0
orig,"[7, 0, 3, 2, 5, 1, 6, 4]",63,0
orig,"[7, 0, 3, 2, 5, 1, 6, 4]",64,0
orig,"[7, 0, 3, 2, 5, 1, 6, 4]",65,0
orig,"[7, 0, 3, 2, 5, 1, 6, 4]",66,0
orig,"[7, 0, 3, 2, 5, 1, 6, 4]",67,0
orig,"[7, 0, 3, 2, 5, 1, 6, 4]",68,0
orig,"[7, 0, 3, 2, 5, 1, 6, 4]",69,0
orig,"[7, 0, 3, 2, 5, 1, 6, 4]",70,0
orig,"[7, 0, 3, 2, 5, 1, 6, 4]",71,0
orig,"[7, 0, 3, 2, 5, 1, 6, 4]",72,1
orig,"[7, 0, 3, 2, 5, 1, 6, 4]",73,1
orig,"[7, 0, 3, 2, 5, 1, 6, 4]",74,0
orig,"[7, 0, 3, 2, 5, 1, 6, 4]",75,0
orig,"[7, 0, 3, 2, 5, 1, 6, 4]",76,0
orig,"[7, 0, 3, 2, 5, 1, 6, 4]",77,0
orig,"[7, 0, 3, 2, 5, 1, 6, 4]",78,0
orig,"[7, 0, 3, 2, 5, 1, 6, 4]",79,0
orig,"[7, 0, 3, 2, 5, 1, 6, 4]",80,0
orig,"[7, 0, 3, 2, 5, 1, 6, 4]",81,0
orig,"[7, 0, 3, 2, 5, 1, 6, 4]",82,0
orig,"[7, 0, 3, 2, 5, 1, 6, 4]",83,0
orig,"[7, 0, 3, 2, 5, 1, 6, 4]",84,0
orig,"[7, 0, 3, 2, 5, 1, 6, 4]",85,0
orig,"[7, 0, 3, 2, 5, 1, 6, 4]",86,0
orig,"[7, 0, 3, 2, 5, 1, 6, 4]",87,0
orig,"[7, 0, 3, 2, 5, 1, 6, 4]",88,0
orig,"[7, 0, 3, 2, 5, 1, 6, 4]",89,0
orig,"[3, 4, 5, 2, 7, 6, 1, 0]",60,0
orig,"[3, 4, 5, 2, 7, 6, 1, 0]",61,1
orig,"[3, 4, 5, 2, 7, 6, 1, 0]",62,0
orig,"[3, 4, 5, 2, 7, 6, 1, 0]",63,1
orig,"[3, 4, 5, 2, 7, 6, 1, 0]",64,1
orig,"[3, 4, 5, 2, 7, 6, 1, 0]",65,0
orig,"[3, 4, 5, 2, 7, 6, 1, 0]",66,1
orig,"[3, 4, 5, 2, 7, 6, 1, 0]",67,1
orig,"[3, 4, 5, 2, 7, 6, 1, 0]",68,1
orig,"[3, 4, 5, 2, 7, 6, 1, 0]",69,0
orig,"[3, 4, 5, 2, 7, 6, 1, 0]",70,0
orig,"[3, 4, 5, 2, 7, 6, 1, 0]",71,1
orig,"[3, 4, 5, 2, 7, 6, 1, 0]",72,0
orig,"[3, 4, 5, 2, 7, 6, 1, 0]",73,0
orig,"[3, 4, 5, 2, 7, 6, 1, 0]",74,0
orig,"[3, 4, 5, 2, 7, 6, 1, 0]",75,0
orig,"[3, 4, 5, 2, 7, 6, 1, 0]",76,0
orig,"[3, 4, 5, 2, 7, 6, 1, 0]",77,0
orig,"[3, 4, 5, 2, 7, 6, 1, 0]",78,0
orig,"[3, 4, 5, 2, 7, 6, 1, 0]",79,0
orig,"[3, 4, 5, 2, 7, 6, 1, 0]",80,1
orig,"[3, 4, 5, 2, 7, 6, 1, 0]",81,1
orig,"[3, 4, 5, 2, 7, 6, 1, 0]",82,1
orig,"[3, 4, 5, 2, 7, 6, 1, 0]",83,0
orig,"[3, 4, 5, 2, 7, 6, 1, 0]",84,0
orig,"[3, 4, 5, 2, 7, 6, 1, 0]",85,1
orig,"[3, 4, 5, 2, 7, 6, 1, 0]",86,0
orig,"[3, 4, 5, 2, 7, 6, 1, 0]",87,1
orig,"[3, 4, 5, 2, 7, 6, 1, 0]",88,1
orig,"[3, 4, 5, 2, 7, 6, 1, 0]",89,0
orig,"[3, 4, 2, 7, 6, 1, 5, 0]",60,0
orig,"[3, 4, 2, 7, 6, 1, 5, 0]",61,1
orig,"[3, 4, 2, 7, 6, 1, 5, 0]",62,0
orig,"[3, 4, 2, 7, 6, 1, 5, 0]",63,0
orig,"[3, 4, 2, 7, 6, 1, 5, 0]",64,1
orig,"[3, 4, 2, 7, 6, 1, 5, 0]",65,0
orig,"[3, 4, 2, 7, 6, 1, 5, 0]",66,0
orig,"[3, 4, 2, 7, 6, 1, 5, 0]",67,1
orig,"[3, 4, 2, 7, 6, 1, 5, 0]",68,1
orig,"[3, 4, 2, 7, 6, 1, 5, 0]",69,0
orig,"[3, 4, 2, 7, 6, 1, 5, 0]",70,0
orig,"[3, 4, 2, 7, 6, 1, 5, 0]",71,1
orig,"[3, 4, 2, 7, 6, 1, 5, 0]",72,0
orig,"[3, 4, 2, 7, 6, 1, 5, 0]",73,0
orig,"[3, 4, 2, 7, 6, 1, 5, 0]",74,0
orig,"[3, 4, 2, 7, 6, 1, 5, 0]",75,0
orig,"[3, 4, 2, 7, 6, 1, 5, 0]",76,0
orig,"[3, 4, 2, 7, 6, 1, 5, 0]",77,0
orig,"[3, 4, 2, 7, 6, 1, 5, 0]",78,0
orig,"[3, 4, 2, 7, 6, 1, 5, 0]",79,1
orig,"[3, 4, 2, 7, 6, 1, 5, 0]",80,1
orig,"[3, 4, 2, 7, 6, 1, 5, 0]",81,1
orig,"[3, 4, 2, 7, 6, 1, 5, 0]",82,1
orig,"[3, 4, 2, 7, 6, 1, 5, 0]",83,0
orig,"[3, 4, 2, 7, 6, 1, 5, 0]",84,1
orig,"[3, 4, 2, 7, 6, 1, 5, 0]",85,0
orig,"[3, 4, 2, 7, 6, 1, 5, 0]",86,0
orig,"[3, 4, 2, 7, 6, 1, 5, 0]",87,1
orig,"[3, 4, 2, 7, 6, 1, 5, 0]",88,1
orig,"[3, 4, 2, 7, 6, 1, 5, 0]",89,1
orig,"[2, 3, 4, 5, 7, 6, 1, 0]",60,1
orig,"[2, 3, 4, 5, 7, 6, 1, 0]",61,0
orig,"[2, 3, 4, 5, 7, 6, 1, 0]",62,0
orig,"[2, 3, 4, 5, 7, 6, 1, 0]",63,1
orig,"[2, 3, 4, 5, 7, 6, 1, 0]",64,1
orig,"[2, 3, 4, 5, 7, 6, 1, 0]",65,0
orig,"[2, 3, 4, 5, 7, 6, 1, 0]",66,1
orig,"[2, 3, 4, 5, 7, 6, 1, 0]",67,0
orig,"[2, 3, 4, 5, 7, 6, 1, 0]",68,0
orig,"[2, 3, 4, 5, 7, 6, 1, 0]",69,0
orig,"[2, 3, 4, 5, 7, 6, 1, 0]",70,0
orig,"[2, 3, 4, 5, 7, 6, 1, 0]",71,1
orig,"[2, 3, 4, 5, 7, 6, 1, 0]",72,0
orig,"[2, 3, 4, 5, 7, 6, 1, 0]",73,0
orig,"[2, 3, 4, 5, 7, 6, 1, 0]",74,0
orig,"[2, 3, 4, 5, 7, 6, 1, 0]",75,1
orig,"[2, 3, 4, 5, 7, 6, 1, 0]",76,1
orig,"[2, 3, 4, 5, 7, 6, 1, 0]",77,0
orig,"[2, 3, 4, 5, 7, 6, 1, 0]",78,0
orig,"[2, 3, 4, 5, 7, 6, 1, 0]",79,0
orig,"[2, 3, 4, 5, 7, 6, 1, 0]",80,0
orig,"[2, 3, 4, 5, 7, 6, 1, 0]",81,0
orig,"[2, 3, 4, 5, 7, 6, 1, 0]",82,1
orig,"[2, 3, 4, 5, 7, 6, 1, 0]",83,0
orig,"[2, 3, 4, 5, 7, 6, 1, 0]",84,1
orig,"[2, 3, 4, 5, 7, 6, 1, 0]",85,0
orig,"[2, 3, 4, 5, 7, 6, 1, 0]",86,0
orig,"[2, 3, 4, 5, 7, 6, 1, 0]",87,1
orig,"[2, 3, 4, 5, 7, 6, 1, 0]",88,1
orig,"[2, 3, 4, 5, 7, 6, 1, 0]",89,0
orig,"[2, 5, 4, 0, 7, 3, 6, 1]",60,0
orig,"[2, 5, 4, 0, 7, 3, 6, 1]",61,0
orig,"[2, 5, 4, 0, 7, 3, 6, 1]",62,0
orig,"[2, 5, 4, 0, 7, 3, 6, 1]",63,1
orig,"[2, 5, 4, 0, 7, 3, 6, 1]",64,1
orig,"[2, 5, 4, 0, 7, 3, 6, 1]",65,0
orig,"[2, 5, 4, 0, 7, 3, 6, 1]",66,0
orig,"[2, 5, 4, 0, 7, 3, 6, 1]",67,0
orig,"[2, 5, 4, 0, 7, 3, 6, 1]",68,1
orig,"[2, 5, 4, 0, 7, 3, 6, 1]",69,0
orig,"[2, 5, 4, 0, 7, 3, 6, 1]",70,1
orig,"[2, 5, 4, 0, 7, 3, 6, 1]",71,0
orig,"[2, 5, 4, 0, 7, 3, 6, 1]",72,0
orig,"[2, 5, 4, 0, 7, 3, 6, 1]",73,0
orig,"[2, 5, 4, 0, 7, 3, 6, 1]",74,1
orig,"[2, 5, 4, 0, 7, 3, 6, 1]",75,0
orig,"[2, 5, 4, 0, 7, 3, 6, 1]",76,0
orig,"[2, 5, 4, 0, 7, 3, 6, 1]",77,0
orig,"[2, 5, 4, 0, 7, 3, 6, 1]",78,0
orig,"[2, 5, 4, 0, 7, 3, 6, 1]",79,1
orig,"[2, 5, 4, 0, 7, 3, 6, 1]",80,1
orig,"[2, 5, 4, 0, 7, 3, 6, 1]",81,0
orig,"[2, 5, 4, 0, 7, 3, 6, 1]",82,0
orig,"[2, 5, 4, 0, 7, 3, 6, 1]",83,0
orig,"[2, 5, 4, 0, 7, 3, 6, 1]",84,0
orig,"[2, 5, 4, 0, 7, 3, 6, 1]",85,0
orig,"[2, 5, 4, 0, 7, 3, 6, 1]",86,0
orig,"[2, 5, 4, 0, 7, 3, 6, 1]",87,1
orig,"[2, 5, 4, 0, 7, 3, 6, 1]",88,1
orig,"[2, 5, 4, 0, 7, 3, 6, 1]",89,0
orig,"[4, 5, 2, 7, 6, 3, 1, 0]",60,1
orig,"[4, 5, 2, 7, 6, 3, 1, 0]",61,1
orig,"[4, 5, 2, 7, 6, 3, 1, 0]",62,0
orig,"[4, 5, 2, 7, 6, 3, 1, 0]",63,1
orig,"[4, 5, 2, 7, 6, 3, 1, 0]",64,1
orig,"[4, 5, 2, 7, 6, 3, 1, 0]",65,0
orig,"[4, 5, 2, 7, 6, 3, 1, 0]",66,1
orig,"[4, 5, 2, 7, 6, 3, 1, 0]",67,1
orig,"[4, 5, 2, 7, 6, 3, 1, 0]",68,1
orig,"[4, 5, 2, 7, 6, 3, 1, 0]",69,0
orig,"[4, 5, 2, 7, 6, 3, 1, 0]",70,0
orig,"[4, 5, 2, 7, 6, 3, 1, 0]",71,1
orig,"[4, 5, 2, 7, 6, 3, 1, 0]",72,0
orig,"[4, 5, 2, 7, 6, 3, 1, 0]",73,0
orig,"[4, 5, 2, 7, 6, 3, 1, 0]",74,0
orig,"[4, 5, 2, 7, 6, 3, 1, 0]",75,0
orig,"[4, 5, 2, 7, 6, 3, 1, 0]",76,0
orig,"[4, 5, 2, 7, 6, 3, 1, 0]",77,0
orig,"[4, 5, 2, 7, 6, 3, 1, 0]",78,0
orig,"[4, 5, 2, 7, 6, 3, 1, 0]",79,1
orig,"[4, 5, 2, 7, 6, 3, 1, 0]",80,1
orig,"[4, 5, 2, 7, 6, 3, 1, 0]",81,1
orig,"[4, 5, 2, 7, 6, 3, 1, 0]",82,1
orig,"[4, 5, 2, 7, 6, 3, 1, 0]",83,0
orig,"[4, 5, 2, 7, 6, 3, 1, 0]",84,0
orig,"[4, 5, 2, 7, 6, 3, 1, 0]",85,0
orig,"[4, 5, 2, 7, 6, 3, 1, 0]",86,0
orig,"[4, 5, 2, 7, 6, 3, 1, 0]",87,0
orig,"[4, 5, 2, 7, 6, 3, 1, 0]",88,1
orig,"[4, 5, 2, 7, 6, 3, 1, 0]",89,0
orig,"[3, 4, 5, 6, 7, 2, 1, 0]",60,0
orig,"[3, 4, 5, 6, 7, 2, 1, 0]",61,0
orig,"[3, 4, 5, 6, 7, 2, 1, 0]",62,0
orig,"[3, 4, 5, 6, 7, 2, 1, 0]",63,0
orig,"[3, 4, 5, 6, 7, 2, 1, 0]",64,0
orig,"[3, 4, 5, 6, 7, 2, 1, 0]",65,0
orig,"[3, 4, 5, 6, 7, 2, 1, 0]",66,0
orig,"[3, 4, 5, 6, 7, 2, 1, 0]",67,0
orig,"[3, 4, 5, 6, 7, 2, 1, 0]",68,1
orig,"[3, 4, 5, 6, 7, 2, 1, 0]",69,0
orig,"[3, 4, 5, 6, 7, 2, 1, 0]",70,1
orig,"[3, 4, 5, 6, 7, 2, 1, 0]",71,1
orig,"[3, 4, 5, 6, 7, 2, 1, 0]",72,1
orig,"[3, 4, 5, 6, 7, 2, 1, 0]",73,0
orig,"[3, 4, 5, 6, 7, 2, 1, 0]",74,0
orig,"[3, 4, 5, 6, 7, 2, 1, 0]",75,0
orig,"[3, 4, 5, 6, 7, 2, 1, 0]",76,0
orig,"[3, 4, 5, 6, 7, 2, 1, 0]",77,0
orig,"[3, 4, 5, 6, 7, 2, 1, 0]",78,0
orig,"[3, 4, 5, 6, 7, 2, 1, 0]",79,0
orig,"[3, 4, 5, 6, 7, 2, 1, 0]",80,0
orig,"[3, 4, 5, 6, 7, 2, 1, 0]",81,1
orig,"[3, 4, 5, 6, 7, 2, 1, 0]",82,0
orig,"[3, 4, 5, 6, 7, 2, 1, 0]",83,0
orig,"[3, 4, 5, 6, 7, 2, 1, 0]",84,0
orig,"[3, 4, 5, 6, 7, 2, 1, 0]",85,1
orig,"[3, 4, 5, 6, 7, 2, 1, 0]",86,0
orig,"[3, 4, 5, 6, 7, 2, 1, 0]",87,1
orig,"[3, 4, 5, 6, 7, 2, 1, 0]",88,1
orig,"[3, 4, 5, 6, 7, 2, 1, 0]",89,0
orig,"[4, 7, 2, 3, 6, 1, 5, 0]",60,0
orig,"[4, 7, 2, 3, 6, 1, 5, 0]",61,1
orig,"[4, 7, 2, 3, 6, 1, 5, 0]",62,0
orig,"[4, 7, 2, 3, 6, 1, 5, 0]",63,1
orig,"[4, 7, 2, 3, 6, 1, 5, 0]",64,1
orig,"[4, 7, 2, 3, 6, 1, 5, 0]",65,0
orig,"[4, 7, 2, 3, 6, 1, 5, 0]",66,0
orig,"[4, 7, 2, 3, 6, 1, 5, 0]",67,0
orig,"[4, 7, 2, 3, 6, 1, 5, 0]",68,0
orig,"[4, 7, 2, 3, 6, 1, 5, 0]",69,0
orig,"[4, 7, 2, 3, 6, 1, 5, 0]",70,1
orig,"[4, 7, 2, 3, 6, 1, 5, 0]",71,1
orig,"[4, 7, 2, 3, 6, 1, 5, 0]",72,1
orig,"[4, 7, 2, 3, 6, 1, 5, 0]",73,0
orig,"[4, 7, 2, 3, 6, 1, 5, 0]",74,0
orig,"[4, 7, 2, 3, 6, 1, 5, 0]",75,1
orig,"[4, 7, 2, 3, 6, 1, 5, 0]",76,0
orig,"[4, 7, 2, 3, 6, 1, 5, 0]",77,0
orig,"[4, 7, 2, 3, 6, 1, 5, 0]",78,0
orig,"[4, 7, 2, 3, 6, 1, 5, 0]",79,1
orig,"[4, 7, 2, 3, 6, 1, 5, 0]",80,0
orig,"[4, 7, 2, 3, 6, 1, 5, 0]",81,1
orig,"[4, 7, 2, 3, 6, 1, 5, 0]",82,1
orig,"[4, 7, 2, 3, 6, 1, 5, 0]",83,0
orig,"[4, 7, 2, 3, 6, 1, 5, 0]",84,0
orig,"[4, 7, 2, 3, 6, 1, 5, 0]",85,0
orig,"[4, 7, 2, 3, 6, 1, 5, 0]",86,0
orig,"[4, 7, 2, 3, 6, 1, 5, 0]",87,0
orig,"[4, 7, 2, 3, 6, 1, 5, 0]",88,1
orig,"[4, 7, 2, 3, 6, 1, 5, 0]",89,0
orig,"[5, 4, 3, 2, 7, 6, 1, 0]",60,0
orig,"[5, 4, 3, 2, 7, 6, 1, 0]",61,0
orig,"[5, 4, 3, 2, 7, 6, 1, 0]",62,0
orig,"[5, 4, 3, 2, 7, 6, 1, 0]",63,0
orig,"[5, 4, 3, 2, 7, 6, 1, 0]",64,0
orig,"[5, 4, 3, 2, 7, 6, 1, 0]",65,0
orig,"[5, 4, 3, 2, 7, 6, 1, 0]",66,0
orig,"[5, 4, 3, 2, 7, 6, 1, 0]",67,0
orig,"[5, 4, 3, 2, 7, 6, 1, 0]",68,1
orig,"[5, 4, 3, 2, 7, 6, 1, 0]",69,0
orig,"[5, 4, 3, 2, 7, 6, 1, 0]",70,1
orig,"[5, 4, 3, 2, 7, 6, 1, 0]",71,1
orig,"[5, 4, 3, 2, 7, 6, 1, 0]",72,1
orig,"[5, 4, 3, 2, 7, 6, 1, 0]",73,1
orig,"[5, 4, 3, 2, 7, 6, 1, 0]",74,0
orig,"[5, 4, 3, 2, 7, 6, 1, 0]",75,0
orig,"[5, 4, 3, 2, 7, 6, 1, 0]",76,0
orig,"[5, 4, 3, 2, 7, 6, 1, 0]",77,0
orig,"[5, 4, 3, 2, 7, 6, 1, 0]",78,0
orig,"[5, 4, 3, 2, 7, 6, 1, 0]",79,1
orig,"[5, 4, 3, 2, 7, 6, 1, 0]",80,1
orig,"[5, 4, 3, 2, 7, 6, 1, 0]",81,0
orig,"[5, 4, 3, 2, 7, 6, 1, 0]",82,0
orig,"[5, 4, 3, 2, 7, 6, 1, 0]",83,0
orig,"[5, 4, 3, 2, 7, 6, 1, 0]",84,1
orig,"[5, 4, 3, 2, 7, 6, 1, 0]",85,1
orig,"[5, 4, 3, 2, 7, 6, 1, 0]",86,0
orig,"[5, 4, 3, 2, 7, 6, 1, 0]",87,0
orig,"[5, 4, 3, 2, 7, 6, 1, 0]",88,1
orig,"[5, 4, 3, 2, 7, 6, 1, 0]",89,0
orig,"[7, 3, 5, 2, 4, 6, 1, 0]",60,0
orig,"[6, 3, 7, 2, 0, 5, 4, 1]",60,0
orig,"[6, 3, 7, 2, 0, 5, 4, 1]",61,0
orig,"[6, 3, 7, 2, 0, 5, 4, 1]",62,0
orig,"[6, 3, 7, 2, 0, 5, 4, 1]",63,1
orig,"[6, 3, 7, 2, 0, 5, 4, 1]",64,0
orig,"[6, 3, 7, 2, 0, 5, 4, 1]",65,0
orig,"[6, 3, 7, 2, 0, 5, 4, 1]",66,1
orig,"[6, 3, 7, 2, 0, 5, 4, 1]",67,1
orig,"[6, 3, 7, 2, 0, 5, 4, 1]",68,0
orig,"[6, 3, 7, 2, 0, 5, 4, 1]",69,0
orig,"[6, 3, 7, 2, 0, 5, 4, 1]",70,1
orig,"[6, 3, 7, 2, 0, 5, 4, 1]",71,1
orig,"[6, 3, 7, 2, 0, 5, 4, 1]",72,0
orig,"[6, 3, 7, 2, 0, 5, 4, 1]",73,0
orig,"[6, 3, 7, 2, 0, 5, 4, 1]",74,0
orig,"[6, 3, 7, 2, 0, 5, 4, 1]",75,1
orig,"[6, 3, 7, 2, 0, 5, 4, 1]",76,0
orig,"[6, 3, 7, 2, 0, 5, 4, 1]",77,0
orig,"[6, 3, 7, 2, 0, 5, 4, 1]",78,0
orig,"[6, 3, 7, 2, 0, 5, 4, 1]",79,0
orig,"[6, 3, 7, 2, 0, 5, 4, 1]",80,1
orig,"[6, 3, 7, 2, 0, 5, 4, 1]",81,0
orig,"[6, 3, 7, 2, 0, 5, 4, 1]",82,1
orig,"[6, 3, 7, 2, 0, 5, 4, 1]",83,0
orig,"[6, 3, 7, 2, 0, 5, 4, 1]",84,1
orig,"[6, 3, 7, 2, 0, 5, 4, 1]",85,1
orig,"[6, 3, 7, 2, 0, 5, 4, 1]",86,0
orig,"[6, 3, 7, 2, 0, 5, 4, 1]",87,0
orig,"[6, 3, 7, 2, 0, 5, 4, 1]",88,1
orig,"[6, 3, 7, 2, 0, 5, 4, 1]",89,0
orig,"[4, 2, 3, 7, 5, 6, 1, 0]",60,0
orig,"[4, 2, 3, 7, 5, 6, 1, 0]",61,1
orig,"[4, 2, 3, 7, 5, 6, 1, 0]",62,0
orig,"[4, 2, 3, 7, 5, 6, 1, 0]",63,0
orig,"[4, 2, 3, 7, 5, 6, 1, 0]",64,1
orig,"[4, 2, 3, 7, 5, 6, 1, 0]",65,0
orig,"[4, 2, 3, 7, 5, 6, 1, 0]",66,1
orig,"[4, 2, 3, 7, 5, 6, 1, 0]",67,0
orig,"[4, 2, 3, 7, 5, 6, 1, 0]",68,0
orig,"[4, 2, 3, 7, 5, 6, 1, 0]",69,0
orig,"[4, 2, 3, 7, 5, 6, 1, 0]",70,1
orig,"[4, 2, 3, 7, 5, 6, 1, 0]",71,1
orig,"[4, 2, 3, 7, 5, 6, 1, 0]",72,0
orig,"[4, 2, 3, 7, 5, 6, 1, 0]",73,0
orig,"[4, 2, 3, 7, 5, 6, 1, 0]",74,0
orig,"[4, 2, 3, 7, 5, 6, 1, 0]",75,0
orig,"[4, 2, 3, 7, 5, 6, 1, 0]",76,1
orig,"[4, 2, 3, 7, 5, 6, 1, 0]",77,0
orig,"[4, 2, 3, 7, 5, 6, 1, 0]",78,0
orig,"[4, 2, 3, 7, 5, 6, 1, 0]",79,1
orig,"[4, 2, 3, 7, 5, 6, 1, 0]",80,1
orig,"[4, 2, 3, 7, 5, 6, 1, 0]",81,0
orig,"[4, 2, 3, 7, 5, 6, 1, 0]",82,1
orig,"[4, 2, 3, 7, 5, 6, 1, 0]",83,0
orig,"[4, 2, 3, 7, 5, 6, 1, 0]",84,1
orig,"[4, 2, 3, 7, 5, 6, 1, 0]",85,0
orig,"[4, 2, 3, 7, 5, 6, 1, 0]",86,0
orig,"[4, 2, 3, 7, 5, 6, 1, 0]",87,1
orig,"[4, 2, 3, 7, 5, 6, 1, 0]",88,1
orig,"[4, 2, 3, 7, 5, 6, 1, 0]",89,0
orig,"[7, 3, 2, 5, 4, 6, 1, 0]",60,0
orig,"[7, 3, 2, 5, 4, 6, 1, 0]",61,0
orig,"[7, 3, 2, 5, 4, 6, 1, 0]",62,0
orig,"[7, 3, 2, 5, 4, 6, 1, 0]",63,1
orig,"[7, 3, 2, 5, 4, 6, 1, 0]",64,1
orig,"[7, 3, 2, 5, 4, 6, 1, 0]",65,0
orig,"[7, 3, 2, 5, 4, 6, 1, 0]",66,1
orig,"[7, 3, 2, 5, 4, 6, 1, 0]",67,0
orig,"[7, 3, 2, 5, 4, 6, 1, 0]",68,1
orig,"[7, 3, 2, 5, 4, 6, 1, 0]",69,0
orig,"[7, 3, 2, 5, 4, 6, 1, 0]",70,1
orig,"[7, 3, 2, 5, 4, 6, 1, 0]",71,1
orig,"[7, 3, 2, 5, 4, 6, 1, 0]",72,1
orig,"[7, 3, 2, 5, 4, 6, 1, 0]",73,0
orig,"[7, 3, 2, 5, 4, 6, 1, 0]",74,0
orig,"[7, 3, 2, 5, 4, 6, 1, 0]",75,1
orig,"[7, 3, 2, 5, 4, 6, 1, 0]",76,0
orig,"[7, 3, 2, 5, 4, 6, 1, 0]",77,0
orig,"[7, 3, 2, 5, 4, 6, 1, 0]",78,1
orig,"[7, 3, 2, 5, 4, 6, 1, 0]",79,1
orig,"[7, 3, 2, 5, 4, 6, 1, 0]",80,0
orig,"[7, 3, 2, 5, 4, 6, 1, 0]",81,1
orig,"[7, 3, 2, 5, 4, 6, 1, 0]",82,1
orig,"[7, 3, 2, 5, 4, 6, 1, 0]",83,0
orig,"[7, 3, 2, 5, 4, 6, 1, 0]",84,1
orig,"[7, 3, 2, 5, 4, 6, 1, 0]",85,0
orig,"[7, 3, 2, 5, 4, 6, 1, 0]",86,0
orig,"[7, 3, 2, 5, 4, 6, 1, 0]",87,1
orig,"[7, 3, 2, 5, 4, 6, 1, 0]",88,1
orig,"[7, 3, 2, 5, 4, 6, 1, 0]",89,0
orig,"[2, 7, 3, 4, 5, 6, 1, 0]",60,0
orig,"[2, 7, 3, 4, 5, 6, 1, 0]",61,1
orig,"[2, 7, 3, 4, 5, 6, 1, 0]",62,0
orig,"[2, 7, 3, 4, 5, 6, 1, 0]",63,0
orig,"[2, 7, 3, 4, 5, 6, 1, 0]",64,1
orig,"[2, 7, 3, 4, 5, 6, 1, 0]",65,0
orig,"[2, 7, 3, 4, 5, 6, 1, 0]",66,0
orig,"[2, 7, 3, 4, 5, 6, 1, 0]",67,0
orig,"[2, 7, 3, 4, 5, 6, 1, 0]",68,1
orig,"[2, 7, 3, 4, 5, 6, 1, 0]",69,0
orig,"[2, 7, 3, 4, 5, 6, 1, 0]",70,1
orig,"[2, 7, 3, 4, 5, 6, 1, 0]",71,1
orig,"[2, 7, 3, 4, 5, 6, 1, 0]",72,0
orig,"[2, 7, 3, 4, 5, 6, 1, 0]",73,0
orig,"[2, 7, 3, 4, 5, 6, 1, 0]",74,0
orig,"[2, 7, 3, 4, 5, 6, 1, 0]",75,1
orig,"[2, 7, 3, 4, 5, 6, 1, 0]",76,0
orig,"[2, 7, 3, 4, 5, 6, 1, 0]",77,0
orig,"[2, 7, 3, 4, 5, 6, 1, 0]",78,0
orig,"[2, 7, 3, 4, 5, 6, 1, 0]",79,0
orig,"[2, 7, 3, 4, 5, 6, 1, 0]",80,0
orig,"[2, 7, 3, 4, 5, 6, 1, 0]",81,0
orig,"[2, 7, 3, 4, 5, 6, 1, 0]",82,0
orig,"[2, 7, 3, 4, 5, 6, 1, 0]",83,0
orig,"[2, 7, 3, 4, 5, 6, 1, 0]",84,1
orig,"[2, 7, 3, 4, 5, 6, 1, 0]",85,0
orig,"[2, 7, 3, 4, 5, 6, 1, 0]",86,0
orig,"[2, 7, 3, 4, 5, 6, 1, 0]",87,1
orig,"[2, 7, 3, 4, 5, 6, 1, 0]",88,1
orig,"[2, 7, 3, 4, 5, 6, 1, 0]",89,0
orig,"[6, 3, 7, 0, 5, 2, 4, 1]",60,0
orig,"[6, 3, 7, 0, 5, 2, 4, 1]",61,0
orig,"[6, 3, 7, 0, 5, 2, 4, 1]",62,0
orig,"[6, 3, 7, 0, 5, 2, 4, 1]",63,0
orig,"[6, 3, 7, 0, 5, 2, 4, 1]",64,0
orig,"[6, 3, 7, 0, 5, 2, 4, 1]",65,0
orig,"[6, 3, 7, 0, 5, 2, 4, 1]",66,0
orig,"[6, 3, 7, 0, 5, 2, 4, 1]",67,0
orig,"[6, 3, 7, 0, 5, 2, 4, 1]",68,0
orig,"[6, 3, 7, 0, 5, 2, 4, 1]",69,1
orig,"[6, 3, 7, 0, 5, 2, 4, 1]",70,1
orig,"[6, 3, 7, 0, 5, 2, 4, 1]",71,1
orig,"[6, 3, 7, 0, 5, 2, 4, 1]",72,0
orig,"[6, 3, 7, 0, 5, 2, 4, 1]",73,0
orig,"[6, 3, 7, 0, 5, 2, 4, 1]",74,0
orig,"[6, 3, 7, 0, 5, 2, 4, 1]",75,0
orig,"[6, 3, 7, 0, 5, 2, 4, 1]",76,0
orig,"[6, 3, 7, 0, 5, 2, 4, 1]",77,0
orig,"[6, 3, 7, 0, 5, 2, 4, 1]",78,0
orig,"[6, 3, 7, 0, 5, 2, 4, 1]",79,1
orig,"[6, 3, 7, 0, 5, 2, 4, 1]",80,1
orig,"[6, 3, 7, 0, 5, 2, 4, 1]",81,0
orig,"[6, 3, 7, 0, 5, 2, 4, 1]",82,0
orig,"[6, 3, 7, 0, 5, 2, 4, 1]",83,0
orig,"[6, 3, 7, 0, 5, 2, 4, 1]",84,1
orig,"[6, 3, 7, 0, 5, 2, 4, 1]",85,0
orig,"[6, 3, 7, 0, 5, 2, 4, 1]",86,0
orig,"[6, 3, 7, 0, 5, 2, 4, 1]",87,1
orig,"[6, 3, 7, 0, 5, 2, 4, 1]",88,1
orig,"[6, 3, 7, 0, 5, 2, 4, 1]",89,0
orig,"[5, 1, 6, 7, 2, 4, 3, 0]",60,0
orig,"[5, 1, 6, 7, 2, 4, 3, 0]",61,1
orig,"[5, 1, 6, 7, 2, 4, 3, 0]",62,0
orig,"[5, 1, 6, 7, 2, 4, 3, 0]",63,1
orig,"[5, 1, 6, 7, 2, 4, 3, 0]",64,1
orig,"[5, 1, 6, 7, 2, 4, 3, 0]",65,0
orig,"[5, 1, 6, 7, 2, 4, 3, 0]",66,0
orig,"[5, 1, 6, 7, 2, 4, 3, 0]",67,0
orig,"[5, 1, 6, 7, 2, 4, 3, 0]",68,1
orig,"[5, 1, 6, 7, 2, 4, 3, 0]",69,1
orig,"[5, 1, 6, 7, 2, 4, 3, 0]",70,1
orig,"[5, 1, 6, 7, 2, 4, 3, 0]",71,1
orig,"[5, 1, 6, 7, 2, 4, 3, 0]",72,0
orig,"[5, 1, 6, 7, 2, 4, 3, 0]",73,0
orig,"[5, 1, 6, 7, 2, 4, 3, 0]",74,0
orig,"[5, 1, 6, 7, 2, 4, 3, 0]",75,0
orig,"[5, 1, 6, 7, 2, 4, 3, 0]",76,0
orig,"[5, 1, 6, 7, 2, 4, 3, 0]",77,0
orig,"[5, 1, 6, 7, 2, 4, 3, 0]",78,0
orig,"[5, 1, 6, 7, 2, 4, 3, 0]",79,1
orig,"[5, 1, 6, 7, 2, 4, 3, 0]",80,0
orig,"[5, 1, 6, 7, 2, 4, 3, 0]",81,0
orig,"[5, 1, 6, 7, 2, 4, 3, 0]",82,0
orig,"[5, 1, 6, 7, 2, 4, 3, 0]",83,0
orig,"[5, 1, 6, 7, 2, 4, 3, 0]",84,1
orig,"[5, 1, 6, 7, 2, 4, 3, 0]",85,0
orig,"[5, 1, 6, 7, 2, 4, 3, 0]",86,0
orig,"[5, 1, 6, 7, 2, 4, 3, 0]",87,1
orig,"[5, 1, 6, 7, 2, 4, 3, 0]",88,0
orig,"[5, 1, 6, 7, 2, 4, 3, 0]",89,0
orig,"[3, 0, 6, 2, 5, 1, 7, 4]",60,0
orig,"[3, 0, 6, 2, 5, 1, 7, 4]",61,1
orig,"[3, 0, 6, 2, 5, 1, 7, 4]",62,0
orig,"[3, 0, 6, 2, 5, 1, 7, 4]",63,0
orig,"[3, 0, 6, 2, 5, 1, 7, 4]",64,1
orig,"[3, 0, 6, 2, 5, 1, 7, 4]",65,0
orig,"[3, 0, 6, 2, 5, 1, 7, 4]",66,0
orig,"[3, 0, 6, 2, 5, 1, 7, 4]",67,1
orig,"[3, 0, 6, 2, 5, 1, 7, 4]",68,1
orig,"[3, 0, 6, 2, 5, 1, 7, 4]",69,0
orig,"[3, 0, 6, 2, 5, 1, 7, 4]",70,1
orig,"[3, 0, 6, 2, 5, 1, 7, 4]",71,1
orig,"[3, 0, 6, 2, 5, 1, 7, 4]",72,0
orig,"[3, 0, 6, 2, 5, 1, 7, 4]",73,0
orig,"[3, 0, 6, 2, 5, 1, 7, 4]",74,0
orig,"[3, 0, 6, 2, 5, 1, 7, 4]",75,1
orig,"[3, 0, 6, 2, 5, 1, 7, 4]",76,0
orig,"[3, 0, 6, 2, 5, 1, 7, 4]",77,0
orig,"[3, 0, 6, 2, 5, 1, 7, 4]",78,0
orig,"[3, 0, 6, 2, 5, 1, 7, 4]",79,0
orig,"[3, 0, 6, 2, 5, 1, 7, 4]",80,1
orig,"[3, 0, 6, 2, 5, 1, 7, 4]",81,1
orig,"[3, 0, 6, 2, 5, 1, 7, 4]",82,1
orig,"[3, 0, 6, 2, 5, 1, 7, 4]",83,1
orig,"[3, 0, 6, 2, 5, 1, 7, 4]",84,0
orig,"[3, 0, 6, 2, 5, 1, 7, 4]",85,0
orig,"[3, 0, 6, 2, 5, 1, 7, 4]",86,0
orig,"[3, 0, 6, 2, 5, 1, 7, 4]",87,1
orig,"[3, 0, 6, 2, 5, 1, 7, 4]",88,1
orig,"[3, 0, 6, 2, 5, 1, 7, 4]",89,0
orig,"[2, 0, 3, 1, 4, 5, 6, 7]",60,0
orig,"[2, 0, 3, 1, 4, 5, 6, 7]",61,1
orig,"[2, 0, 3, 1, 4, 5, 6, 7]",62,0
orig,"[2, 0, 3, 1, 4, 5, 6, 7]",63,0
orig,"[2, 0, 3, 1, 4, 5, 6, 7]",64,1
orig,"[2, 0, 3, 1, 4, 5, 6, 7]",65,0
orig,"[2, 0, 3, 1, 4, 5, 6, 7]",66,1
orig,"[2, 0, 3, 1, 4, 5, 6, 7]",67,0
orig,"[2, 0, 3, 1, 4, 5, 6, 7]",68,1
orig,"[2, 0, 3, 1, 4, 5, 6, 7]",69,0
orig,"[2, 0, 3, 1, 4, 5, 6, 7]",70,1
orig,"[2, 0, 3, 1, 4, 5, 6, 7]",71,0
orig,"[2, 0, 3, 1, 4, 5, 6, 7]",72,1
orig,"[2, 0, 3, 1, 4, 5, 6, 7]",73,0
orig,"[2, 0, 3, 1, 4, 5, 6, 7]",74,0
orig,"[2, 0, 3, 1, 4, 5, 6, 7]",75,1
orig,"[2, 0, 3, 1, 4, 5, 6, 7]",76,0
orig,"[2, 0, 3, 1, 4, 5, 6, 7]",77,0
orig,"[2, 0, 3, 1, 4, 5, 6, 7]",78,0
orig,"[2, 0, 3, 1, 4, 5, 6, 7]",79,1
orig,"[2, 0, 3, 1, 4, 5, 6, 7]",80,0
orig,"[2, 0, 3, 1, 4, 5, 6, 7]",81,0
orig,"[2, 0, 3, 1, 4, 5, 6, 7]",82,0
orig,"[2, 0, 3, 1, 4, 5, 6, 7]",83,0
orig,"[2, 0, 3, 1, 4, 5, 6, 7]",84,0
orig,"[2, 0, 3, 1, 4, 5, 6, 7]",85,0
orig,"[2, 0, 3, 1, 4, 5, 6, 7]",86,0
orig,"[2, 0, 3, 1, 4, 5, 6, 7]",87,1
orig,"[2, 0, 3, 1, 4, 5, 6, 7]",88,1
orig,"[2, 0, 3, 1, 4, 5, 6, 7]",89,1
orig,"[1, 0, 2, 6, 4, 7, 5, 3]",60,0
orig,"[1, 0, 2, 6, 4, 7, 5, 3]",61,1
orig,"[1, 0, 2, 6, 4, 7, 5, 3]",62,0
orig,"[1, 0, 2, 6, 4, 7, 5, 3]",63,1
orig,"[1, 0, 2, 6, 4, 7, 5, 3]",64,1
orig,"[1, 0, 2, 6, 4, 7, 5, 3]",65,0
orig,"[1, 0, 2, 6, 4, 7, 5, 3]",66,1
orig,"[1, 0, 2, 6, 4, 7, 5, 3]",67,0
orig,"[1, 0, 2, 6, 4, 7, 5, 3]",68,0
orig,"[1, 0, 2, 6, 4, 7, 5, 3]",69,0
orig,"[1, 0, 2, 6, 4, 7, 5, 3]",70,1
orig,"[1, 0, 2, 6, 4, 7, 5, 3]",71,1
orig,"[1, 0, 2, 6, 4, 7, 5, 3]",72,0
orig,"[1, 0, 2, 6, 4, 7, 5, 3]",73,0
orig,"[1, 0, 2, 6, 4, 7, 5, 3]",74,0
orig,"[1, 0, 2, 6, 4, 7, 5, 3]",75,0
orig,"[1, 0, 2, 6, 4, 7, 5, 3]",76,0
orig,"[1, 0, 2, 6, 4, 7, 5, 3]",77,0
orig,"[1, 0, 2, 6, 4, 7, 5, 3]",78,0
orig,"[1, 0, 2, 6, 4, 7, 5, 3]",79,1
orig,"[1, 0, 2, 6, 4, 7, 5, 3]",80,0
orig,"[1, 0, 2, 6, 4, 7, 5, 3]",81,1
orig,"[1, 0, 2, 6, 4, 7, 5, 3]",82,1
orig,"[1, 0, 2, 6, 4, 7, 5, 3]",83,0
orig,"[1, 0, 2, 6, 4, 7, 5, 3]",84,0
orig,"[1, 0, 2, 6, 4, 7, 5, 3]",85,0
orig,"[1, 0, 2, 6, 4, 7, 5, 3]",86,0
orig,"[1, 0, 2, 6, 4, 7, 5, 3]",87,1
orig,"[1, 0, 2, 6, 4, 7, 5, 3]",88,0
orig,"[1, 0, 2, 6, 4, 7, 5, 3]",89,0
orig,"[1, 3, 5, 2, 6, 0, 7, 4]",60,0
orig,"[1, 3, 5, 2, 6, 0, 7, 4]",61,1
orig,"[1, 3, 5, 2, 6, 0, 7, 4]",62,0
orig,"[1, 3, 5, 2, 6, 0, 7, 4]",63,1
orig,"[1, 3, 5, 2, 6, 0, 7, 4]",64,0
orig,"[1, 3, 5, 2, 6, 0, 7, 4]",65,0
orig,"[1, 3, 5, 2, 6, 0, 7, 4]",66,0
orig,"[1, 3, 5, 2, 6, 0, 7, 4]",67,1
orig,"[1, 3, 5, 2, 6, 0, 7, 4]",68,1
orig,"[1, 3, 5, 2, 6, 0, 7, 4]",69,0
orig,"[1, 3, 5, 2, 6, 0, 7, 4]",70,0
orig,"[1, 3, 5, 2, 6, 0, 7, 4]",71,1
orig,"[1, 3, 5, 2, 6, 0, 7, 4]",72,0
orig,"[1, 3, 5, 2, 6, 0, 7, 4]",73,0
orig,"[1, 3, 5, 2, 6, 0, 7, 4]",74,0
orig,"[1, 3, 5, 2, 6, 0, 7, 4]",75,0
orig,"[1, 3, 5, 2, 6, 0, 7, 4]",76,0
orig,"[1, 3, 5, 2, 6, 0, 7, 4]",77,0
orig,"[1, 3, 5, 2, 6, 0, 7, 4]",78,0
orig,"[1, 3, 5, 2, 6, 0, 7, 4]",79,1
orig,"[1, 3, 5, 2, 6, 0, 7, 4]",80,0
orig,"[1, 3, 5, 2, 6, 0, 7, 4]",81,1
orig,"[1, 3, 5, 2, 6, 0, 7, 4]",82,1
orig,"[1, 3, 5, 2, 6, 0, 7, 4]",83,0
orig,"[1, 3, 5, 2, 6, 0, 7, 4]",84,1
orig,"[1, 3, 5, 2, 6, 0, 7, 4]",85,0
orig,"[1, 3, 5, 2, 6, 0, 7, 4]",86,0
orig,"[1, 3, 5, 2, 6, 0, 7, 4]",87,1
orig,"[1, 3, 5, 2, 6, 0, 7, 4]",88,1
orig,"[1, 3, 5, 2, 6, 0, 7, 4]",89,0
orig,"[2, 7, 5, 1, 0, 4, 6, 3]",60,0
orig,"[2, 7, 5, 1, 0, 4, 6, 3]",61,0
orig,"[2, 7, 5, 1, 0, 4, 6, 3]",62,0
orig,"[2, 7, 5, 1, 0, 4, 6, 3]",63,0
orig,"[2, 7, 5, 1, 0, 4, 6, 3]",64,1
orig,"[2, 7, 5, 1, 0, 4, 6, 3]",65,0
orig,"[2, 7, 5, 1, 0, 4, 6, 3]",66,0
orig,"[2, 7, 5, 1, 0, 4, 6, 3]",67,0
orig,"[2, 7, 5, 1, 0, 4, 6, 3]",68,0
orig,"[2, 7, 5, 1, 0, 4, 6, 3]",69,0
orig,"[2, 7, 5, 1, 0, 4, 6, 3]",70,1
orig,"[2, 7, 5, 1, 0, 4, 6, 3]",71,1
orig,"[2, 7, 5, 1, 0, 4, 6, 3]",72,0
orig,"[2, 7, 5, 1, 0, 4, 6, 3]",73,0
orig,"[2, 7, 5, 1, 0, 4, 6, 3]",74,0
orig,"[2, 7, 5, 1, 0, 4, 6, 3]",75,1
orig,"[2, 7, 5, 1, 0, 4, 6, 3]",76,0
orig,"[2, 7, 5, 1, 0, 4, 6, 3]",77,0
orig,"[2, 7, 5, 1, 0, 4, 6, 3]",78,0
orig,"[2, 7, 5, 1, 0, 4, 6, 3]",79,1
orig,"[2, 7, 5, 1, 0, 4, 6, 3]",80,1
orig,"[2, 7, 5, 1, 0, 4, 6, 3]",81,1
orig,"[2, 7, 5, 1, 0, 4, 6, 3]",82,1
orig,"[2, 7, 5, 1, 0, 4, 6, 3]",83,0
orig,"[2, 7, 5, 1, 0, 4, 6, 3]",84,1
orig,"[2, 7, 5, 1, 0, 4, 6, 3]",85,0
orig,"[2, 7, 5, 1, 0, 4, 6, 3]",86,1
orig,"[2, 7, 5, 1, 0, 4, 6, 3]",87,1
orig,"[2, 7, 5, 1, 0, 4, 6, 3]",88,1
orig,"[2, 7, 5, 1, 0, 4, 6, 3]",89,0
orig,"[1, 6, 5, 0, 7, 2, 4, 3]",60,0
orig,"[1, 6, 5, 0, 7, 2, 4, 3]",61,1
orig,"[1, 6, 5, 0, 7, 2, 4, 3]",62,0
orig,"[1, 6, 5, 0, 7, 2, 4, 3]",63,1
orig,"[1, 6, 5, 0, 7, 2, 4, 3]",64,1
orig,"[1, 6, 5, 0, 7, 2, 4, 3]",65,0
orig,"[1, 6, 5, 0, 7, 2, 4, 3]",66,1
orig,"[1, 6, 5, 0, 7, 2, 4, 3]",67,1
orig,"[1, 6, 5, 0, 7, 2, 4, 3]",68,1
orig,"[1, 6, 5, 0, 7, 2, 4, 3]",69,0
orig,"[1, 6, 5, 0, 7, 2, 4, 3]",70,1
orig,"[1, 6, 5, 0, 7, 2, 4, 3]",71,1
orig,"[1, 6, 5, 0, 7, 2, 4, 3]",72,0
orig,"[1, 6, 5, 0, 7, 2, 4, 3]",73,0
orig,"[1, 6, 5, 0, 7, 2, 4, 3]",74,0
orig,"[1, 6, 5, 0, 7, 2, 4, 3]",75,1
orig,"[1, 6, 5, 0, 7, 2, 4, 3]",76,1
orig,"[1, 6, 5, 0, 7, 2, 4, 3]",77,0
orig,"[1, 6, 5, 0, 7, 2, 4, 3]",78,0
orig,"[1, 6, 5, 0, 7, 2, 4, 3]",79,1
orig,"[1, 6, 5, 0, 7, 2, 4, 3]",80,1
orig,"[1, 6, 5, 0, 7, 2, 4, 3]",81,1
orig,"[1, 6, 5, 0, 7, 2, 4, 3]",82,1
orig,"[1, 6, 5, 0, 7, 2, 4, 3]",83,0
orig,"[1, 6, 5, 0, 7, 2, 4, 3]",84,0
orig,"[1, 6, 5, 0, 7, 2, 4, 3]",85,0
orig,"[1, 6, 5, 0, 7, 2, 4, 3]",86,0
orig,"[1, 6, 5, 0, 7, 2, 4, 3]",87,1
orig,"[1, 6, 5, 0, 7, 2, 4, 3]",88,1
orig,"[1, 6, 5, 0, 7, 2, 4, 3]",89,0
orig,"[1, 3, 2, 0, 4, 5, 6, 7]",60,0
orig,"[1, 3, 2, 0, 4, 5, 6, 7]",61,1
orig,"[1, 3, 2, 0, 4, 5, 6, 7]",62,0
orig,"[1, 3, 2, 0, 4, 5, 6, 7]",63,1
orig,"[1, 3, 2, 0, 4, 5, 6, 7]",64,0
orig,"[1, 3, 2, 0, 4, 5, 6, 7]",65,0
orig,"[1, 3, 2, 0, 4, 5, 6, 7]",66,0
orig,"[1, 3, 2, 0, 4, 5, 6, 7]",67,1
orig,"[1, 3, 2, 0, 4, 5, 6, 7]",68,1
orig,"[1, 3, 2, 0, 4, 5, 6, 7]",69,0
orig,"[1, 3, 2, 0, 4, 5, 6, 7]",70,1
orig,"[1, 3, 2, 0, 4, 5, 6, 7]",71,1
orig,"[1, 3, 2, 0, 4, 5, 6, 7]",72,0
orig,"[1, 3, 2, 0, 4, 5, 6, 7]",73,0
orig,"[1, 3, 2, 0, 4, 5, 6, 7]",74,0
orig,"[1, 3, 2, 0, 4, 5, 6, 7]",75,0
orig,"[1, 3, 2, 0, 4, 5, 6, 7]",76,0
orig,"[1, 3, 2, 0, 4, 5, 6, 7]",77,0
orig,"[1, 3, 2, 0, 4, 5, 6, 7]",78,0
orig,"[1, 3, 2, 0, 4, 5, 6, 7]",79,1
orig,"[1, 3, 2, 0, 4, 5, 6, 7]",80,1
orig,"[1, 3, 2, 0, 4, 5, 6, 7]",81,0
orig,"[1, 3, 2, 0, 4, 5, 6, 7]",82,1
orig,"[1, 3, 2, 0, 4, 5, 6, 7]",83,1
orig,"[1, 3, 2, 0, 4, 5, 6, 7]",84,0
orig,"[1, 3, 2, 0, 4, 5, 6, 7]",85,0
orig,"[1, 3, 2, 0, 4, 5, 6, 7]",86,0
orig,"[1, 3, 2, 0, 4, 5, 6, 7]",87,1
orig,"[1, 3, 2, 0, 4, 5, 6, 7]",88,1
orig,"[1, 3, 2, 0, 4, 5, 6, 7]",89,0
orig,"[1, 3, 2, 4, 0, 5, 6, 7]",60,0
orig,"[1, 3, 2, 4, 0, 5, 6, 7]",61,1
orig,"[1, 3, 2, 4, 0, 5, 6, 7]",62,0
orig,"[1, 3, 2, 4, 0, 5, 6, 7]",63,1
orig,"[1, 3, 2, 4, 0, 5, 6, 7]",64,1
orig,"[1, 3, 2, 4, 0, 5, 6, 7]",65,0
orig,"[1, 3, 2, 4, 0, 5, 6, 7]",66,0
orig,"[1, 3, 2, 4, 0, 5, 6, 7]",67,1
orig,"[1, 3, 2, 4, 0, 5, 6, 7]",68,1
orig,"[1, 3, 2, 4, 0, 5, 6, 7]",69,0
orig,"[1, 3, 2, 4, 0, 5, 6, 7]",70,1
orig,"[1, 3, 2, 4, 0, 5, 6, 7]",71,1
orig,"[1, 3, 2, 4, 0, 5, 6, 7]",72,0
orig,"[1, 3, 2, 4, 0, 5, 6, 7]",73,0
orig,"[1, 3, 2, 4, 0, 5, 6, 7]",74,0
orig,"[1, 3, 2, 4, 0, 5, 6, 7]",75,0
orig,"[1, 3, 2, 4, 0, 5, 6, 7]",76,1
orig,"[1, 3, 2, 4, 0, 5, 6, 7]",77,0
orig,"[1, 3, 2, 4, 0, 5, 6, 7]",78,0
orig,"[1, 3, 2, 4, 0, 5, 6, 7]",79,1
orig,"[1, 3, 2, 4, 0, 5, 6, 7]",80,1
orig,"[1, 3, 2, 4, 0, 5, 6, 7]",81,0
orig,"[1, 3, 2, 4, 0, 5, 6, 7]",82,0
orig,"[1, 3, 2, 4, 0, 5, 6, 7]",83,1
orig,"[1, 3, 2, 4, 0, 5, 6, 7]",84,0
orig,"[1, 3, 2, 4, 0, 5, 6, 7]",85,0
orig,"[1, 3, 2, 4, 0, 5, 6, 7]",86,0
orig,"[1, 3, 2, 4, 0, 5, 6, 7]",87,1
orig,"[1, 3, 2, 4, 0, 5, 6, 7]",88,1
orig,"[1, 3, 2, 4, 0, 5, 6, 7]",89,0
orig,"[5, 6, 7, 0, 4, 2, 1, 3]",60,0
orig,"[5, 6, 7, 0, 4, 2, 1, 3]",61,1
orig,"[5, 6, 7, 0, 4, 2, 1, 3]",62,0
orig,"[5, 6, 7, 0, 4, 2, 1, 3]",63,1
orig,"[5, 6, 7, 0, 4, 2, 1, 3]",64,0
orig,"[5, 6, 7, 0, 4, 2, 1, 3]",65,0
orig,"[5, 6, 7, 0, 4, 2, 1, 3]",66,0
orig,"[5, 6, 7, 0, 4, 2, 1, 3]",67,1
orig,"[5, 6, 7, 0, 4, 2, 1, 3]",68,1
orig,"[5, 6, 7, 0, 4, 2, 1, 3]",69,0
orig,"[5, 6, 7, 0, 4, 2, 1, 3]",70,1
orig,"[5, 6, 7, 0, 4, 2, 1, 3]",71,1
orig,"[5, 6, 7, 0, 4, 2, 1, 3]",72,0
orig,"[5, 6, 7, 0, 4, 2, 1, 3]",73,0
orig,"[5, 6, 7, 0, 4, 2, 1, 3]",74,0
orig,"[5, 6, 7, 0, 4, 2, 1, 3]",75,1
orig,"[5, 6, 7, 0, 4, 2, 1, 3]",76,0
orig,"[5, 6, 7, 0, 4, 2, 1, 3]",77,0
orig,"[5, 6, 7, 0, 4, 2, 1, 3]",78,0
orig,"[5, 6, 7, 0, 4, 2, 1, 3]",79,0
orig,"[5, 6, 7, 0, 4, 2, 1, 3]",80,0
orig,"[5, 6, 7, 0, 4, 2, 1, 3]",81,0
orig,"[5, 6, 7, 0, 4, 2, 1, 3]",82,1
orig,"[5, 6, 7, 0, 4, 2, 1, 3]",83,0
orig,"[5, 6, 7, 0, 4, 2, 1, 3]",84,0
orig,"[5, 6, 7, 0, 4, 2, 1, 3]",85,0
orig,"[5, 6, 7, 0, 4, 2, 1, 3]",86,0
orig,"[5, 6, 7, 0, 4, 2, 1, 3]",87,1
orig,"[5, 6, 7, 0, 4, 2, 1, 3]",88,1
orig,"[5, 6, 7, 0, 4, 2, 1, 3]",89,0
orig,"[1, 2, 3, 4, 0, 5, 6, 7]",60,0
orig,"[1, 2, 3, 4, 0, 5, 6, 7]",61,1
orig,"[1, 2, 3, 4, 0, 5, 6, 7]",62,0
orig,"[1, 2, 3, 4, 0, 5, 6, 7]",63,0
orig,"[1, 2, 3, 4, 0, 5, 6, 7]",64,0
orig,"[1, 2, 3, 4, 0, 5, 6, 7]",65,0
orig,"[1, 2, 3, 4, 0, 5, 6, 7]",66,1
orig,"[1, 2, 3, 4, 0, 5, 6, 7]",67,0
orig,"[1, 2, 3, 4, 0, 5, 6, 7]",68,1
orig,"[1, 2, 3, 4, 0, 5, 6, 7]",69,0
orig,"[1, 2, 3, 4, 0, 5, 6, 7]",70,1
orig,"[1, 2, 3, 4, 0, 5, 6, 7]",71,1
orig,"[1, 2, 3, 4, 0, 5, 6, 7]",72,0
orig,"[1, 2, 3, 4, 0, 5, 6, 7]",73,0
orig,"[1, 2, 3, 4, 0, 5, 6, 7]",74,0
orig,"[1, 2, 3, 4, 0, 5, 6, 7]",75,1
orig,"[1, 2, 3, 4, 0, 5, 6, 7]",76,0
orig,"[1, 2, 3, 4, 0, 5, 6, 7]",77,0
orig,"[1, 2, 3, 4, 0, 5, 6, 7]",78,0
orig,"[1, 2, 3, 4, 0, 5, 6, 7]",79,1
orig,"[1, 2, 3, 4, 0, 5, 6, 7]",80,1
orig,"[1, 2, 3, 4, 0, 5, 6, 7]",81,1
orig,"[1, 2, 3, 4, 0, 5, 6, 7]",82,1
orig,"[1, 2, 3, 4, 0, 5, 6, 7]",83,0
orig,"[1, 2, 3, 4, 0, 5, 6, 7]",84,0
orig,"[1, 2, 3, 4, 0, 5, 6, 7]",85,0
orig,"[1, 2, 3, 4, 0, 5, 6, 7]",86,0
orig,"[1, 2, 3, 4, 0, 5, 6, 7]",87,1
orig,"[1, 2, 3, 4, 0, 5, 6, 7]",88,1
orig,"[1, 2, 3, 4, 0, 5, 6, 7]",89,0
orig,"[1, 3, 5, 4, 6, 7, 0, 2]",60,1
orig,"[1, 3, 5, 4, 6, 7, 0, 2]",61,1
orig,"[1, 3, 5, 4, 6, 7, 0, 2]",62,1
orig,"[1, 3, 5, 4, 6, 7, 0, 2]",63,1
orig,"[1, 3, 5, 4, 6, 7, 0, 2]",64,0
orig,"[1, 3, 5, 4, 6, 7, 0, 2]",65,0
orig,"[1, 3, 5, 4, 6, 7, 0, 2]",66,1
orig,"[1, 3, 5, 4, 6, 7, 0, 2]",67,1
orig,"[1, 3, 5, 4, 6, 7, 0, 2]",68,0
orig,"[1, 3, 5, 4, 6, 7, 0, 2]",69,0
orig,"[1, 3, 5, 4, 6, 7, 0, 2]",70,1
orig,"[1, 3, 5, 4, 6, 7, 0, 2]",71,1
orig,"[1, 3, 5, 4, 6, 7, 0, 2]",72,1
orig,"[1, 3, 5, 4, 6, 7, 0, 2]",73,0
orig,"[1, 3, 5, 4, 6, 7, 0, 2]",74,1
orig,"[1, 3, 5, 4, 6, 7, 0, 2]",75,1
orig,"[1, 3, 5, 4, 6, 7, 0, 2]",76,0
orig,"[1, 3, 5, 4, 6, 7, 0, 2]",77,0
orig,"[1, 3, 5, 4, 6, 7, 0, 2]",78,0
orig,"[1, 3, 5, 4, 6, 7, 0, 2]",79,1
orig,"[1, 3, 5, 4, 6, 7, 0, 2]",80,1
orig,"[1, 3, 5, 4, 6, 7, 0, 2]",81,0
orig,"[1, 3, 5, 4, 6, 7, 0, 2]",82,1
orig,"[1, 3, 5, 4, 6, 7, 0, 2]",83,1
orig,"[1, 3, 5, 4, 6, 7, 0, 2]",84,0
orig,"[1, 3, 5, 4, 6, 7, 0, 2]",85,0
orig,"[1, 3, 5, 4, 6, 7, 0, 2]",86,0
orig,"[1, 3, 5, 4, 6, 7, 0, 2]",87,1
orig,"[1, 3, 5, 4, 6, 7, 0, 2]",88,1
orig,"[1, 3, 5, 4, 6, 7, 0, 2]",89,0
orig,"[1, 3, 4, 5, 6, 0, 2, 7]",60,0
orig,"[1, 3, 4, 5, 6, 0, 2, 7]",61,1
orig,"[1, 3, 4, 5, 6, 0, 2, 7]",62,0
orig,"[1, 3, 4, 5, 6, 0, 2, 7]",63,0
orig,"[1, 3, 4, 5, 6, 0, 2, 7]",64,0
orig,"[1, 3, 4, 5, 6, 0, 2, 7]",65,0
orig,"[1, 3, 4, 5, 6, 0, 2, 7]",66,0
orig,"[1, 3, 4, 5, 6, 0, 2, 7]",67,1
orig,"[1, 3, 4, 5, 6, 0, 2, 7]",68,0
orig,"[1, 3, 4, 5, 6, 0, 2, 7]",69,0
orig,"[1, 3, 4, 5, 6, 0, 2, 7]",70,1
orig,"[1, 3, 4, 5, 6, 0, 2, 7]",71,1
orig,"[1, 3, 4, 5, 6, 0, 2, 7]",72,1
orig,"[1, 3, 4, 5, 6, 0, 2, 7]",73,0
orig,"[1, 3, 4, 5, 6, 0, 2, 7]",74,0
orig,"[1, 3, 4, 5, 6, 0, 2, 7]",75,1
orig,"[1, 3, 4, 5, 6, 0, 2, 7]",76,0
orig,"[1, 3, 4, 5, 6, 0, 2, 7]",77,0
orig,"[1, 3, 4, 5, 6, 0, 2, 7]",78,0
orig,"[1, 3, 4, 5, 6, 0, 2, 7]",79,1
orig,"[1, 3, 4, 5, 6, 0, 2, 7]",80,1
orig,"[1, 3, 4, 5, 6, 0, 2, 7]",81,0
orig,"[1, 3, 4, 5, 6, 0, 2, 7]",82,1
orig,"[1, 3, 4, 5, 6, 0, 2, 7]",83,0
orig,"[1, 3, 4, 5, 6, 0, 2, 7]",84,1
orig,"[1, 3, 4, 5, 6, 0, 2, 7]",85,0
orig,"[1, 3, 4, 5, 6, 0, 2, 7]",86,0
orig,"[1, 3, 4, 5, 6, 0, 2, 7]",87,1
orig,"[1, 3, 4, 5, 6, 0, 2, 7]",88,1
orig,"[1, 3, 4, 5, 6, 0, 2, 7]",89,1
orig,"[1, 3, 4, 5, 2, 6, 0, 7]",60,0
orig,"[1, 3, 4, 5, 2, 6, 0, 7]",61,1
orig,"[1, 3, 4, 5, 2, 6, 0, 7]",62,0
orig,"[1, 3, 4, 5, 2, 6, 0, 7]",63,1
orig,"[1, 3, 4, 5, 2, 6, 0, 7]",64,0
orig,"[1, 3, 4, 5, 2, 6, 0, 7]",65,0
orig,"[1, 3, 4, 5, 2, 6, 0, 7]",66,1
orig,"[1, 3, 4, 5, 2, 6, 0, 7]",67,1
orig,"[1, 3, 4, 5, 2, 6, 0, 7]",68,1
orig,"[1, 3, 4, 5, 2, 6, 0, 7]",69,0
orig,"[1, 3, 4, 5, 2, 6, 0, 7]",70,1
orig,"[1, 3, 4, 5, 2, 6, 0, 7]",71,1
orig,"[1, 3, 4, 5, 2, 6, 0, 7]",72,0
orig,"[1, 3, 4, 5, 2, 6, 0, 7]",73,0
orig,"[1, 3, 4, 5, 2, 6, 0, 7]",74,0
orig,"[1, 3, 4, 5, 2, 6, 0, 7]",75,1
orig,"[1, 3, 4, 5, 2, 6, 0, 7]",76,0
orig,"[1, 3, 4, 5, 2, 6, 0, 7]",77,0
orig,"[1, 3, 4, 5, 2, 6, 0, 7]",78,0
orig,"[1, 3, 4, 5, 2, 6, 0, 7]",79,1
orig,"[1, 3, 4, 5, 2, 6, 0, 7]",80,1
orig,"[1, 3, 4, 5, 2, 6, 0, 7]",81,1
orig,"[1, 3, 4, 5, 2, 6, 0, 7]",82,0
orig,"[1, 3, 4, 5, 2, 6, 0, 7]",83,0
orig,"[1, 3, 4, 5, 2, 6, 0, 7]",84,1
orig,"[1, 3, 4, 5, 2, 6, 0, 7]",85,0
orig,"[1, 3, 4, 5, 2, 6, 0, 7]",86,0
orig,"[1, 3, 4, 5, 2, 6, 0, 7]",87,1
orig,"[1, 3, 4, 5, 2, 6, 0, 7]",88,1
orig,"[1, 3, 4, 5, 2, 6, 0, 7]",89,1
